2026-09-08 12:56:19,116 | WARNING  | evaluation.providers.gemini | Gemini transient HTTP 503; retrying.
2026-09-08 14:11:19,064 | WARNING  | evaluation.providers.gemini | Gemini transient HTTP 503; retrying.
2026-09-08 15:05:13,637 | WARNING  | evaluation.providers.gemini | Gemini transient HTTP 503; retrying.
2026-09-08 15:50:30,505 | WARNING  | evaluation.providers.gemini | Gemini transient HTTP 503; retrying.
2026-09-08 15:51:30,754 | WARNING  | evaluation.providers.gemini | Gemini transient HTTP 429; retrying.
2026-09-08 15:56:49,274 | WARNING  | evaluation.providers.gemini | Gemini transient HTTP 429; retrying.
2026-09-08 16:02:22,280 | WARNING  | evaluation.providers.gemini | Gemini transient HTTP 429; retrying.
2026-09-08 16:09:23,693 | WARNING  | evaluation.providers.gemini | Gemini transient HTTP 429; retrying.
2026-09-08 16:11:01,115 | WARNING  | evaluation.providers.gemini | Gemini transient HTTP 429; retrying.
2026-09-08 16:19:36,421 | WARNING  | evaluation.providers.gemini | Gemini transient HTTP 429; retrying.
2026-09-08 16:19:38,581 | WARNING  | evaluation.providers.gemini | Gemini transient HTTP 429; retrying.
2026-09-08 16:29:53,963 | WARNING  | evaluation.providers.gemini | Gemini transient HTTP 429; retrying.
2026-09-08 16:30:35,187 | WARNING  | evaluation.providers.gemini | Gemini transient HTTP 429; retrying.
2026-09-08 17:04:46,021 | INFO     | evaluation.providers.failover | AI chain: gemini#1 ready (GEMINI_API_KEY)
2026-09-08 17:04:46,022 | INFO     | evaluation.providers.failover | AI chain: gemini#2 ready (GEMINI_API_KEY_2)
2026-09-08 17:04:46,023 | INFO     | evaluation.providers.failover | AI chain: gemini#3 ready (GEMINI_API_KEY_3)
2026-09-08 17:04:46,024 | INFO     | evaluation.providers.failover | AI chain: grok#4 ready (GROK_API_KEY)
2026-09-08 17:04:46,028 | INFO     | evaluation.providers.failover | AI chain: grok#5 ready (GROK_API_KEY_2)
2026-09-08 17:04:46,036 | INFO     | evaluation.providers.failover | AI chain: grok#6 ready (GROK_API_KEY_3)
2026-09-08 17:04:58,032 | INFO     | evaluation.providers.failover | AI chain: gemini#1 ready (GEMINI_API_KEY)
2026-09-08 17:04:58,034 | INFO     | evaluation.providers.failover | AI chain: gemini#2 ready (GEMINI_API_KEY_2)
2026-09-08 17:04:58,035 | INFO     | evaluation.providers.failover | AI chain: gemini#3 ready (GEMINI_API_KEY_3)
2026-09-08 17:04:58,036 | INFO     | evaluation.providers.failover | AI chain: grok#4 ready (GROK_API_KEY)
2026-09-08 17:04:58,037 | INFO     | evaluation.providers.failover | AI chain: grok#5 ready (GROK_API_KEY_2)
2026-09-08 17:04:58,042 | INFO     | evaluation.providers.failover | AI chain: grok#6 ready (GROK_API_KEY_3)
2026-09-08 17:05:01,542 | WARNING  | evaluation.providers.failover | AI chain: gemini#1 exhausted, retiring it for this run -- Gemini authentication/permission failed (HTTP 403). Check the API key and project.
2026-09-08 17:05:04,391 | WARNING  | evaluation.providers.failover | AI chain: gemini#2 exhausted, retiring it for this run -- Gemini authentication/permission failed (HTTP 403). Check the API key and project.
2026-09-08 17:05:07,685 | WARNING  | evaluation.providers.failover | AI chain: gemini#3 exhausted, retiring it for this run -- Gemini authentication/permission failed (HTTP 403). Check the API key and project.
2026-09-08 17:05:15,120 | WARNING  | evaluation.providers.failover | AI chain: grok#4 failed (transient, kept in rotation) -- grok#4: 400 Client Error: Bad Request for url: https://api.x.ai/v1/chat/completions
2026-09-08 17:05:21,081 | WARNING  | evaluation.providers.failover | AI chain: grok#5 failed (transient, kept in rotation) -- grok#5: 400 Client Error: Bad Request for url: https://api.x.ai/v1/chat/completions
2026-09-08 17:05:27,643 | WARNING  | evaluation.providers.failover | AI chain: grok#6 failed (transient, kept in rotation) -- grok#6: 400 Client Error: Bad Request for url: https://api.x.ai/v1/chat/completions
2026-09-08 17:09:07,968 | INFO     | evaluation.providers.failover | AI chain: gemini#1 ready (GEMINI_API_KEY)
2026-09-08 17:09:07,971 | INFO     | evaluation.providers.failover | AI chain: gemini#2 ready (GEMINI_API_KEY_2)
2026-09-08 17:09:07,972 | INFO     | evaluation.providers.failover | AI chain: gemini#3 ready (GEMINI_API_KEY_3)
2026-09-08 17:09:07,986 | INFO     | evaluation.providers.failover | AI chain: grok#4 ready (GROK_API_KEY)
2026-09-08 17:09:08,005 | INFO     | evaluation.providers.failover | AI chain: grok#5 ready (GROK_API_KEY_2)
2026-09-08 17:09:08,014 | INFO     | evaluation.providers.failover | AI chain: grok#6 ready (GROK_API_KEY_3)
2026-09-08 17:09:12,052 | WARNING  | evaluation.providers.failover | AI chain: gemini#1 exhausted, retiring it for this run -- Gemini authentication/permission failed (HTTP 403). Check the API key and project.
2026-09-08 17:09:16,681 | WARNING  | evaluation.providers.failover | AI chain: gemini#2 exhausted, retiring it for this run -- Gemini authentication/permission failed (HTTP 403). Check the API key and project.
2026-09-08 17:09:22,455 | WARNING  | evaluation.providers.failover | AI chain: gemini#3 exhausted, retiring it for this run -- Gemini authentication/permission failed (HTTP 403). Check the API key and project.
2026-09-08 17:09:32,759 | WARNING  | evaluation.providers.failover | AI chain: grok#4 failed (transient, kept in rotation) -- grok#4: 400 Client Error: Bad Request for url: https://api.x.ai/v1/chat/completions
2026-09-08 17:09:43,293 | WARNING  | evaluation.providers.failover | AI chain: grok#5 failed (transient, kept in rotation) -- grok#5: 400 Client Error: Bad Request for url: https://api.x.ai/v1/chat/completions
2026-09-08 17:09:56,471 | WARNING  | evaluation.providers.failover | AI chain: grok#6 failed (transient, kept in rotation) -- grok#6: 400 Client Error: Bad Request for url: https://api.x.ai/v1/chat/completions
2026-09-08 17:12:13,247 | INFO     | evaluation.providers.failover | AI chain: gemini#1 ready (GEMINI_API_KEY)
2026-09-08 17:12:13,256 | INFO     | evaluation.providers.failover | AI chain: gemini#2 ready (GEMINI_API_KEY_2)
2026-09-08 17:12:13,257 | INFO     | evaluation.providers.failover | AI chain: gemini#3 ready (GEMINI_API_KEY_3)
2026-09-08 17:12:13,258 | INFO     | evaluation.providers.failover | AI chain: grok#4 ready (GROK_API_KEY)
2026-09-08 17:12:13,258 | INFO     | evaluation.providers.failover | AI chain: grok#5 ready (GROK_API_KEY_2)
2026-09-08 17:12:13,259 | INFO     | evaluation.providers.failover | AI chain: grok#6 ready (GROK_API_KEY_3)
2026-09-08 17:12:15,119 | WARNING  | evaluation.providers.failover | AI chain: gemini#1 exhausted, retiring it for this run -- Gemini authentication/permission failed (HTTP 403). Check the API key and project.
2026-09-08 17:12:16,673 | WARNING  | evaluation.providers.failover | AI chain: gemini#2 exhausted, retiring it for this run -- Gemini authentication/permission failed (HTTP 403). Check the API key and project.
2026-09-08 17:12:18,566 | WARNING  | evaluation.providers.failover | AI chain: gemini#3 exhausted, retiring it for this run -- Gemini authentication/permission failed (HTTP 403). Check the API key and project.
2026-09-08 17:12:24,918 | WARNING  | evaluation.providers.failover | AI chain: grok#4 failed (transient, kept in rotation) -- grok#4: 400 Client Error: Bad Request for url: https://api.x.ai/v1/chat/completions
2026-09-08 17:12:30,382 | WARNING  | evaluation.providers.failover | AI chain: grok#5 failed (transient, kept in rotation) -- grok#5: 400 Client Error: Bad Request for url: https://api.x.ai/v1/chat/completions
2026-09-08 17:12:36,291 | WARNING  | evaluation.providers.failover | AI chain: grok#6 failed (transient, kept in rotation) -- grok#6: 400 Client Error: Bad Request for url: https://api.x.ai/v1/chat/completions
2026-09-08 17:50:13,431 | INFO     | evaluation.providers.failover | AI chain: gemini#1 ready (GEMINI_API_KEY)
2026-09-08 17:50:13,432 | INFO     | evaluation.providers.failover | AI chain: gemini#2 ready (GEMINI_API_KEY_2)
2026-09-08 17:50:13,434 | INFO     | evaluation.providers.failover | AI chain: gemini#3 ready (GEMINI_API_KEY_3)
2026-09-08 17:50:13,434 | INFO     | evaluation.providers.failover | AI chain: grok#4 ready (GROK_API_KEY)
2026-09-08 17:50:13,435 | INFO     | evaluation.providers.failover | AI chain: grok#5 ready (GROK_API_KEY_2)
2026-09-08 17:50:13,436 | INFO     | evaluation.providers.failover | AI chain: grok#6 ready (GROK_API_KEY_3)
2026-09-08 17:50:56,266 | INFO     | evaluation.providers.failover | AI chain: gemini#1 ready (GEMINI_API_KEY)
2026-09-08 17:50:56,268 | INFO     | evaluation.providers.failover | AI chain: gemini#2 ready (GEMINI_API_KEY_2)
2026-09-08 17:50:56,273 | INFO     | evaluation.providers.failover | AI chain: gemini#3 ready (GEMINI_API_KEY_3)
2026-09-08 17:50:56,275 | INFO     | evaluation.providers.failover | AI chain: grok#4 ready (GROK_API_KEY)
2026-09-08 17:50:56,277 | INFO     | evaluation.providers.failover | AI chain: grok#5 ready (GROK_API_KEY_2)
2026-09-08 17:50:56,292 | INFO     | evaluation.providers.failover | AI chain: grok#6 ready (GROK_API_KEY_3)
2026-09-08 17:52:41,906 | INFO     | evaluation.providers.failover | AI chain: gemini#1 ready (GEMINI_API_KEY)
2026-09-08 17:52:42,243 | INFO     | evaluation.providers.failover | AI chain: gemini#2 ready (GEMINI_API_KEY_2)
2026-09-08 17:52:42,494 | INFO     | evaluation.providers.failover | AI chain: gemini#3 ready (GEMINI_API_KEY_3)
2026-09-08 17:52:43,978 | INFO     | evaluation.providers.failover | AI chain: grok#4 ready (GROK_API_KEY)
2026-09-08 17:52:45,042 | INFO     | evaluation.providers.failover | AI chain: grok#5 ready (GROK_API_KEY_2)
2026-09-08 17:52:47,095 | INFO     | evaluation.providers.failover | AI chain: grok#6 ready (GROK_API_KEY_3)
2026-09-08 17:53:15,495 | INFO     | evaluation.providers.failover | AI chain: gemini#1 ready (GEMINI_API_KEY)
2026-09-08 17:53:15,498 | INFO     | evaluation.providers.failover | AI chain: gemini#2 ready (GEMINI_API_KEY_2)
2026-09-08 17:53:15,502 | INFO     | evaluation.providers.failover | AI chain: gemini#3 ready (GEMINI_API_KEY_3)
2026-09-08 17:53:15,509 | INFO     | evaluation.providers.failover | AI chain: grok#4 ready (GROK_API_KEY)
2026-09-08 17:53:15,511 | INFO     | evaluation.providers.failover | AI chain: grok#5 ready (GROK_API_KEY_2)
2026-09-08 17:53:15,512 | INFO     | evaluation.providers.failover | AI chain: grok#6 ready (GROK_API_KEY_3)
2026-09-08 17:53:19,519 | WARNING  | evaluation.providers.failover | AI chain: gemini#1 exhausted, retiring it for this run -- Gemini authentication/permission failed (HTTP 403). Check the API key and project.
2026-09-08 17:53:21,372 | WARNING  | evaluation.providers.failover | AI chain: gemini#2 exhausted, retiring it for this run -- Gemini authentication/permission failed (HTTP 403). Check the API key and project.
2026-09-08 17:53:24,746 | WARNING  | evaluation.providers.failover | AI chain: gemini#3 exhausted, retiring it for this run -- Gemini authentication/permission failed (HTTP 403). Check the API key and project.
2026-09-08 17:53:32,728 | WARNING  | evaluation.providers.failover | AI chain: grok#4 failed (transient, kept in rotation) -- grok#4: 400 Client Error: Bad Request for url: https://api.x.ai/v1/chat/completions
2026-09-08 17:53:38,306 | WARNING  | evaluation.providers.failover | AI chain: grok#5 failed (transient, kept in rotation) -- grok#5: 400 Client Error: Bad Request for url: https://api.x.ai/v1/chat/completions
2026-09-08 17:53:43,849 | WARNING  | evaluation.providers.failover | AI chain: grok#6 failed (transient, kept in rotation) -- grok#6: 400 Client Error: Bad Request for url: https://api.x.ai/v1/chat/completions
2026-09-08 17:57:29,728 | INFO     | evaluation.providers.failover | AI chain: gemini#1 ready (GEMINI_API_KEY)
2026-09-08 17:57:29,729 | INFO     | evaluation.providers.failover | AI chain: gemini#2 ready (GEMINI_API_KEY_2)
2026-09-08 17:57:29,730 | INFO     | evaluation.providers.failover | AI chain: gemini#3 ready (GEMINI_API_KEY_3)
2026-09-08 17:57:29,730 | INFO     | evaluation.providers.failover | AI chain: grok#4 ready (GROK_API_KEY)
2026-09-08 17:57:29,732 | INFO     | evaluation.providers.failover | AI chain: grok#5 ready (GROK_API_KEY_2)
2026-09-08 17:57:29,732 | INFO     | evaluation.providers.failover | AI chain: grok#6 ready (GROK_API_KEY_3)
2026-09-08 17:57:30,551 | INFO     | evaluation.providers.failover | AI chain: gemini#1 ready (GEMINI_API_KEY)
2026-09-08 17:57:30,552 | INFO     | evaluation.providers.failover | AI chain: gemini#2 ready (GEMINI_API_KEY_2)
2026-09-08 17:57:30,553 | INFO     | evaluation.providers.failover | AI chain: gemini#3 ready (GEMINI_API_KEY_3)
2026-09-08 17:57:30,555 | INFO     | evaluation.providers.failover | AI chain: grok#4 ready (GROK_API_KEY)
2026-09-08 17:57:30,555 | INFO     | evaluation.providers.failover | AI chain: grok#5 ready (GROK_API_KEY_2)
2026-09-08 17:57:30,556 | INFO     | evaluation.providers.failover | AI chain: grok#6 ready (GROK_API_KEY_3)
2026-09-08 17:57:32,755 | WARNING  | evaluation.providers.failover | AI chain: gemini#1 exhausted, retiring it for this run -- Gemini authentication/permission failed (HTTP 403). Check the API key and project.
2026-09-08 17:57:33,854 | WARNING  | evaluation.providers.failover | AI chain: gemini#2 exhausted, retiring it for this run -- Gemini authentication/permission failed (HTTP 403). Check the API key and project.
2026-09-08 17:57:34,745 | WARNING  | evaluation.providers.failover | AI chain: gemini#3 exhausted, retiring it for this run -- Gemini authentication/permission failed (HTTP 403). Check the API key and project.
2026-09-08 17:57:40,562 | WARNING  | evaluation.providers.failover | AI chain: grok#4 failed (transient, kept in rotation) -- grok#4: 400 Client Error: Bad Request for url: https://api.x.ai/v1/chat/completions
2026-09-08 17:57:47,498 | INFO     | evaluation.providers.failover | AI chain: gemini#1 ready (GEMINI_API_KEY)
2026-09-08 17:57:47,530 | INFO     | evaluation.providers.failover | AI chain: gemini#2 ready (GEMINI_API_KEY_2)
2026-09-08 17:57:47,581 | INFO     | evaluation.providers.failover | AI chain: gemini#3 ready (GEMINI_API_KEY_3)
2026-09-08 17:57:47,592 | INFO     | evaluation.providers.failover | AI chain: grok#4 ready (GROK_API_KEY)
2026-09-08 17:57:47,749 | INFO     | evaluation.providers.failover | AI chain: grok#5 ready (GROK_API_KEY_2)
2026-09-08 17:57:47,815 | WARNING  | evaluation.providers.failover | AI chain: grok#5 failed (transient, kept in rotation) -- grok#5: 400 Client Error: Bad Request for url: https://api.x.ai/v1/chat/completions
2026-09-08 17:57:47,827 | INFO     | evaluation.providers.failover | AI chain: grok#6 ready (GROK_API_KEY_3)
2026-09-08 17:57:52,759 | INFO     | evaluation.providers.failover | AI chain: gemini#1 ready (GEMINI_API_KEY)
2026-09-08 17:57:52,760 | INFO     | evaluation.providers.failover | AI chain: gemini#2 ready (GEMINI_API_KEY_2)
2026-09-08 17:57:52,761 | INFO     | evaluation.providers.failover | AI chain: gemini#3 ready (GEMINI_API_KEY_3)
2026-09-08 17:57:52,761 | INFO     | evaluation.providers.failover | AI chain: grok#4 ready (GROK_API_KEY)
2026-09-08 17:57:52,767 | INFO     | evaluation.providers.failover | AI chain: grok#5 ready (GROK_API_KEY_2)
2026-09-08 17:57:52,775 | INFO     | evaluation.providers.failover | AI chain: grok#6 ready (GROK_API_KEY_3)
2026-09-08 17:57:54,512 | WARNING  | evaluation.providers.failover | AI chain: gemini#1 exhausted, retiring it for this run -- Gemini authentication/permission failed (HTTP 403). Check the API key and project.
2026-09-08 17:57:56,735 | WARNING  | evaluation.providers.failover | AI chain: gemini#2 exhausted, retiring it for this run -- Gemini authentication/permission failed (HTTP 403). Check the API key and project.
2026-09-08 17:57:57,369 | WARNING  | evaluation.providers.failover | AI chain: grok#6 failed (transient, kept in rotation) -- grok#6: 400 Client Error: Bad Request for url: https://api.x.ai/v1/chat/completions
2026-09-08 17:57:59,802 | WARNING  | evaluation.providers.failover | AI chain: gemini#3 exhausted, retiring it for this run -- Gemini authentication/permission failed (HTTP 403). Check the API key and project.
2026-09-08 17:58:06,313 | WARNING  | evaluation.providers.failover | AI chain: grok#4 failed (transient, kept in rotation) -- grok#4: 400 Client Error: Bad Request for url: https://api.x.ai/v1/chat/completions
2026-09-08 17:58:12,077 | WARNING  | evaluation.providers.failover | AI chain: grok#5 failed (transient, kept in rotation) -- grok#5: 400 Client Error: Bad Request for url: https://api.x.ai/v1/chat/completions
2026-09-08 17:58:17,444 | WARNING  | evaluation.providers.failover | AI chain: grok#6 failed (transient, kept in rotation) -- grok#6: 400 Client Error: Bad Request for url: https://api.x.ai/v1/chat/completions
2026-09-08 22:15:51,919 | INFO     | evaluation.providers.failover | AI chain: gemini#1 ready (GEMINI_API_KEY)
2026-09-08 22:15:52,005 | INFO     | evaluation.providers.failover | AI chain: gemini#2 ready (GEMINI_API_KEY_2)
2026-09-08 22:15:52,567 | INFO     | evaluation.providers.failover | AI chain: gemini#3 ready (GEMINI_API_KEY_3)
2026-09-08 22:15:55,468 | INFO     | evaluation.providers.failover | AI chain: grok#4 ready (GROK_API_KEY)
2026-09-08 22:15:55,821 | INFO     | evaluation.providers.failover | AI chain: grok#5 ready (GROK_API_KEY_2)
2026-09-08 22:16:05,066 | INFO     | evaluation.providers.failover | AI chain: grok#6 ready (GROK_API_KEY_3)
2026-09-08 22:16:39,050 | WARNING  | evaluation.providers.failover | AI chain: gemini#1 failed (transient, kept in rotation) -- Gemini request failed: SSLError
2026-09-08 22:17:16,968 | WARNING  | evaluation.providers.failover | AI chain: gemini#2 failed (transient, kept in rotation) -- Gemini request failed: SSLError
2026-09-08 22:17:39,441 | WARNING  | evaluation.providers.failover | AI chain: gemini#3 failed (transient, kept in rotation) -- Gemini request failed: SSLError
2026-09-08 22:18:16,696 | WARNING  | evaluation.providers.failover | AI chain: grok#4 failed (transient, kept in rotation) -- grok#4: HTTPSConnectionPool(host='api.x.ai', port=443): Max retries exceeded with url: /v1/chat/completions (Caused by SSLError(SSLEOFError(8, '[SSL: UNEXPECTED_EOF_WHILE_READING] EOF occurred in violation of protocol (_ssl.c:1006)')))
2026-09-08 22:18:45,138 | INFO     | evaluation.providers.failover | AI chain: gemini#1 ready (GEMINI_API_KEY)
2026-09-08 22:18:45,165 | INFO     | evaluation.providers.failover | AI chain: gemini#2 ready (GEMINI_API_KEY_2)
2026-09-08 22:18:45,279 | INFO     | evaluation.providers.failover | AI chain: gemini#3 ready (GEMINI_API_KEY_3)
2026-09-08 22:18:45,373 | INFO     | evaluation.providers.failover | AI chain: grok#4 ready (GROK_API_KEY)
2026-09-08 22:18:45,414 | INFO     | evaluation.providers.failover | AI chain: grok#5 ready (GROK_API_KEY_2)
2026-09-08 22:18:45,506 | INFO     | evaluation.providers.failover | AI chain: grok#6 ready (GROK_API_KEY_3)
2026-09-08 22:19:06,723 | WARNING  | evaluation.providers.failover | AI chain: grok#5 failed (transient, kept in rotation) -- grok#5: HTTPSConnectionPool(host='api.x.ai', port=443): Max retries exceeded with url: /v1/chat/completions (Caused by SSLError(SSLEOFError(8, '[SSL: UNEXPECTED_EOF_WHILE_READING] EOF occurred in violation of protocol (_ssl.c:1006)')))
2026-09-08 22:19:23,862 | INFO     | evaluation.providers.failover | AI chain: gemini#1 ready (GEMINI_API_KEY)
2026-09-08 22:19:23,866 | INFO     | evaluation.providers.failover | AI chain: gemini#2 ready (GEMINI_API_KEY_2)
2026-09-08 22:19:23,868 | INFO     | evaluation.providers.failover | AI chain: gemini#3 ready (GEMINI_API_KEY_3)
2026-09-08 22:19:23,872 | INFO     | evaluation.providers.failover | AI chain: grok#4 ready (GROK_API_KEY)
2026-09-08 22:19:23,884 | INFO     | evaluation.providers.failover | AI chain: grok#5 ready (GROK_API_KEY_2)
2026-09-08 22:19:23,906 | INFO     | evaluation.providers.failover | AI chain: grok#6 ready (GROK_API_KEY_3)
2026-09-08 22:19:25,917 | WARNING  | evaluation.providers.failover | AI chain: grok#6 failed (transient, kept in rotation) -- grok#6: 400 Client Error: Bad Request for url: https://api.x.ai/v1/chat/completions
2026-09-08 22:19:26,113 | INFO     | evaluation.providers.failover | AI chain: gemini#1 ready (GEMINI_API_KEY)
2026-09-08 22:19:26,141 | INFO     | evaluation.providers.failover | AI chain: gemini#2 ready (GEMINI_API_KEY_2)
2026-09-08 22:19:26,208 | INFO     | evaluation.providers.failover | AI chain: gemini#3 ready (GEMINI_API_KEY_3)
2026-09-08 22:19:26,273 | INFO     | evaluation.providers.failover | AI chain: grok#4 ready (GROK_API_KEY)
2026-09-08 22:19:26,302 | INFO     | evaluation.providers.failover | AI chain: grok#5 ready (GROK_API_KEY_2)
2026-09-08 22:19:26,327 | INFO     | evaluation.providers.failover | AI chain: grok#6 ready (GROK_API_KEY_3)
2026-09-08 22:19:26,701 | INFO     | evaluation.providers.failover | AI chain: gemini#1 ready (GEMINI_API_KEY)
2026-09-08 22:19:26,749 | INFO     | evaluation.providers.failover | AI chain: gemini#2 ready (GEMINI_API_KEY_2)
2026-09-08 22:19:26,765 | INFO     | evaluation.providers.failover | AI chain: gemini#3 ready (GEMINI_API_KEY_3)
2026-09-08 22:19:26,850 | INFO     | evaluation.providers.failover | AI chain: grok#4 ready (GROK_API_KEY)
2026-09-08 22:19:26,909 | INFO     | evaluation.providers.failover | AI chain: grok#5 ready (GROK_API_KEY_2)
2026-09-08 22:19:26,950 | INFO     | evaluation.providers.failover | AI chain: grok#6 ready (GROK_API_KEY_3)
2026-09-08 22:19:28,548 | WARNING  | evaluation.providers.failover | AI chain: gemini#1 exhausted, retiring it for this run -- Gemini authentication/permission failed (HTTP 403). Check the API key and project.
2026-09-08 22:19:30,005 | WARNING  | evaluation.providers.failover | AI chain: gemini#1 exhausted, retiring it for this run -- Gemini authentication/permission failed (HTTP 403). Check the API key and project.
2026-09-08 22:19:30,230 | WARNING  | evaluation.providers.failover | AI chain: gemini#1 exhausted, retiring it for this run -- Gemini authentication/permission failed (HTTP 403). Check the API key and project.
2026-09-08 22:19:31,952 | WARNING  | evaluation.providers.failover | AI chain: gemini#2 exhausted, retiring it for this run -- Gemini authentication/permission failed (HTTP 403). Check the API key and project.
2026-09-08 22:19:33,039 | WARNING  | evaluation.providers.failover | AI chain: gemini#2 exhausted, retiring it for this run -- Gemini authentication/permission failed (HTTP 403). Check the API key and project.
2026-09-08 22:19:33,213 | WARNING  | evaluation.providers.failover | AI chain: gemini#2 exhausted, retiring it for this run -- Gemini authentication/permission failed (HTTP 403). Check the API key and project.
2026-09-08 22:19:34,919 | WARNING  | evaluation.providers.failover | AI chain: gemini#3 exhausted, retiring it for this run -- Gemini authentication/permission failed (HTTP 403). Check the API key and project.
2026-09-08 22:19:39,189 | WARNING  | evaluation.providers.failover | AI chain: gemini#3 exhausted, retiring it for this run -- Gemini authentication/permission failed (HTTP 403). Check the API key and project.
2026-09-08 22:19:39,409 | WARNING  | evaluation.providers.failover | AI chain: gemini#3 exhausted, retiring it for this run -- Gemini authentication/permission failed (HTTP 403). Check the API key and project.
2026-09-08 22:19:46,907 | WARNING  | evaluation.providers.failover | AI chain: grok#4 failed (transient, kept in rotation) -- grok#4: 400 Client Error: Bad Request for url: https://api.x.ai/v1/chat/completions
2026-09-08 22:19:48,313 | WARNING  | evaluation.providers.failover | AI chain: grok#4 failed (transient, kept in rotation) -- grok#4: 400 Client Error: Bad Request for url: https://api.x.ai/v1/chat/completions
2026-09-08 22:19:48,320 | WARNING  | evaluation.providers.failover | AI chain: grok#4 failed (transient, kept in rotation) -- grok#4: 400 Client Error: Bad Request for url: https://api.x.ai/v1/chat/completions
2026-09-08 22:19:54,490 | WARNING  | evaluation.providers.failover | AI chain: grok#5 failed (transient, kept in rotation) -- grok#5: 400 Client Error: Bad Request for url: https://api.x.ai/v1/chat/completions
2026-09-08 22:19:55,917 | WARNING  | evaluation.providers.failover | AI chain: grok#5 failed (transient, kept in rotation) -- grok#5: 400 Client Error: Bad Request for url: https://api.x.ai/v1/chat/completions
2026-09-08 22:19:55,921 | WARNING  | evaluation.providers.failover | AI chain: grok#5 failed (transient, kept in rotation) -- grok#5: 400 Client Error: Bad Request for url: https://api.x.ai/v1/chat/completions
2026-09-08 22:20:02,073 | WARNING  | evaluation.providers.failover | AI chain: grok#6 failed (transient, kept in rotation) -- grok#6: 400 Client Error: Bad Request for url: https://api.x.ai/v1/chat/completions
2026-09-08 22:20:02,821 | WARNING  | evaluation.providers.failover | AI chain: grok#6 failed (transient, kept in rotation) -- grok#6: 400 Client Error: Bad Request for url: https://api.x.ai/v1/chat/completions
2026-09-08 22:20:02,836 | WARNING  | evaluation.providers.failover | AI chain: grok#6 failed (transient, kept in rotation) -- grok#6: 400 Client Error: Bad Request for url: https://api.x.ai/v1/chat/completions
2026-09-08 22:20:02,842 | INFO     | evaluation.providers.failover | AI chain: gemini#1 ready (GEMINI_API_KEY)
2026-09-08 22:20:02,852 | INFO     | evaluation.providers.failover | AI chain: gemini#2 ready (GEMINI_API_KEY_2)
2026-09-08 22:20:02,866 | INFO     | evaluation.providers.failover | AI chain: gemini#3 ready (GEMINI_API_KEY_3)
2026-09-08 22:20:02,876 | INFO     | evaluation.providers.failover | AI chain: gemini#1 ready (GEMINI_API_KEY)
2026-09-08 22:20:02,884 | INFO     | evaluation.providers.failover | AI chain: grok#4 ready (GROK_API_KEY)
2026-09-08 22:20:02,885 | INFO     | evaluation.providers.failover | AI chain: gemini#2 ready (GEMINI_API_KEY_2)
2026-09-08 22:20:02,895 | INFO     | evaluation.providers.failover | AI chain: grok#5 ready (GROK_API_KEY_2)
2026-09-08 22:20:02,897 | INFO     | evaluation.providers.failover | AI chain: gemini#3 ready (GEMINI_API_KEY_3)
2026-09-08 22:20:02,900 | INFO     | evaluation.providers.failover | AI chain: grok#6 ready (GROK_API_KEY_3)
2026-09-08 22:20:02,903 | INFO     | evaluation.providers.failover | AI chain: grok#4 ready (GROK_API_KEY)
2026-09-08 22:20:02,915 | INFO     | evaluation.providers.failover | AI chain: grok#5 ready (GROK_API_KEY_2)
2026-09-08 22:20:02,925 | INFO     | evaluation.providers.failover | AI chain: grok#6 ready (GROK_API_KEY_3)
2026-09-08 22:20:05,219 | WARNING  | evaluation.providers.failover | AI chain: gemini#1 exhausted, retiring it for this run -- Gemini authentication/permission failed (HTTP 403). Check the API key and project.
2026-09-08 22:20:05,254 | WARNING  | evaluation.providers.failover | AI chain: gemini#1 exhausted, retiring it for this run -- Gemini authentication/permission failed (HTTP 403). Check the API key and project.
2026-09-08 22:20:07,319 | WARNING  | evaluation.providers.failover | AI chain: gemini#2 exhausted, retiring it for this run -- Gemini authentication/permission failed (HTTP 403). Check the API key and project.
2026-09-08 22:20:07,388 | WARNING  | evaluation.providers.failover | AI chain: gemini#2 exhausted, retiring it for this run -- Gemini authentication/permission failed (HTTP 403). Check the API key and project.
2026-09-08 22:20:13,315 | WARNING  | evaluation.providers.failover | AI chain: gemini#3 exhausted, retiring it for this run -- Gemini authentication/permission failed (HTTP 403). Check the API key and project.
2026-09-08 22:20:13,315 | WARNING  | evaluation.providers.failover | AI chain: gemini#3 exhausted, retiring it for this run -- Gemini authentication/permission failed (HTTP 403). Check the API key and project.
2026-09-08 22:20:19,878 | WARNING  | evaluation.providers.failover | AI chain: grok#4 failed (transient, kept in rotation) -- grok#4: 400 Client Error: Bad Request for url: https://api.x.ai/v1/chat/completions
2026-09-08 22:20:19,888 | WARNING  | evaluation.providers.failover | AI chain: grok#4 failed (transient, kept in rotation) -- grok#4: 400 Client Error: Bad Request for url: https://api.x.ai/v1/chat/completions
2026-09-08 22:20:39,974 | WARNING  | evaluation.providers.failover | AI chain: grok#5 failed (transient, kept in rotation) -- grok#5: HTTPSConnectionPool(host='api.x.ai', port=443): Max retries exceeded with url: /v1/chat/completions (Caused by SSLError(SSLEOFError(8, '[SSL: UNEXPECTED_EOF_WHILE_READING] EOF occurred in violation of protocol (_ssl.c:1006)')))
2026-09-08 22:20:40,103 | WARNING  | evaluation.providers.failover | AI chain: grok#5 failed (transient, kept in rotation) -- grok#5: HTTPSConnectionPool(host='api.x.ai', port=443): Max retries exceeded with url: /v1/chat/completions (Caused by SSLError(SSLEOFError(8, '[SSL: UNEXPECTED_EOF_WHILE_READING] EOF occurred in violation of protocol (_ssl.c:1006)')))
2026-09-08 22:20:40,681 | INFO     | evaluation.providers.failover | AI chain: gemini#1 ready (GEMINI_API_KEY)
2026-09-08 22:20:40,798 | INFO     | evaluation.providers.failover | AI chain: gemini#2 ready (GEMINI_API_KEY_2)
2026-09-08 22:20:40,830 | INFO     | evaluation.providers.failover | AI chain: gemini#3 ready (GEMINI_API_KEY_3)
2026-09-08 22:20:40,843 | INFO     | evaluation.providers.failover | AI chain: grok#4 ready (GROK_API_KEY)
2026-09-08 22:20:40,939 | INFO     | evaluation.providers.failover | AI chain: grok#5 ready (GROK_API_KEY_2)
2026-09-08 22:20:41,149 | INFO     | evaluation.providers.failover | AI chain: grok#6 ready (GROK_API_KEY_3)
2026-09-08 22:20:55,499 | INFO     | evaluation.providers.failover | AI chain: gemini#1 ready (GEMINI_API_KEY)
2026-09-08 22:20:55,502 | INFO     | evaluation.providers.failover | AI chain: gemini#2 ready (GEMINI_API_KEY_2)
2026-09-08 22:20:55,503 | INFO     | evaluation.providers.failover | AI chain: gemini#3 ready (GEMINI_API_KEY_3)
2026-09-08 22:20:55,517 | INFO     | evaluation.providers.failover | AI chain: grok#4 ready (GROK_API_KEY)
2026-09-08 22:20:55,524 | INFO     | evaluation.providers.failover | AI chain: grok#5 ready (GROK_API_KEY_2)
2026-09-08 22:20:55,548 | INFO     | evaluation.providers.failover | AI chain: grok#6 ready (GROK_API_KEY_3)
2026-09-08 22:20:57,560 | WARNING  | evaluation.providers.failover | AI chain: gemini#1 exhausted, retiring it for this run -- Gemini authentication/permission failed (HTTP 403). Check the API key and project.
2026-09-08 22:20:58,995 | WARNING  | evaluation.providers.failover | AI chain: grok#6 failed (transient, kept in rotation) -- grok#6: 400 Client Error: Bad Request for url: https://api.x.ai/v1/chat/completions
2026-09-08 22:20:58,999 | WARNING  | evaluation.providers.failover | AI chain: grok#6 failed (transient, kept in rotation) -- grok#6: 400 Client Error: Bad Request for url: https://api.x.ai/v1/chat/completions
2026-09-08 22:20:59,018 | INFO     | evaluation.providers.failover | AI chain: gemini#1 ready (GEMINI_API_KEY)
2026-09-08 22:20:59,044 | INFO     | evaluation.providers.failover | AI chain: gemini#2 ready (GEMINI_API_KEY_2)
2026-09-08 22:20:59,044 | INFO     | evaluation.providers.failover | AI chain: gemini#1 ready (GEMINI_API_KEY)
2026-09-08 22:20:59,047 | INFO     | evaluation.providers.failover | AI chain: gemini#3 ready (GEMINI_API_KEY_3)
2026-09-08 22:20:59,049 | INFO     | evaluation.providers.failover | AI chain: gemini#2 ready (GEMINI_API_KEY_2)
2026-09-08 22:20:59,050 | INFO     | evaluation.providers.failover | AI chain: grok#4 ready (GROK_API_KEY)
2026-09-08 22:20:59,051 | INFO     | evaluation.providers.failover | AI chain: gemini#3 ready (GEMINI_API_KEY_3)
2026-09-08 22:20:59,052 | INFO     | evaluation.providers.failover | AI chain: grok#5 ready (GROK_API_KEY_2)
2026-09-08 22:20:59,057 | INFO     | evaluation.providers.failover | AI chain: grok#4 ready (GROK_API_KEY)
2026-09-08 22:20:59,060 | INFO     | evaluation.providers.failover | AI chain: grok#6 ready (GROK_API_KEY_3)
2026-09-08 22:20:59,064 | INFO     | evaluation.providers.failover | AI chain: grok#5 ready (GROK_API_KEY_2)
2026-09-08 22:20:59,078 | INFO     | evaluation.providers.failover | AI chain: grok#6 ready (GROK_API_KEY_3)
2026-09-08 22:21:00,074 | WARNING  | evaluation.providers.failover | AI chain: gemini#2 exhausted, retiring it for this run -- Gemini authentication/permission failed (HTTP 403). Check the API key and project.
2026-09-08 22:21:02,366 | WARNING  | evaluation.providers.failover | AI chain: gemini#1 exhausted, retiring it for this run -- Gemini authentication/permission failed (HTTP 403). Check the API key and project.
2026-09-08 22:21:02,396 | WARNING  | evaluation.providers.failover | AI chain: gemini#1 exhausted, retiring it for this run -- Gemini authentication/permission failed (HTTP 403). Check the API key and project.
2026-09-08 22:21:02,972 | WARNING  | evaluation.providers.failover | AI chain: gemini#3 exhausted, retiring it for this run -- Gemini authentication/permission failed (HTTP 403). Check the API key and project.
2026-09-08 22:21:05,138 | WARNING  | evaluation.providers.failover | AI chain: gemini#2 exhausted, retiring it for this run -- Gemini authentication/permission failed (HTTP 403). Check the API key and project.
2026-09-08 22:21:05,139 | WARNING  | evaluation.providers.failover | AI chain: gemini#2 exhausted, retiring it for this run -- Gemini authentication/permission failed (HTTP 403). Check the API key and project.
2026-09-08 22:21:07,088 | WARNING  | evaluation.providers.failover | AI chain: gemini#3 exhausted, retiring it for this run -- Gemini authentication/permission failed (HTTP 403). Check the API key and project.
2026-09-08 22:21:07,119 | WARNING  | evaluation.providers.failover | AI chain: gemini#3 exhausted, retiring it for this run -- Gemini authentication/permission failed (HTTP 403). Check the API key and project.
2026-09-08 22:21:09,971 | WARNING  | evaluation.providers.failover | AI chain: grok#4 failed (transient, kept in rotation) -- grok#4: 400 Client Error: Bad Request for url: https://api.x.ai/v1/chat/completions
2026-09-08 22:21:13,242 | WARNING  | evaluation.providers.failover | AI chain: grok#4 failed (transient, kept in rotation) -- grok#4: 400 Client Error: Bad Request for url: https://api.x.ai/v1/chat/completions
2026-09-08 22:21:13,245 | WARNING  | evaluation.providers.failover | AI chain: grok#4 failed (transient, kept in rotation) -- grok#4: 400 Client Error: Bad Request for url: https://api.x.ai/v1/chat/completions
2026-09-08 22:21:16,202 | WARNING  | evaluation.providers.failover | AI chain: grok#5 failed (transient, kept in rotation) -- grok#5: 400 Client Error: Bad Request for url: https://api.x.ai/v1/chat/completions
2026-09-08 22:21:20,189 | WARNING  | evaluation.providers.failover | AI chain: grok#5 failed (transient, kept in rotation) -- grok#5: 400 Client Error: Bad Request for url: https://api.x.ai/v1/chat/completions
2026-09-08 22:21:20,193 | WARNING  | evaluation.providers.failover | AI chain: grok#5 failed (transient, kept in rotation) -- grok#5: 400 Client Error: Bad Request for url: https://api.x.ai/v1/chat/completions
2026-09-08 22:21:26,437 | WARNING  | evaluation.providers.failover | AI chain: grok#6 failed (transient, kept in rotation) -- grok#6: 400 Client Error: Bad Request for url: https://api.x.ai/v1/chat/completions
2026-09-08 22:21:26,440 | WARNING  | evaluation.providers.failover | AI chain: grok#6 failed (transient, kept in rotation) -- grok#6: 400 Client Error: Bad Request for url: https://api.x.ai/v1/chat/completions
2026-09-08 22:21:26,460 | INFO     | evaluation.providers.failover | AI chain: gemini#1 ready (GEMINI_API_KEY)
2026-09-08 22:21:26,479 | INFO     | evaluation.providers.failover | AI chain: gemini#2 ready (GEMINI_API_KEY_2)
2026-09-08 22:21:26,491 | INFO     | evaluation.providers.failover | AI chain: gemini#3 ready (GEMINI_API_KEY_3)
2026-09-08 22:21:26,500 | INFO     | evaluation.providers.failover | AI chain: grok#4 ready (GROK_API_KEY)
2026-09-08 22:21:26,533 | INFO     | evaluation.providers.failover | AI chain: grok#5 ready (GROK_API_KEY_2)
2026-09-08 22:21:26,546 | INFO     | evaluation.providers.failover | AI chain: grok#6 ready (GROK_API_KEY_3)
2026-09-08 22:21:28,675 | WARNING  | evaluation.providers.failover | AI chain: gemini#1 exhausted, retiring it for this run -- Gemini authentication/permission failed (HTTP 403). Check the API key and project.
2026-09-08 22:21:30,562 | WARNING  | evaluation.providers.failover | AI chain: gemini#2 exhausted, retiring it for this run -- Gemini authentication/permission failed (HTTP 403). Check the API key and project.
2026-09-08 22:21:32,589 | WARNING  | evaluation.providers.failover | AI chain: gemini#3 exhausted, retiring it for this run -- Gemini authentication/permission failed (HTTP 403). Check the API key and project.
2026-09-08 22:21:38,109 | WARNING  | evaluation.providers.failover | AI chain: grok#4 failed (transient, kept in rotation) -- grok#4: 400 Client Error: Bad Request for url: https://api.x.ai/v1/chat/completions
2026-09-08 22:21:43,308 | WARNING  | evaluation.providers.failover | AI chain: grok#6 failed (transient, kept in rotation) -- grok#6: 400 Client Error: Bad Request for url: https://api.x.ai/v1/chat/completions
2026-09-08 22:21:44,051 | WARNING  | evaluation.providers.failover | AI chain: grok#5 failed (transient, kept in rotation) -- grok#5: 400 Client Error: Bad Request for url: https://api.x.ai/v1/chat/completions
2026-09-08 22:21:49,478 | WARNING  | evaluation.providers.failover | AI chain: grok#6 failed (transient, kept in rotation) -- grok#6: 400 Client Error: Bad Request for url: https://api.x.ai/v1/chat/completions
2026-09-08 22:33:41,211 | INFO     | evaluation.providers.failover | AI chain: gemini#1 ready (GEMINI_API_KEY)
2026-09-08 22:33:41,212 | INFO     | evaluation.providers.failover | AI chain: gemini#1 ready (GEMINI_API_KEY)
2026-09-08 22:33:41,228 | INFO     | evaluation.providers.failover | AI chain: gemini#2 ready (GEMINI_API_KEY_2)
2026-09-08 22:33:41,254 | INFO     | evaluation.providers.failover | AI chain: gemini#2 ready (GEMINI_API_KEY_2)
2026-09-08 22:33:41,262 | INFO     | evaluation.providers.failover | AI chain: gemini#3 ready (GEMINI_API_KEY_3)
2026-09-08 22:33:41,427 | INFO     | evaluation.providers.failover | AI chain: gemini#3 ready (GEMINI_API_KEY_3)
2026-09-08 22:33:41,456 | INFO     | evaluation.providers.failover | AI chain: grok#4 ready (GROK_API_KEY)
2026-09-08 22:33:41,627 | INFO     | evaluation.providers.failover | AI chain: grok#4 ready (GROK_API_KEY)
2026-09-08 22:33:41,642 | INFO     | evaluation.providers.failover | AI chain: grok#5 ready (GROK_API_KEY_2)
2026-09-08 22:33:41,645 | INFO     | evaluation.providers.failover | AI chain: grok#5 ready (GROK_API_KEY_2)
2026-09-08 22:33:41,650 | INFO     | evaluation.providers.failover | AI chain: grok#6 ready (GROK_API_KEY_3)
2026-09-08 22:33:41,762 | INFO     | evaluation.providers.failover | AI chain: grok#6 ready (GROK_API_KEY_3)
2026-09-08 22:34:11,745 | INFO     | evaluation.providers.failover | AI chain: gemini#1 ready (GEMINI_API_KEY)
2026-09-08 22:34:11,750 | INFO     | evaluation.providers.failover | AI chain: gemini#2 ready (GEMINI_API_KEY_2)
2026-09-08 22:34:11,767 | INFO     | evaluation.providers.failover | AI chain: gemini#3 ready (GEMINI_API_KEY_3)
2026-09-08 22:34:11,842 | INFO     | evaluation.providers.failover | AI chain: grok#4 ready (GROK_API_KEY)
2026-09-08 22:34:11,884 | INFO     | evaluation.providers.failover | AI chain: grok#5 ready (GROK_API_KEY_2)
2026-09-08 22:34:11,934 | INFO     | evaluation.providers.failover | AI chain: grok#6 ready (GROK_API_KEY_3)
2026-09-08 22:34:26,529 | WARNING  | evaluation.providers.failover | AI chain: gemini#1 exhausted, retiring it for this run -- Gemini authentication/permission failed (HTTP 403). Check the API key and project.
2026-09-08 22:34:39,006 | WARNING  | evaluation.providers.failover | AI chain: gemini#2 failed (transient, kept in rotation) -- Gemini request failed: SSLError
2026-09-08 22:34:56,172 | WARNING  | evaluation.providers.failover | AI chain: gemini#3 failed (transient, kept in rotation) -- Gemini request failed: SSLError
2026-09-08 22:35:16,500 | WARNING  | evaluation.providers.failover | AI chain: grok#4 failed (transient, kept in rotation) -- grok#4: HTTP 400 from xAI -- {"code":"invalid-argument","error":"Incorrect API key provided. You can obtain an API key from https://console.x.ai."} (model='grok-4.3'; set GROK_MODEL to a current slug if this says the model does not exist)
2026-09-08 22:35:52,550 | WARNING  | evaluation.providers.failover | AI chain: grok#5 failed (transient, kept in rotation) -- grok#5: HTTP 400 from xAI -- {"code":"invalid-argument","error":"Incorrect API key provided. You can obtain an API key from https://console.x.ai."} (model='grok-4.3'; set GROK_MODEL to a current slug if this says the model does not exist)
2026-09-08 22:36:39,191 | WARNING  | evaluation.providers.failover | AI chain: grok#6 failed (transient, kept in rotation) -- grok#6: HTTPSConnectionPool(host='api.x.ai', port=443): Max retries exceeded with url: /v1/chat/completions (Caused by SSLError(SSLEOFError(8, '[SSL: UNEXPECTED_EOF_WHILE_READING] EOF occurred in violation of protocol (_ssl.c:1006)')))
2026-09-08 22:39:07,847 | INFO     | evaluation.providers.failover | AI chain: gemini#1 ready (GEMINI_API_KEY)
2026-09-08 22:39:08,232 | INFO     | evaluation.providers.failover | AI chain: gemini#2 ready (GEMINI_API_KEY_2)
2026-09-08 22:39:08,385 | INFO     | evaluation.providers.failover | AI chain: gemini#3 ready (GEMINI_API_KEY_3)
2026-09-08 22:39:08,513 | INFO     | evaluation.providers.failover | AI chain: grok#4 ready (GROK_API_KEY)
2026-09-08 22:39:08,816 | INFO     | evaluation.providers.failover | AI chain: grok#5 ready (GROK_API_KEY_2)
2026-09-08 22:39:08,888 | INFO     | evaluation.providers.failover | AI chain: grok#6 ready (GROK_API_KEY_3)
2026-09-08 22:39:12,118 | INFO     | evaluation.providers.failover | AI chain: gemini#1 ready (GEMINI_API_KEY)
2026-09-08 22:39:12,142 | INFO     | evaluation.providers.failover | AI chain: gemini#2 ready (GEMINI_API_KEY_2)
2026-09-08 22:39:12,166 | INFO     | evaluation.providers.failover | AI chain: gemini#3 ready (GEMINI_API_KEY_3)
2026-09-08 22:39:12,215 | INFO     | evaluation.providers.failover | AI chain: grok#4 ready (GROK_API_KEY)
2026-09-08 22:39:12,280 | INFO     | evaluation.providers.failover | AI chain: grok#5 ready (GROK_API_KEY_2)
2026-09-08 22:39:12,334 | INFO     | evaluation.providers.failover | AI chain: grok#6 ready (GROK_API_KEY_3)
2026-09-08 22:40:21,253 | INFO     | evaluation.providers.failover | AI chain: gemini#1 ready (GEMINI_API_KEY)
2026-09-08 22:40:21,434 | INFO     | evaluation.providers.failover | AI chain: gemini#2 ready (GEMINI_API_KEY_2)
2026-09-08 22:40:21,551 | INFO     | evaluation.providers.failover | AI chain: gemini#3 ready (GEMINI_API_KEY_3)
2026-09-08 22:40:21,843 | INFO     | evaluation.providers.failover | AI chain: grok#4 ready (GROK_API_KEY)
2026-09-08 22:40:21,966 | INFO     | evaluation.providers.failover | AI chain: grok#5 ready (GROK_API_KEY_2)
2026-09-08 22:40:22,077 | INFO     | evaluation.providers.failover | AI chain: grok#6 ready (GROK_API_KEY_3)
2026-09-08 22:41:07,433 | WARNING  | evaluation.providers.failover | AI chain: gemini#1 failed (transient, kept in rotation) -- Gemini request failed: SSLError
2026-09-08 22:41:40,939 | WARNING  | evaluation.providers.failover | AI chain: gemini#2 failed (transient, kept in rotation) -- Gemini request failed: SSLError
2026-09-08 22:41:56,628 | WARNING  | evaluation.providers.failover | AI chain: gemini#3 failed (transient, kept in rotation) -- Gemini request failed: ConnectionError
2026-09-08 22:42:39,184 | WARNING  | evaluation.providers.failover | AI chain: grok#4 failed (transient, kept in rotation) -- grok#4: HTTP 400 from xAI -- {"code":"invalid-argument","error":"Incorrect API key provided. You can obtain an API key from https://console.x.ai."} (model='grok-4.3'; set GROK_MODEL to a current slug if this says the model does not exist)
2026-09-08 22:43:17,834 | WARNING  | evaluation.providers.failover | AI chain: grok#5 failed (transient, kept in rotation) -- grok#5: HTTP 400 from xAI -- {"code":"invalid-argument","error":"Incorrect API key provided. You can obtain an API key from https://console.x.ai."} (model='grok-4.3'; set GROK_MODEL to a current slug if this says the model does not exist)
2026-09-08 22:44:00,485 | WARNING  | evaluation.providers.failover | AI chain: grok#6 failed (transient, kept in rotation) -- grok#6: HTTPSConnectionPool(host='api.x.ai', port=443): Max retries exceeded with url: /v1/chat/completions (Caused by SSLError(SSLEOFError(8, '[SSL: UNEXPECTED_EOF_WHILE_READING] EOF occurred in violation of protocol (_ssl.c:1006)')))
2026-09-09 10:01:59,954 | INFO     | evaluation.providers.failover | AI chain: gemini#1 ready (GEMINI_API_KEY)
2026-09-09 10:01:59,956 | INFO     | evaluation.providers.failover | AI chain: gemini#2 ready (GEMINI_API_KEY_2)
2026-09-09 10:01:59,957 | INFO     | evaluation.providers.failover | AI chain: gemini#3 ready (GEMINI_API_KEY_3)
2026-09-09 10:01:59,960 | INFO     | evaluation.providers.failover | AI chain: grok#4 ready (GROK_API_KEY)
2026-09-09 10:01:59,962 | INFO     | evaluation.providers.failover | AI chain: grok#5 ready (GROK_API_KEY_2)
2026-09-09 10:01:59,964 | INFO     | evaluation.providers.failover | AI chain: grok#6 ready (GROK_API_KEY_3)
2026-09-09 10:02:32,433 | WARNING  | evaluation.providers.failover | AI chain: gemini#1 exhausted, retiring it for this run -- Gemini authentication/permission failed (HTTP 403). Check the API key and project.
2026-09-09 10:02:34,010 | WARNING  | evaluation.providers.failover | AI chain: gemini#2 exhausted, retiring it for this run -- Gemini authentication/permission failed (HTTP 403). Check the API key and project.
2026-09-09 10:02:36,780 | WARNING  | evaluation.providers.failover | AI chain: gemini#3 exhausted, retiring it for this run -- Gemini authentication/permission failed (HTTP 403). Check the API key and project.
2026-09-09 10:02:38,540 | WARNING  | evaluation.providers.failover | AI chain: grok#4 failed (transient, kept in rotation) -- grok#4: HTTP 400 from xAI -- {"code":"invalid-argument","error":"Incorrect API key provided. You can obtain an API key from https://console.x.ai."} (model='grok-4.3'; set GROK_MODEL to a current slug if this says the model does not exist)
2026-09-09 10:02:40,459 | WARNING  | evaluation.providers.failover | AI chain: grok#5 failed (transient, kept in rotation) -- grok#5: HTTP 400 from xAI -- {"code":"invalid-argument","error":"Incorrect API key provided. You can obtain an API key from https://console.x.ai."} (model='grok-4.3'; set GROK_MODEL to a current slug if this says the model does not exist)
2026-09-09 10:02:44,500 | WARNING  | evaluation.providers.failover | AI chain: grok#6 failed (transient, kept in rotation) -- grok#6: HTTP 400 from xAI -- {"code":"invalid-argument","error":"Incorrect API key provided. You can obtain an API key from https://console.x.ai."} (model='grok-4.3'; set GROK_MODEL to a current slug if this says the model does not exist)
2026-09-09 10:02:44,830 | INFO     | evaluation.providers.failover | AI chain: gemini#1 ready (GEMINI_API_KEY)
2026-09-09 10:02:44,832 | INFO     | evaluation.providers.failover | AI chain: gemini#2 ready (GEMINI_API_KEY_2)
2026-09-09 10:02:44,890 | INFO     | evaluation.providers.failover | AI chain: gemini#3 ready (GEMINI_API_KEY_3)
2026-09-09 10:02:44,913 | INFO     | evaluation.providers.failover | AI chain: grok#4 ready (GROK_API_KEY)
2026-09-09 10:02:45,014 | INFO     | evaluation.providers.failover | AI chain: grok#5 ready (GROK_API_KEY_2)
2026-09-09 10:02:47,375 | INFO     | evaluation.providers.failover | AI chain: grok#6 ready (GROK_API_KEY_3)
2026-09-09 10:02:49,663 | WARNING  | evaluation.providers.failover | AI chain: gemini#1 exhausted, retiring it for this run -- Gemini authentication/permission failed (HTTP 403). Check the API key and project.
2026-09-09 10:03:26,387 | WARNING  | evaluation.providers.failover | AI chain: gemini#2 exhausted, retiring it for this run -- Gemini authentication/permission failed (HTTP 403). Check the API key and project.
2026-09-09 10:03:27,871 | WARNING  | evaluation.providers.failover | AI chain: gemini#3 exhausted, retiring it for this run -- Gemini authentication/permission failed (HTTP 403). Check the API key and project.
2026-09-09 10:03:29,208 | WARNING  | evaluation.providers.failover | AI chain: grok#4 failed (transient, kept in rotation) -- grok#4: HTTP 400 from xAI -- {"code":"invalid-argument","error":"Incorrect API key provided. You can obtain an API key from https://console.x.ai."} (model='grok-4.3'; set GROK_MODEL to a current slug if this says the model does not exist)
2026-09-09 10:03:31,153 | WARNING  | evaluation.providers.failover | AI chain: grok#5 failed (transient, kept in rotation) -- grok#5: HTTP 400 from xAI -- {"code":"invalid-argument","error":"Incorrect API key provided. You can obtain an API key from https://console.x.ai."} (model='grok-4.3'; set GROK_MODEL to a current slug if this says the model does not exist)
2026-09-09 10:03:32,686 | WARNING  | evaluation.providers.failover | AI chain: grok#6 failed (transient, kept in rotation) -- grok#6: HTTP 400 from xAI -- {"code":"invalid-argument","error":"Incorrect API key provided. You can obtain an API key from https://console.x.ai."} (model='grok-4.3'; set GROK_MODEL to a current slug if this says the model does not exist)
2026-09-09 10:03:32,733 | INFO     | evaluation.providers.failover | AI chain: gemini#1 ready (GEMINI_API_KEY)
2026-09-09 10:03:32,739 | INFO     | evaluation.providers.failover | AI chain: gemini#2 ready (GEMINI_API_KEY_2)
2026-09-09 10:03:32,744 | INFO     | evaluation.providers.failover | AI chain: gemini#3 ready (GEMINI_API_KEY_3)
2026-09-09 10:03:32,747 | INFO     | evaluation.providers.failover | AI chain: grok#4 ready (GROK_API_KEY)
2026-09-09 10:03:32,750 | INFO     | evaluation.providers.failover | AI chain: grok#5 ready (GROK_API_KEY_2)
2026-09-09 10:03:32,752 | INFO     | evaluation.providers.failover | AI chain: grok#6 ready (GROK_API_KEY_3)
2026-09-09 10:03:34,221 | WARNING  | evaluation.providers.failover | AI chain: gemini#1 exhausted, retiring it for this run -- Gemini authentication/permission failed (HTTP 403). Check the API key and project.
2026-09-09 10:03:36,473 | WARNING  | evaluation.providers.failover | AI chain: gemini#2 exhausted, retiring it for this run -- Gemini authentication/permission failed (HTTP 403). Check the API key and project.
2026-09-09 10:03:37,906 | WARNING  | evaluation.providers.failover | AI chain: gemini#3 exhausted, retiring it for this run -- Gemini authentication/permission failed (HTTP 403). Check the API key and project.
2026-09-09 10:04:08,532 | WARNING  | evaluation.providers.failover | AI chain: grok#4 failed (transient, kept in rotation) -- grok#4: HTTP 400 from xAI -- {"code":"invalid-argument","error":"Incorrect API key provided. You can obtain an API key from https://console.x.ai."} (model='grok-4.3'; set GROK_MODEL to a current slug if this says the model does not exist)
2026-09-09 10:04:10,164 | WARNING  | evaluation.providers.failover | AI chain: grok#5 failed (transient, kept in rotation) -- grok#5: HTTP 400 from xAI -- {"code":"invalid-argument","error":"Incorrect API key provided. You can obtain an API key from https://console.x.ai."} (model='grok-4.3'; set GROK_MODEL to a current slug if this says the model does not exist)
2026-09-09 10:04:11,914 | WARNING  | evaluation.providers.failover | AI chain: grok#6 failed (transient, kept in rotation) -- grok#6: HTTP 400 from xAI -- {"code":"invalid-argument","error":"Incorrect API key provided. You can obtain an API key from https://console.x.ai."} (model='grok-4.3'; set GROK_MODEL to a current slug if this says the model does not exist)
2026-09-09 10:04:11,933 | INFO     | evaluation.providers.failover | AI chain: gemini#1 ready (GEMINI_API_KEY)
2026-09-09 10:04:11,937 | INFO     | evaluation.providers.failover | AI chain: gemini#2 ready (GEMINI_API_KEY_2)
2026-09-09 10:04:11,941 | INFO     | evaluation.providers.failover | AI chain: gemini#3 ready (GEMINI_API_KEY_3)
2026-09-09 10:04:11,943 | INFO     | evaluation.providers.failover | AI chain: grok#4 ready (GROK_API_KEY)
2026-09-09 10:04:11,948 | INFO     | evaluation.providers.failover | AI chain: grok#5 ready (GROK_API_KEY_2)
2026-09-09 10:04:11,950 | INFO     | evaluation.providers.failover | AI chain: grok#6 ready (GROK_API_KEY_3)
2026-09-09 10:04:13,336 | WARNING  | evaluation.providers.failover | AI chain: gemini#1 exhausted, retiring it for this run -- Gemini authentication/permission failed (HTTP 403). Check the API key and project.
2026-09-09 10:04:14,695 | WARNING  | evaluation.providers.failover | AI chain: gemini#2 exhausted, retiring it for this run -- Gemini authentication/permission failed (HTTP 403). Check the API key and project.
2026-09-09 10:04:16,211 | WARNING  | evaluation.providers.failover | AI chain: gemini#3 exhausted, retiring it for this run -- Gemini authentication/permission failed (HTTP 403). Check the API key and project.
2026-09-09 10:04:18,117 | WARNING  | evaluation.providers.failover | AI chain: grok#4 failed (transient, kept in rotation) -- grok#4: HTTP 400 from xAI -- {"code":"invalid-argument","error":"Incorrect API key provided. You can obtain an API key from https://console.x.ai."} (model='grok-4.3'; set GROK_MODEL to a current slug if this says the model does not exist)
2026-09-09 10:04:20,204 | WARNING  | evaluation.providers.failover | AI chain: grok#5 failed (transient, kept in rotation) -- grok#5: HTTP 400 from xAI -- {"code":"invalid-argument","error":"Incorrect API key provided. You can obtain an API key from https://console.x.ai."} (model='grok-4.3'; set GROK_MODEL to a current slug if this says the model does not exist)
2026-09-09 10:04:21,829 | WARNING  | evaluation.providers.failover | AI chain: grok#6 failed (transient, kept in rotation) -- grok#6: HTTP 400 from xAI -- {"code":"invalid-argument","error":"Incorrect API key provided. You can obtain an API key from https://console.x.ai."} (model='grok-4.3'; set GROK_MODEL to a current slug if this says the model does not exist)
2026-09-09 10:04:21,844 | INFO     | evaluation.providers.failover | AI chain: gemini#1 ready (GEMINI_API_KEY)
2026-09-09 10:04:21,846 | INFO     | evaluation.providers.failover | AI chain: gemini#2 ready (GEMINI_API_KEY_2)
2026-09-09 10:04:21,848 | INFO     | evaluation.providers.failover | AI chain: gemini#3 ready (GEMINI_API_KEY_3)
2026-09-09 10:04:21,850 | INFO     | evaluation.providers.failover | AI chain: grok#4 ready (GROK_API_KEY)
2026-09-09 10:04:21,851 | INFO     | evaluation.providers.failover | AI chain: grok#5 ready (GROK_API_KEY_2)
2026-09-09 10:04:21,853 | INFO     | evaluation.providers.failover | AI chain: grok#6 ready (GROK_API_KEY_3)
2026-09-09 10:04:51,801 | WARNING  | evaluation.providers.failover | AI chain: gemini#1 exhausted, retiring it for this run -- Gemini authentication/permission failed (HTTP 403). Check the API key and project.
2026-09-09 10:04:53,424 | WARNING  | evaluation.providers.failover | AI chain: gemini#2 exhausted, retiring it for this run -- Gemini authentication/permission failed (HTTP 403). Check the API key and project.
2026-09-09 10:04:54,715 | WARNING  | evaluation.providers.failover | AI chain: gemini#3 exhausted, retiring it for this run -- Gemini authentication/permission failed (HTTP 403). Check the API key and project.
2026-09-09 10:04:56,359 | WARNING  | evaluation.providers.failover | AI chain: grok#4 failed (transient, kept in rotation) -- grok#4: HTTP 400 from xAI -- {"code":"invalid-argument","error":"Incorrect API key provided. You can obtain an API key from https://console.x.ai."} (model='grok-4.3'; set GROK_MODEL to a current slug if this says the model does not exist)
2026-09-09 10:04:58,191 | WARNING  | evaluation.providers.failover | AI chain: grok#5 failed (transient, kept in rotation) -- grok#5: HTTP 400 from xAI -- {"code":"invalid-argument","error":"Incorrect API key provided. You can obtain an API key from https://console.x.ai."} (model='grok-4.3'; set GROK_MODEL to a current slug if this says the model does not exist)
2026-09-09 10:04:59,728 | WARNING  | evaluation.providers.failover | AI chain: grok#6 failed (transient, kept in rotation) -- grok#6: HTTP 400 from xAI -- {"code":"invalid-argument","error":"Incorrect API key provided. You can obtain an API key from https://console.x.ai."} (model='grok-4.3'; set GROK_MODEL to a current slug if this says the model does not exist)
2026-09-09 10:04:59,744 | INFO     | evaluation.providers.failover | AI chain: gemini#1 ready (GEMINI_API_KEY)
2026-09-09 10:04:59,745 | INFO     | evaluation.providers.failover | AI chain: gemini#2 ready (GEMINI_API_KEY_2)
2026-09-09 10:04:59,747 | INFO     | evaluation.providers.failover | AI chain: gemini#3 ready (GEMINI_API_KEY_3)
2026-09-09 10:04:59,749 | INFO     | evaluation.providers.failover | AI chain: grok#4 ready (GROK_API_KEY)
2026-09-09 10:04:59,754 | INFO     | evaluation.providers.failover | AI chain: grok#5 ready (GROK_API_KEY_2)
2026-09-09 10:04:59,757 | INFO     | evaluation.providers.failover | AI chain: grok#6 ready (GROK_API_KEY_3)
2026-09-09 10:05:01,799 | WARNING  | evaluation.providers.failover | AI chain: gemini#1 exhausted, retiring it for this run -- Gemini authentication/permission failed (HTTP 403). Check the API key and project.
2026-09-09 10:05:03,261 | WARNING  | evaluation.providers.failover | AI chain: gemini#2 exhausted, retiring it for this run -- Gemini authentication/permission failed (HTTP 403). Check the API key and project.
2026-09-09 10:05:33,523 | WARNING  | evaluation.providers.failover | AI chain: gemini#3 exhausted, retiring it for this run -- Gemini authentication/permission failed (HTTP 403). Check the API key and project.
2026-09-09 10:05:35,030 | WARNING  | evaluation.providers.failover | AI chain: grok#4 failed (transient, kept in rotation) -- grok#4: HTTP 400 from xAI -- {"code":"invalid-argument","error":"Incorrect API key provided. You can obtain an API key from https://console.x.ai."} (model='grok-4.3'; set GROK_MODEL to a current slug if this says the model does not exist)
2026-09-09 10:05:37,021 | WARNING  | evaluation.providers.failover | AI chain: grok#5 failed (transient, kept in rotation) -- grok#5: HTTP 400 from xAI -- {"code":"invalid-argument","error":"Incorrect API key provided. You can obtain an API key from https://console.x.ai."} (model='grok-4.3'; set GROK_MODEL to a current slug if this says the model does not exist)
2026-09-09 10:05:38,947 | WARNING  | evaluation.providers.failover | AI chain: grok#6 failed (transient, kept in rotation) -- grok#6: HTTP 400 from xAI -- {"code":"invalid-argument","error":"Incorrect API key provided. You can obtain an API key from https://console.x.ai."} (model='grok-4.3'; set GROK_MODEL to a current slug if this says the model does not exist)
2026-09-09 10:07:37,611 | INFO     | evaluation.providers.failover | AI chain: gemini#1 ready (GEMINI_API_KEY)
2026-09-09 10:07:37,613 | INFO     | evaluation.providers.failover | AI chain: gemini#2 ready (GEMINI_API_KEY_2)
2026-09-09 10:07:37,614 | INFO     | evaluation.providers.failover | AI chain: gemini#3 ready (GEMINI_API_KEY_3)
2026-09-09 10:07:37,616 | INFO     | evaluation.providers.failover | AI chain: grok#4 ready (GROK_API_KEY)
2026-09-09 10:07:37,617 | INFO     | evaluation.providers.failover | AI chain: grok#5 ready (GROK_API_KEY_2)
2026-09-09 10:07:37,618 | INFO     | evaluation.providers.failover | AI chain: grok#6 ready (GROK_API_KEY_3)
2026-09-09 10:07:39,582 | WARNING  | evaluation.providers.failover | AI chain: gemini#1 exhausted, retiring it for this run -- Gemini authentication/permission failed (HTTP 403). Check the API key and project.
2026-09-09 10:07:41,111 | WARNING  | evaluation.providers.failover | AI chain: gemini#2 exhausted, retiring it for this run -- Gemini authentication/permission failed (HTTP 403). Check the API key and project.
2026-09-09 10:08:36,037 | WARNING  | evaluation.providers.failover | AI chain: gemini#3 exhausted, retiring it for this run -- Gemini authentication/permission failed (HTTP 403). Check the API key and project.
2026-09-09 10:08:37,646 | WARNING  | evaluation.providers.failover | AI chain: grok#4 failed (transient, kept in rotation) -- grok#4: HTTP 400 from xAI -- {"code":"invalid-argument","error":"Incorrect API key provided. You can obtain an API key from https://console.x.ai."} (model='grok-4.3'; set GROK_MODEL to a current slug if this says the model does not exist)
2026-09-09 10:08:39,484 | WARNING  | evaluation.providers.failover | AI chain: grok#5 failed (transient, kept in rotation) -- grok#5: HTTP 400 from xAI -- {"code":"invalid-argument","error":"Incorrect API key provided. You can obtain an API key from https://console.x.ai."} (model='grok-4.3'; set GROK_MODEL to a current slug if this says the model does not exist)
2026-09-09 10:08:41,020 | WARNING  | evaluation.providers.failover | AI chain: grok#6 failed (transient, kept in rotation) -- grok#6: HTTP 400 from xAI -- {"code":"invalid-argument","error":"Incorrect API key provided. You can obtain an API key from https://console.x.ai."} (model='grok-4.3'; set GROK_MODEL to a current slug if this says the model does not exist)
2026-09-09 10:08:41,046 | INFO     | evaluation.providers.failover | AI chain: gemini#1 ready (GEMINI_API_KEY)
2026-09-09 10:08:41,048 | INFO     | evaluation.providers.failover | AI chain: gemini#2 ready (GEMINI_API_KEY_2)
2026-09-09 10:08:41,049 | INFO     | evaluation.providers.failover | AI chain: gemini#3 ready (GEMINI_API_KEY_3)
2026-09-09 10:08:41,050 | INFO     | evaluation.providers.failover | AI chain: grok#4 ready (GROK_API_KEY)
2026-09-09 10:08:41,051 | INFO     | evaluation.providers.failover | AI chain: grok#5 ready (GROK_API_KEY_2)
2026-09-09 10:08:41,052 | INFO     | evaluation.providers.failover | AI chain: grok#6 ready (GROK_API_KEY_3)
2026-09-09 10:08:42,444 | WARNING  | evaluation.providers.failover | AI chain: gemini#1 exhausted, retiring it for this run -- Gemini authentication/permission failed (HTTP 403). Check the API key and project.
2026-09-09 10:08:44,019 | WARNING  | evaluation.providers.failover | AI chain: gemini#2 exhausted, retiring it for this run -- Gemini authentication/permission failed (HTTP 403). Check the API key and project.
2026-09-09 10:08:46,162 | WARNING  | evaluation.providers.failover | AI chain: gemini#3 exhausted, retiring it for this run -- Gemini authentication/permission failed (HTTP 403). Check the API key and project.
2026-09-09 10:08:48,543 | WARNING  | evaluation.providers.failover | AI chain: grok#4 failed (transient, kept in rotation) -- grok#4: HTTP 400 from xAI -- {"code":"invalid-argument","error":"Incorrect API key provided. You can obtain an API key from https://console.x.ai."} (model='grok-4.3'; set GROK_MODEL to a current slug if this says the model does not exist)
2026-09-09 10:08:50,109 | WARNING  | evaluation.providers.failover | AI chain: grok#5 failed (transient, kept in rotation) -- grok#5: HTTP 400 from xAI -- {"code":"invalid-argument","error":"Incorrect API key provided. You can obtain an API key from https://console.x.ai."} (model='grok-4.3'; set GROK_MODEL to a current slug if this says the model does not exist)
2026-09-09 10:08:51,949 | WARNING  | evaluation.providers.failover | AI chain: grok#6 failed (transient, kept in rotation) -- grok#6: HTTP 400 from xAI -- {"code":"invalid-argument","error":"Incorrect API key provided. You can obtain an API key from https://console.x.ai."} (model='grok-4.3'; set GROK_MODEL to a current slug if this says the model does not exist)
2026-09-09 10:08:51,971 | INFO     | evaluation.providers.failover | AI chain: gemini#1 ready (GEMINI_API_KEY)
2026-09-09 10:08:51,974 | INFO     | evaluation.providers.failover | AI chain: gemini#2 ready (GEMINI_API_KEY_2)
2026-09-09 10:08:51,976 | INFO     | evaluation.providers.failover | AI chain: gemini#3 ready (GEMINI_API_KEY_3)
2026-09-09 10:08:51,977 | INFO     | evaluation.providers.failover | AI chain: grok#4 ready (GROK_API_KEY)
2026-09-09 10:08:51,979 | INFO     | evaluation.providers.failover | AI chain: grok#5 ready (GROK_API_KEY_2)
2026-09-09 10:08:51,982 | INFO     | evaluation.providers.failover | AI chain: grok#6 ready (GROK_API_KEY_3)
2026-09-09 10:09:31,310 | WARNING  | evaluation.providers.failover | AI chain: gemini#1 exhausted, retiring it for this run -- Gemini authentication/permission failed (HTTP 403). Check the API key and project.
2026-09-09 10:09:32,952 | WARNING  | evaluation.providers.failover | AI chain: gemini#2 exhausted, retiring it for this run -- Gemini authentication/permission failed (HTTP 403). Check the API key and project.
2026-09-09 10:09:34,784 | WARNING  | evaluation.providers.failover | AI chain: gemini#3 exhausted, retiring it for this run -- Gemini authentication/permission failed (HTTP 403). Check the API key and project.
2026-09-09 10:09:36,364 | WARNING  | evaluation.providers.failover | AI chain: grok#4 failed (transient, kept in rotation) -- grok#4: HTTP 400 from xAI -- {"code":"invalid-argument","error":"Incorrect API key provided. You can obtain an API key from https://console.x.ai."} (model='grok-4.3'; set GROK_MODEL to a current slug if this says the model does not exist)
2026-09-09 10:09:38,023 | WARNING  | evaluation.providers.failover | AI chain: grok#5 failed (transient, kept in rotation) -- grok#5: HTTP 400 from xAI -- {"code":"invalid-argument","error":"Incorrect API key provided. You can obtain an API key from https://console.x.ai."} (model='grok-4.3'; set GROK_MODEL to a current slug if this says the model does not exist)
2026-09-09 10:09:40,510 | WARNING  | evaluation.providers.failover | AI chain: grok#6 failed (transient, kept in rotation) -- grok#6: HTTP 400 from xAI -- {"code":"invalid-argument","error":"Incorrect API key provided. You can obtain an API key from https://console.x.ai."} (model='grok-4.3'; set GROK_MODEL to a current slug if this says the model does not exist)
2026-09-09 10:09:40,557 | INFO     | evaluation.providers.failover | AI chain: gemini#1 ready (GEMINI_API_KEY)
2026-09-09 10:09:40,560 | INFO     | evaluation.providers.failover | AI chain: gemini#2 ready (GEMINI_API_KEY_2)
2026-09-09 10:09:40,564 | INFO     | evaluation.providers.failover | AI chain: gemini#3 ready (GEMINI_API_KEY_3)
2026-09-09 10:09:40,569 | INFO     | evaluation.providers.failover | AI chain: grok#4 ready (GROK_API_KEY)
2026-09-09 10:09:40,590 | INFO     | evaluation.providers.failover | AI chain: grok#5 ready (GROK_API_KEY_2)
2026-09-09 10:09:40,604 | INFO     | evaluation.providers.failover | AI chain: grok#6 ready (GROK_API_KEY_3)
2026-09-09 10:10:21,975 | WARNING  | evaluation.providers.failover | AI chain: gemini#1 exhausted, retiring it for this run -- Gemini authentication/permission failed (HTTP 403). Check the API key and project.
2026-09-09 10:10:23,724 | WARNING  | evaluation.providers.failover | AI chain: gemini#2 exhausted, retiring it for this run -- Gemini authentication/permission failed (HTTP 403). Check the API key and project.
2026-09-09 10:10:25,366 | WARNING  | evaluation.providers.failover | AI chain: gemini#3 exhausted, retiring it for this run -- Gemini authentication/permission failed (HTTP 403). Check the API key and project.
2026-09-09 10:10:27,006 | WARNING  | evaluation.providers.failover | AI chain: grok#4 failed (transient, kept in rotation) -- grok#4: HTTP 400 from xAI -- {"code":"invalid-argument","error":"Incorrect API key provided. You can obtain an API key from https://console.x.ai."} (model='grok-4.3'; set GROK_MODEL to a current slug if this says the model does not exist)
2026-09-09 10:10:28,545 | WARNING  | evaluation.providers.failover | AI chain: grok#5 failed (transient, kept in rotation) -- grok#5: HTTP 400 from xAI -- {"code":"invalid-argument","error":"Incorrect API key provided. You can obtain an API key from https://console.x.ai."} (model='grok-4.3'; set GROK_MODEL to a current slug if this says the model does not exist)
2026-09-09 10:10:30,216 | WARNING  | evaluation.providers.failover | AI chain: grok#6 failed (transient, kept in rotation) -- grok#6: HTTP 400 from xAI -- {"code":"invalid-argument","error":"Incorrect API key provided. You can obtain an API key from https://console.x.ai."} (model='grok-4.3'; set GROK_MODEL to a current slug if this says the model does not exist)
2026-09-09 10:10:30,243 | INFO     | evaluation.providers.failover | AI chain: gemini#1 ready (GEMINI_API_KEY)
2026-09-09 10:10:30,245 | INFO     | evaluation.providers.failover | AI chain: gemini#2 ready (GEMINI_API_KEY_2)
2026-09-09 10:10:30,246 | INFO     | evaluation.providers.failover | AI chain: gemini#3 ready (GEMINI_API_KEY_3)
2026-09-09 10:10:30,249 | INFO     | evaluation.providers.failover | AI chain: grok#4 ready (GROK_API_KEY)
2026-09-09 10:10:30,252 | INFO     | evaluation.providers.failover | AI chain: grok#5 ready (GROK_API_KEY_2)
2026-09-09 10:10:30,254 | INFO     | evaluation.providers.failover | AI chain: grok#6 ready (GROK_API_KEY_3)
2026-09-09 10:10:32,533 | WARNING  | evaluation.providers.failover | AI chain: gemini#1 exhausted, retiring it for this run -- Gemini authentication/permission failed (HTTP 403). Check the API key and project.
2026-09-09 10:10:34,527 | WARNING  | evaluation.providers.failover | AI chain: gemini#2 exhausted, retiring it for this run -- Gemini authentication/permission failed (HTTP 403). Check the API key and project.
2026-09-09 10:10:36,333 | WARNING  | evaluation.providers.failover | AI chain: gemini#3 exhausted, retiring it for this run -- Gemini authentication/permission failed (HTTP 403). Check the API key and project.
2026-09-09 10:11:07,650 | WARNING  | evaluation.providers.failover | AI chain: grok#4 failed (transient, kept in rotation) -- grok#4: HTTP 400 from xAI -- {"code":"invalid-argument","error":"Incorrect API key provided. You can obtain an API key from https://console.x.ai."} (model='grok-4.3'; set GROK_MODEL to a current slug if this says the model does not exist)
2026-09-09 10:11:09,057 | WARNING  | evaluation.providers.failover | AI chain: grok#5 failed (transient, kept in rotation) -- grok#5: HTTP 400 from xAI -- {"code":"invalid-argument","error":"Incorrect API key provided. You can obtain an API key from https://console.x.ai."} (model='grok-4.3'; set GROK_MODEL to a current slug if this says the model does not exist)
2026-09-09 10:11:10,498 | WARNING  | evaluation.providers.failover | AI chain: grok#6 failed (transient, kept in rotation) -- grok#6: HTTP 400 from xAI -- {"code":"invalid-argument","error":"Incorrect API key provided. You can obtain an API key from https://console.x.ai."} (model='grok-4.3'; set GROK_MODEL to a current slug if this says the model does not exist)
2026-09-09 10:11:10,512 | INFO     | evaluation.providers.failover | AI chain: gemini#1 ready (GEMINI_API_KEY)
2026-09-09 10:11:10,513 | INFO     | evaluation.providers.failover | AI chain: gemini#2 ready (GEMINI_API_KEY_2)
2026-09-09 10:11:10,515 | INFO     | evaluation.providers.failover | AI chain: gemini#3 ready (GEMINI_API_KEY_3)
2026-09-09 10:11:10,517 | INFO     | evaluation.providers.failover | AI chain: grok#4 ready (GROK_API_KEY)
2026-09-09 10:11:10,519 | INFO     | evaluation.providers.failover | AI chain: grok#5 ready (GROK_API_KEY_2)
2026-09-09 10:11:10,520 | INFO     | evaluation.providers.failover | AI chain: grok#6 ready (GROK_API_KEY_3)
2026-09-09 10:11:12,067 | WARNING  | evaluation.providers.failover | AI chain: gemini#1 exhausted, retiring it for this run -- Gemini authentication/permission failed (HTTP 403). Check the API key and project.
2026-09-09 10:11:13,508 | WARNING  | evaluation.providers.failover | AI chain: gemini#2 exhausted, retiring it for this run -- Gemini authentication/permission failed (HTTP 403). Check the API key and project.
2026-09-09 10:11:14,929 | WARNING  | evaluation.providers.failover | AI chain: gemini#3 exhausted, retiring it for this run -- Gemini authentication/permission failed (HTTP 403). Check the API key and project.
2026-09-09 10:11:17,695 | WARNING  | evaluation.providers.failover | AI chain: grok#4 failed (transient, kept in rotation) -- grok#4: HTTP 400 from xAI -- {"code":"invalid-argument","error":"Incorrect API key provided. You can obtain an API key from https://console.x.ai."} (model='grok-4.3'; set GROK_MODEL to a current slug if this says the model does not exist)
2026-09-09 10:11:19,320 | WARNING  | evaluation.providers.failover | AI chain: grok#5 failed (transient, kept in rotation) -- grok#5: HTTP 400 from xAI -- {"code":"invalid-argument","error":"Incorrect API key provided. You can obtain an API key from https://console.x.ai."} (model='grok-4.3'; set GROK_MODEL to a current slug if this says the model does not exist)
2026-09-09 10:11:52,414 | WARNING  | evaluation.providers.failover | AI chain: grok#6 failed (transient, kept in rotation) -- grok#6: HTTP 400 from xAI -- {"code":"invalid-argument","error":"Incorrect API key provided. You can obtain an API key from https://console.x.ai."} (model='grok-4.3'; set GROK_MODEL to a current slug if this says the model does not exist)
2026-09-09 10:11:52,434 | INFO     | evaluation.providers.failover | AI chain: gemini#1 ready (GEMINI_API_KEY)
2026-09-09 10:11:52,440 | INFO     | evaluation.providers.failover | AI chain: gemini#2 ready (GEMINI_API_KEY_2)
2026-09-09 10:11:52,443 | INFO     | evaluation.providers.failover | AI chain: gemini#3 ready (GEMINI_API_KEY_3)
2026-09-09 10:11:52,446 | INFO     | evaluation.providers.failover | AI chain: grok#4 ready (GROK_API_KEY)
2026-09-09 10:11:52,449 | INFO     | evaluation.providers.failover | AI chain: grok#5 ready (GROK_API_KEY_2)
2026-09-09 10:11:52,456 | INFO     | evaluation.providers.failover | AI chain: grok#6 ready (GROK_API_KEY_3)
2026-09-09 10:11:54,450 | WARNING  | evaluation.providers.failover | AI chain: gemini#1 exhausted, retiring it for this run -- Gemini authentication/permission failed (HTTP 403). Check the API key and project.
2026-09-09 10:11:57,631 | WARNING  | evaluation.providers.failover | AI chain: gemini#2 exhausted, retiring it for this run -- Gemini authentication/permission failed (HTTP 403). Check the API key and project.
2026-09-09 10:11:59,184 | WARNING  | evaluation.providers.failover | AI chain: gemini#3 exhausted, retiring it for this run -- Gemini authentication/permission failed (HTTP 403). Check the API key and project.
2026-09-09 10:12:01,546 | WARNING  | evaluation.providers.failover | AI chain: grok#4 failed (transient, kept in rotation) -- grok#4: HTTP 400 from xAI -- {"code":"invalid-argument","error":"Incorrect API key provided. You can obtain an API key from https://console.x.ai."} (model='grok-4.3'; set GROK_MODEL to a current slug if this says the model does not exist)
2026-09-09 10:12:05,623 | WARNING  | evaluation.providers.failover | AI chain: grok#5 failed (transient, kept in rotation) -- grok#5: HTTP 400 from xAI -- {"code":"invalid-argument","error":"Incorrect API key provided. You can obtain an API key from https://console.x.ai."} (model='grok-4.3'; set GROK_MODEL to a current slug if this says the model does not exist)
2026-09-09 10:12:07,803 | WARNING  | evaluation.providers.failover | AI chain: grok#6 failed (transient, kept in rotation) -- grok#6: HTTP 400 from xAI -- {"code":"invalid-argument","error":"Incorrect API key provided. You can obtain an API key from https://console.x.ai."} (model='grok-4.3'; set GROK_MODEL to a current slug if this says the model does not exist)
2026-09-09 10:12:59,891 | INFO     | evaluation.providers.failover | AI chain: gemini#1 ready (GEMINI_API_KEY)
2026-09-09 10:12:59,893 | INFO     | evaluation.providers.failover | AI chain: gemini#2 ready (GEMINI_API_KEY_2)
2026-09-09 10:12:59,894 | INFO     | evaluation.providers.failover | AI chain: gemini#3 ready (GEMINI_API_KEY_3)
2026-09-09 10:12:59,895 | INFO     | evaluation.providers.failover | AI chain: grok#4 ready (GROK_API_KEY)
2026-09-09 10:12:59,895 | INFO     | evaluation.providers.failover | AI chain: grok#5 ready (GROK_API_KEY_2)
2026-09-09 10:12:59,903 | INFO     | evaluation.providers.failover | AI chain: grok#6 ready (GROK_API_KEY_3)
2026-09-09 10:13:04,013 | WARNING  | evaluation.providers.failover | AI chain: gemini#1 exhausted, retiring it for this run -- Gemini authentication/permission failed (HTTP 403). Check the API key and project.
2026-09-09 10:13:06,611 | WARNING  | evaluation.providers.failover | AI chain: gemini#2 exhausted, retiring it for this run -- Gemini authentication/permission failed (HTTP 403). Check the API key and project.
2026-09-09 10:13:12,204 | WARNING  | evaluation.providers.failover | AI chain: gemini#3 exhausted, retiring it for this run -- Gemini authentication/permission failed (HTTP 403). Check the API key and project.
2026-09-09 10:13:16,339 | WARNING  | evaluation.providers.failover | AI chain: grok#4 failed (transient, kept in rotation) -- grok#4: HTTP 400 from xAI -- {"code":"invalid-argument","error":"Incorrect API key provided. You can obtain an API key from https://console.x.ai."} (model='grok-4.3'; set GROK_MODEL to a current slug if this says the model does not exist)
2026-09-09 10:13:18,954 | WARNING  | evaluation.providers.failover | AI chain: grok#5 failed (transient, kept in rotation) -- grok#5: HTTP 400 from xAI -- {"code":"invalid-argument","error":"Incorrect API key provided. You can obtain an API key from https://console.x.ai."} (model='grok-4.3'; set GROK_MODEL to a current slug if this says the model does not exist)
2026-09-09 10:14:28,591 | WARNING  | evaluation.providers.failover | AI chain: grok#6 failed (transient, kept in rotation) -- grok#6: HTTP 400 from xAI -- {"code":"invalid-argument","error":"Incorrect API key provided. You can obtain an API key from https://console.x.ai."} (model='grok-4.3'; set GROK_MODEL to a current slug if this says the model does not exist)
2026-09-09 10:24:31,347 | INFO     | evaluation.providers.failover | AI chain: gemini#1 ready (GEMINI_API_KEY)
2026-09-09 10:24:31,416 | INFO     | evaluation.providers.failover | AI chain: gemini#2 ready (GEMINI_API_KEY_2)
2026-09-09 10:24:31,437 | INFO     | evaluation.providers.failover | AI chain: gemini#3 ready (GEMINI_API_KEY_3)
2026-09-09 10:24:31,477 | INFO     | evaluation.providers.failover | AI chain: grok#4 ready (GROK_API_KEY)
2026-09-09 10:24:31,521 | INFO     | evaluation.providers.failover | AI chain: grok#5 ready (GROK_API_KEY_2)
2026-09-09 10:24:31,563 | INFO     | evaluation.providers.failover | AI chain: grok#6 ready (GROK_API_KEY_3)
2026-09-09 10:32:36,488 | INFO     | evaluation.providers.failover | AI chain: gemini#1 ready (GEMINI_API_KEY)
2026-09-09 10:32:36,489 | INFO     | evaluation.providers.failover | AI chain: gemini#2 ready (GEMINI_API_KEY_2)
2026-09-09 10:32:36,492 | INFO     | evaluation.providers.failover | AI chain: gemini#3 ready (GEMINI_API_KEY_3)
2026-09-09 10:32:36,505 | INFO     | evaluation.providers.failover | AI chain: grok#4 ready (GROK_API_KEY)
2026-09-09 10:32:36,522 | INFO     | evaluation.providers.failover | AI chain: grok#5 ready (GROK_API_KEY_2)
2026-09-09 10:32:36,536 | INFO     | evaluation.providers.failover | AI chain: grok#6 ready (GROK_API_KEY_3)
2026-09-09 10:34:39,597 | INFO     | evaluation.providers.failover | AI chain: gemini#1 ready (GEMINI_API_KEY)
2026-09-09 10:34:39,700 | INFO     | evaluation.providers.failover | AI chain: gemini#2 ready (GEMINI_API_KEY_2)
2026-09-09 10:34:39,724 | INFO     | evaluation.providers.failover | AI chain: gemini#3 ready (GEMINI_API_KEY_3)
2026-09-09 10:34:39,744 | INFO     | evaluation.providers.failover | AI chain: grok#4 ready (GROK_API_KEY)
2026-09-09 10:34:39,781 | INFO     | evaluation.providers.failover | AI chain: grok#5 ready (GROK_API_KEY_2)
2026-09-09 10:34:39,799 | INFO     | evaluation.providers.failover | AI chain: grok#6 ready (GROK_API_KEY_3)
2026-09-09 10:36:23,026 | WARNING  | evaluation.providers.failover | AI chain: gemini#1 failed (transient, kept in rotation) -- Gemini request failed: SSLError
2026-09-09 10:36:38,476 | WARNING  | evaluation.providers.failover | AI chain: gemini#2 exhausted, retiring it for this run -- Gemini authentication/permission failed (HTTP 403). Check the API key and project.
2026-09-09 10:36:39,916 | WARNING  | evaluation.providers.failover | AI chain: gemini#3 exhausted, retiring it for this run -- Gemini authentication/permission failed (HTTP 403). Check the API key and project.
2026-09-09 10:37:03,805 | WARNING  | evaluation.providers.failover | AI chain: grok#4 failed (transient, kept in rotation) -- grok#4: HTTP 400 from xAI -- {"code":"invalid-argument","error":"Incorrect API key provided. You can obtain an API key from https://console.x.ai."} (model='grok-4.3'; set GROK_MODEL to a current slug if this says the model does not exist)
2026-09-09 10:37:06,648 | WARNING  | evaluation.providers.failover | AI chain: grok#5 failed (transient, kept in rotation) -- grok#5: HTTP 400 from xAI -- {"code":"invalid-argument","error":"Incorrect API key provided. You can obtain an API key from https://console.x.ai."} (model='grok-4.3'; set GROK_MODEL to a current slug if this says the model does not exist)
2026-09-09 10:37:09,084 | WARNING  | evaluation.providers.failover | AI chain: grok#6 failed (transient, kept in rotation) -- grok#6: HTTP 400 from xAI -- {"code":"invalid-argument","error":"Incorrect API key provided. You can obtain an API key from https://console.x.ai."} (model='grok-4.3'; set GROK_MODEL to a current slug if this says the model does not exist)
2026-09-09 10:44:00,987 | INFO     | evaluation.providers.failover | AI chain: gemini#1 ready (GEMINI_API_KEY)
2026-09-09 10:44:01,004 | INFO     | evaluation.providers.failover | AI chain: gemini#2 ready (GEMINI_API_KEY_2)
2026-09-09 10:44:01,007 | INFO     | evaluation.providers.failover | AI chain: gemini#3 ready (GEMINI_API_KEY_3)
2026-09-09 10:44:01,008 | INFO     | evaluation.providers.failover | AI chain: grok#4 ready (GROK_API_KEY)
2026-09-09 10:44:01,009 | INFO     | evaluation.providers.failover | AI chain: grok#5 ready (GROK_API_KEY_2)
2026-09-09 10:44:01,010 | INFO     | evaluation.providers.failover | AI chain: grok#6 ready (GROK_API_KEY_3)
2026-09-09 10:57:08,564 | INFO     | evaluation.providers.failover | AI chain: gemini#1 ready (GEMINI_API_KEY)
2026-09-09 10:57:08,576 | INFO     | evaluation.providers.failover | AI chain: gemini#2 ready (GEMINI_API_KEY_2)
2026-09-09 10:57:08,596 | INFO     | evaluation.providers.failover | AI chain: gemini#3 ready (GEMINI_API_KEY_3)
2026-09-09 10:57:08,655 | INFO     | evaluation.providers.failover | AI chain: grok#4 ready (GROK_API_KEY)
2026-09-09 10:57:08,658 | INFO     | evaluation.providers.failover | AI chain: grok#5 ready (GROK_API_KEY_2)
2026-09-09 10:57:08,691 | INFO     | evaluation.providers.failover | AI chain: grok#6 ready (GROK_API_KEY_3)
2026-09-09 10:57:09,193 | INFO     | evaluation.providers.failover | AI chain: gemini#1 ready (GEMINI_API_KEY)
2026-09-09 10:57:09,209 | INFO     | evaluation.providers.failover | AI chain: gemini#2 ready (GEMINI_API_KEY_2)
2026-09-09 10:57:09,210 | INFO     | evaluation.providers.failover | AI chain: gemini#3 ready (GEMINI_API_KEY_3)
2026-09-09 10:57:09,211 | INFO     | evaluation.providers.failover | AI chain: grok#4 ready (GROK_API_KEY)
2026-09-09 10:57:09,212 | INFO     | evaluation.providers.failover | AI chain: grok#5 ready (GROK_API_KEY_2)
2026-09-09 10:57:09,213 | INFO     | evaluation.providers.failover | AI chain: grok#6 ready (GROK_API_KEY_3)
2026-09-09 10:57:33,019 | INFO     | evaluation.providers.failover | AI chain: gemini#1 ready (GEMINI_API_KEY)
2026-09-09 10:57:33,263 | INFO     | evaluation.providers.failover | AI chain: gemini#2 ready (GEMINI_API_KEY_2)
2026-09-09 10:57:33,351 | INFO     | evaluation.providers.failover | AI chain: gemini#3 ready (GEMINI_API_KEY_3)
2026-09-09 10:57:33,410 | INFO     | evaluation.providers.failover | AI chain: grok#4 ready (GROK_API_KEY)
2026-09-09 10:57:33,768 | INFO     | evaluation.providers.failover | AI chain: grok#5 ready (GROK_API_KEY_2)
2026-09-09 10:57:34,380 | INFO     | evaluation.providers.failover | AI chain: grok#6 ready (GROK_API_KEY_3)
2026-09-09 10:57:41,980 | WARNING  | evaluation.providers.failover | AI chain: gemini#1 exhausted, retiring it for this run -- Gemini authentication/permission failed (HTTP 403). Check the API key and project.
2026-09-09 10:58:51,252 | WARNING  | evaluation.providers.failover | AI chain: gemini#2 failed (transient, kept in rotation) -- Gemini request failed: ReadTimeout
2026-09-09 10:58:52,700 | WARNING  | evaluation.providers.failover | AI chain: gemini#3 exhausted, retiring it for this run -- Gemini authentication/permission failed (HTTP 403). Check the API key and project.
2026-09-09 10:58:54,694 | WARNING  | evaluation.providers.failover | AI chain: grok#4 failed (transient, kept in rotation) -- grok#4: HTTP 400 from xAI -- {"code":"invalid-argument","error":"Incorrect API key provided. You can obtain an API key from https://console.x.ai."} (model='grok-4.3'; set GROK_MODEL to a current slug if this says the model does not exist)
2026-09-09 10:58:56,063 | WARNING  | evaluation.providers.failover | AI chain: grok#5 failed (transient, kept in rotation) -- grok#5: HTTP 400 from xAI -- {"code":"invalid-argument","error":"Incorrect API key provided. You can obtain an API key from https://console.x.ai."} (model='grok-4.3'; set GROK_MODEL to a current slug if this says the model does not exist)
2026-09-09 10:58:57,493 | WARNING  | evaluation.providers.failover | AI chain: grok#6 failed (transient, kept in rotation) -- grok#6: HTTP 400 from xAI -- {"code":"invalid-argument","error":"Incorrect API key provided. You can obtain an API key from https://console.x.ai."} (model='grok-4.3'; set GROK_MODEL to a current slug if this says the model does not exist)
2026-09-09 11:24:27,633 | INFO     | evaluation.providers.failover | AI chain: gemini#1 ready (GEMINI_API_KEY)
2026-09-09 11:24:27,634 | INFO     | evaluation.providers.failover | AI chain: gemini#2 ready (GEMINI_API_KEY_2)
2026-09-09 11:24:27,634 | INFO     | evaluation.providers.failover | AI chain: gemini#3 ready (GEMINI_API_KEY_3)
2026-09-09 11:24:27,635 | INFO     | evaluation.providers.failover | AI chain: grok#4 ready (GROK_API_KEY)
2026-09-09 11:24:27,636 | INFO     | evaluation.providers.failover | AI chain: grok#5 ready (GROK_API_KEY_2)
2026-09-09 11:24:27,637 | INFO     | evaluation.providers.failover | AI chain: grok#6 ready (GROK_API_KEY_3)
2026-09-09 11:24:39,847 | INFO     | evaluation.providers.failover | AI chain: gemini#1 ready (GEMINI_API_KEY)
2026-09-09 11:24:39,848 | INFO     | evaluation.providers.failover | AI chain: gemini#2 ready (GEMINI_API_KEY_2)
2026-09-09 11:24:39,848 | INFO     | evaluation.providers.failover | AI chain: gemini#3 ready (GEMINI_API_KEY_3)
2026-09-09 11:24:39,850 | INFO     | evaluation.providers.failover | AI chain: grok#4 ready (GROK_API_KEY)
2026-09-09 11:24:39,851 | INFO     | evaluation.providers.failover | AI chain: grok#5 ready (GROK_API_KEY_2)
2026-09-09 11:24:39,851 | INFO     | evaluation.providers.failover | AI chain: grok#6 ready (GROK_API_KEY_3)
2026-09-09 11:24:50,748 | WARNING  | evaluation.providers.failover | AI chain: gemini#1 exhausted, retiring it for this run -- Gemini authentication/permission failed (HTTP 403). Check the API key and project.
2026-09-09 11:24:51,783 | WARNING  | evaluation.providers.failover | AI chain: gemini#2 exhausted, retiring it for this run -- Gemini authentication/permission failed (HTTP 403). Check the API key and project.
2026-09-09 11:24:52,943 | WARNING  | evaluation.providers.failover | AI chain: gemini#3 exhausted, retiring it for this run -- Gemini authentication/permission failed (HTTP 403). Check the API key and project.
2026-09-09 11:25:01,703 | WARNING  | evaluation.providers.failover | AI chain: grok#4 failed (transient, kept in rotation) -- grok#4: HTTP 400 from xAI -- {"code":"invalid-argument","error":"Incorrect API key provided. You can obtain an API key from https://console.x.ai."} (model='grok-4.3'; set GROK_MODEL to a current slug if this says the model does not exist)
2026-09-09 11:25:03,869 | WARNING  | evaluation.providers.failover | AI chain: grok#5 failed (transient, kept in rotation) -- grok#5: HTTP 400 from xAI -- {"code":"invalid-argument","error":"Incorrect API key provided. You can obtain an API key from https://console.x.ai."} (model='grok-4.3'; set GROK_MODEL to a current slug if this says the model does not exist)
2026-09-09 11:25:04,917 | WARNING  | evaluation.providers.failover | AI chain: grok#6 failed (transient, kept in rotation) -- grok#6: HTTP 400 from xAI -- {"code":"invalid-argument","error":"Incorrect API key provided. You can obtain an API key from https://console.x.ai."} (model='grok-4.3'; set GROK_MODEL to a current slug if this says the model does not exist)
2026-09-09 11:58:08,665 | INFO     | evaluation.providers.failover | AI chain: gemini#1 ready (GEMINI_API_KEY)
2026-09-09 11:58:08,669 | INFO     | evaluation.providers.failover | AI chain: gemini#2 ready (GEMINI_API_KEY_2)
2026-09-09 11:58:08,670 | INFO     | evaluation.providers.failover | AI chain: gemini#3 ready (GEMINI_API_KEY_3)
2026-09-09 11:58:08,671 | INFO     | evaluation.providers.failover | AI chain: grok#4 ready (GROK_API_KEY)
2026-09-09 11:58:08,672 | INFO     | evaluation.providers.failover | AI chain: grok#5 ready (GROK_API_KEY_2)
2026-09-09 11:58:08,674 | INFO     | evaluation.providers.failover | AI chain: grok#6 ready (GROK_API_KEY_3)
2026-09-09 11:58:10,713 | WARNING  | evaluation.providers.failover | AI chain: gemini#1 exhausted, retiring it for this run -- Gemini authentication/permission failed (HTTP 403). Check the API key and project.
2026-09-09 11:58:11,618 | WARNING  | evaluation.providers.failover | AI chain: gemini#2 exhausted, retiring it for this run -- Gemini authentication/permission failed (HTTP 403). Check the API key and project.
2026-09-09 11:58:13,158 | WARNING  | evaluation.providers.failover | AI chain: gemini#3 exhausted, retiring it for this run -- Gemini authentication/permission failed (HTTP 403). Check the API key and project.
2026-09-09 11:58:14,454 | WARNING  | evaluation.providers.failover | AI chain: grok#4 failed (transient, kept in rotation) -- grok#4: HTTP 400 from xAI -- {"code":"invalid-argument","error":"Incorrect API key provided. You can obtain an API key from https://console.x.ai."} (model='grok-4.3'; set GROK_MODEL to a current slug if this says the model does not exist)
2026-09-09 11:58:15,451 | WARNING  | evaluation.providers.failover | AI chain: grok#5 failed (transient, kept in rotation) -- grok#5: HTTP 400 from xAI -- {"code":"invalid-argument","error":"Incorrect API key provided. You can obtain an API key from https://console.x.ai."} (model='grok-4.3'; set GROK_MODEL to a current slug if this says the model does not exist)
2026-09-09 11:58:16,922 | WARNING  | evaluation.providers.failover | AI chain: grok#6 failed (transient, kept in rotation) -- grok#6: HTTP 400 from xAI -- {"code":"invalid-argument","error":"Incorrect API key provided. You can obtain an API key from https://console.x.ai."} (model='grok-4.3'; set GROK_MODEL to a current slug if this says the model does not exist)
2026-09-09 11:58:16,981 | INFO     | evaluation.providers.failover | AI chain: gemini#1 ready (GEMINI_API_KEY)
2026-09-09 11:58:16,982 | INFO     | evaluation.providers.failover | AI chain: gemini#2 ready (GEMINI_API_KEY_2)
2026-09-09 11:58:16,983 | INFO     | evaluation.providers.failover | AI chain: gemini#3 ready (GEMINI_API_KEY_3)
2026-09-09 11:58:16,984 | INFO     | evaluation.providers.failover | AI chain: grok#4 ready (GROK_API_KEY)
2026-09-09 11:58:16,985 | INFO     | evaluation.providers.failover | AI chain: grok#5 ready (GROK_API_KEY_2)
2026-09-09 11:58:16,987 | INFO     | evaluation.providers.failover | AI chain: grok#6 ready (GROK_API_KEY_3)
2026-09-09 11:58:17,903 | WARNING  | evaluation.providers.failover | AI chain: gemini#1 exhausted, retiring it for this run -- Gemini authentication/permission failed (HTTP 403). Check the API key and project.
2026-09-09 11:58:18,684 | WARNING  | evaluation.providers.failover | AI chain: gemini#2 exhausted, retiring it for this run -- Gemini authentication/permission failed (HTTP 403). Check the API key and project.
2026-09-09 11:58:19,893 | WARNING  | evaluation.providers.failover | AI chain: gemini#3 exhausted, retiring it for this run -- Gemini authentication/permission failed (HTTP 403). Check the API key and project.
2026-09-09 11:58:22,240 | WARNING  | evaluation.providers.failover | AI chain: grok#4 failed (transient, kept in rotation) -- grok#4: HTTP 400 from xAI -- {"code":"invalid-argument","error":"Incorrect API key provided. You can obtain an API key from https://console.x.ai."} (model='grok-4.3'; set GROK_MODEL to a current slug if this says the model does not exist)
2026-09-09 11:58:23,370 | WARNING  | evaluation.providers.failover | AI chain: grok#5 failed (transient, kept in rotation) -- grok#5: HTTP 400 from xAI -- {"code":"invalid-argument","error":"Incorrect API key provided. You can obtain an API key from https://console.x.ai."} (model='grok-4.3'; set GROK_MODEL to a current slug if this says the model does not exist)
2026-09-09 11:58:25,722 | WARNING  | evaluation.providers.failover | AI chain: grok#6 failed (transient, kept in rotation) -- grok#6: HTTP 400 from xAI -- {"code":"invalid-argument","error":"Incorrect API key provided. You can obtain an API key from https://console.x.ai."} (model='grok-4.3'; set GROK_MODEL to a current slug if this says the model does not exist)
2026-09-09 11:58:25,741 | INFO     | evaluation.providers.failover | AI chain: gemini#1 ready (GEMINI_API_KEY)
2026-09-09 11:58:25,751 | INFO     | evaluation.providers.failover | AI chain: gemini#2 ready (GEMINI_API_KEY_2)
2026-09-09 11:58:25,756 | INFO     | evaluation.providers.failover | AI chain: gemini#3 ready (GEMINI_API_KEY_3)
2026-09-09 11:58:25,766 | INFO     | evaluation.providers.failover | AI chain: grok#4 ready (GROK_API_KEY)
2026-09-09 11:58:25,772 | INFO     | evaluation.providers.failover | AI chain: grok#5 ready (GROK_API_KEY_2)
2026-09-09 11:58:25,775 | INFO     | evaluation.providers.failover | AI chain: grok#6 ready (GROK_API_KEY_3)
2026-09-09 11:58:26,873 | WARNING  | evaluation.providers.failover | AI chain: gemini#1 exhausted, retiring it for this run -- Gemini authentication/permission failed (HTTP 403). Check the API key and project.
2026-09-09 11:58:27,857 | WARNING  | evaluation.providers.failover | AI chain: gemini#2 exhausted, retiring it for this run -- Gemini authentication/permission failed (HTTP 403). Check the API key and project.
2026-09-09 11:58:29,065 | WARNING  | evaluation.providers.failover | AI chain: gemini#3 exhausted, retiring it for this run -- Gemini authentication/permission failed (HTTP 403). Check the API key and project.
2026-09-09 11:58:30,226 | WARNING  | evaluation.providers.failover | AI chain: grok#4 failed (transient, kept in rotation) -- grok#4: HTTP 400 from xAI -- {"code":"invalid-argument","error":"Incorrect API key provided. You can obtain an API key from https://console.x.ai."} (model='grok-4.3'; set GROK_MODEL to a current slug if this says the model does not exist)
2026-09-09 11:58:34,271 | WARNING  | evaluation.providers.failover | AI chain: grok#5 failed (transient, kept in rotation) -- grok#5: HTTP 400 from xAI -- {"code":"invalid-argument","error":"Incorrect API key provided. You can obtain an API key from https://console.x.ai."} (model='grok-4.3'; set GROK_MODEL to a current slug if this says the model does not exist)
2026-09-09 11:58:35,146 | WARNING  | evaluation.providers.failover | AI chain: grok#6 failed (transient, kept in rotation) -- grok#6: HTTP 400 from xAI -- {"code":"invalid-argument","error":"Incorrect API key provided. You can obtain an API key from https://console.x.ai."} (model='grok-4.3'; set GROK_MODEL to a current slug if this says the model does not exist)
2026-09-09 11:58:35,154 | INFO     | evaluation.providers.failover | AI chain: gemini#1 ready (GEMINI_API_KEY)
2026-09-09 11:58:35,154 | INFO     | evaluation.providers.failover | AI chain: gemini#2 ready (GEMINI_API_KEY_2)
2026-09-09 11:58:35,155 | INFO     | evaluation.providers.failover | AI chain: gemini#3 ready (GEMINI_API_KEY_3)
2026-09-09 11:58:35,157 | INFO     | evaluation.providers.failover | AI chain: grok#4 ready (GROK_API_KEY)
2026-09-09 11:58:35,158 | INFO     | evaluation.providers.failover | AI chain: grok#5 ready (GROK_API_KEY_2)
2026-09-09 11:58:35,158 | INFO     | evaluation.providers.failover | AI chain: grok#6 ready (GROK_API_KEY_3)
2026-09-09 11:58:36,035 | WARNING  | evaluation.providers.failover | AI chain: gemini#1 exhausted, retiring it for this run -- Gemini authentication/permission failed (HTTP 403). Check the API key and project.
2026-09-09 11:58:36,847 | WARNING  | evaluation.providers.failover | AI chain: gemini#2 exhausted, retiring it for this run -- Gemini authentication/permission failed (HTTP 403). Check the API key and project.
2026-09-09 11:58:37,597 | WARNING  | evaluation.providers.failover | AI chain: gemini#3 exhausted, retiring it for this run -- Gemini authentication/permission failed (HTTP 403). Check the API key and project.
2026-09-09 11:58:38,434 | WARNING  | evaluation.providers.failover | AI chain: grok#4 failed (transient, kept in rotation) -- grok#4: HTTP 400 from xAI -- {"code":"invalid-argument","error":"Incorrect API key provided. You can obtain an API key from https://console.x.ai."} (model='grok-4.3'; set GROK_MODEL to a current slug if this says the model does not exist)
2026-09-09 11:58:39,339 | WARNING  | evaluation.providers.failover | AI chain: grok#5 failed (transient, kept in rotation) -- grok#5: HTTP 400 from xAI -- {"code":"invalid-argument","error":"Incorrect API key provided. You can obtain an API key from https://console.x.ai."} (model='grok-4.3'; set GROK_MODEL to a current slug if this says the model does not exist)
2026-09-09 11:58:40,492 | WARNING  | evaluation.providers.failover | AI chain: grok#6 failed (transient, kept in rotation) -- grok#6: HTTP 400 from xAI -- {"code":"invalid-argument","error":"Incorrect API key provided. You can obtain an API key from https://console.x.ai."} (model='grok-4.3'; set GROK_MODEL to a current slug if this says the model does not exist)
2026-09-09 11:58:40,505 | INFO     | evaluation.providers.failover | AI chain: gemini#1 ready (GEMINI_API_KEY)
2026-09-09 11:58:40,507 | INFO     | evaluation.providers.failover | AI chain: gemini#2 ready (GEMINI_API_KEY_2)
2026-09-09 11:58:40,508 | INFO     | evaluation.providers.failover | AI chain: gemini#3 ready (GEMINI_API_KEY_3)
2026-09-09 11:58:40,509 | INFO     | evaluation.providers.failover | AI chain: grok#4 ready (GROK_API_KEY)
2026-09-09 11:58:40,509 | INFO     | evaluation.providers.failover | AI chain: grok#5 ready (GROK_API_KEY_2)
2026-09-09 11:58:40,512 | INFO     | evaluation.providers.failover | AI chain: grok#6 ready (GROK_API_KEY_3)
2026-09-09 11:58:41,274 | WARNING  | evaluation.providers.failover | AI chain: gemini#1 exhausted, retiring it for this run -- Gemini authentication/permission failed (HTTP 403). Check the API key and project.
2026-09-09 11:58:42,061 | WARNING  | evaluation.providers.failover | AI chain: gemini#2 exhausted, retiring it for this run -- Gemini authentication/permission failed (HTTP 403). Check the API key and project.
2026-09-09 11:58:42,807 | WARNING  | evaluation.providers.failover | AI chain: gemini#3 exhausted, retiring it for this run -- Gemini authentication/permission failed (HTTP 403). Check the API key and project.
2026-09-09 11:58:43,790 | WARNING  | evaluation.providers.failover | AI chain: grok#4 failed (transient, kept in rotation) -- grok#4: HTTP 400 from xAI -- {"code":"invalid-argument","error":"Incorrect API key provided. You can obtain an API key from https://console.x.ai."} (model='grok-4.3'; set GROK_MODEL to a current slug if this says the model does not exist)
2026-09-09 11:58:44,734 | WARNING  | evaluation.providers.failover | AI chain: grok#5 failed (transient, kept in rotation) -- grok#5: HTTP 400 from xAI -- {"code":"invalid-argument","error":"Incorrect API key provided. You can obtain an API key from https://console.x.ai."} (model='grok-4.3'; set GROK_MODEL to a current slug if this says the model does not exist)
2026-09-09 11:58:45,727 | WARNING  | evaluation.providers.failover | AI chain: grok#6 failed (transient, kept in rotation) -- grok#6: HTTP 400 from xAI -- {"code":"invalid-argument","error":"Incorrect API key provided. You can obtain an API key from https://console.x.ai."} (model='grok-4.3'; set GROK_MODEL to a current slug if this says the model does not exist)
2026-09-09 11:58:45,735 | INFO     | evaluation.providers.failover | AI chain: gemini#1 ready (GEMINI_API_KEY)
2026-09-09 11:58:45,736 | INFO     | evaluation.providers.failover | AI chain: gemini#2 ready (GEMINI_API_KEY_2)
2026-09-09 11:58:45,738 | INFO     | evaluation.providers.failover | AI chain: gemini#3 ready (GEMINI_API_KEY_3)
2026-09-09 11:58:45,739 | INFO     | evaluation.providers.failover | AI chain: grok#4 ready (GROK_API_KEY)
2026-09-09 11:58:45,741 | INFO     | evaluation.providers.failover | AI chain: grok#5 ready (GROK_API_KEY_2)
2026-09-09 11:58:45,742 | INFO     | evaluation.providers.failover | AI chain: grok#6 ready (GROK_API_KEY_3)
2026-09-09 11:58:46,597 | WARNING  | evaluation.providers.failover | AI chain: gemini#1 exhausted, retiring it for this run -- Gemini authentication/permission failed (HTTP 403). Check the API key and project.
2026-09-09 11:58:47,409 | WARNING  | evaluation.providers.failover | AI chain: gemini#2 exhausted, retiring it for this run -- Gemini authentication/permission failed (HTTP 403). Check the API key and project.
2026-09-09 11:58:48,231 | WARNING  | evaluation.providers.failover | AI chain: gemini#3 exhausted, retiring it for this run -- Gemini authentication/permission failed (HTTP 403). Check the API key and project.
2026-09-09 11:58:49,224 | WARNING  | evaluation.providers.failover | AI chain: grok#4 failed (transient, kept in rotation) -- grok#4: HTTP 400 from xAI -- {"code":"invalid-argument","error":"Incorrect API key provided. You can obtain an API key from https://console.x.ai."} (model='grok-4.3'; set GROK_MODEL to a current slug if this says the model does not exist)
2026-09-09 11:58:50,147 | WARNING  | evaluation.providers.failover | AI chain: grok#5 failed (transient, kept in rotation) -- grok#5: HTTP 400 from xAI -- {"code":"invalid-argument","error":"Incorrect API key provided. You can obtain an API key from https://console.x.ai."} (model='grok-4.3'; set GROK_MODEL to a current slug if this says the model does not exist)
2026-09-09 11:58:51,160 | WARNING  | evaluation.providers.failover | AI chain: grok#6 failed (transient, kept in rotation) -- grok#6: HTTP 400 from xAI -- {"code":"invalid-argument","error":"Incorrect API key provided. You can obtain an API key from https://console.x.ai."} (model='grok-4.3'; set GROK_MODEL to a current slug if this says the model does not exist)
2026-09-09 11:58:51,183 | INFO     | evaluation.providers.failover | AI chain: gemini#1 ready (GEMINI_API_KEY)
2026-09-09 11:58:51,184 | INFO     | evaluation.providers.failover | AI chain: gemini#2 ready (GEMINI_API_KEY_2)
2026-09-09 11:58:51,184 | INFO     | evaluation.providers.failover | AI chain: gemini#3 ready (GEMINI_API_KEY_3)
2026-09-09 11:58:51,191 | INFO     | evaluation.providers.failover | AI chain: grok#4 ready (GROK_API_KEY)
2026-09-09 11:58:51,192 | INFO     | evaluation.providers.failover | AI chain: grok#5 ready (GROK_API_KEY_2)
2026-09-09 11:58:51,192 | INFO     | evaluation.providers.failover | AI chain: grok#6 ready (GROK_API_KEY_3)
2026-09-09 11:58:52,070 | WARNING  | evaluation.providers.failover | AI chain: gemini#1 exhausted, retiring it for this run -- Gemini authentication/permission failed (HTTP 403). Check the API key and project.
2026-09-09 11:58:53,391 | WARNING  | evaluation.providers.failover | AI chain: gemini#2 exhausted, retiring it for this run -- Gemini authentication/permission failed (HTTP 403). Check the API key and project.
2026-09-09 11:58:55,526 | WARNING  | evaluation.providers.failover | AI chain: gemini#3 exhausted, retiring it for this run -- Gemini authentication/permission failed (HTTP 403). Check the API key and project.
2026-09-09 11:58:57,600 | WARNING  | evaluation.providers.failover | AI chain: grok#4 failed (transient, kept in rotation) -- grok#4: HTTP 400 from xAI -- {"code":"invalid-argument","error":"Incorrect API key provided. You can obtain an API key from https://console.x.ai."} (model='grok-4.3'; set GROK_MODEL to a current slug if this says the model does not exist)
2026-09-09 11:59:04,906 | WARNING  | evaluation.providers.failover | AI chain: grok#5 failed (transient, kept in rotation) -- grok#5: HTTP 400 from xAI -- {"code":"invalid-argument","error":"Incorrect API key provided. You can obtain an API key from https://console.x.ai."} (model='grok-4.3'; set GROK_MODEL to a current slug if this says the model does not exist)
2026-09-09 11:59:08,308 | WARNING  | evaluation.providers.failover | AI chain: grok#6 failed (transient, kept in rotation) -- grok#6: HTTP 400 from xAI -- {"code":"invalid-argument","error":"Incorrect API key provided. You can obtain an API key from https://console.x.ai."} (model='grok-4.3'; set GROK_MODEL to a current slug if this says the model does not exist)
2026-09-09 11:59:08,399 | INFO     | evaluation.providers.failover | AI chain: gemini#1 ready (GEMINI_API_KEY)
2026-09-09 11:59:08,446 | INFO     | evaluation.providers.failover | AI chain: gemini#2 ready (GEMINI_API_KEY_2)
2026-09-09 11:59:08,459 | INFO     | evaluation.providers.failover | AI chain: gemini#3 ready (GEMINI_API_KEY_3)
2026-09-09 11:59:08,461 | INFO     | evaluation.providers.failover | AI chain: grok#4 ready (GROK_API_KEY)
2026-09-09 11:59:08,462 | INFO     | evaluation.providers.failover | AI chain: grok#5 ready (GROK_API_KEY_2)
2026-09-09 11:59:08,463 | INFO     | evaluation.providers.failover | AI chain: grok#6 ready (GROK_API_KEY_3)
2026-09-09 11:59:10,864 | WARNING  | evaluation.providers.failover | AI chain: gemini#1 exhausted, retiring it for this run -- Gemini authentication/permission failed (HTTP 403). Check the API key and project.
2026-09-09 11:59:12,515 | WARNING  | evaluation.providers.failover | AI chain: gemini#2 exhausted, retiring it for this run -- Gemini authentication/permission failed (HTTP 403). Check the API key and project.
2026-09-09 11:59:14,123 | WARNING  | evaluation.providers.failover | AI chain: gemini#3 exhausted, retiring it for this run -- Gemini authentication/permission failed (HTTP 403). Check the API key and project.
2026-09-09 11:59:18,289 | WARNING  | evaluation.providers.failover | AI chain: grok#4 failed (transient, kept in rotation) -- grok#4: HTTP 400 from xAI -- {"code":"invalid-argument","error":"Incorrect API key provided. You can obtain an API key from https://console.x.ai."} (model='grok-4.3'; set GROK_MODEL to a current slug if this says the model does not exist)
2026-09-09 11:59:19,810 | WARNING  | evaluation.providers.failover | AI chain: grok#5 failed (transient, kept in rotation) -- grok#5: HTTP 400 from xAI -- {"code":"invalid-argument","error":"Incorrect API key provided. You can obtain an API key from https://console.x.ai."} (model='grok-4.3'; set GROK_MODEL to a current slug if this says the model does not exist)
2026-09-09 11:59:21,492 | WARNING  | evaluation.providers.failover | AI chain: grok#6 failed (transient, kept in rotation) -- grok#6: HTTP 400 from xAI -- {"code":"invalid-argument","error":"Incorrect API key provided. You can obtain an API key from https://console.x.ai."} (model='grok-4.3'; set GROK_MODEL to a current slug if this says the model does not exist)
2026-09-09 11:59:21,516 | INFO     | evaluation.providers.failover | AI chain: gemini#1 ready (GEMINI_API_KEY)
2026-09-09 11:59:21,517 | INFO     | evaluation.providers.failover | AI chain: gemini#2 ready (GEMINI_API_KEY_2)
2026-09-09 11:59:21,519 | INFO     | evaluation.providers.failover | AI chain: gemini#3 ready (GEMINI_API_KEY_3)
2026-09-09 11:59:21,522 | INFO     | evaluation.providers.failover | AI chain: grok#4 ready (GROK_API_KEY)
2026-09-09 11:59:21,534 | INFO     | evaluation.providers.failover | AI chain: grok#5 ready (GROK_API_KEY_2)
2026-09-09 11:59:21,538 | INFO     | evaluation.providers.failover | AI chain: grok#6 ready (GROK_API_KEY_3)
2026-09-09 11:59:22,628 | WARNING  | evaluation.providers.failover | AI chain: gemini#1 exhausted, retiring it for this run -- Gemini authentication/permission failed (HTTP 403). Check the API key and project.
2026-09-09 11:59:23,729 | WARNING  | evaluation.providers.failover | AI chain: gemini#2 exhausted, retiring it for this run -- Gemini authentication/permission failed (HTTP 403). Check the API key and project.
2026-09-09 11:59:24,840 | WARNING  | evaluation.providers.failover | AI chain: gemini#3 exhausted, retiring it for this run -- Gemini authentication/permission failed (HTTP 403). Check the API key and project.
2026-09-09 11:59:25,990 | WARNING  | evaluation.providers.failover | AI chain: grok#4 failed (transient, kept in rotation) -- grok#4: HTTP 400 from xAI -- {"code":"invalid-argument","error":"Incorrect API key provided. You can obtain an API key from https://console.x.ai."} (model='grok-4.3'; set GROK_MODEL to a current slug if this says the model does not exist)
2026-09-09 11:59:28,049 | WARNING  | evaluation.providers.failover | AI chain: grok#5 failed (transient, kept in rotation) -- grok#5: HTTP 400 from xAI -- {"code":"invalid-argument","error":"Incorrect API key provided. You can obtain an API key from https://console.x.ai."} (model='grok-4.3'; set GROK_MODEL to a current slug if this says the model does not exist)
2026-09-09 11:59:31,835 | WARNING  | evaluation.providers.failover | AI chain: grok#6 failed (transient, kept in rotation) -- grok#6: HTTP 400 from xAI -- {"code":"invalid-argument","error":"Incorrect API key provided. You can obtain an API key from https://console.x.ai."} (model='grok-4.3'; set GROK_MODEL to a current slug if this says the model does not exist)
2026-09-09 11:59:31,892 | INFO     | evaluation.providers.failover | AI chain: gemini#1 ready (GEMINI_API_KEY)
2026-09-09 11:59:31,896 | INFO     | evaluation.providers.failover | AI chain: gemini#2 ready (GEMINI_API_KEY_2)
2026-09-09 11:59:31,898 | INFO     | evaluation.providers.failover | AI chain: gemini#3 ready (GEMINI_API_KEY_3)
2026-09-09 11:59:31,899 | INFO     | evaluation.providers.failover | AI chain: grok#4 ready (GROK_API_KEY)
2026-09-09 11:59:31,903 | INFO     | evaluation.providers.failover | AI chain: grok#5 ready (GROK_API_KEY_2)
2026-09-09 11:59:31,906 | INFO     | evaluation.providers.failover | AI chain: grok#6 ready (GROK_API_KEY_3)
2026-09-09 11:59:32,933 | WARNING  | evaluation.providers.failover | AI chain: gemini#1 exhausted, retiring it for this run -- Gemini authentication/permission failed (HTTP 403). Check the API key and project.
2026-09-09 12:00:17,046 | WARNING  | evaluation.providers.failover | AI chain: gemini#2 exhausted, retiring it for this run -- Gemini authentication/permission failed (HTTP 403). Check the API key and project.
2026-09-09 12:00:22,504 | WARNING  | evaluation.providers.failover | AI chain: gemini#3 exhausted, retiring it for this run -- Gemini authentication/permission failed (HTTP 403). Check the API key and project.
2026-09-09 12:00:23,485 | WARNING  | evaluation.providers.failover | AI chain: grok#4 failed (transient, kept in rotation) -- grok#4: HTTP 400 from xAI -- {"code":"invalid-argument","error":"Incorrect API key provided. You can obtain an API key from https://console.x.ai."} (model='grok-4.3'; set GROK_MODEL to a current slug if this says the model does not exist)
2026-09-09 12:00:24,411 | WARNING  | evaluation.providers.failover | AI chain: grok#5 failed (transient, kept in rotation) -- grok#5: HTTP 400 from xAI -- {"code":"invalid-argument","error":"Incorrect API key provided. You can obtain an API key from https://console.x.ai."} (model='grok-4.3'; set GROK_MODEL to a current slug if this says the model does not exist)
2026-09-09 12:00:25,343 | WARNING  | evaluation.providers.failover | AI chain: grok#6 failed (transient, kept in rotation) -- grok#6: HTTP 400 from xAI -- {"code":"invalid-argument","error":"Incorrect API key provided. You can obtain an API key from https://console.x.ai."} (model='grok-4.3'; set GROK_MODEL to a current slug if this says the model does not exist)
2026-09-09 12:02:03,251 | INFO     | evaluation.providers.failover | AI chain: gemini#1 ready (GEMINI_API_KEY)
2026-09-09 12:02:03,253 | INFO     | evaluation.providers.failover | AI chain: gemini#2 ready (GEMINI_API_KEY_2)
2026-09-09 12:02:03,255 | INFO     | evaluation.providers.failover | AI chain: gemini#3 ready (GEMINI_API_KEY_3)
2026-09-09 12:02:03,257 | INFO     | evaluation.providers.failover | AI chain: grok#4 ready (GROK_API_KEY)
2026-09-09 12:02:03,260 | INFO     | evaluation.providers.failover | AI chain: grok#5 ready (GROK_API_KEY_2)
2026-09-09 12:02:03,274 | INFO     | evaluation.providers.failover | AI chain: grok#6 ready (GROK_API_KEY_3)
2026-09-09 12:02:53,268 | INFO     | evaluation.providers.failover | AI chain: gemini#1 ready (GEMINI_API_KEY)
2026-09-09 12:02:53,331 | INFO     | evaluation.providers.failover | AI chain: gemini#2 ready (GEMINI_API_KEY_2)
2026-09-09 12:02:53,355 | INFO     | evaluation.providers.failover | AI chain: gemini#3 ready (GEMINI_API_KEY_3)
2026-09-09 12:02:53,391 | INFO     | evaluation.providers.failover | AI chain: grok#4 ready (GROK_API_KEY)
2026-09-09 12:02:53,394 | INFO     | evaluation.providers.failover | AI chain: grok#5 ready (GROK_API_KEY_2)
2026-09-09 12:02:53,402 | INFO     | evaluation.providers.failover | AI chain: grok#6 ready (GROK_API_KEY_3)
2026-09-09 12:02:56,499 | WARNING  | evaluation.providers.failover | AI chain: gemini#1 exhausted, retiring it for this run -- Gemini authentication/permission failed (HTTP 403). Check the API key and project.
2026-09-09 12:03:00,869 | WARNING  | evaluation.providers.failover | AI chain: gemini#2 exhausted, retiring it for this run -- Gemini authentication/permission failed (HTTP 403). Check the API key and project.
2026-09-09 12:03:04,373 | WARNING  | evaluation.providers.failover | AI chain: gemini#3 exhausted, retiring it for this run -- Gemini authentication/permission failed (HTTP 403). Check the API key and project.
2026-09-09 12:03:07,388 | WARNING  | evaluation.providers.failover | AI chain: grok#4 failed (transient, kept in rotation) -- grok#4: HTTP 400 from xAI -- {"code":"invalid-argument","error":"Incorrect API key provided. You can obtain an API key from https://console.x.ai."} (model='grok-4.3'; set GROK_MODEL to a current slug if this says the model does not exist)
2026-09-09 12:03:10,963 | WARNING  | evaluation.providers.failover | AI chain: grok#5 failed (transient, kept in rotation) -- grok#5: HTTP 400 from xAI -- {"code":"invalid-argument","error":"Incorrect API key provided. You can obtain an API key from https://console.x.ai."} (model='grok-4.3'; set GROK_MODEL to a current slug if this says the model does not exist)
2026-09-09 12:03:14,261 | WARNING  | evaluation.providers.failover | AI chain: grok#6 failed (transient, kept in rotation) -- grok#6: HTTP 400 from xAI -- {"code":"invalid-argument","error":"Incorrect API key provided. You can obtain an API key from https://console.x.ai."} (model='grok-4.3'; set GROK_MODEL to a current slug if this says the model does not exist)
2026-09-09 12:04:04,044 | INFO     | evaluation.providers.failover | AI chain: gemini#1 ready (GEMINI_API_KEY)
2026-09-09 12:04:04,046 | INFO     | evaluation.providers.failover | AI chain: gemini#2 ready (GEMINI_API_KEY_2)
2026-09-09 12:04:04,048 | INFO     | evaluation.providers.failover | AI chain: gemini#3 ready (GEMINI_API_KEY_3)
2026-09-09 12:04:04,049 | INFO     | evaluation.providers.failover | AI chain: grok#4 ready (GROK_API_KEY)
2026-09-09 12:04:04,051 | INFO     | evaluation.providers.failover | AI chain: grok#5 ready (GROK_API_KEY_2)
2026-09-09 12:04:04,056 | INFO     | evaluation.providers.failover | AI chain: grok#6 ready (GROK_API_KEY_3)
2026-09-09 12:04:34,697 | INFO     | evaluation.providers.failover | AI chain: gemini#1 ready (GEMINI_API_KEY)
2026-09-09 12:04:34,707 | INFO     | evaluation.providers.failover | AI chain: gemini#2 ready (GEMINI_API_KEY_2)
2026-09-09 12:04:34,724 | INFO     | evaluation.providers.failover | AI chain: gemini#3 ready (GEMINI_API_KEY_3)
2026-09-09 12:04:34,741 | INFO     | evaluation.providers.failover | AI chain: grok#4 ready (GROK_API_KEY)
2026-09-09 12:04:34,771 | INFO     | evaluation.providers.failover | AI chain: grok#5 ready (GROK_API_KEY_2)
2026-09-09 12:04:34,792 | INFO     | evaluation.providers.failover | AI chain: grok#6 ready (GROK_API_KEY_3)
2026-09-09 12:04:36,451 | WARNING  | evaluation.providers.failover | AI chain: gemini#1 exhausted, retiring it for this run -- Gemini authentication/permission failed (HTTP 403). Check the API key and project.
2026-09-09 12:04:37,734 | WARNING  | evaluation.providers.failover | AI chain: gemini#2 exhausted, retiring it for this run -- Gemini authentication/permission failed (HTTP 403). Check the API key and project.
2026-09-09 12:04:39,089 | WARNING  | evaluation.providers.failover | AI chain: gemini#3 exhausted, retiring it for this run -- Gemini authentication/permission failed (HTTP 403). Check the API key and project.
2026-09-09 12:04:40,495 | WARNING  | evaluation.providers.failover | AI chain: grok#4 failed (transient, kept in rotation) -- grok#4: HTTP 400 from xAI -- {"code":"invalid-argument","error":"Incorrect API key provided. You can obtain an API key from https://console.x.ai."} (model='grok-4.3'; set GROK_MODEL to a current slug if this says the model does not exist)
2026-09-09 12:04:41,822 | WARNING  | evaluation.providers.failover | AI chain: grok#5 failed (transient, kept in rotation) -- grok#5: HTTP 400 from xAI -- {"code":"invalid-argument","error":"Incorrect API key provided. You can obtain an API key from https://console.x.ai."} (model='grok-4.3'; set GROK_MODEL to a current slug if this says the model does not exist)
2026-09-09 12:04:43,314 | WARNING  | evaluation.providers.failover | AI chain: grok#6 failed (transient, kept in rotation) -- grok#6: HTTP 400 from xAI -- {"code":"invalid-argument","error":"Incorrect API key provided. You can obtain an API key from https://console.x.ai."} (model='grok-4.3'; set GROK_MODEL to a current slug if this says the model does not exist)
2026-09-09 12:13:44,638 | INFO     | evaluation.providers.failover | AI chain: gemini#1 ready (GEMINI_API_KEY)
2026-09-09 12:13:44,639 | INFO     | evaluation.providers.failover | AI chain: gemini#2 ready (GEMINI_API_KEY_2)
2026-09-09 12:13:44,639 | INFO     | evaluation.providers.failover | AI chain: gemini#3 ready (GEMINI_API_KEY_3)
2026-09-09 12:13:44,640 | INFO     | evaluation.providers.failover | AI chain: grok#4 ready (GROK_API_KEY)
2026-09-09 12:13:44,640 | INFO     | evaluation.providers.failover | AI chain: grok#5 ready (GROK_API_KEY_2)
2026-09-09 12:13:44,642 | INFO     | evaluation.providers.failover | AI chain: grok#6 ready (GROK_API_KEY_3)
2026-09-09 12:14:00,806 | INFO     | evaluation.providers.failover | AI chain: gemini#1 ready (GEMINI_API_KEY)
2026-09-09 12:14:00,837 | INFO     | evaluation.providers.failover | AI chain: gemini#2 ready (GEMINI_API_KEY_2)
2026-09-09 12:14:00,839 | INFO     | evaluation.providers.failover | AI chain: gemini#3 ready (GEMINI_API_KEY_3)
2026-09-09 12:14:00,849 | INFO     | evaluation.providers.failover | AI chain: grok#4 ready (GROK_API_KEY)
2026-09-09 12:14:00,855 | INFO     | evaluation.providers.failover | AI chain: grok#5 ready (GROK_API_KEY_2)
2026-09-09 12:14:00,871 | INFO     | evaluation.providers.failover | AI chain: grok#6 ready (GROK_API_KEY_3)
2026-09-09 12:14:36,669 | INFO     | evaluation.providers.failover | AI chain: gemini#1 ready (GEMINI_API_KEY)
2026-09-09 12:14:36,670 | INFO     | evaluation.providers.failover | AI chain: gemini#2 ready (GEMINI_API_KEY_2)
2026-09-09 12:14:36,673 | INFO     | evaluation.providers.failover | AI chain: gemini#3 ready (GEMINI_API_KEY_3)
2026-09-09 12:14:36,674 | INFO     | evaluation.providers.failover | AI chain: grok#4 ready (GROK_API_KEY)
2026-09-09 12:14:36,675 | INFO     | evaluation.providers.failover | AI chain: grok#5 ready (GROK_API_KEY_2)
2026-09-09 12:14:36,675 | INFO     | evaluation.providers.failover | AI chain: grok#6 ready (GROK_API_KEY_3)
2026-09-09 12:24:03,777 | INFO     | evaluation.providers.failover | AI chain: gemini#1 ready (GEMINI_API_KEY)
2026-09-09 12:24:03,778 | INFO     | evaluation.providers.failover | AI chain: gemini#2 ready (GEMINI_API_KEY_2)
2026-09-09 12:24:03,785 | INFO     | evaluation.providers.failover | AI chain: gemini#3 ready (GEMINI_API_KEY_3)
2026-09-09 12:24:03,794 | INFO     | evaluation.providers.failover | AI chain: grok#4 ready (GROK_API_KEY)
2026-09-09 12:24:03,808 | INFO     | evaluation.providers.failover | AI chain: grok#5 ready (GROK_API_KEY_2)
2026-09-09 12:24:03,811 | INFO     | evaluation.providers.failover | AI chain: grok#6 ready (GROK_API_KEY_3)
2026-09-09 12:24:14,087 | INFO     | evaluation.providers.failover | AI chain: gemini#1 ready (GEMINI_API_KEY)
2026-09-09 12:24:14,088 | INFO     | evaluation.providers.failover | AI chain: gemini#2 ready (GEMINI_API_KEY_2)
2026-09-09 12:24:14,089 | INFO     | evaluation.providers.failover | AI chain: gemini#3 ready (GEMINI_API_KEY_3)
2026-09-09 12:24:14,099 | INFO     | evaluation.providers.failover | AI chain: grok#4 ready (GROK_API_KEY)
2026-09-09 12:24:14,105 | INFO     | evaluation.providers.failover | AI chain: grok#5 ready (GROK_API_KEY_2)
2026-09-09 12:24:14,139 | INFO     | evaluation.providers.failover | AI chain: grok#6 ready (GROK_API_KEY_3)
2026-09-09 12:24:18,834 | WARNING  | evaluation.providers.gemini | Gemini transient HTTP 429; retrying.
2026-09-09 12:24:20,934 | WARNING  | evaluation.providers.failover | AI chain: gemini#1 exhausted, retiring it for this run -- Gemini HTTP 429: You exceeded your current quota, please check your plan and billing details. For more information on this error, head to: https://ai.google.dev/gemini-api/docs/rate-limits. To monitor your current usage, head to: https://ai.dev/rate-limit. 
* Quota exceeded for metric: generativelanguage.googleapis.com/generate_content_free_tier_requests, limit: 20, model: gemini-3.6-flash
Please retry in 39.351790517s.
2026-09-09 12:24:29,347 | INFO     | evaluation.providers.failover | AI chain: gemini#2 answered after 1 failure(s)
2026-09-09 12:29:54,443 | INFO     | evaluation.providers.failover | AI chain: gemini#1 ready (GEMINI_API_KEY)
2026-09-09 12:29:54,878 | INFO     | evaluation.providers.failover | AI chain: gemini#2 ready (GEMINI_API_KEY_2)
2026-09-09 12:29:55,598 | INFO     | evaluation.providers.failover | AI chain: gemini#3 ready (GEMINI_API_KEY_3)
2026-09-09 12:29:56,040 | INFO     | evaluation.providers.failover | AI chain: grok#4 ready (GROK_API_KEY)
2026-09-09 12:29:56,356 | INFO     | evaluation.providers.failover | AI chain: grok#5 ready (GROK_API_KEY_2)
2026-09-09 12:29:56,806 | INFO     | evaluation.providers.failover | AI chain: grok#6 ready (GROK_API_KEY_3)
2026-09-09 12:36:30,137 | INFO     | evaluation.providers.failover | AI chain: gemini#1 ready (GEMINI_API_KEY)
2026-09-09 12:36:30,138 | INFO     | evaluation.providers.failover | AI chain: gemini#2 ready (GEMINI_API_KEY_2)
2026-09-09 12:36:30,143 | INFO     | evaluation.providers.failover | AI chain: gemini#3 ready (GEMINI_API_KEY_3)
2026-09-09 12:36:30,151 | INFO     | evaluation.providers.failover | AI chain: grok#4 ready (GROK_API_KEY)
2026-09-09 12:36:30,166 | INFO     | evaluation.providers.failover | AI chain: grok#5 ready (GROK_API_KEY_2)
2026-09-09 12:36:30,169 | INFO     | evaluation.providers.failover | AI chain: grok#6 ready (GROK_API_KEY_3)
2026-09-09 12:43:35,530 | INFO     | evaluation.providers.failover | AI chain: gemini#1 ready (GEMINI_API_KEY)
2026-09-09 12:43:35,578 | INFO     | evaluation.providers.failover | AI chain: gemini#2 ready (GEMINI_API_KEY_2)
2026-09-09 12:43:35,670 | INFO     | evaluation.providers.failover | AI chain: gemini#3 ready (GEMINI_API_KEY_3)
2026-09-09 12:43:35,935 | INFO     | evaluation.providers.failover | AI chain: grok#4 ready (GROK_API_KEY)
2026-09-09 12:43:36,023 | INFO     | evaluation.providers.failover | AI chain: grok#5 ready (GROK_API_KEY_2)
2026-09-09 12:43:36,037 | INFO     | evaluation.providers.failover | AI chain: grok#6 ready (GROK_API_KEY_3)
2026-09-09 12:43:42,211 | INFO     | evaluation.providers.failover | AI chain: gemini#1 ready (GEMINI_API_KEY)
2026-09-09 12:43:42,234 | INFO     | evaluation.providers.failover | AI chain: gemini#2 ready (GEMINI_API_KEY_2)
2026-09-09 12:43:42,263 | INFO     | evaluation.providers.failover | AI chain: gemini#3 ready (GEMINI_API_KEY_3)
2026-09-09 12:43:42,265 | INFO     | evaluation.providers.failover | AI chain: grok#4 ready (GROK_API_KEY)
2026-09-09 12:43:42,305 | INFO     | evaluation.providers.failover | AI chain: grok#5 ready (GROK_API_KEY_2)
2026-09-09 12:43:42,311 | INFO     | evaluation.providers.failover | AI chain: grok#6 ready (GROK_API_KEY_3)
2026-09-09 15:44:26,922 | INFO     | evaluation.providers.failover | AI chain: gemini#1 ready (GEMINI_API_KEY)
2026-09-09 15:44:26,922 | INFO     | evaluation.providers.failover | AI chain: gemini#2 ready (GEMINI_API_KEY_2)
2026-09-09 15:44:26,923 | INFO     | evaluation.providers.failover | AI chain: gemini#3 ready (GEMINI_API_KEY_3)
2026-09-09 15:44:26,923 | INFO     | evaluation.providers.failover | AI chain: grok#4 ready (GROK_API_KEY)
2026-09-09 15:44:26,930 | INFO     | evaluation.providers.failover | AI chain: grok#5 ready (GROK_API_KEY_2)
2026-09-09 15:44:26,934 | INFO     | evaluation.providers.failover | AI chain: grok#6 ready (GROK_API_KEY_3)
2026-09-09 15:45:02,857 | INFO     | evaluation.providers.failover | AI chain: gemini#1 ready (GEMINI_API_KEY)
2026-09-09 15:45:02,858 | INFO     | evaluation.providers.failover | AI chain: gemini#2 ready (GEMINI_API_KEY_2)
2026-09-09 15:45:02,858 | INFO     | evaluation.providers.failover | AI chain: gemini#3 ready (GEMINI_API_KEY_3)
2026-09-09 15:45:02,859 | INFO     | evaluation.providers.failover | AI chain: grok#4 ready (GROK_API_KEY)
2026-09-09 15:45:02,860 | INFO     | evaluation.providers.failover | AI chain: grok#5 ready (GROK_API_KEY_2)
2026-09-09 15:45:02,860 | INFO     | evaluation.providers.failover | AI chain: grok#6 ready (GROK_API_KEY_3)
2026-09-09 15:58:21,269 | INFO     | evaluation.providers.failover | AI chain: gemini#1 ready (GEMINI_API_KEY)
2026-09-09 15:58:21,271 | INFO     | evaluation.providers.failover | AI chain: gemini#2 ready (GEMINI_API_KEY_2)
2026-09-09 15:58:21,283 | INFO     | evaluation.providers.failover | AI chain: gemini#3 ready (GEMINI_API_KEY_3)
2026-09-09 15:58:21,285 | INFO     | evaluation.providers.failover | AI chain: grok#4 ready (GROK_API_KEY)
2026-09-09 15:58:21,286 | INFO     | evaluation.providers.failover | AI chain: grok#5 ready (GROK_API_KEY_2)
2026-09-09 15:58:21,287 | INFO     | evaluation.providers.failover | AI chain: grok#6 ready (GROK_API_KEY_3)
2026-09-09 15:58:36,357 | WARNING  | evaluation.providers.gemini | Gemini transient HTTP 503; retrying.
2026-09-09 15:58:58,362 | INFO     | evaluation.providers.failover | AI chain: gemini#1 ready (GEMINI_API_KEY)
2026-09-09 15:58:58,362 | INFO     | evaluation.providers.failover | AI chain: gemini#2 ready (GEMINI_API_KEY_2)
2026-09-09 15:58:58,364 | INFO     | evaluation.providers.failover | AI chain: gemini#3 ready (GEMINI_API_KEY_3)
2026-09-09 15:58:58,365 | INFO     | evaluation.providers.failover | AI chain: grok#4 ready (GROK_API_KEY)
2026-09-09 15:58:58,365 | INFO     | evaluation.providers.failover | AI chain: grok#5 ready (GROK_API_KEY_2)
2026-09-09 15:58:58,366 | INFO     | evaluation.providers.failover | AI chain: grok#6 ready (GROK_API_KEY_3)
2026-09-09 15:59:04,994 | WARNING  | evaluation.providers.gemini | Gemini transient HTTP 503; retrying.
2026-09-09 15:59:30,005 | INFO     | evaluation.providers.failover | AI chain: gemini#1 ready (GEMINI_API_KEY)
2026-09-09 15:59:30,006 | INFO     | evaluation.providers.failover | AI chain: gemini#2 ready (GEMINI_API_KEY_2)
2026-09-09 15:59:30,007 | INFO     | evaluation.providers.failover | AI chain: gemini#3 ready (GEMINI_API_KEY_3)
2026-09-09 15:59:30,007 | INFO     | evaluation.providers.failover | AI chain: grok#4 ready (GROK_API_KEY)
2026-09-09 15:59:30,008 | INFO     | evaluation.providers.failover | AI chain: grok#5 ready (GROK_API_KEY_2)
2026-09-09 15:59:30,009 | INFO     | evaluation.providers.failover | AI chain: grok#6 ready (GROK_API_KEY_3)
2026-09-09 15:59:54,772 | INFO     | evaluation.providers.failover | AI chain: gemini#1 ready (GEMINI_API_KEY)
2026-09-09 15:59:54,773 | INFO     | evaluation.providers.failover | AI chain: gemini#2 ready (GEMINI_API_KEY_2)
2026-09-09 15:59:54,773 | INFO     | evaluation.providers.failover | AI chain: gemini#3 ready (GEMINI_API_KEY_3)
2026-09-09 15:59:54,774 | INFO     | evaluation.providers.failover | AI chain: grok#4 ready (GROK_API_KEY)
2026-09-09 15:59:54,774 | INFO     | evaluation.providers.failover | AI chain: grok#5 ready (GROK_API_KEY_2)
2026-09-09 15:59:54,775 | INFO     | evaluation.providers.failover | AI chain: grok#6 ready (GROK_API_KEY_3)
2026-09-09 16:00:12,665 | INFO     | evaluation.providers.failover | AI chain: gemini#1 ready (GEMINI_API_KEY)
2026-09-09 16:00:12,666 | INFO     | evaluation.providers.failover | AI chain: gemini#2 ready (GEMINI_API_KEY_2)
2026-09-09 16:00:12,671 | INFO     | evaluation.providers.failover | AI chain: gemini#3 ready (GEMINI_API_KEY_3)
2026-09-09 16:00:12,672 | INFO     | evaluation.providers.failover | AI chain: grok#4 ready (GROK_API_KEY)
2026-09-09 16:00:12,673 | INFO     | evaluation.providers.failover | AI chain: grok#5 ready (GROK_API_KEY_2)
2026-09-09 16:00:12,674 | INFO     | evaluation.providers.failover | AI chain: grok#6 ready (GROK_API_KEY_3)
2026-09-09 16:00:22,289 | WARNING  | evaluation.providers.gemini | Gemini transient HTTP 503; retrying.
2026-09-09 16:00:35,728 | WARNING  | evaluation.providers.failover | AI chain: gemini#1 failed (transient, kept in rotation) -- Gemini HTTP 503: This model is currently experiencing high demand. Spikes in demand are usually temporary. Please try again later.
2026-09-09 16:00:40,884 | INFO     | evaluation.providers.failover | AI chain: gemini#2 answered after 1 failure(s)
2026-09-09 16:00:41,025 | INFO     | evaluation.providers.failover | AI chain: gemini#1 ready (GEMINI_API_KEY)
2026-09-09 16:00:41,033 | INFO     | evaluation.providers.failover | AI chain: gemini#2 ready (GEMINI_API_KEY_2)
2026-09-09 16:00:41,042 | INFO     | evaluation.providers.failover | AI chain: gemini#3 ready (GEMINI_API_KEY_3)
2026-09-09 16:00:41,049 | INFO     | evaluation.providers.failover | AI chain: grok#4 ready (GROK_API_KEY)
2026-09-09 16:00:41,063 | INFO     | evaluation.providers.failover | AI chain: grok#5 ready (GROK_API_KEY_2)
2026-09-09 16:00:41,092 | INFO     | evaluation.providers.failover | AI chain: grok#6 ready (GROK_API_KEY_3)
2026-09-09 16:00:54,436 | INFO     | evaluation.providers.failover | AI chain: gemini#1 ready (GEMINI_API_KEY)
2026-09-09 16:00:54,447 | INFO     | evaluation.providers.failover | AI chain: gemini#2 ready (GEMINI_API_KEY_2)
2026-09-09 16:00:54,481 | INFO     | evaluation.providers.failover | AI chain: gemini#3 ready (GEMINI_API_KEY_3)
2026-09-09 16:00:54,495 | INFO     | evaluation.providers.failover | AI chain: grok#4 ready (GROK_API_KEY)
2026-09-09 16:00:54,506 | INFO     | evaluation.providers.failover | AI chain: grok#5 ready (GROK_API_KEY_2)
2026-09-09 16:00:54,507 | INFO     | evaluation.providers.failover | AI chain: grok#6 ready (GROK_API_KEY_3)
2026-09-09 16:05:22,250 | INFO     | evaluation.providers.failover | AI chain: gemini#1 ready (GEMINI_API_KEY)
2026-09-09 16:05:22,251 | INFO     | evaluation.providers.failover | AI chain: gemini#2 ready (GEMINI_API_KEY_2)
2026-09-09 16:05:22,252 | INFO     | evaluation.providers.failover | AI chain: gemini#3 ready (GEMINI_API_KEY_3)
2026-09-09 16:05:22,252 | INFO     | evaluation.providers.failover | AI chain: grok#4 ready (GROK_API_KEY)
2026-09-09 16:05:22,254 | INFO     | evaluation.providers.failover | AI chain: grok#5 ready (GROK_API_KEY_2)
2026-09-09 16:05:22,255 | INFO     | evaluation.providers.failover | AI chain: grok#6 ready (GROK_API_KEY_3)
2026-09-09 16:05:27,853 | INFO     | evaluation.providers.failover | AI chain: gemini#1 ready (GEMINI_API_KEY)
2026-09-09 16:05:27,856 | INFO     | evaluation.providers.failover | AI chain: gemini#2 ready (GEMINI_API_KEY_2)
2026-09-09 16:05:27,857 | INFO     | evaluation.providers.failover | AI chain: gemini#3 ready (GEMINI_API_KEY_3)
2026-09-09 16:05:27,860 | INFO     | evaluation.providers.failover | AI chain: grok#4 ready (GROK_API_KEY)
2026-09-09 16:05:27,862 | INFO     | evaluation.providers.failover | AI chain: grok#5 ready (GROK_API_KEY_2)
2026-09-09 16:05:27,864 | INFO     | evaluation.providers.failover | AI chain: grok#6 ready (GROK_API_KEY_3)
2026-09-09 16:05:39,686 | WARNING  | evaluation.providers.gemini | Gemini transient HTTP 503; retrying.
2026-09-09 16:05:51,038 | WARNING  | evaluation.providers.failover | AI chain: gemini#1 failed (transient, kept in rotation) -- Gemini HTTP 503: This model is currently experiencing high demand. Spikes in demand are usually temporary. Please try again later.
2026-09-09 16:05:58,501 | INFO     | evaluation.providers.failover | AI chain: gemini#2 answered after 1 failure(s)
2026-09-09 17:21:44,864 | INFO     | evaluation.providers.failover | AI chain: gemini#1 ready (GEMINI_API_KEY)
2026-09-09 17:21:44,865 | INFO     | evaluation.providers.failover | AI chain: gemini#2 ready (GEMINI_API_KEY_2)
2026-09-09 17:21:44,866 | INFO     | evaluation.providers.failover | AI chain: gemini#3 ready (GEMINI_API_KEY_3)
2026-09-09 17:21:44,867 | INFO     | evaluation.providers.failover | AI chain: grok#4 ready (GROK_API_KEY)
2026-09-09 17:21:44,869 | INFO     | evaluation.providers.failover | AI chain: grok#5 ready (GROK_API_KEY_2)
2026-09-09 17:21:44,870 | INFO     | evaluation.providers.failover | AI chain: grok#6 ready (GROK_API_KEY_3)
2026-09-09 17:21:50,381 | WARNING  | evaluation.providers.gemini | Gemini transient HTTP 503; retrying.
2026-09-09 17:21:54,550 | INFO     | evaluation.providers.failover | AI chain: gemini#1 ready (GEMINI_API_KEY)
2026-09-09 17:21:54,551 | INFO     | evaluation.providers.failover | AI chain: gemini#2 ready (GEMINI_API_KEY_2)
2026-09-09 17:21:54,552 | INFO     | evaluation.providers.failover | AI chain: gemini#3 ready (GEMINI_API_KEY_3)
2026-09-09 17:21:54,553 | INFO     | evaluation.providers.failover | AI chain: grok#4 ready (GROK_API_KEY)
2026-09-09 17:21:54,554 | INFO     | evaluation.providers.failover | AI chain: grok#5 ready (GROK_API_KEY_2)
2026-09-09 17:21:54,555 | INFO     | evaluation.providers.failover | AI chain: grok#6 ready (GROK_API_KEY_3)
2026-09-09 17:22:28,337 | INFO     | evaluation.providers.failover | AI chain: gemini#1 ready (GEMINI_API_KEY)
2026-09-09 17:22:28,367 | INFO     | evaluation.providers.failover | AI chain: gemini#2 ready (GEMINI_API_KEY_2)
2026-09-09 17:22:28,384 | INFO     | evaluation.providers.failover | AI chain: gemini#3 ready (GEMINI_API_KEY_3)
2026-09-09 17:22:28,404 | INFO     | evaluation.providers.failover | AI chain: grok#4 ready (GROK_API_KEY)
2026-09-09 17:22:28,408 | INFO     | evaluation.providers.failover | AI chain: grok#5 ready (GROK_API_KEY_2)
2026-09-09 17:22:28,413 | INFO     | evaluation.providers.failover | AI chain: grok#6 ready (GROK_API_KEY_3)
2026-09-09 17:22:34,419 | WARNING  | evaluation.providers.gemini | Gemini transient HTTP 503; retrying.
2026-09-09 17:22:40,328 | INFO     | evaluation.providers.failover | AI chain: gemini#1 ready (GEMINI_API_KEY)
2026-09-09 17:22:40,329 | INFO     | evaluation.providers.failover | AI chain: gemini#2 ready (GEMINI_API_KEY_2)
2026-09-09 17:22:40,330 | INFO     | evaluation.providers.failover | AI chain: gemini#3 ready (GEMINI_API_KEY_3)
2026-09-09 17:22:40,332 | INFO     | evaluation.providers.failover | AI chain: grok#4 ready (GROK_API_KEY)
2026-09-09 17:22:40,334 | INFO     | evaluation.providers.failover | AI chain: grok#5 ready (GROK_API_KEY_2)
2026-09-09 17:22:40,336 | INFO     | evaluation.providers.failover | AI chain: grok#6 ready (GROK_API_KEY_3)
2026-09-09 17:23:16,892 | WARNING  | evaluation.providers.gemini | Gemini transient HTTP 503; retrying.
2026-09-09 17:23:24,425 | WARNING  | evaluation.providers.failover | AI chain: gemini#1 failed (transient, kept in rotation) -- Gemini HTTP 503: This model is currently experiencing high demand. Spikes in demand are usually temporary. Please try again later.
2026-09-09 17:23:30,872 | WARNING  | evaluation.providers.gemini | Gemini transient HTTP 503; retrying.
2026-09-09 17:23:54,537 | INFO     | evaluation.providers.failover | AI chain: gemini#2 answered after 1 failure(s)
2026-09-09 17:23:54,562 | INFO     | evaluation.providers.failover | AI chain: gemini#1 ready (GEMINI_API_KEY)
2026-09-09 17:23:54,564 | INFO     | evaluation.providers.failover | AI chain: gemini#2 ready (GEMINI_API_KEY_2)
2026-09-09 17:23:54,565 | INFO     | evaluation.providers.failover | AI chain: gemini#3 ready (GEMINI_API_KEY_3)
2026-09-09 17:23:54,566 | INFO     | evaluation.providers.failover | AI chain: grok#4 ready (GROK_API_KEY)
2026-09-09 17:23:54,568 | INFO     | evaluation.providers.failover | AI chain: grok#5 ready (GROK_API_KEY_2)
2026-09-09 17:23:54,569 | INFO     | evaluation.providers.failover | AI chain: grok#6 ready (GROK_API_KEY_3)
2026-09-09 17:23:57,458 | WARNING  | evaluation.providers.gemini | Gemini transient HTTP 429; retrying.
2026-09-09 17:23:58,858 | WARNING  | evaluation.providers.failover | AI chain: gemini#1 exhausted, retiring it for this run -- Gemini HTTP 429: You exceeded your current quota, please check your plan and billing details. For more information on this error, head to: https://ai.google.dev/gemini-api/docs/rate-limits. To monitor your current usage, head to: https://ai.dev/rate-limit. 
* Quota exceeded for metric: generativelanguage.googleapis.com/generate_content_free_tier_requests, limit: 20, model: gemini-3.6-flash
Please retry in 1.355143047s.
2026-09-09 17:24:22,053 | INFO     | evaluation.providers.failover | AI chain: gemini#2 answered after 1 failure(s)
2026-09-09 17:24:22,139 | INFO     | evaluation.providers.failover | AI chain: gemini#1 ready (GEMINI_API_KEY)
2026-09-09 17:24:22,142 | INFO     | evaluation.providers.failover | AI chain: gemini#2 ready (GEMINI_API_KEY_2)
2026-09-09 17:24:22,145 | INFO     | evaluation.providers.failover | AI chain: gemini#3 ready (GEMINI_API_KEY_3)
2026-09-09 17:24:22,149 | INFO     | evaluation.providers.failover | AI chain: grok#4 ready (GROK_API_KEY)
2026-09-09 17:24:22,195 | INFO     | evaluation.providers.failover | AI chain: grok#5 ready (GROK_API_KEY_2)
2026-09-09 17:24:22,272 | INFO     | evaluation.providers.failover | AI chain: grok#6 ready (GROK_API_KEY_3)
2026-09-09 17:24:28,714 | WARNING  | evaluation.providers.gemini | Gemini transient HTTP 429; retrying.
2026-09-09 17:24:30,498 | WARNING  | evaluation.providers.failover | AI chain: gemini#1 exhausted, retiring it for this run -- Gemini HTTP 429: You exceeded your current quota, please check your plan and billing details. For more information on this error, head to: https://ai.google.dev/gemini-api/docs/rate-limits. To monitor your current usage, head to: https://ai.dev/rate-limit. 
* Quota exceeded for metric: generativelanguage.googleapis.com/generate_content_free_tier_requests, limit: 20, model: gemini-3.6-flash
Please retry in 29.750196582s.
2026-09-09 17:24:36,637 | WARNING  | evaluation.providers.gemini | Gemini transient HTTP 503; retrying.
2026-09-09 17:24:41,687 | WARNING  | evaluation.providers.failover | AI chain: gemini#2 failed (transient, kept in rotation) -- Gemini HTTP 503: This model is currently experiencing high demand. Spikes in demand are usually temporary. Please try again later.
2026-09-09 17:24:47,386 | WARNING  | evaluation.providers.gemini | Gemini transient HTTP 503; retrying.
2026-09-09 17:24:54,596 | WARNING  | evaluation.providers.failover | AI chain: gemini#3 failed (transient, kept in rotation) -- Gemini HTTP 503: This model is currently experiencing high demand. Spikes in demand are usually temporary. Please try again later.
2026-09-09 17:58:48,041 | INFO     | evaluation.providers.failover | AI chain: gemini#1 ready (GEMINI_API_KEY)
2026-09-09 17:58:48,043 | INFO     | evaluation.providers.failover | AI chain: gemini#2 ready (GEMINI_API_KEY_2)
2026-09-09 17:58:48,044 | INFO     | evaluation.providers.failover | AI chain: gemini#3 ready (GEMINI_API_KEY_3)
2026-09-09 17:58:48,047 | INFO     | evaluation.providers.failover | AI chain: grok#4 ready (GROK_API_KEY)
2026-09-09 17:58:48,050 | INFO     | evaluation.providers.failover | AI chain: grok#5 ready (GROK_API_KEY_2)
2026-09-09 17:58:48,054 | INFO     | evaluation.providers.failover | AI chain: grok#6 ready (GROK_API_KEY_3)
2026-09-09 17:58:52,515 | WARNING  | evaluation.providers.gemini | Gemini transient HTTP 429; retrying.
2026-09-09 17:58:54,651 | WARNING  | evaluation.providers.failover | AI chain: gemini#1 exhausted, retiring it for this run -- Gemini HTTP 429: You exceeded your current quota, please check your plan and billing details. For more information on this error, head to: https://ai.google.dev/gemini-api/docs/rate-limits. To monitor your current usage, head to: https://ai.dev/rate-limit. 
* Quota exceeded for metric: generativelanguage.googleapis.com/generate_content_free_tier_requests, limit: 20, model: gemini-3.6-flash
Please retry in 5.518844472s.
2026-09-09 17:59:07,924 | WARNING  | evaluation.providers.gemini | Gemini transient HTTP 503; retrying.
2026-09-09 17:59:17,151 | INFO     | evaluation.providers.failover | AI chain: gemini#2 answered after 1 failure(s)
2026-09-09 17:59:17,172 | INFO     | evaluation.providers.failover | AI chain: gemini#1 ready (GEMINI_API_KEY)
2026-09-09 17:59:17,174 | INFO     | evaluation.providers.failover | AI chain: gemini#2 ready (GEMINI_API_KEY_2)
2026-09-09 17:59:17,176 | INFO     | evaluation.providers.failover | AI chain: gemini#3 ready (GEMINI_API_KEY_3)
2026-09-09 17:59:17,179 | INFO     | evaluation.providers.failover | AI chain: grok#4 ready (GROK_API_KEY)
2026-09-09 17:59:17,180 | INFO     | evaluation.providers.failover | AI chain: grok#5 ready (GROK_API_KEY_2)
2026-09-09 17:59:17,186 | INFO     | evaluation.providers.failover | AI chain: grok#6 ready (GROK_API_KEY_3)
2026-09-09 17:59:21,178 | WARNING  | evaluation.providers.gemini | Gemini transient HTTP 429; retrying.
2026-09-09 17:59:23,800 | WARNING  | evaluation.providers.failover | AI chain: gemini#1 exhausted, retiring it for this run -- Gemini HTTP 429: You exceeded your current quota, please check your plan and billing details. For more information on this error, head to: https://ai.google.dev/gemini-api/docs/rate-limits. To monitor your current usage, head to: https://ai.dev/rate-limit. 
* Quota exceeded for metric: generativelanguage.googleapis.com/generate_content_free_tier_requests, limit: 20, model: gemini-3.6-flash
Please retry in 36.45540584s.
2026-09-09 17:59:34,221 | WARNING  | evaluation.providers.gemini | Gemini transient HTTP 503; retrying.
2026-09-09 18:00:08,756 | INFO     | evaluation.providers.failover | AI chain: gemini#2 answered after 1 failure(s)
2026-09-09 18:00:08,821 | INFO     | evaluation.providers.failover | AI chain: gemini#1 ready (GEMINI_API_KEY)
2026-09-09 18:00:08,824 | INFO     | evaluation.providers.failover | AI chain: gemini#2 ready (GEMINI_API_KEY_2)
2026-09-09 18:00:08,831 | INFO     | evaluation.providers.failover | AI chain: gemini#3 ready (GEMINI_API_KEY_3)
2026-09-09 18:00:08,837 | INFO     | evaluation.providers.failover | AI chain: grok#4 ready (GROK_API_KEY)
2026-09-09 18:00:08,853 | INFO     | evaluation.providers.failover | AI chain: grok#5 ready (GROK_API_KEY_2)
2026-09-09 18:00:08,854 | INFO     | evaluation.providers.failover | AI chain: grok#6 ready (GROK_API_KEY_3)
2026-09-09 18:00:13,000 | WARNING  | evaluation.providers.gemini | Gemini transient HTTP 429; retrying.
2026-09-09 18:00:15,903 | WARNING  | evaluation.providers.failover | AI chain: gemini#1 exhausted, retiring it for this run -- Gemini HTTP 429: You exceeded your current quota, please check your plan and billing details. For more information on this error, head to: https://ai.google.dev/gemini-api/docs/rate-limits. To monitor your current usage, head to: https://ai.dev/rate-limit. 
* Quota exceeded for metric: generativelanguage.googleapis.com/generate_content_free_tier_requests, limit: 20, model: gemini-3.6-flash
Please retry in 44.298395474s.
2026-09-09 18:00:21,810 | WARNING  | evaluation.providers.gemini | Gemini transient HTTP 503; retrying.
2026-09-09 18:00:27,782 | WARNING  | evaluation.providers.failover | AI chain: gemini#2 failed (transient, kept in rotation) -- Gemini HTTP 503: This model is currently experiencing high demand. Spikes in demand are usually temporary. Please try again later.
2026-09-09 18:00:34,103 | WARNING  | evaluation.providers.gemini | Gemini transient HTTP 503; retrying.
2026-09-09 18:00:38,091 | WARNING  | evaluation.providers.failover | AI chain: gemini#3 failed (transient, kept in rotation) -- Gemini HTTP 503: This model is currently experiencing high demand. Spikes in demand are usually temporary. Please try again later.
2026-09-09 18:00:40,478 | WARNING  | evaluation.providers.failover | AI chain: grok#4 failed (transient, kept in rotation) -- grok#4: HTTP 400 from xAI -- {"code":"invalid-argument","error":"Incorrect API key provided. You can obtain an API key from https://console.x.ai."} (model='grok-4.3'; set GROK_MODEL to a current slug if this says the model does not exist)
2026-09-09 18:00:42,431 | WARNING  | evaluation.providers.failover | AI chain: grok#5 failed (transient, kept in rotation) -- grok#5: HTTP 400 from xAI -- {"code":"invalid-argument","error":"Incorrect API key provided. You can obtain an API key from https://console.x.ai."} (model='grok-4.3'; set GROK_MODEL to a current slug if this says the model does not exist)
2026-09-09 18:00:44,181 | WARNING  | evaluation.providers.failover | AI chain: grok#6 failed (transient, kept in rotation) -- grok#6: HTTP 400 from xAI -- {"code":"invalid-argument","error":"Incorrect API key provided. You can obtain an API key from https://console.x.ai."} (model='grok-4.3'; set GROK_MODEL to a current slug if this says the model does not exist)
2026-09-09 18:00:44,202 | INFO     | evaluation.providers.failover | AI chain: gemini#1 ready (GEMINI_API_KEY)
2026-09-09 18:00:44,204 | INFO     | evaluation.providers.failover | AI chain: gemini#2 ready (GEMINI_API_KEY_2)
2026-09-09 18:00:44,206 | INFO     | evaluation.providers.failover | AI chain: gemini#3 ready (GEMINI_API_KEY_3)
2026-09-09 18:00:44,207 | INFO     | evaluation.providers.failover | AI chain: grok#4 ready (GROK_API_KEY)
2026-09-09 18:00:44,208 | INFO     | evaluation.providers.failover | AI chain: grok#5 ready (GROK_API_KEY_2)
2026-09-09 18:00:44,210 | INFO     | evaluation.providers.failover | AI chain: grok#6 ready (GROK_API_KEY_3)
2026-09-09 18:00:47,832 | WARNING  | evaluation.providers.gemini | Gemini transient HTTP 429; retrying.
2026-09-09 18:00:49,903 | WARNING  | evaluation.providers.failover | AI chain: gemini#1 exhausted, retiring it for this run -- Gemini HTTP 429: You exceeded your current quota, please check your plan and billing details. For more information on this error, head to: https://ai.google.dev/gemini-api/docs/rate-limits. To monitor your current usage, head to: https://ai.dev/rate-limit. 
* Quota exceeded for metric: generativelanguage.googleapis.com/generate_content_free_tier_requests, limit: 20, model: gemini-3.6-flash
Please retry in 10.306867207s.
2026-09-09 18:00:58,597 | WARNING  | evaluation.providers.gemini | Gemini transient HTTP 503; retrying.
2026-09-09 18:01:04,347 | WARNING  | evaluation.providers.failover | AI chain: gemini#2 failed (transient, kept in rotation) -- Gemini HTTP 503: This model is currently experiencing high demand. Spikes in demand are usually temporary. Please try again later.
2026-09-09 18:01:13,459 | INFO     | evaluation.providers.failover | AI chain: gemini#3 answered after 2 failure(s)
2026-09-09 18:01:13,481 | INFO     | evaluation.providers.failover | AI chain: gemini#1 ready (GEMINI_API_KEY)
2026-09-09 18:01:13,520 | INFO     | evaluation.providers.failover | AI chain: gemini#2 ready (GEMINI_API_KEY_2)
2026-09-09 18:01:13,608 | INFO     | evaluation.providers.failover | AI chain: gemini#3 ready (GEMINI_API_KEY_3)
2026-09-09 18:01:13,625 | INFO     | evaluation.providers.failover | AI chain: grok#4 ready (GROK_API_KEY)
2026-09-09 18:01:13,644 | INFO     | evaluation.providers.failover | AI chain: grok#5 ready (GROK_API_KEY_2)
2026-09-09 18:01:13,661 | INFO     | evaluation.providers.failover | AI chain: grok#6 ready (GROK_API_KEY_3)
2026-09-09 18:01:18,180 | WARNING  | evaluation.providers.gemini | Gemini transient HTTP 429; retrying.
2026-09-09 18:01:20,522 | WARNING  | evaluation.providers.failover | AI chain: gemini#1 exhausted, retiring it for this run -- Gemini HTTP 429: You exceeded your current quota, please check your plan and billing details. For more information on this error, head to: https://ai.google.dev/gemini-api/docs/rate-limits. To monitor your current usage, head to: https://ai.dev/rate-limit. 
* Quota exceeded for metric: generativelanguage.googleapis.com/generate_content_free_tier_requests, limit: 20, model: gemini-3.6-flash
Please retry in 39.716506209s.
2026-09-09 18:01:26,141 | WARNING  | evaluation.providers.gemini | Gemini transient HTTP 503; retrying.
2026-09-09 18:01:28,113 | WARNING  | evaluation.providers.failover | AI chain: gemini#2 exhausted, retiring it for this run -- Gemini HTTP 429: You exceeded your current quota, please check your plan and billing details. For more information on this error, head to: https://ai.google.dev/gemini-api/docs/rate-limits. To monitor your current usage, head to: https://ai.dev/rate-limit. 
* Quota exceeded for metric: generativelanguage.googleapis.com/generate_content_free_tier_requests, limit: 20, model: gemini-3.6-flash
Please retry in 32.102295737s.
2026-09-09 18:01:31,643 | WARNING  | evaluation.providers.gemini | Gemini transient HTTP 429; retrying.
2026-09-09 18:01:33,737 | WARNING  | evaluation.providers.failover | AI chain: gemini#3 exhausted, retiring it for this run -- Gemini HTTP 429: You exceeded your current quota, please check your plan and billing details. For more information on this error, head to: https://ai.google.dev/gemini-api/docs/rate-limits. To monitor your current usage, head to: https://ai.dev/rate-limit. 
* Quota exceeded for metric: generativelanguage.googleapis.com/generate_content_free_tier_requests, limit: 20, model: gemini-3.6-flash
Please retry in 26.601535852s.
2026-09-09 18:01:35,607 | WARNING  | evaluation.providers.failover | AI chain: grok#4 failed (transient, kept in rotation) -- grok#4: HTTP 400 from xAI -- {"code":"invalid-argument","error":"Incorrect API key provided. You can obtain an API key from https://console.x.ai."} (model='grok-4.3'; set GROK_MODEL to a current slug if this says the model does not exist)
2026-09-09 18:01:37,619 | WARNING  | evaluation.providers.failover | AI chain: grok#5 failed (transient, kept in rotation) -- grok#5: HTTP 400 from xAI -- {"code":"invalid-argument","error":"Incorrect API key provided. You can obtain an API key from https://console.x.ai."} (model='grok-4.3'; set GROK_MODEL to a current slug if this says the model does not exist)
2026-09-09 18:01:39,463 | WARNING  | evaluation.providers.failover | AI chain: grok#6 failed (transient, kept in rotation) -- grok#6: HTTP 400 from xAI -- {"code":"invalid-argument","error":"Incorrect API key provided. You can obtain an API key from https://console.x.ai."} (model='grok-4.3'; set GROK_MODEL to a current slug if this says the model does not exist)
2026-09-09 18:01:39,487 | INFO     | evaluation.providers.failover | AI chain: gemini#1 ready (GEMINI_API_KEY)
2026-09-09 18:01:39,489 | INFO     | evaluation.providers.failover | AI chain: gemini#2 ready (GEMINI_API_KEY_2)
2026-09-09 18:01:39,491 | INFO     | evaluation.providers.failover | AI chain: gemini#3 ready (GEMINI_API_KEY_3)
2026-09-09 18:01:39,493 | INFO     | evaluation.providers.failover | AI chain: grok#4 ready (GROK_API_KEY)
2026-09-09 18:01:39,495 | INFO     | evaluation.providers.failover | AI chain: grok#5 ready (GROK_API_KEY_2)
2026-09-09 18:01:39,497 | INFO     | evaluation.providers.failover | AI chain: grok#6 ready (GROK_API_KEY_3)
2026-09-09 18:01:43,010 | WARNING  | evaluation.providers.gemini | Gemini transient HTTP 429; retrying.
2026-09-09 18:01:45,099 | WARNING  | evaluation.providers.failover | AI chain: gemini#1 exhausted, retiring it for this run -- Gemini HTTP 429: You exceeded your current quota, please check your plan and billing details. For more information on this error, head to: https://ai.google.dev/gemini-api/docs/rate-limits. To monitor your current usage, head to: https://ai.dev/rate-limit. 
* Quota exceeded for metric: generativelanguage.googleapis.com/generate_content_free_tier_requests, limit: 20, model: gemini-3.6-flash
Please retry in 15.133897644s.
2026-09-09 18:01:48,443 | WARNING  | evaluation.providers.gemini | Gemini transient HTTP 429; retrying.
2026-09-09 18:01:50,333 | WARNING  | evaluation.providers.failover | AI chain: gemini#2 exhausted, retiring it for this run -- Gemini HTTP 429: You exceeded your current quota, please check your plan and billing details. For more information on this error, head to: https://ai.google.dev/gemini-api/docs/rate-limits. To monitor your current usage, head to: https://ai.dev/rate-limit. 
* Quota exceeded for metric: generativelanguage.googleapis.com/generate_content_free_tier_requests, limit: 20, model: gemini-3.6-flash
Please retry in 9.87772563s.
2026-09-09 18:01:53,738 | WARNING  | evaluation.providers.gemini | Gemini transient HTTP 429; retrying.
2026-09-09 18:01:55,746 | WARNING  | evaluation.providers.failover | AI chain: gemini#3 exhausted, retiring it for this run -- Gemini HTTP 429: You exceeded your current quota, please check your plan and billing details. For more information on this error, head to: https://ai.google.dev/gemini-api/docs/rate-limits. To monitor your current usage, head to: https://ai.dev/rate-limit. 
* Quota exceeded for metric: generativelanguage.googleapis.com/generate_content_free_tier_requests, limit: 20, model: gemini-3.6-flash
Please retry in 4.506440863s.
2026-09-09 18:01:57,585 | WARNING  | evaluation.providers.failover | AI chain: grok#4 failed (transient, kept in rotation) -- grok#4: HTTP 400 from xAI -- {"code":"invalid-argument","error":"Incorrect API key provided. You can obtain an API key from https://console.x.ai."} (model='grok-4.3'; set GROK_MODEL to a current slug if this says the model does not exist)
2026-09-09 18:01:59,430 | WARNING  | evaluation.providers.failover | AI chain: grok#5 failed (transient, kept in rotation) -- grok#5: HTTP 400 from xAI -- {"code":"invalid-argument","error":"Incorrect API key provided. You can obtain an API key from https://console.x.ai."} (model='grok-4.3'; set GROK_MODEL to a current slug if this says the model does not exist)
2026-09-09 18:02:01,379 | WARNING  | evaluation.providers.failover | AI chain: grok#6 failed (transient, kept in rotation) -- grok#6: HTTP 400 from xAI -- {"code":"invalid-argument","error":"Incorrect API key provided. You can obtain an API key from https://console.x.ai."} (model='grok-4.3'; set GROK_MODEL to a current slug if this says the model does not exist)
2026-09-09 18:02:01,401 | INFO     | evaluation.providers.failover | AI chain: gemini#1 ready (GEMINI_API_KEY)
2026-09-09 18:02:01,402 | INFO     | evaluation.providers.failover | AI chain: gemini#2 ready (GEMINI_API_KEY_2)
2026-09-09 18:02:01,405 | INFO     | evaluation.providers.failover | AI chain: gemini#3 ready (GEMINI_API_KEY_3)
2026-09-09 18:02:01,406 | INFO     | evaluation.providers.failover | AI chain: grok#4 ready (GROK_API_KEY)
2026-09-09 18:02:01,407 | INFO     | evaluation.providers.failover | AI chain: grok#5 ready (GROK_API_KEY_2)
2026-09-09 18:02:01,410 | INFO     | evaluation.providers.failover | AI chain: grok#6 ready (GROK_API_KEY_3)
2026-09-09 18:02:04,822 | WARNING  | evaluation.providers.gemini | Gemini transient HTTP 429; retrying.
2026-09-09 18:02:07,011 | WARNING  | evaluation.providers.failover | AI chain: gemini#1 exhausted, retiring it for this run -- Gemini HTTP 429: You exceeded your current quota, please check your plan and billing details. For more information on this error, head to: https://ai.google.dev/gemini-api/docs/rate-limits. To monitor your current usage, head to: https://ai.dev/rate-limit. 
* Quota exceeded for metric: generativelanguage.googleapis.com/generate_content_free_tier_requests, limit: 20, model: gemini-3.6-flash
Please retry in 53.231289252s.
2026-09-09 18:02:10,368 | WARNING  | evaluation.providers.gemini | Gemini transient HTTP 429; retrying.
2026-09-09 18:02:12,643 | WARNING  | evaluation.providers.failover | AI chain: gemini#2 exhausted, retiring it for this run -- Gemini HTTP 429: You exceeded your current quota, please check your plan and billing details. For more information on this error, head to: https://ai.google.dev/gemini-api/docs/rate-limits. To monitor your current usage, head to: https://ai.dev/rate-limit. 
* Quota exceeded for metric: generativelanguage.googleapis.com/generate_content_free_tier_requests, limit: 20, model: gemini-3.6-flash
Please retry in 47.729225813s.
2026-09-09 18:02:16,292 | WARNING  | evaluation.providers.gemini | Gemini transient HTTP 429; retrying.
2026-09-09 18:02:18,782 | WARNING  | evaluation.providers.failover | AI chain: gemini#3 exhausted, retiring it for this run -- Gemini HTTP 429: You exceeded your current quota, please check your plan and billing details. For more information on this error, head to: https://ai.google.dev/gemini-api/docs/rate-limits. To monitor your current usage, head to: https://ai.dev/rate-limit. 
* Quota exceeded for metric: generativelanguage.googleapis.com/generate_content_free_tier_requests, limit: 20, model: gemini-3.6-flash
Please retry in 41.422631754s.
2026-09-09 18:02:20,783 | WARNING  | evaluation.providers.failover | AI chain: grok#4 failed (transient, kept in rotation) -- grok#4: HTTP 400 from xAI -- {"code":"invalid-argument","error":"Incorrect API key provided. You can obtain an API key from https://console.x.ai."} (model='grok-4.3'; set GROK_MODEL to a current slug if this says the model does not exist)
2026-09-09 18:02:22,556 | WARNING  | evaluation.providers.failover | AI chain: grok#5 failed (transient, kept in rotation) -- grok#5: HTTP 400 from xAI -- {"code":"invalid-argument","error":"Incorrect API key provided. You can obtain an API key from https://console.x.ai."} (model='grok-4.3'; set GROK_MODEL to a current slug if this says the model does not exist)
2026-09-09 18:02:24,782 | WARNING  | evaluation.providers.failover | AI chain: grok#6 failed (transient, kept in rotation) -- grok#6: HTTP 400 from xAI -- {"code":"invalid-argument","error":"Incorrect API key provided. You can obtain an API key from https://console.x.ai."} (model='grok-4.3'; set GROK_MODEL to a current slug if this says the model does not exist)
2026-09-09 18:02:24,802 | INFO     | evaluation.providers.failover | AI chain: gemini#1 ready (GEMINI_API_KEY)
2026-09-09 18:02:24,805 | INFO     | evaluation.providers.failover | AI chain: gemini#2 ready (GEMINI_API_KEY_2)
2026-09-09 18:02:24,806 | INFO     | evaluation.providers.failover | AI chain: gemini#3 ready (GEMINI_API_KEY_3)
2026-09-09 18:02:24,808 | INFO     | evaluation.providers.failover | AI chain: grok#4 ready (GROK_API_KEY)
2026-09-09 18:02:24,815 | INFO     | evaluation.providers.failover | AI chain: grok#5 ready (GROK_API_KEY_2)
2026-09-09 18:02:24,817 | INFO     | evaluation.providers.failover | AI chain: grok#6 ready (GROK_API_KEY_3)
2026-09-09 18:02:27,686 | WARNING  | evaluation.providers.gemini | Gemini transient HTTP 429; retrying.
2026-09-09 18:02:29,548 | WARNING  | evaluation.providers.failover | AI chain: gemini#1 exhausted, retiring it for this run -- Gemini HTTP 429: You exceeded your current quota, please check your plan and billing details. For more information on this error, head to: https://ai.google.dev/gemini-api/docs/rate-limits. To monitor your current usage, head to: https://ai.dev/rate-limit. 
* Quota exceeded for metric: generativelanguage.googleapis.com/generate_content_free_tier_requests, limit: 20, model: gemini-3.6-flash
Please retry in 30.78191676s.
2026-09-09 18:02:32,389 | WARNING  | evaluation.providers.gemini | Gemini transient HTTP 429; retrying.
2026-09-09 18:02:34,277 | WARNING  | evaluation.providers.failover | AI chain: gemini#2 exhausted, retiring it for this run -- Gemini HTTP 429: You exceeded your current quota, please check your plan and billing details. For more information on this error, head to: https://ai.google.dev/gemini-api/docs/rate-limits. To monitor your current usage, head to: https://ai.dev/rate-limit. 
* Quota exceeded for metric: generativelanguage.googleapis.com/generate_content_free_tier_requests, limit: 20, model: gemini-3.6-flash
Please retry in 25.975320484s.
2026-09-09 18:02:37,597 | WARNING  | evaluation.providers.gemini | Gemini transient HTTP 429; retrying.
2026-09-09 18:02:39,048 | WARNING  | evaluation.providers.failover | AI chain: gemini#3 exhausted, retiring it for this run -- Gemini HTTP 429: You exceeded your current quota, please check your plan and billing details. For more information on this error, head to: https://ai.google.dev/gemini-api/docs/rate-limits. To monitor your current usage, head to: https://ai.dev/rate-limit. 
* Quota exceeded for metric: generativelanguage.googleapis.com/generate_content_free_tier_requests, limit: 20, model: gemini-3.6-flash
Please retry in 21.147729594s.
2026-09-09 18:02:41,414 | WARNING  | evaluation.providers.failover | AI chain: grok#4 failed (transient, kept in rotation) -- grok#4: HTTP 400 from xAI -- {"code":"invalid-argument","error":"Incorrect API key provided. You can obtain an API key from https://console.x.ai."} (model='grok-4.3'; set GROK_MODEL to a current slug if this says the model does not exist)
2026-09-09 18:02:43,259 | WARNING  | evaluation.providers.failover | AI chain: grok#5 failed (transient, kept in rotation) -- grok#5: HTTP 400 from xAI -- {"code":"invalid-argument","error":"Incorrect API key provided. You can obtain an API key from https://console.x.ai."} (model='grok-4.3'; set GROK_MODEL to a current slug if this says the model does not exist)
2026-09-09 18:02:45,729 | WARNING  | evaluation.providers.failover | AI chain: grok#6 failed (transient, kept in rotation) -- grok#6: HTTP 400 from xAI -- {"code":"invalid-argument","error":"Incorrect API key provided. You can obtain an API key from https://console.x.ai."} (model='grok-4.3'; set GROK_MODEL to a current slug if this says the model does not exist)
2026-09-09 18:02:45,754 | INFO     | evaluation.providers.failover | AI chain: gemini#1 ready (GEMINI_API_KEY)
2026-09-09 18:02:45,755 | INFO     | evaluation.providers.failover | AI chain: gemini#2 ready (GEMINI_API_KEY_2)
2026-09-09 18:02:45,756 | INFO     | evaluation.providers.failover | AI chain: gemini#3 ready (GEMINI_API_KEY_3)
2026-09-09 18:02:45,758 | INFO     | evaluation.providers.failover | AI chain: grok#4 ready (GROK_API_KEY)
2026-09-09 18:02:45,760 | INFO     | evaluation.providers.failover | AI chain: grok#5 ready (GROK_API_KEY_2)
2026-09-09 18:02:45,762 | INFO     | evaluation.providers.failover | AI chain: grok#6 ready (GROK_API_KEY_3)
2026-09-09 18:02:51,229 | WARNING  | evaluation.providers.gemini | Gemini transient HTTP 429; retrying.
2026-09-09 18:02:53,922 | WARNING  | evaluation.providers.failover | AI chain: gemini#1 exhausted, retiring it for this run -- Gemini HTTP 429: You exceeded your current quota, please check your plan and billing details. For more information on this error, head to: https://ai.google.dev/gemini-api/docs/rate-limits. To monitor your current usage, head to: https://ai.dev/rate-limit. 
* Quota exceeded for metric: generativelanguage.googleapis.com/generate_content_free_tier_requests, limit: 20, model: gemini-3.6-flash
Please retry in 6.304885573s.
2026-09-09 18:02:57,353 | WARNING  | evaluation.providers.gemini | Gemini transient HTTP 429; retrying.
2026-09-09 18:02:59,445 | WARNING  | evaluation.providers.failover | AI chain: gemini#2 exhausted, retiring it for this run -- Gemini HTTP 429: You exceeded your current quota, please check your plan and billing details. For more information on this error, head to: https://ai.google.dev/gemini-api/docs/rate-limits. To monitor your current usage, head to: https://ai.dev/rate-limit. 
* Quota exceeded for metric: generativelanguage.googleapis.com/generate_content_free_tier_requests, limit: 20, model: gemini-3.6-flash
Please retry in 946.455412ms.
2026-09-09 18:03:02,883 | WARNING  | evaluation.providers.gemini | Gemini transient HTTP 429; retrying.
2026-09-09 18:03:05,688 | WARNING  | evaluation.providers.failover | AI chain: gemini#3 exhausted, retiring it for this run -- Gemini HTTP 429: You exceeded your current quota, please check your plan and billing details. For more information on this error, head to: https://ai.google.dev/gemini-api/docs/rate-limits. To monitor your current usage, head to: https://ai.dev/rate-limit. 
* Quota exceeded for metric: generativelanguage.googleapis.com/generate_content_free_tier_requests, limit: 20, model: gemini-3.6-flash
Please retry in 54.489091226s.
2026-09-09 18:03:07,941 | WARNING  | evaluation.providers.failover | AI chain: grok#4 failed (transient, kept in rotation) -- grok#4: HTTP 400 from xAI -- {"code":"invalid-argument","error":"Incorrect API key provided. You can obtain an API key from https://console.x.ai."} (model='grok-4.3'; set GROK_MODEL to a current slug if this says the model does not exist)
2026-09-09 18:03:10,093 | WARNING  | evaluation.providers.failover | AI chain: grok#5 failed (transient, kept in rotation) -- grok#5: HTTP 400 from xAI -- {"code":"invalid-argument","error":"Incorrect API key provided. You can obtain an API key from https://console.x.ai."} (model='grok-4.3'; set GROK_MODEL to a current slug if this says the model does not exist)
2026-09-09 18:03:12,430 | WARNING  | evaluation.providers.failover | AI chain: grok#6 failed (transient, kept in rotation) -- grok#6: HTTP 400 from xAI -- {"code":"invalid-argument","error":"Incorrect API key provided. You can obtain an API key from https://console.x.ai."} (model='grok-4.3'; set GROK_MODEL to a current slug if this says the model does not exist)
2026-09-09 18:03:12,729 | INFO     | evaluation.providers.failover | AI chain: gemini#1 ready (GEMINI_API_KEY)
2026-09-09 18:03:12,731 | INFO     | evaluation.providers.failover | AI chain: gemini#2 ready (GEMINI_API_KEY_2)
2026-09-09 18:03:12,735 | INFO     | evaluation.providers.failover | AI chain: gemini#3 ready (GEMINI_API_KEY_3)
2026-09-09 18:03:12,738 | INFO     | evaluation.providers.failover | AI chain: grok#4 ready (GROK_API_KEY)
2026-09-09 18:03:12,741 | INFO     | evaluation.providers.failover | AI chain: grok#5 ready (GROK_API_KEY_2)
2026-09-09 18:03:12,744 | INFO     | evaluation.providers.failover | AI chain: grok#6 ready (GROK_API_KEY_3)
2026-09-09 18:03:16,871 | WARNING  | evaluation.providers.gemini | Gemini transient HTTP 429; retrying.
2026-09-09 18:03:20,965 | WARNING  | evaluation.providers.failover | AI chain: gemini#1 exhausted, retiring it for this run -- Gemini HTTP 429: You exceeded your current quota, please check your plan and billing details. For more information on this error, head to: https://ai.google.dev/gemini-api/docs/rate-limits. To monitor your current usage, head to: https://ai.dev/rate-limit. 
* Quota exceeded for metric: generativelanguage.googleapis.com/generate_content_free_tier_requests, limit: 20, model: gemini-3.6-flash
Please retry in 39.236885357s.
2026-09-09 18:03:24,494 | WARNING  | evaluation.providers.gemini | Gemini transient HTTP 429; retrying.
2026-09-09 18:03:26,575 | WARNING  | evaluation.providers.failover | AI chain: gemini#2 exhausted, retiring it for this run -- Gemini HTTP 429: You exceeded your current quota, please check your plan and billing details. For more information on this error, head to: https://ai.google.dev/gemini-api/docs/rate-limits. To monitor your current usage, head to: https://ai.dev/rate-limit. 
* Quota exceeded for metric: generativelanguage.googleapis.com/generate_content_free_tier_requests, limit: 20, model: gemini-3.6-flash
Please retry in 33.757192799s.
2026-09-09 18:03:31,760 | WARNING  | evaluation.providers.gemini | Gemini transient HTTP 429; retrying.
2026-09-09 18:03:34,179 | WARNING  | evaluation.providers.failover | AI chain: gemini#3 exhausted, retiring it for this run -- Gemini HTTP 429: You exceeded your current quota, please check your plan and billing details. For more information on this error, head to: https://ai.google.dev/gemini-api/docs/rate-limits. To monitor your current usage, head to: https://ai.dev/rate-limit. 
* Quota exceeded for metric: generativelanguage.googleapis.com/generate_content_free_tier_requests, limit: 20, model: gemini-3.6-flash
Please retry in 26.401251214s.
2026-09-09 18:03:37,632 | WARNING  | evaluation.providers.failover | AI chain: grok#4 failed (transient, kept in rotation) -- grok#4: HTTP 400 from xAI -- {"code":"invalid-argument","error":"Incorrect API key provided. You can obtain an API key from https://console.x.ai."} (model='grok-4.3'; set GROK_MODEL to a current slug if this says the model does not exist)
2026-09-09 18:03:39,896 | WARNING  | evaluation.providers.failover | AI chain: grok#5 failed (transient, kept in rotation) -- grok#5: HTTP 400 from xAI -- {"code":"invalid-argument","error":"Incorrect API key provided. You can obtain an API key from https://console.x.ai."} (model='grok-4.3'; set GROK_MODEL to a current slug if this says the model does not exist)
2026-09-09 18:03:41,932 | WARNING  | evaluation.providers.failover | AI chain: grok#6 failed (transient, kept in rotation) -- grok#6: HTTP 400 from xAI -- {"code":"invalid-argument","error":"Incorrect API key provided. You can obtain an API key from https://console.x.ai."} (model='grok-4.3'; set GROK_MODEL to a current slug if this says the model does not exist)
2026-09-09 18:03:41,958 | INFO     | evaluation.providers.failover | AI chain: gemini#1 ready (GEMINI_API_KEY)
2026-09-09 18:03:41,968 | INFO     | evaluation.providers.failover | AI chain: gemini#2 ready (GEMINI_API_KEY_2)
2026-09-09 18:03:41,980 | INFO     | evaluation.providers.failover | AI chain: gemini#3 ready (GEMINI_API_KEY_3)
2026-09-09 18:03:41,995 | INFO     | evaluation.providers.failover | AI chain: grok#4 ready (GROK_API_KEY)
2026-09-09 18:03:42,003 | INFO     | evaluation.providers.failover | AI chain: grok#5 ready (GROK_API_KEY_2)
2026-09-09 18:03:42,014 | INFO     | evaluation.providers.failover | AI chain: grok#6 ready (GROK_API_KEY_3)
2026-09-09 18:03:46,813 | WARNING  | evaluation.providers.gemini | Gemini transient HTTP 429; retrying.
2026-09-09 18:03:49,209 | WARNING  | evaluation.providers.failover | AI chain: gemini#1 exhausted, retiring it for this run -- Gemini HTTP 429: You exceeded your current quota, please check your plan and billing details. For more information on this error, head to: https://ai.google.dev/gemini-api/docs/rate-limits. To monitor your current usage, head to: https://ai.dev/rate-limit. 
* Quota exceeded for metric: generativelanguage.googleapis.com/generate_content_free_tier_requests, limit: 20, model: gemini-3.6-flash
Please retry in 10.986729659s.
2026-09-09 18:03:53,984 | WARNING  | evaluation.providers.gemini | Gemini transient HTTP 429; retrying.
2026-09-09 18:03:56,378 | WARNING  | evaluation.providers.failover | AI chain: gemini#2 exhausted, retiring it for this run -- Gemini HTTP 429: You exceeded your current quota, please check your plan and billing details. For more information on this error, head to: https://ai.google.dev/gemini-api/docs/rate-limits. To monitor your current usage, head to: https://ai.dev/rate-limit. 
* Quota exceeded for metric: generativelanguage.googleapis.com/generate_content_free_tier_requests, limit: 20, model: gemini-3.6-flash
Please retry in 3.865260013s.
2026-09-09 18:03:59,832 | WARNING  | evaluation.providers.gemini | Gemini transient HTTP 429; retrying.
2026-09-09 18:04:01,830 | WARNING  | evaluation.providers.failover | AI chain: gemini#3 exhausted, retiring it for this run -- Gemini HTTP 429: You exceeded your current quota, please check your plan and billing details. For more information on this error, head to: https://ai.google.dev/gemini-api/docs/rate-limits. To monitor your current usage, head to: https://ai.dev/rate-limit. 
* Quota exceeded for metric: generativelanguage.googleapis.com/generate_content_free_tier_requests, limit: 20, model: gemini-3.6-flash
Please retry in 58.363642186s.
2026-09-09 18:04:03,885 | WARNING  | evaluation.providers.failover | AI chain: grok#4 failed (transient, kept in rotation) -- grok#4: HTTP 400 from xAI -- {"code":"invalid-argument","error":"Incorrect API key provided. You can obtain an API key from https://console.x.ai."} (model='grok-4.3'; set GROK_MODEL to a current slug if this says the model does not exist)
2026-09-09 18:04:06,101 | WARNING  | evaluation.providers.failover | AI chain: grok#5 failed (transient, kept in rotation) -- grok#5: HTTP 400 from xAI -- {"code":"invalid-argument","error":"Incorrect API key provided. You can obtain an API key from https://console.x.ai."} (model='grok-4.3'; set GROK_MODEL to a current slug if this says the model does not exist)
2026-09-09 18:04:08,458 | WARNING  | evaluation.providers.failover | AI chain: grok#6 failed (transient, kept in rotation) -- grok#6: HTTP 400 from xAI -- {"code":"invalid-argument","error":"Incorrect API key provided. You can obtain an API key from https://console.x.ai."} (model='grok-4.3'; set GROK_MODEL to a current slug if this says the model does not exist)
2026-09-09 18:04:08,487 | INFO     | evaluation.providers.failover | AI chain: gemini#1 ready (GEMINI_API_KEY)
2026-09-09 18:04:08,488 | INFO     | evaluation.providers.failover | AI chain: gemini#2 ready (GEMINI_API_KEY_2)
2026-09-09 18:04:08,489 | INFO     | evaluation.providers.failover | AI chain: gemini#3 ready (GEMINI_API_KEY_3)
2026-09-09 18:04:08,490 | INFO     | evaluation.providers.failover | AI chain: grok#4 ready (GROK_API_KEY)
2026-09-09 18:04:08,491 | INFO     | evaluation.providers.failover | AI chain: grok#5 ready (GROK_API_KEY_2)
2026-09-09 18:04:08,492 | INFO     | evaluation.providers.failover | AI chain: grok#6 ready (GROK_API_KEY_3)
2026-09-09 18:04:12,132 | WARNING  | evaluation.providers.gemini | Gemini transient HTTP 429; retrying.
2026-09-09 18:04:15,093 | WARNING  | evaluation.providers.failover | AI chain: gemini#1 exhausted, retiring it for this run -- Gemini HTTP 429: You exceeded your current quota, please check your plan and billing details. For more information on this error, head to: https://ai.google.dev/gemini-api/docs/rate-limits. To monitor your current usage, head to: https://ai.dev/rate-limit. 
* Quota exceeded for metric: generativelanguage.googleapis.com/generate_content_free_tier_requests, limit: 20, model: gemini-3.6-flash
Please retry in 45.12237228s.
2026-09-09 18:04:19,012 | WARNING  | evaluation.providers.gemini | Gemini transient HTTP 429; retrying.
2026-09-09 18:04:22,907 | WARNING  | evaluation.providers.failover | AI chain: gemini#2 exhausted, retiring it for this run -- Gemini HTTP 429: You exceeded your current quota, please check your plan and billing details. For more information on this error, head to: https://ai.google.dev/gemini-api/docs/rate-limits. To monitor your current usage, head to: https://ai.dev/rate-limit. 
* Quota exceeded for metric: generativelanguage.googleapis.com/generate_content_free_tier_requests, limit: 20, model: gemini-3.6-flash
Please retry in 37.352299175s.
2026-09-09 18:04:35,458 | WARNING  | evaluation.providers.gemini | Gemini transient HTTP 429; retrying.
2026-09-09 18:04:38,768 | WARNING  | evaluation.providers.failover | AI chain: gemini#3 exhausted, retiring it for this run -- Gemini HTTP 429: You exceeded your current quota, please check your plan and billing details. For more information on this error, head to: https://ai.google.dev/gemini-api/docs/rate-limits. To monitor your current usage, head to: https://ai.dev/rate-limit. 
* Quota exceeded for metric: generativelanguage.googleapis.com/generate_content_free_tier_requests, limit: 20, model: gemini-3.6-flash
Please retry in 21.440076165s.
2026-09-09 18:04:40,925 | WARNING  | evaluation.providers.failover | AI chain: grok#4 failed (transient, kept in rotation) -- grok#4: HTTP 400 from xAI -- {"code":"invalid-argument","error":"Incorrect API key provided. You can obtain an API key from https://console.x.ai."} (model='grok-4.3'; set GROK_MODEL to a current slug if this says the model does not exist)
2026-09-09 18:04:42,947 | WARNING  | evaluation.providers.failover | AI chain: grok#5 failed (transient, kept in rotation) -- grok#5: HTTP 400 from xAI -- {"code":"invalid-argument","error":"Incorrect API key provided. You can obtain an API key from https://console.x.ai."} (model='grok-4.3'; set GROK_MODEL to a current slug if this says the model does not exist)
2026-09-09 18:04:45,135 | WARNING  | evaluation.providers.failover | AI chain: grok#6 failed (transient, kept in rotation) -- grok#6: HTTP 400 from xAI -- {"code":"invalid-argument","error":"Incorrect API key provided. You can obtain an API key from https://console.x.ai."} (model='grok-4.3'; set GROK_MODEL to a current slug if this says the model does not exist)
2026-09-09 18:04:45,160 | INFO     | evaluation.providers.failover | AI chain: gemini#1 ready (GEMINI_API_KEY)
2026-09-09 18:04:45,161 | INFO     | evaluation.providers.failover | AI chain: gemini#2 ready (GEMINI_API_KEY_2)
2026-09-09 18:04:45,162 | INFO     | evaluation.providers.failover | AI chain: gemini#3 ready (GEMINI_API_KEY_3)
2026-09-09 18:04:45,163 | INFO     | evaluation.providers.failover | AI chain: grok#4 ready (GROK_API_KEY)
2026-09-09 18:04:45,165 | INFO     | evaluation.providers.failover | AI chain: grok#5 ready (GROK_API_KEY_2)
2026-09-09 18:04:45,166 | INFO     | evaluation.providers.failover | AI chain: grok#6 ready (GROK_API_KEY_3)
2026-09-09 18:04:48,716 | WARNING  | evaluation.providers.gemini | Gemini transient HTTP 429; retrying.
2026-09-09 18:04:50,838 | WARNING  | evaluation.providers.failover | AI chain: gemini#1 exhausted, retiring it for this run -- Gemini HTTP 429: You exceeded your current quota, please check your plan and billing details. For more information on this error, head to: https://ai.google.dev/gemini-api/docs/rate-limits. To monitor your current usage, head to: https://ai.dev/rate-limit. 
* Quota exceeded for metric: generativelanguage.googleapis.com/generate_content_free_tier_requests, limit: 20, model: gemini-3.6-flash
Please retry in 9.307673366s.
2026-09-09 18:04:54,428 | WARNING  | evaluation.providers.gemini | Gemini transient HTTP 429; retrying.
2026-09-09 18:04:59,043 | WARNING  | evaluation.providers.failover | AI chain: gemini#2 exhausted, retiring it for this run -- Gemini HTTP 429: You exceeded your current quota, please check your plan and billing details. For more information on this error, head to: https://ai.google.dev/gemini-api/docs/rate-limits. To monitor your current usage, head to: https://ai.dev/rate-limit. 
* Quota exceeded for metric: generativelanguage.googleapis.com/generate_content_free_tier_requests, limit: 20, model: gemini-3.6-flash
Please retry in 1.268514548s.
2026-09-09 18:05:02,493 | WARNING  | evaluation.providers.gemini | Gemini transient HTTP 429; retrying.
2026-09-09 18:05:04,617 | WARNING  | evaluation.providers.failover | AI chain: gemini#3 exhausted, retiring it for this run -- Gemini HTTP 429: You exceeded your current quota, please check your plan and billing details. For more information on this error, head to: https://ai.google.dev/gemini-api/docs/rate-limits. To monitor your current usage, head to: https://ai.dev/rate-limit. 
* Quota exceeded for metric: generativelanguage.googleapis.com/generate_content_free_tier_requests, limit: 20, model: gemini-3.6-flash
Please retry in 55.553294162s.
2026-09-09 18:05:06,721 | WARNING  | evaluation.providers.failover | AI chain: grok#4 failed (transient, kept in rotation) -- grok#4: HTTP 400 from xAI -- {"code":"invalid-argument","error":"Incorrect API key provided. You can obtain an API key from https://console.x.ai."} (model='grok-4.3'; set GROK_MODEL to a current slug if this says the model does not exist)
2026-09-09 18:05:08,679 | WARNING  | evaluation.providers.failover | AI chain: grok#5 failed (transient, kept in rotation) -- grok#5: HTTP 400 from xAI -- {"code":"invalid-argument","error":"Incorrect API key provided. You can obtain an API key from https://console.x.ai."} (model='grok-4.3'; set GROK_MODEL to a current slug if this says the model does not exist)
2026-09-09 18:05:10,716 | WARNING  | evaluation.providers.failover | AI chain: grok#6 failed (transient, kept in rotation) -- grok#6: HTTP 400 from xAI -- {"code":"invalid-argument","error":"Incorrect API key provided. You can obtain an API key from https://console.x.ai."} (model='grok-4.3'; set GROK_MODEL to a current slug if this says the model does not exist)
2026-09-09 18:05:10,747 | INFO     | evaluation.providers.failover | AI chain: gemini#1 ready (GEMINI_API_KEY)
2026-09-09 18:05:10,748 | INFO     | evaluation.providers.failover | AI chain: gemini#2 ready (GEMINI_API_KEY_2)
2026-09-09 18:05:10,749 | INFO     | evaluation.providers.failover | AI chain: gemini#3 ready (GEMINI_API_KEY_3)
2026-09-09 18:05:10,750 | INFO     | evaluation.providers.failover | AI chain: grok#4 ready (GROK_API_KEY)
2026-09-09 18:05:10,752 | INFO     | evaluation.providers.failover | AI chain: grok#5 ready (GROK_API_KEY_2)
2026-09-09 18:05:10,753 | INFO     | evaluation.providers.failover | AI chain: grok#6 ready (GROK_API_KEY_3)
2026-09-09 18:05:14,058 | WARNING  | evaluation.providers.gemini | Gemini transient HTTP 429; retrying.
2026-09-09 18:05:16,249 | WARNING  | evaluation.providers.failover | AI chain: gemini#1 exhausted, retiring it for this run -- Gemini HTTP 429: You exceeded your current quota, please check your plan and billing details. For more information on this error, head to: https://ai.google.dev/gemini-api/docs/rate-limits. To monitor your current usage, head to: https://ai.dev/rate-limit. 
* Quota exceeded for metric: generativelanguage.googleapis.com/generate_content_free_tier_requests, limit: 20, model: gemini-3.6-flash
Please retry in 44.012776199s.
2026-09-09 18:05:19,694 | WARNING  | evaluation.providers.gemini | Gemini transient HTTP 429; retrying.
2026-09-09 18:05:21,277 | WARNING  | evaluation.providers.failover | AI chain: gemini#2 exhausted, retiring it for this run -- Gemini HTTP 429: You exceeded your current quota, please check your plan and billing details. For more information on this error, head to: https://ai.google.dev/gemini-api/docs/rate-limits. To monitor your current usage, head to: https://ai.dev/rate-limit. 
* Quota exceeded for metric: generativelanguage.googleapis.com/generate_content_free_tier_requests, limit: 20, model: gemini-3.6-flash
Please retry in 38.940061594s.
2026-09-09 18:05:24,419 | WARNING  | evaluation.providers.gemini | Gemini transient HTTP 429; retrying.
2026-09-09 18:05:26,898 | WARNING  | evaluation.providers.failover | AI chain: gemini#3 exhausted, retiring it for this run -- Gemini HTTP 429: You exceeded your current quota, please check your plan and billing details. For more information on this error, head to: https://ai.google.dev/gemini-api/docs/rate-limits. To monitor your current usage, head to: https://ai.dev/rate-limit. 
* Quota exceeded for metric: generativelanguage.googleapis.com/generate_content_free_tier_requests, limit: 20, model: gemini-3.6-flash
Please retry in 33.436856123s.
2026-09-09 18:05:28,981 | WARNING  | evaluation.providers.failover | AI chain: grok#4 failed (transient, kept in rotation) -- grok#4: HTTP 400 from xAI -- {"code":"invalid-argument","error":"Incorrect API key provided. You can obtain an API key from https://console.x.ai."} (model='grok-4.3'; set GROK_MODEL to a current slug if this says the model does not exist)
2026-09-09 18:05:31,006 | WARNING  | evaluation.providers.failover | AI chain: grok#5 failed (transient, kept in rotation) -- grok#5: HTTP 400 from xAI -- {"code":"invalid-argument","error":"Incorrect API key provided. You can obtain an API key from https://console.x.ai."} (model='grok-4.3'; set GROK_MODEL to a current slug if this says the model does not exist)
2026-09-09 18:05:32,730 | WARNING  | evaluation.providers.failover | AI chain: grok#6 failed (transient, kept in rotation) -- grok#6: HTTP 400 from xAI -- {"code":"invalid-argument","error":"Incorrect API key provided. You can obtain an API key from https://console.x.ai."} (model='grok-4.3'; set GROK_MODEL to a current slug if this says the model does not exist)
2026-09-09 18:05:32,740 | INFO     | evaluation.providers.failover | AI chain: gemini#1 ready (GEMINI_API_KEY)
2026-09-09 18:05:32,741 | INFO     | evaluation.providers.failover | AI chain: gemini#2 ready (GEMINI_API_KEY_2)
2026-09-09 18:05:32,742 | INFO     | evaluation.providers.failover | AI chain: gemini#3 ready (GEMINI_API_KEY_3)
2026-09-09 18:05:32,744 | INFO     | evaluation.providers.failover | AI chain: grok#4 ready (GROK_API_KEY)
2026-09-09 18:05:32,745 | INFO     | evaluation.providers.failover | AI chain: grok#5 ready (GROK_API_KEY_2)
2026-09-09 18:05:32,747 | INFO     | evaluation.providers.failover | AI chain: grok#6 ready (GROK_API_KEY_3)
2026-09-09 18:05:37,006 | WARNING  | evaluation.providers.gemini | Gemini transient HTTP 429; retrying.
2026-09-09 18:05:37,057 | INFO     | evaluation.providers.failover | AI chain: gemini#1 ready (GEMINI_API_KEY)
2026-09-09 18:05:37,058 | INFO     | evaluation.providers.failover | AI chain: gemini#2 ready (GEMINI_API_KEY_2)
2026-09-09 18:05:37,060 | INFO     | evaluation.providers.failover | AI chain: gemini#3 ready (GEMINI_API_KEY_3)
2026-09-09 18:05:37,061 | INFO     | evaluation.providers.failover | AI chain: grok#4 ready (GROK_API_KEY)
2026-09-09 18:05:37,062 | INFO     | evaluation.providers.failover | AI chain: grok#5 ready (GROK_API_KEY_2)
2026-09-09 18:05:37,064 | INFO     | evaluation.providers.failover | AI chain: grok#6 ready (GROK_API_KEY_3)
2026-09-09 18:05:39,702 | WARNING  | evaluation.providers.failover | AI chain: gemini#1 exhausted, retiring it for this run -- Gemini HTTP 429: You exceeded your current quota, please check your plan and billing details. For more information on this error, head to: https://ai.google.dev/gemini-api/docs/rate-limits. To monitor your current usage, head to: https://ai.dev/rate-limit. 
* Quota exceeded for metric: generativelanguage.googleapis.com/generate_content_free_tier_requests, limit: 20, model: gemini-3.6-flash
Please retry in 20.644754774s.
2026-09-09 18:05:41,204 | WARNING  | evaluation.providers.gemini | Gemini transient HTTP 429; retrying.
2026-09-09 18:05:43,298 | WARNING  | evaluation.providers.failover | AI chain: gemini#1 exhausted, retiring it for this run -- Gemini HTTP 429: You exceeded your current quota, please check your plan and billing details. For more information on this error, head to: https://ai.google.dev/gemini-api/docs/rate-limits. To monitor your current usage, head to: https://ai.dev/rate-limit. 
* Quota exceeded for metric: generativelanguage.googleapis.com/generate_content_free_tier_requests, limit: 20, model: gemini-3.6-flash
Please retry in 16.884841254s.
2026-09-09 18:05:43,448 | WARNING  | evaluation.providers.gemini | Gemini transient HTTP 429; retrying.
2026-09-09 18:05:45,844 | WARNING  | evaluation.providers.failover | AI chain: gemini#2 exhausted, retiring it for this run -- Gemini HTTP 429: You exceeded your current quota, please check your plan and billing details. For more information on this error, head to: https://ai.google.dev/gemini-api/docs/rate-limits. To monitor your current usage, head to: https://ai.dev/rate-limit. 
* Quota exceeded for metric: generativelanguage.googleapis.com/generate_content_free_tier_requests, limit: 20, model: gemini-3.6-flash
Please retry in 14.315320586s.
2026-09-09 18:05:47,339 | WARNING  | evaluation.providers.gemini | Gemini transient HTTP 429; retrying.
2026-09-09 18:05:49,529 | WARNING  | evaluation.providers.failover | AI chain: gemini#2 exhausted, retiring it for this run -- Gemini HTTP 429: You exceeded your current quota, please check your plan and billing details. For more information on this error, head to: https://ai.google.dev/gemini-api/docs/rate-limits. To monitor your current usage, head to: https://ai.dev/rate-limit. 
* Quota exceeded for metric: generativelanguage.googleapis.com/generate_content_free_tier_requests, limit: 20, model: gemini-3.6-flash
Please retry in 10.748148614s.
2026-09-09 18:05:49,593 | WARNING  | evaluation.providers.gemini | Gemini transient HTTP 429; retrying.
2026-09-09 18:05:51,744 | WARNING  | evaluation.providers.failover | AI chain: gemini#3 exhausted, retiring it for this run -- Gemini HTTP 429: You exceeded your current quota, please check your plan and billing details. For more information on this error, head to: https://ai.google.dev/gemini-api/docs/rate-limits. To monitor your current usage, head to: https://ai.dev/rate-limit. 
* Quota exceeded for metric: generativelanguage.googleapis.com/generate_content_free_tier_requests, limit: 20, model: gemini-3.6-flash
Please retry in 8.420827714s.
2026-09-09 18:05:53,250 | WARNING  | evaluation.providers.gemini | Gemini transient HTTP 429; retrying.
2026-09-09 18:05:54,646 | WARNING  | evaluation.providers.failover | AI chain: grok#4 failed (transient, kept in rotation) -- grok#4: HTTP 400 from xAI -- {"code":"invalid-argument","error":"Incorrect API key provided. You can obtain an API key from https://console.x.ai."} (model='grok-4.3'; set GROK_MODEL to a current slug if this says the model does not exist)
2026-09-09 18:05:57,070 | WARNING  | evaluation.providers.failover | AI chain: gemini#3 exhausted, retiring it for this run -- Gemini HTTP 429: You exceeded your current quota, please check your plan and billing details. For more information on this error, head to: https://ai.google.dev/gemini-api/docs/rate-limits. To monitor your current usage, head to: https://ai.dev/rate-limit. 
* Quota exceeded for metric: generativelanguage.googleapis.com/generate_content_free_tier_requests, limit: 20, model: gemini-3.6-flash
Please retry in 3.112016413s.
2026-09-09 18:05:58,038 | WARNING  | evaluation.providers.failover | AI chain: grok#5 failed (transient, kept in rotation) -- grok#5: HTTP 400 from xAI -- {"code":"invalid-argument","error":"Incorrect API key provided. You can obtain an API key from https://console.x.ai."} (model='grok-4.3'; set GROK_MODEL to a current slug if this says the model does not exist)
2026-09-09 18:05:59,738 | WARNING  | evaluation.providers.failover | AI chain: grok#4 failed (transient, kept in rotation) -- grok#4: HTTP 400 from xAI -- {"code":"invalid-argument","error":"Incorrect API key provided. You can obtain an API key from https://console.x.ai."} (model='grok-4.3'; set GROK_MODEL to a current slug if this says the model does not exist)
2026-09-09 18:06:00,800 | WARNING  | evaluation.providers.failover | AI chain: grok#6 failed (transient, kept in rotation) -- grok#6: HTTP 400 from xAI -- {"code":"invalid-argument","error":"Incorrect API key provided. You can obtain an API key from https://console.x.ai."} (model='grok-4.3'; set GROK_MODEL to a current slug if this says the model does not exist)
2026-09-09 18:06:00,831 | INFO     | evaluation.providers.failover | AI chain: gemini#1 ready (GEMINI_API_KEY)
2026-09-09 18:06:00,832 | INFO     | evaluation.providers.failover | AI chain: gemini#2 ready (GEMINI_API_KEY_2)
2026-09-09 18:06:00,834 | INFO     | evaluation.providers.failover | AI chain: gemini#3 ready (GEMINI_API_KEY_3)
2026-09-09 18:06:00,835 | INFO     | evaluation.providers.failover | AI chain: grok#4 ready (GROK_API_KEY)
2026-09-09 18:06:00,837 | INFO     | evaluation.providers.failover | AI chain: grok#5 ready (GROK_API_KEY_2)
2026-09-09 18:06:00,838 | INFO     | evaluation.providers.failover | AI chain: grok#6 ready (GROK_API_KEY_3)
2026-09-09 18:06:02,380 | WARNING  | evaluation.providers.failover | AI chain: grok#5 failed (transient, kept in rotation) -- grok#5: HTTP 400 from xAI -- {"code":"invalid-argument","error":"Incorrect API key provided. You can obtain an API key from https://console.x.ai."} (model='grok-4.3'; set GROK_MODEL to a current slug if this says the model does not exist)
2026-09-09 18:06:04,885 | WARNING  | evaluation.providers.failover | AI chain: grok#6 failed (transient, kept in rotation) -- grok#6: HTTP 400 from xAI -- {"code":"invalid-argument","error":"Incorrect API key provided. You can obtain an API key from https://console.x.ai."} (model='grok-4.3'; set GROK_MODEL to a current slug if this says the model does not exist)
2026-09-09 18:06:05,002 | WARNING  | evaluation.providers.gemini | Gemini transient HTTP 429; retrying.
2026-09-09 18:06:05,018 | INFO     | evaluation.providers.failover | AI chain: gemini#1 ready (GEMINI_API_KEY)
2026-09-09 18:06:05,022 | INFO     | evaluation.providers.failover | AI chain: gemini#2 ready (GEMINI_API_KEY_2)
2026-09-09 18:06:05,035 | INFO     | evaluation.providers.failover | AI chain: gemini#3 ready (GEMINI_API_KEY_3)
2026-09-09 18:06:05,039 | INFO     | evaluation.providers.failover | AI chain: grok#4 ready (GROK_API_KEY)
2026-09-09 18:06:05,047 | INFO     | evaluation.providers.failover | AI chain: grok#5 ready (GROK_API_KEY_2)
2026-09-09 18:06:05,053 | INFO     | evaluation.providers.failover | AI chain: grok#6 ready (GROK_API_KEY_3)
2026-09-09 18:06:08,068 | WARNING  | evaluation.providers.failover | AI chain: gemini#1 exhausted, retiring it for this run -- Gemini HTTP 429: You exceeded your current quota, please check your plan and billing details. For more information on this error, head to: https://ai.google.dev/gemini-api/docs/rate-limits. To monitor your current usage, head to: https://ai.dev/rate-limit. 
* Quota exceeded for metric: generativelanguage.googleapis.com/generate_content_free_tier_requests, limit: 20, model: gemini-3.6-flash
Please retry in 52.24551687s.
2026-09-09 18:06:09,570 | WARNING  | evaluation.providers.gemini | Gemini transient HTTP 429; retrying.
2026-09-09 18:06:11,878 | WARNING  | evaluation.providers.gemini | Gemini transient HTTP 429; retrying.
2026-09-09 18:06:12,056 | WARNING  | evaluation.providers.failover | AI chain: gemini#1 exhausted, retiring it for this run -- Gemini HTTP 429: You exceeded your current quota, please check your plan and billing details. For more information on this error, head to: https://ai.google.dev/gemini-api/docs/rate-limits. To monitor your current usage, head to: https://ai.dev/rate-limit. 
* Quota exceeded for metric: generativelanguage.googleapis.com/generate_content_free_tier_requests, limit: 20, model: gemini-3.6-flash
Please retry in 48.167003814s.
2026-09-09 18:06:14,515 | WARNING  | evaluation.providers.failover | AI chain: gemini#2 exhausted, retiring it for this run -- Gemini HTTP 429: You exceeded your current quota, please check your plan and billing details. For more information on this error, head to: https://ai.google.dev/gemini-api/docs/rate-limits. To monitor your current usage, head to: https://ai.dev/rate-limit. 
* Quota exceeded for metric: generativelanguage.googleapis.com/generate_content_free_tier_requests, limit: 20, model: gemini-3.6-flash
Please retry in 45.743168579s.
2026-09-09 18:06:16,095 | WARNING  | evaluation.providers.gemini | Gemini transient HTTP 429; retrying.
2026-09-09 18:06:18,880 | WARNING  | evaluation.providers.gemini | Gemini transient HTTP 429; retrying.
2026-09-09 18:06:18,927 | WARNING  | evaluation.providers.failover | AI chain: gemini#2 exhausted, retiring it for this run -- Gemini HTTP 429: You exceeded your current quota, please check your plan and billing details. For more information on this error, head to: https://ai.google.dev/gemini-api/docs/rate-limits. To monitor your current usage, head to: https://ai.dev/rate-limit. 
* Quota exceeded for metric: generativelanguage.googleapis.com/generate_content_free_tier_requests, limit: 20, model: gemini-3.6-flash
Please retry in 41.304261536s.
2026-09-09 18:06:21,582 | WARNING  | evaluation.providers.failover | AI chain: gemini#3 exhausted, retiring it for this run -- Gemini HTTP 429: You exceeded your current quota, please check your plan and billing details. For more information on this error, head to: https://ai.google.dev/gemini-api/docs/rate-limits. To monitor your current usage, head to: https://ai.dev/rate-limit. 
* Quota exceeded for metric: generativelanguage.googleapis.com/generate_content_free_tier_requests, limit: 20, model: gemini-3.6-flash
Please retry in 38.619580885s.
2026-09-09 18:06:23,173 | WARNING  | evaluation.providers.gemini | Gemini transient HTTP 429; retrying.
2026-09-09 18:06:25,263 | WARNING  | evaluation.providers.failover | AI chain: grok#4 failed (transient, kept in rotation) -- grok#4: HTTP 400 from xAI -- {"code":"invalid-argument","error":"Incorrect API key provided. You can obtain an API key from https://console.x.ai."} (model='grok-4.3'; set GROK_MODEL to a current slug if this says the model does not exist)
2026-09-09 18:06:26,803 | WARNING  | evaluation.providers.failover | AI chain: gemini#3 exhausted, retiring it for this run -- Gemini HTTP 429: You exceeded your current quota, please check your plan and billing details. For more information on this error, head to: https://ai.google.dev/gemini-api/docs/rate-limits. To monitor your current usage, head to: https://ai.dev/rate-limit. 
* Quota exceeded for metric: generativelanguage.googleapis.com/generate_content_free_tier_requests, limit: 20, model: gemini-3.6-flash
Please retry in 33.488657774s.
2026-09-09 18:06:27,766 | WARNING  | evaluation.providers.failover | AI chain: grok#5 failed (transient, kept in rotation) -- grok#5: HTTP 400 from xAI -- {"code":"invalid-argument","error":"Incorrect API key provided. You can obtain an API key from https://console.x.ai."} (model='grok-4.3'; set GROK_MODEL to a current slug if this says the model does not exist)
2026-09-09 18:06:29,215 | WARNING  | evaluation.providers.failover | AI chain: grok#4 failed (transient, kept in rotation) -- grok#4: HTTP 400 from xAI -- {"code":"invalid-argument","error":"Incorrect API key provided. You can obtain an API key from https://console.x.ai."} (model='grok-4.3'; set GROK_MODEL to a current slug if this says the model does not exist)
2026-09-09 21:57:12,562 | INFO     | evaluation.providers.failover | AI chain: gemini#1 ready (GEMINI_API_KEY)
2026-09-09 21:57:12,564 | INFO     | evaluation.providers.failover | AI chain: gemini#2 ready (GEMINI_API_KEY_2)
2026-09-09 21:57:12,564 | INFO     | evaluation.providers.failover | AI chain: gemini#3 ready (GEMINI_API_KEY_3)
2026-09-09 21:57:12,565 | INFO     | evaluation.providers.failover | AI chain: grok#4 ready (GROK_API_KEY)
2026-09-09 21:57:12,568 | INFO     | evaluation.providers.failover | AI chain: grok#5 ready (GROK_API_KEY_2)
2026-09-09 21:57:12,570 | INFO     | evaluation.providers.failover | AI chain: grok#6 ready (GROK_API_KEY_3)
2026-09-09 21:58:03,793 | INFO     | evaluation.providers.failover | AI chain: gemini#1 ready (GEMINI_API_KEY)
2026-09-09 21:58:03,809 | INFO     | evaluation.providers.failover | AI chain: gemini#2 ready (GEMINI_API_KEY_2)
2026-09-09 21:58:03,840 | INFO     | evaluation.providers.failover | AI chain: gemini#3 ready (GEMINI_API_KEY_3)
2026-09-09 21:58:03,848 | INFO     | evaluation.providers.failover | AI chain: grok#4 ready (GROK_API_KEY)
2026-09-09 21:58:03,882 | INFO     | evaluation.providers.failover | AI chain: grok#5 ready (GROK_API_KEY_2)
2026-09-09 21:58:03,892 | INFO     | evaluation.providers.failover | AI chain: grok#6 ready (GROK_API_KEY_3)
2026-09-09 21:58:09,496 | WARNING  | evaluation.providers.gemini | Gemini transient HTTP 429; retrying.
2026-09-09 21:58:12,826 | WARNING  | evaluation.providers.failover | AI chain: gemini#1 exhausted, retiring it for this run -- Gemini HTTP 429: You exceeded your current quota, please check your plan and billing details. For more information on this error, head to: https://ai.google.dev/gemini-api/docs/rate-limits. To monitor your current usage, head to: https://ai.dev/rate-limit. 
* Quota exceeded for metric: generativelanguage.googleapis.com/generate_content_free_tier_requests, limit: 20, model: gemini-3.6-flash
Please retry in 46.681461458s.
2026-09-09 21:58:59,826 | WARNING  | evaluation.providers.gemini | Gemini transient HTTP 503; retrying.
2026-09-09 21:59:13,688 | WARNING  | evaluation.providers.failover | AI chain: gemini#2 exhausted, retiring it for this run -- Gemini HTTP 429: You exceeded your current quota, please check your plan and billing details. For more information on this error, head to: https://ai.google.dev/gemini-api/docs/rate-limits. To monitor your current usage, head to: https://ai.dev/rate-limit. 
* Quota exceeded for metric: generativelanguage.googleapis.com/generate_content_free_tier_requests, limit: 20, model: gemini-3.6-flash
Please retry in 45.843449678s.
2026-09-09 21:59:39,092 | WARNING  | evaluation.providers.gemini | Gemini transient HTTP 429; retrying.
2026-09-09 21:59:52,840 | WARNING  | evaluation.providers.failover | AI chain: gemini#3 exhausted, retiring it for this run -- Gemini HTTP 429: You exceeded your current quota, please check your plan and billing details. For more information on this error, head to: https://ai.google.dev/gemini-api/docs/rate-limits. To monitor your current usage, head to: https://ai.dev/rate-limit. 
* Quota exceeded for metric: generativelanguage.googleapis.com/generate_content_free_tier_requests, limit: 20, model: gemini-3.6-flash
Please retry in 6.604440933s.
2026-09-09 22:00:06,177 | WARNING  | evaluation.providers.failover | AI chain: grok#4 failed (transient, kept in rotation) -- grok#4: HTTP 400 from xAI -- {"code":"invalid-argument","error":"Incorrect API key provided. You can obtain an API key from https://console.x.ai."} (model='grok-4.3'; set GROK_MODEL to a current slug if this says the model does not exist)
2026-09-09 22:00:07,743 | WARNING  | evaluation.providers.failover | AI chain: grok#5 failed (transient, kept in rotation) -- grok#5: HTTP 400 from xAI -- {"code":"invalid-argument","error":"Incorrect API key provided. You can obtain an API key from https://console.x.ai."} (model='grok-4.3'; set GROK_MODEL to a current slug if this says the model does not exist)
2026-09-09 22:00:09,491 | WARNING  | evaluation.providers.failover | AI chain: grok#6 failed (transient, kept in rotation) -- grok#6: HTTP 400 from xAI -- {"code":"invalid-argument","error":"Incorrect API key provided. You can obtain an API key from https://console.x.ai."} (model='grok-4.3'; set GROK_MODEL to a current slug if this says the model does not exist)
2026-09-09 22:00:09,521 | INFO     | evaluation.providers.failover | AI chain: gemini#1 ready (GEMINI_API_KEY)
2026-09-09 22:00:09,522 | INFO     | evaluation.providers.failover | AI chain: gemini#2 ready (GEMINI_API_KEY_2)
2026-09-09 22:00:09,523 | INFO     | evaluation.providers.failover | AI chain: gemini#3 ready (GEMINI_API_KEY_3)
2026-09-09 22:00:09,525 | INFO     | evaluation.providers.failover | AI chain: grok#4 ready (GROK_API_KEY)
2026-09-09 22:00:09,530 | INFO     | evaluation.providers.failover | AI chain: grok#5 ready (GROK_API_KEY_2)
2026-09-09 22:00:09,533 | INFO     | evaluation.providers.failover | AI chain: grok#6 ready (GROK_API_KEY_3)
2026-09-09 22:00:12,925 | WARNING  | evaluation.providers.gemini | Gemini transient HTTP 429; retrying.
2026-09-09 22:00:15,300 | WARNING  | evaluation.providers.failover | AI chain: gemini#1 exhausted, retiring it for this run -- Gemini HTTP 429: You exceeded your current quota, please check your plan and billing details. For more information on this error, head to: https://ai.google.dev/gemini-api/docs/rate-limits. To monitor your current usage, head to: https://ai.dev/rate-limit. 
* Quota exceeded for metric: generativelanguage.googleapis.com/generate_content_free_tier_requests, limit: 20, model: gemini-3.6-flash
Please retry in 44.199554963s.
2026-09-09 22:00:19,110 | WARNING  | evaluation.providers.gemini | Gemini transient HTTP 429; retrying.
2026-09-09 22:00:23,948 | WARNING  | evaluation.providers.failover | AI chain: gemini#2 exhausted, retiring it for this run -- Gemini HTTP 429: You exceeded your current quota, please check your plan and billing details. For more information on this error, head to: https://ai.google.dev/gemini-api/docs/rate-limits. To monitor your current usage, head to: https://ai.dev/rate-limit. 
* Quota exceeded for metric: generativelanguage.googleapis.com/generate_content_free_tier_requests, limit: 20, model: gemini-3.6-flash
Please retry in 35.555003352s.
2026-09-09 22:00:27,549 | WARNING  | evaluation.providers.gemini | Gemini transient HTTP 429; retrying.
2026-09-09 22:00:28,928 | WARNING  | evaluation.providers.failover | AI chain: gemini#3 exhausted, retiring it for this run -- Gemini HTTP 429: You exceeded your current quota, please check your plan and billing details. For more information on this error, head to: https://ai.google.dev/gemini-api/docs/rate-limits. To monitor your current usage, head to: https://ai.dev/rate-limit. 
* Quota exceeded for metric: generativelanguage.googleapis.com/generate_content_free_tier_requests, limit: 20, model: gemini-3.6-flash
Please retry in 30.568822753s.
2026-09-09 22:00:33,670 | WARNING  | evaluation.providers.failover | AI chain: grok#4 failed (transient, kept in rotation) -- grok#4: HTTP 400 from xAI -- {"code":"invalid-argument","error":"Incorrect API key provided. You can obtain an API key from https://console.x.ai."} (model='grok-4.3'; set GROK_MODEL to a current slug if this says the model does not exist)
2026-09-09 22:00:35,096 | WARNING  | evaluation.providers.failover | AI chain: grok#5 failed (transient, kept in rotation) -- grok#5: HTTP 400 from xAI -- {"code":"invalid-argument","error":"Incorrect API key provided. You can obtain an API key from https://console.x.ai."} (model='grok-4.3'; set GROK_MODEL to a current slug if this says the model does not exist)
2026-09-09 22:00:36,527 | WARNING  | evaluation.providers.failover | AI chain: grok#6 failed (transient, kept in rotation) -- grok#6: HTTP 400 from xAI -- {"code":"invalid-argument","error":"Incorrect API key provided. You can obtain an API key from https://console.x.ai."} (model='grok-4.3'; set GROK_MODEL to a current slug if this says the model does not exist)
2026-09-09 22:00:36,538 | INFO     | evaluation.providers.failover | AI chain: gemini#1 ready (GEMINI_API_KEY)
2026-09-09 22:00:36,540 | INFO     | evaluation.providers.failover | AI chain: gemini#2 ready (GEMINI_API_KEY_2)
2026-09-09 22:00:36,542 | INFO     | evaluation.providers.failover | AI chain: gemini#3 ready (GEMINI_API_KEY_3)
2026-09-09 22:00:36,543 | INFO     | evaluation.providers.failover | AI chain: grok#4 ready (GROK_API_KEY)
2026-09-09 22:00:36,544 | INFO     | evaluation.providers.failover | AI chain: grok#5 ready (GROK_API_KEY_2)
2026-09-09 22:00:36,545 | INFO     | evaluation.providers.failover | AI chain: grok#6 ready (GROK_API_KEY_3)
2026-09-09 22:00:39,423 | WARNING  | evaluation.providers.gemini | Gemini transient HTTP 429; retrying.
2026-09-09 22:00:40,875 | WARNING  | evaluation.providers.failover | AI chain: gemini#1 exhausted, retiring it for this run -- Gemini HTTP 429: You exceeded your current quota, please check your plan and billing details. For more information on this error, head to: https://ai.google.dev/gemini-api/docs/rate-limits. To monitor your current usage, head to: https://ai.dev/rate-limit. 
* Quota exceeded for metric: generativelanguage.googleapis.com/generate_content_free_tier_requests, limit: 20, model: gemini-3.6-flash
Please retry in 18.605052377s.
2026-09-09 22:00:44,131 | WARNING  | evaluation.providers.gemini | Gemini transient HTTP 429; retrying.
2026-09-09 22:00:45,875 | WARNING  | evaluation.providers.failover | AI chain: gemini#2 exhausted, retiring it for this run -- Gemini HTTP 429: You exceeded your current quota, please check your plan and billing details. For more information on this error, head to: https://ai.google.dev/gemini-api/docs/rate-limits. To monitor your current usage, head to: https://ai.dev/rate-limit. 
* Quota exceeded for metric: generativelanguage.googleapis.com/generate_content_free_tier_requests, limit: 20, model: gemini-3.6-flash
Please retry in 13.619833019s.
2026-09-09 22:00:49,232 | WARNING  | evaluation.providers.gemini | Gemini transient HTTP 429; retrying.
2026-09-09 22:00:51,226 | WARNING  | evaluation.providers.failover | AI chain: gemini#3 exhausted, retiring it for this run -- Gemini HTTP 429: You exceeded your current quota, please check your plan and billing details. For more information on this error, head to: https://ai.google.dev/gemini-api/docs/rate-limits. To monitor your current usage, head to: https://ai.dev/rate-limit. 
* Quota exceeded for metric: generativelanguage.googleapis.com/generate_content_free_tier_requests, limit: 20, model: gemini-3.6-flash
Please retry in 8.274226962s.
2026-09-09 22:00:52,707 | WARNING  | evaluation.providers.failover | AI chain: grok#4 failed (transient, kept in rotation) -- grok#4: HTTP 400 from xAI -- {"code":"invalid-argument","error":"Incorrect API key provided. You can obtain an API key from https://console.x.ai."} (model='grok-4.3'; set GROK_MODEL to a current slug if this says the model does not exist)
2026-09-09 22:00:53,973 | WARNING  | evaluation.providers.failover | AI chain: grok#5 failed (transient, kept in rotation) -- grok#5: HTTP 400 from xAI -- {"code":"invalid-argument","error":"Incorrect API key provided. You can obtain an API key from https://console.x.ai."} (model='grok-4.3'; set GROK_MODEL to a current slug if this says the model does not exist)
2026-09-09 22:00:55,422 | WARNING  | evaluation.providers.failover | AI chain: grok#6 failed (transient, kept in rotation) -- grok#6: HTTP 400 from xAI -- {"code":"invalid-argument","error":"Incorrect API key provided. You can obtain an API key from https://console.x.ai."} (model='grok-4.3'; set GROK_MODEL to a current slug if this says the model does not exist)
2026-09-09 22:00:55,433 | INFO     | evaluation.providers.failover | AI chain: gemini#1 ready (GEMINI_API_KEY)
2026-09-09 22:00:55,435 | INFO     | evaluation.providers.failover | AI chain: gemini#2 ready (GEMINI_API_KEY_2)
2026-09-09 22:00:55,437 | INFO     | evaluation.providers.failover | AI chain: gemini#3 ready (GEMINI_API_KEY_3)
2026-09-09 22:00:55,438 | INFO     | evaluation.providers.failover | AI chain: grok#4 ready (GROK_API_KEY)
2026-09-09 22:00:55,438 | INFO     | evaluation.providers.failover | AI chain: grok#5 ready (GROK_API_KEY_2)
2026-09-09 22:00:55,439 | INFO     | evaluation.providers.failover | AI chain: grok#6 ready (GROK_API_KEY_3)
2026-09-09 22:00:58,487 | WARNING  | evaluation.providers.gemini | Gemini transient HTTP 429; retrying.
2026-09-09 22:00:59,864 | WARNING  | evaluation.providers.failover | AI chain: gemini#1 exhausted, retiring it for this run -- Gemini HTTP 429: You exceeded your current quota, please check your plan and billing details. For more information on this error, head to: https://ai.google.dev/gemini-api/docs/rate-limits. To monitor your current usage, head to: https://ai.dev/rate-limit. 
* Quota exceeded for metric: generativelanguage.googleapis.com/generate_content_free_tier_requests, limit: 20, model: gemini-3.6-flash
Please retry in 59.618854485s.
2026-09-09 22:01:02,894 | WARNING  | evaluation.providers.gemini | Gemini transient HTTP 429; retrying.
2026-09-09 22:01:04,382 | WARNING  | evaluation.providers.failover | AI chain: gemini#2 exhausted, retiring it for this run -- Gemini HTTP 429: You exceeded your current quota, please check your plan and billing details. For more information on this error, head to: https://ai.google.dev/gemini-api/docs/rate-limits. To monitor your current usage, head to: https://ai.dev/rate-limit. 
* Quota exceeded for metric: generativelanguage.googleapis.com/generate_content_free_tier_requests, limit: 20, model: gemini-3.6-flash
Please retry in 55.112650158s.
2026-09-09 22:01:07,315 | WARNING  | evaluation.providers.gemini | Gemini transient HTTP 429; retrying.
2026-09-09 22:01:09,140 | WARNING  | evaluation.providers.failover | AI chain: gemini#3 exhausted, retiring it for this run -- Gemini HTTP 429: You exceeded your current quota, please check your plan and billing details. For more information on this error, head to: https://ai.google.dev/gemini-api/docs/rate-limits. To monitor your current usage, head to: https://ai.dev/rate-limit. 
* Quota exceeded for metric: generativelanguage.googleapis.com/generate_content_free_tier_requests, limit: 20, model: gemini-3.6-flash
Please retry in 50.364016975s.
2026-09-09 22:01:10,540 | WARNING  | evaluation.providers.failover | AI chain: grok#4 failed (transient, kept in rotation) -- grok#4: HTTP 400 from xAI -- {"code":"invalid-argument","error":"Incorrect API key provided. You can obtain an API key from https://console.x.ai."} (model='grok-4.3'; set GROK_MODEL to a current slug if this says the model does not exist)
2026-09-09 22:01:11,998 | WARNING  | evaluation.providers.failover | AI chain: grok#5 failed (transient, kept in rotation) -- grok#5: HTTP 400 from xAI -- {"code":"invalid-argument","error":"Incorrect API key provided. You can obtain an API key from https://console.x.ai."} (model='grok-4.3'; set GROK_MODEL to a current slug if this says the model does not exist)
2026-09-09 22:01:13,801 | WARNING  | evaluation.providers.failover | AI chain: grok#6 failed (transient, kept in rotation) -- grok#6: HTTP 400 from xAI -- {"code":"invalid-argument","error":"Incorrect API key provided. You can obtain an API key from https://console.x.ai."} (model='grok-4.3'; set GROK_MODEL to a current slug if this says the model does not exist)
2026-09-09 22:01:13,814 | INFO     | evaluation.providers.failover | AI chain: gemini#1 ready (GEMINI_API_KEY)
2026-09-09 22:01:13,818 | INFO     | evaluation.providers.failover | AI chain: gemini#2 ready (GEMINI_API_KEY_2)
2026-09-09 22:01:13,819 | INFO     | evaluation.providers.failover | AI chain: gemini#3 ready (GEMINI_API_KEY_3)
2026-09-09 22:01:13,823 | INFO     | evaluation.providers.failover | AI chain: grok#4 ready (GROK_API_KEY)
2026-09-09 22:01:13,829 | INFO     | evaluation.providers.failover | AI chain: grok#5 ready (GROK_API_KEY_2)
2026-09-09 22:01:13,830 | INFO     | evaluation.providers.failover | AI chain: grok#6 ready (GROK_API_KEY_3)
2026-09-09 22:01:16,703 | WARNING  | evaluation.providers.gemini | Gemini transient HTTP 429; retrying.
2026-09-09 22:01:18,242 | WARNING  | evaluation.providers.failover | AI chain: gemini#1 exhausted, retiring it for this run -- Gemini HTTP 429: You exceeded your current quota, please check your plan and billing details. For more information on this error, head to: https://ai.google.dev/gemini-api/docs/rate-limits. To monitor your current usage, head to: https://ai.dev/rate-limit. 
* Quota exceeded for metric: generativelanguage.googleapis.com/generate_content_free_tier_requests, limit: 20, model: gemini-3.6-flash
Please retry in 41.253205304s.
2026-09-09 22:13:15,242 | INFO     | evaluation.providers.failover | AI chain: gemini#1 ready (GEMINI_API_KEY)
2026-09-09 22:13:15,263 | INFO     | evaluation.providers.failover | AI chain: gemini#2 ready (GEMINI_API_KEY_2)
2026-09-09 22:13:15,265 | INFO     | evaluation.providers.failover | AI chain: gemini#3 ready (GEMINI_API_KEY_3)
2026-09-09 22:13:15,271 | INFO     | evaluation.providers.failover | AI chain: grok#4 ready (GROK_API_KEY)
2026-09-09 22:13:15,301 | INFO     | evaluation.providers.failover | AI chain: grok#5 ready (GROK_API_KEY_2)
2026-09-09 22:13:15,313 | INFO     | evaluation.providers.failover | AI chain: grok#6 ready (GROK_API_KEY_3)
2026-09-09 22:13:38,840 | WARNING  | evaluation.providers.gemini | Gemini transient HTTP 429; retrying.
2026-09-09 22:13:48,042 | WARNING  | evaluation.providers.failover | AI chain: gemini#1 exhausted, retiring it for this run -- Gemini HTTP 429: You exceeded your current quota, please check your plan and billing details. For more information on this error, head to: https://ai.google.dev/gemini-api/docs/rate-limits. To monitor your current usage, head to: https://ai.dev/rate-limit. 
* Quota exceeded for metric: generativelanguage.googleapis.com/generate_content_free_tier_requests, limit: 20, model: gemini-3.6-flash
Please retry in 11.421883962s.
2026-09-09 22:13:55,785 | WARNING  | evaluation.providers.gemini | Gemini transient HTTP 429; retrying.
2026-09-09 22:14:01,681 | WARNING  | evaluation.providers.failover | AI chain: gemini#2 exhausted, retiring it for this run -- Gemini HTTP 429: You exceeded your current quota, please check your plan and billing details. For more information on this error, head to: https://ai.google.dev/gemini-api/docs/rate-limits. To monitor your current usage, head to: https://ai.dev/rate-limit. 
* Quota exceeded for metric: generativelanguage.googleapis.com/generate_content_free_tier_requests, limit: 20, model: gemini-3.6-flash
Please retry in 57.820557315s.
2026-09-09 22:14:09,586 | WARNING  | evaluation.providers.gemini | Gemini transient HTTP 429; retrying.
2026-09-09 22:14:10,380 | INFO     | evaluation.providers.failover | AI chain: gemini#1 ready (GEMINI_API_KEY)
2026-09-09 22:14:10,387 | INFO     | evaluation.providers.failover | AI chain: gemini#2 ready (GEMINI_API_KEY_2)
2026-09-09 22:14:10,394 | INFO     | evaluation.providers.failover | AI chain: gemini#3 ready (GEMINI_API_KEY_3)
2026-09-09 22:14:10,412 | INFO     | evaluation.providers.failover | AI chain: grok#4 ready (GROK_API_KEY)
2026-09-09 22:14:10,428 | INFO     | evaluation.providers.failover | AI chain: grok#5 ready (GROK_API_KEY_2)
2026-09-09 22:14:10,461 | INFO     | evaluation.providers.failover | AI chain: grok#6 ready (GROK_API_KEY_3)
2026-09-09 22:14:14,550 | WARNING  | evaluation.providers.failover | AI chain: gemini#3 exhausted, retiring it for this run -- Gemini HTTP 429: You exceeded your current quota, please check your plan and billing details. For more information on this error, head to: https://ai.google.dev/gemini-api/docs/rate-limits. To monitor your current usage, head to: https://ai.dev/rate-limit. 
* Quota exceeded for metric: generativelanguage.googleapis.com/generate_content_free_tier_requests, limit: 20, model: gemini-3.6-flash
Please retry in 44.976196676s.
2026-09-09 22:14:16,904 | WARNING  | evaluation.providers.gemini | Gemini transient HTTP 429; retrying.
2026-09-09 22:14:20,976 | WARNING  | evaluation.providers.failover | AI chain: gemini#1 exhausted, retiring it for this run -- Gemini HTTP 429: You exceeded your current quota, please check your plan and billing details. For more information on this error, head to: https://ai.google.dev/gemini-api/docs/rate-limits. To monitor your current usage, head to: https://ai.dev/rate-limit. 
* Quota exceeded for metric: generativelanguage.googleapis.com/generate_content_free_tier_requests, limit: 20, model: gemini-3.6-flash
Please retry in 38.487149319s.
2026-09-09 22:14:26,746 | WARNING  | evaluation.providers.gemini | Gemini transient HTTP 429; retrying.
2026-09-09 22:14:30,897 | WARNING  | evaluation.providers.failover | AI chain: grok#4 failed (transient, kept in rotation) -- grok#4: HTTP 400 from xAI -- {"code":"invalid-argument","error":"Incorrect API key provided. You can obtain an API key from https://console.x.ai."} (model='grok-4.3'; set GROK_MODEL to a current slug if this says the model does not exist)
2026-09-09 22:14:32,503 | WARNING  | evaluation.providers.failover | AI chain: gemini#2 exhausted, retiring it for this run -- Gemini HTTP 429: You exceeded your current quota, please check your plan and billing details. For more information on this error, head to: https://ai.google.dev/gemini-api/docs/rate-limits. To monitor your current usage, head to: https://ai.dev/rate-limit. 
* Quota exceeded for metric: generativelanguage.googleapis.com/generate_content_free_tier_requests, limit: 20, model: gemini-3.6-flash
Please retry in 26.960182285s.
2026-09-09 22:14:36,048 | WARNING  | evaluation.providers.failover | AI chain: grok#5 failed (transient, kept in rotation) -- grok#5: HTTP 400 from xAI -- {"code":"invalid-argument","error":"Incorrect API key provided. You can obtain an API key from https://console.x.ai."} (model='grok-4.3'; set GROK_MODEL to a current slug if this says the model does not exist)
2026-09-09 22:14:38,782 | WARNING  | evaluation.providers.gemini | Gemini transient HTTP 429; retrying.
2026-09-09 22:14:40,085 | WARNING  | evaluation.providers.failover | AI chain: grok#6 failed (transient, kept in rotation) -- grok#6: HTTP 400 from xAI -- {"code":"invalid-argument","error":"Incorrect API key provided. You can obtain an API key from https://console.x.ai."} (model='grok-4.3'; set GROK_MODEL to a current slug if this says the model does not exist)
2026-09-09 22:14:43,269 | WARNING  | evaluation.providers.failover | AI chain: gemini#3 exhausted, retiring it for this run -- Gemini HTTP 429: You exceeded your current quota, please check your plan and billing details. For more information on this error, head to: https://ai.google.dev/gemini-api/docs/rate-limits. To monitor your current usage, head to: https://ai.dev/rate-limit. 
* Quota exceeded for metric: generativelanguage.googleapis.com/generate_content_free_tier_requests, limit: 20, model: gemini-3.6-flash
Please retry in 16.24204485s.
2026-09-09 22:14:47,600 | WARNING  | evaluation.providers.failover | AI chain: grok#4 failed (transient, kept in rotation) -- grok#4: HTTP 400 from xAI -- {"code":"invalid-argument","error":"Incorrect API key provided. You can obtain an API key from https://console.x.ai."} (model='grok-4.3'; set GROK_MODEL to a current slug if this says the model does not exist)
2026-09-09 22:14:52,492 | WARNING  | evaluation.providers.failover | AI chain: grok#5 failed (transient, kept in rotation) -- grok#5: HTTP 400 from xAI -- {"code":"invalid-argument","error":"Incorrect API key provided. You can obtain an API key from https://console.x.ai."} (model='grok-4.3'; set GROK_MODEL to a current slug if this says the model does not exist)
2026-09-09 22:14:56,579 | WARNING  | evaluation.providers.failover | AI chain: grok#6 failed (transient, kept in rotation) -- grok#6: HTTP 400 from xAI -- {"code":"invalid-argument","error":"Incorrect API key provided. You can obtain an API key from https://console.x.ai."} (model='grok-4.3'; set GROK_MODEL to a current slug if this says the model does not exist)
2026-09-09 22:16:09,219 | INFO     | evaluation.providers.failover | AI chain: gemini#1 ready (GEMINI_API_KEY)
2026-09-09 22:16:09,239 | INFO     | evaluation.providers.failover | AI chain: gemini#2 ready (GEMINI_API_KEY_2)
2026-09-09 22:16:09,252 | INFO     | evaluation.providers.failover | AI chain: gemini#3 ready (GEMINI_API_KEY_3)
2026-09-09 22:16:09,273 | INFO     | evaluation.providers.failover | AI chain: grok#4 ready (GROK_API_KEY)
2026-09-09 22:16:09,294 | INFO     | evaluation.providers.failover | AI chain: grok#5 ready (GROK_API_KEY_2)
2026-09-09 22:16:09,304 | INFO     | evaluation.providers.failover | AI chain: grok#6 ready (GROK_API_KEY_3)
2026-09-09 22:16:47,486 | INFO     | evaluation.providers.failover | AI chain: gemini#1 ready (GEMINI_API_KEY)
2026-09-09 22:16:47,487 | INFO     | evaluation.providers.failover | AI chain: gemini#2 ready (GEMINI_API_KEY_2)
2026-09-09 22:16:47,488 | INFO     | evaluation.providers.failover | AI chain: gemini#3 ready (GEMINI_API_KEY_3)
2026-09-09 22:16:47,488 | INFO     | evaluation.providers.failover | AI chain: grok#4 ready (GROK_API_KEY)
2026-09-09 22:16:47,489 | INFO     | evaluation.providers.failover | AI chain: grok#5 ready (GROK_API_KEY_2)
2026-09-09 22:16:47,489 | INFO     | evaluation.providers.failover | AI chain: grok#6 ready (GROK_API_KEY_3)
2026-09-09 22:16:50,693 | WARNING  | evaluation.providers.gemini | Gemini transient HTTP 429; retrying.
2026-09-09 22:16:52,178 | WARNING  | evaluation.providers.failover | AI chain: gemini#1 exhausted, retiring it for this run -- Gemini HTTP 429: You exceeded your current quota, please check your plan and billing details. For more information on this error, head to: https://ai.google.dev/gemini-api/docs/rate-limits. To monitor your current usage, head to: https://ai.dev/rate-limit. 
* Quota exceeded for metric: generativelanguage.googleapis.com/generate_content_free_tier_requests, limit: 20, model: gemini-3.6-flash
Please retry in 7.325940361s.
2026-09-09 22:16:55,424 | WARNING  | evaluation.providers.gemini | Gemini transient HTTP 429; retrying.
2026-09-09 22:16:57,210 | WARNING  | evaluation.providers.failover | AI chain: gemini#2 exhausted, retiring it for this run -- Gemini HTTP 429: You exceeded your current quota, please check your plan and billing details. For more information on this error, head to: https://ai.google.dev/gemini-api/docs/rate-limits. To monitor your current usage, head to: https://ai.dev/rate-limit. 
* Quota exceeded for metric: generativelanguage.googleapis.com/generate_content_free_tier_requests, limit: 20, model: gemini-3.6-flash
Please retry in 2.289810752s.
2026-09-09 22:17:00,574 | WARNING  | evaluation.providers.gemini | Gemini transient HTTP 429; retrying.
2026-09-09 22:17:02,150 | WARNING  | evaluation.providers.failover | AI chain: gemini#3 exhausted, retiring it for this run -- Gemini HTTP 429: You exceeded your current quota, please check your plan and billing details. For more information on this error, head to: https://ai.google.dev/gemini-api/docs/rate-limits. To monitor your current usage, head to: https://ai.dev/rate-limit. 
* Quota exceeded for metric: generativelanguage.googleapis.com/generate_content_free_tier_requests, limit: 20, model: gemini-3.6-flash
Please retry in 57.363419389s.
2026-09-09 22:17:03,602 | WARNING  | evaluation.providers.failover | AI chain: grok#4 failed (transient, kept in rotation) -- grok#4: HTTP 400 from xAI -- {"code":"invalid-argument","error":"Incorrect API key provided. You can obtain an API key from https://console.x.ai."} (model='grok-4.3'; set GROK_MODEL to a current slug if this says the model does not exist)
2026-09-09 22:17:05,038 | WARNING  | evaluation.providers.failover | AI chain: grok#5 failed (transient, kept in rotation) -- grok#5: HTTP 400 from xAI -- {"code":"invalid-argument","error":"Incorrect API key provided. You can obtain an API key from https://console.x.ai."} (model='grok-4.3'; set GROK_MODEL to a current slug if this says the model does not exist)
2026-09-09 22:17:06,539 | WARNING  | evaluation.providers.failover | AI chain: grok#6 failed (transient, kept in rotation) -- grok#6: HTTP 400 from xAI -- {"code":"invalid-argument","error":"Incorrect API key provided. You can obtain an API key from https://console.x.ai."} (model='grok-4.3'; set GROK_MODEL to a current slug if this says the model does not exist)
2026-09-09 23:02:23,632 | INFO     | evaluation.providers.failover | AI chain: gemini#1 ready (GEMINI_API_KEY)
2026-09-09 23:02:23,634 | INFO     | evaluation.providers.failover | AI chain: gemini#2 ready (GEMINI_API_KEY_2)
2026-09-09 23:02:23,636 | INFO     | evaluation.providers.failover | AI chain: gemini#3 ready (GEMINI_API_KEY_3)
2026-09-09 23:02:23,637 | INFO     | evaluation.providers.failover | AI chain: grok#4 ready (GROK_API_KEY)
2026-09-09 23:02:23,638 | INFO     | evaluation.providers.failover | AI chain: grok#5 ready (GROK_API_KEY_2)
2026-09-09 23:02:23,646 | INFO     | evaluation.providers.failover | AI chain: grok#6 ready (GROK_API_KEY_3)
2026-09-09 23:02:41,088 | WARNING  | evaluation.providers.gemini | Gemini transient HTTP 429; retrying.
2026-09-09 23:02:43,990 | WARNING  | evaluation.providers.failover | AI chain: gemini#1 exhausted, retiring it for this run -- Gemini HTTP 429: You exceeded your current quota, please check your plan and billing details. For more information on this error, head to: https://ai.google.dev/gemini-api/docs/rate-limits. To monitor your current usage, head to: https://ai.dev/rate-limit. 
* Quota exceeded for metric: generativelanguage.googleapis.com/generate_content_free_tier_requests, limit: 20, model: gemini-3.6-flash
Please retry in 15.613420921s.
2026-09-09 23:02:49,073 | WARNING  | evaluation.providers.gemini | Gemini transient HTTP 429; retrying.
2026-09-09 23:02:54,722 | WARNING  | evaluation.providers.failover | AI chain: gemini#2 exhausted, retiring it for this run -- Gemini HTTP 429: You exceeded your current quota, please check your plan and billing details. For more information on this error, head to: https://ai.google.dev/gemini-api/docs/rate-limits. To monitor your current usage, head to: https://ai.dev/rate-limit. 
* Quota exceeded for metric: generativelanguage.googleapis.com/generate_content_free_tier_requests, limit: 20, model: gemini-3.6-flash
Please retry in 4.886893643s.
2026-09-09 23:02:59,208 | WARNING  | evaluation.providers.gemini | Gemini transient HTTP 429; retrying.
2026-09-09 23:03:03,533 | WARNING  | evaluation.providers.failover | AI chain: gemini#3 exhausted, retiring it for this run -- Gemini HTTP 429: You exceeded your current quota, please check your plan and billing details. For more information on this error, head to: https://ai.google.dev/gemini-api/docs/rate-limits. To monitor your current usage, head to: https://ai.dev/rate-limit. 
* Quota exceeded for metric: generativelanguage.googleapis.com/generate_content_free_tier_requests, limit: 20, model: gemini-3.6-flash
Please retry in 56.097420919s.
2026-09-09 23:03:17,913 | WARNING  | evaluation.providers.failover | AI chain: grok#4 failed (transient, kept in rotation) -- grok#4: HTTP 400 from xAI -- {"code":"invalid-argument","error":"Incorrect API key provided. You can obtain an API key from https://console.x.ai."} (model='grok-4.3'; set GROK_MODEL to a current slug if this says the model does not exist)
2026-09-09 23:03:20,678 | WARNING  | evaluation.providers.failover | AI chain: grok#5 failed (transient, kept in rotation) -- grok#5: HTTP 400 from xAI -- {"code":"invalid-argument","error":"Incorrect API key provided. You can obtain an API key from https://console.x.ai."} (model='grok-4.3'; set GROK_MODEL to a current slug if this says the model does not exist)
2026-09-09 23:03:23,848 | WARNING  | evaluation.providers.failover | AI chain: grok#6 failed (transient, kept in rotation) -- grok#6: HTTP 400 from xAI -- {"code":"invalid-argument","error":"Incorrect API key provided. You can obtain an API key from https://console.x.ai."} (model='grok-4.3'; set GROK_MODEL to a current slug if this says the model does not exist)
2026-09-10 10:27:48,419 | INFO     | evaluation.providers.failover | AI chain: gemini#1 ready (GEMINI_API_KEY)
2026-09-10 10:27:48,450 | INFO     | evaluation.providers.failover | AI chain: gemini#2 ready (GEMINI_API_KEY_2)
2026-09-10 10:27:48,453 | INFO     | evaluation.providers.failover | AI chain: gemini#3 ready (GEMINI_API_KEY_3)
2026-09-10 10:27:48,454 | INFO     | evaluation.providers.failover | AI chain: grok#4 ready (GROK_API_KEY)
2026-09-10 10:27:48,454 | INFO     | evaluation.providers.failover | AI chain: grok#5 ready (GROK_API_KEY_2)
2026-09-10 10:27:48,455 | INFO     | evaluation.providers.failover | AI chain: grok#6 ready (GROK_API_KEY_3)
2026-09-10 12:26:11,646 | INFO     | evaluation.providers.failover | AI chain: gemini#1 ready (GEMINI_API_KEY)
2026-09-10 12:26:11,651 | INFO     | evaluation.providers.failover | AI chain: gemini#2 ready (GEMINI_API_KEY_2)
2026-09-10 12:26:11,653 | INFO     | evaluation.providers.failover | AI chain: gemini#3 ready (GEMINI_API_KEY_3)
2026-09-10 12:26:11,656 | INFO     | evaluation.providers.failover | AI chain: grok#4 ready (GROK_API_KEY)
2026-09-10 12:26:11,662 | INFO     | evaluation.providers.failover | AI chain: grok#5 ready (GROK_API_KEY_2)
2026-09-10 12:26:11,668 | INFO     | evaluation.providers.failover | AI chain: grok#6 ready (GROK_API_KEY_3)
2026-09-10 12:26:22,141 | INFO     | evaluation.providers.failover | AI chain: gemini#1 ready (GEMINI_API_KEY)
2026-09-10 12:26:22,143 | INFO     | evaluation.providers.failover | AI chain: gemini#2 ready (GEMINI_API_KEY_2)
2026-09-10 12:26:22,152 | INFO     | evaluation.providers.failover | AI chain: gemini#3 ready (GEMINI_API_KEY_3)
2026-09-10 12:26:22,170 | INFO     | evaluation.providers.failover | AI chain: grok#4 ready (GROK_API_KEY)
2026-09-10 12:26:22,204 | INFO     | evaluation.providers.failover | AI chain: grok#5 ready (GROK_API_KEY_2)
2026-09-10 12:26:22,235 | INFO     | evaluation.providers.failover | AI chain: grok#6 ready (GROK_API_KEY_3)
2026-09-10 12:26:33,657 | WARNING  | evaluation.providers.gemini | Gemini transient HTTP 429; retrying.
2026-09-10 12:26:42,802 | WARNING  | evaluation.providers.failover | AI chain: gemini#1 exhausted, retiring it for this run -- Gemini HTTP 429: You exceeded your current quota, please check your plan and billing details. For more information on this error, head to: https://ai.google.dev/gemini-api/docs/rate-limits. To monitor your current usage, head to: https://ai.dev/rate-limit. 
* Quota exceeded for metric: generativelanguage.googleapis.com/generate_content_free_tier_requests, limit: 20, model: gemini-3.6-flash
Please retry in 17.31110881s.
2026-09-10 12:27:19,125 | INFO     | evaluation.providers.failover | AI chain: gemini#2 answered after 1 failure(s)
2026-09-10 12:27:19,183 | INFO     | evaluation.providers.failover | AI chain: gemini#1 ready (GEMINI_API_KEY)
2026-09-10 12:27:19,187 | INFO     | evaluation.providers.failover | AI chain: gemini#2 ready (GEMINI_API_KEY_2)
2026-09-10 12:27:19,192 | INFO     | evaluation.providers.failover | AI chain: gemini#3 ready (GEMINI_API_KEY_3)
2026-09-10 12:27:19,203 | INFO     | evaluation.providers.failover | AI chain: grok#4 ready (GROK_API_KEY)
2026-09-10 12:27:19,217 | INFO     | evaluation.providers.failover | AI chain: grok#5 ready (GROK_API_KEY_2)
2026-09-10 12:27:19,242 | INFO     | evaluation.providers.failover | AI chain: grok#6 ready (GROK_API_KEY_3)
2026-09-10 12:27:28,293 | WARNING  | evaluation.providers.gemini | Gemini transient HTTP 429; retrying.
2026-09-10 12:27:36,730 | WARNING  | evaluation.providers.failover | AI chain: gemini#1 exhausted, retiring it for this run -- Gemini HTTP 429: You exceeded your current quota, please check your plan and billing details. For more information on this error, head to: https://ai.google.dev/gemini-api/docs/rate-limits. To monitor your current usage, head to: https://ai.dev/rate-limit. 
* Quota exceeded for metric: generativelanguage.googleapis.com/generate_content_free_tier_requests, limit: 20, model: gemini-3.6-flash
Please retry in 23.402260151s.
2026-09-10 12:27:44,989 | WARNING  | evaluation.providers.gemini | Gemini transient HTTP 429; retrying.
2026-09-10 12:27:51,088 | WARNING  | evaluation.providers.failover | AI chain: gemini#2 exhausted, retiring it for this run -- Gemini HTTP 429: You exceeded your current quota, please check your plan and billing details. For more information on this error, head to: https://ai.google.dev/gemini-api/docs/rate-limits. To monitor your current usage, head to: https://ai.dev/rate-limit. 
* Quota exceeded for metric: generativelanguage.googleapis.com/generate_content_free_tier_requests, limit: 20, model: gemini-3.6-flash
Please retry in 9.098549912s.
2026-09-10 12:27:59,102 | WARNING  | evaluation.providers.gemini | Gemini transient HTTP 429; retrying.
2026-09-10 12:28:01,653 | WARNING  | evaluation.providers.failover | AI chain: gemini#3 exhausted, retiring it for this run -- Gemini HTTP 429: You exceeded your current quota, please check your plan and billing details. For more information on this error, head to: https://ai.google.dev/gemini-api/docs/rate-limits. To monitor your current usage, head to: https://ai.dev/rate-limit. 
* Quota exceeded for metric: generativelanguage.googleapis.com/generate_content_free_tier_requests, limit: 20, model: gemini-3.6-flash
Please retry in 58.388995653s.
2026-09-10 12:28:04,265 | WARNING  | evaluation.providers.failover | AI chain: grok#4 failed (transient, kept in rotation) -- grok#4: HTTP 400 from xAI -- {"code":"invalid-argument","error":"Incorrect API key provided. You can obtain an API key from https://console.x.ai."} (model='grok-4.3'; set GROK_MODEL to a current slug if this says the model does not exist)
2026-09-10 12:28:06,918 | WARNING  | evaluation.providers.failover | AI chain: grok#5 failed (transient, kept in rotation) -- grok#5: HTTP 400 from xAI -- {"code":"invalid-argument","error":"Incorrect API key provided. You can obtain an API key from https://console.x.ai."} (model='grok-4.3'; set GROK_MODEL to a current slug if this says the model does not exist)
2026-09-10 12:28:09,287 | WARNING  | evaluation.providers.failover | AI chain: grok#6 failed (transient, kept in rotation) -- grok#6: HTTP 400 from xAI -- {"code":"invalid-argument","error":"Incorrect API key provided. You can obtain an API key from https://console.x.ai."} (model='grok-4.3'; set GROK_MODEL to a current slug if this says the model does not exist)
2026-09-10 12:28:09,472 | INFO     | evaluation.providers.failover | AI chain: gemini#1 ready (GEMINI_API_KEY)
2026-09-10 12:28:09,476 | INFO     | evaluation.providers.failover | AI chain: gemini#2 ready (GEMINI_API_KEY_2)
2026-09-10 12:28:09,494 | INFO     | evaluation.providers.failover | AI chain: gemini#3 ready (GEMINI_API_KEY_3)
2026-09-10 12:28:09,501 | INFO     | evaluation.providers.failover | AI chain: grok#4 ready (GROK_API_KEY)
2026-09-10 12:28:09,510 | INFO     | evaluation.providers.failover | AI chain: grok#5 ready (GROK_API_KEY_2)
2026-09-10 12:28:09,519 | INFO     | evaluation.providers.failover | AI chain: grok#6 ready (GROK_API_KEY_3)
2026-09-10 12:28:13,538 | WARNING  | evaluation.providers.gemini | Gemini transient HTTP 429; retrying.
2026-09-10 12:28:16,147 | WARNING  | evaluation.providers.failover | AI chain: gemini#1 exhausted, retiring it for this run -- Gemini HTTP 429: You exceeded your current quota, please check your plan and billing details. For more information on this error, head to: https://ai.google.dev/gemini-api/docs/rate-limits. To monitor your current usage, head to: https://ai.dev/rate-limit. 
* Quota exceeded for metric: generativelanguage.googleapis.com/generate_content_free_tier_requests, limit: 20, model: gemini-3.6-flash
Please retry in 43.895196414s.
2026-09-10 12:28:20,092 | WARNING  | evaluation.providers.gemini | Gemini transient HTTP 429; retrying.
2026-09-10 12:28:22,710 | WARNING  | evaluation.providers.failover | AI chain: gemini#2 exhausted, retiring it for this run -- Gemini HTTP 429: You exceeded your current quota, please check your plan and billing details. For more information on this error, head to: https://ai.google.dev/gemini-api/docs/rate-limits. To monitor your current usage, head to: https://ai.dev/rate-limit. 
* Quota exceeded for metric: generativelanguage.googleapis.com/generate_content_free_tier_requests, limit: 20, model: gemini-3.6-flash
Please retry in 37.631875138s.
2026-09-10 12:28:26,852 | WARNING  | evaluation.providers.gemini | Gemini transient HTTP 429; retrying.
2026-09-10 12:28:28,968 | WARNING  | evaluation.providers.failover | AI chain: gemini#3 exhausted, retiring it for this run -- Gemini HTTP 429: You exceeded your current quota, please check your plan and billing details. For more information on this error, head to: https://ai.google.dev/gemini-api/docs/rate-limits. To monitor your current usage, head to: https://ai.dev/rate-limit. 
* Quota exceeded for metric: generativelanguage.googleapis.com/generate_content_free_tier_requests, limit: 20, model: gemini-3.6-flash
Please retry in 31.080422719s.
2026-09-10 12:28:33,253 | WARNING  | evaluation.providers.failover | AI chain: grok#4 failed (transient, kept in rotation) -- grok#4: HTTP 400 from xAI -- {"code":"invalid-argument","error":"Incorrect API key provided. You can obtain an API key from https://console.x.ai."} (model='grok-4.3'; set GROK_MODEL to a current slug if this says the model does not exist)
2026-09-10 12:28:35,422 | WARNING  | evaluation.providers.failover | AI chain: grok#5 failed (transient, kept in rotation) -- grok#5: HTTP 400 from xAI -- {"code":"invalid-argument","error":"Incorrect API key provided. You can obtain an API key from https://console.x.ai."} (model='grok-4.3'; set GROK_MODEL to a current slug if this says the model does not exist)
2026-09-10 12:28:37,687 | WARNING  | evaluation.providers.failover | AI chain: grok#6 failed (transient, kept in rotation) -- grok#6: HTTP 400 from xAI -- {"code":"invalid-argument","error":"Incorrect API key provided. You can obtain an API key from https://console.x.ai."} (model='grok-4.3'; set GROK_MODEL to a current slug if this says the model does not exist)
2026-09-10 12:28:37,711 | INFO     | evaluation.providers.failover | AI chain: gemini#1 ready (GEMINI_API_KEY)
2026-09-10 12:28:37,712 | INFO     | evaluation.providers.failover | AI chain: gemini#2 ready (GEMINI_API_KEY_2)
2026-09-10 12:28:37,713 | INFO     | evaluation.providers.failover | AI chain: gemini#3 ready (GEMINI_API_KEY_3)
2026-09-10 12:28:37,714 | INFO     | evaluation.providers.failover | AI chain: grok#4 ready (GROK_API_KEY)
2026-09-10 12:28:37,716 | INFO     | evaluation.providers.failover | AI chain: grok#5 ready (GROK_API_KEY_2)
2026-09-10 12:28:37,716 | INFO     | evaluation.providers.failover | AI chain: grok#6 ready (GROK_API_KEY_3)
2026-09-10 12:28:41,494 | WARNING  | evaluation.providers.gemini | Gemini transient HTTP 429; retrying.
2026-09-10 12:28:45,460 | WARNING  | evaluation.providers.failover | AI chain: gemini#1 exhausted, retiring it for this run -- Gemini HTTP 429: You exceeded your current quota, please check your plan and billing details. For more information on this error, head to: https://ai.google.dev/gemini-api/docs/rate-limits. To monitor your current usage, head to: https://ai.dev/rate-limit. 
* Quota exceeded for metric: generativelanguage.googleapis.com/generate_content_free_tier_requests, limit: 20, model: gemini-3.6-flash
Please retry in 14.643781352s.
2026-09-10 12:28:49,395 | WARNING  | evaluation.providers.gemini | Gemini transient HTTP 429; retrying.
2026-09-10 12:28:51,560 | WARNING  | evaluation.providers.failover | AI chain: gemini#2 exhausted, retiring it for this run -- Gemini HTTP 429: You exceeded your current quota, please check your plan and billing details. For more information on this error, head to: https://ai.google.dev/gemini-api/docs/rate-limits. To monitor your current usage, head to: https://ai.dev/rate-limit. 
* Quota exceeded for metric: generativelanguage.googleapis.com/generate_content_free_tier_requests, limit: 20, model: gemini-3.6-flash
Please retry in 8.489502801s.
2026-09-10 12:28:55,530 | WARNING  | evaluation.providers.gemini | Gemini transient HTTP 429; retrying.
2026-09-10 12:28:57,815 | WARNING  | evaluation.providers.failover | AI chain: gemini#3 exhausted, retiring it for this run -- Gemini HTTP 429: You exceeded your current quota, please check your plan and billing details. For more information on this error, head to: https://ai.google.dev/gemini-api/docs/rate-limits. To monitor your current usage, head to: https://ai.dev/rate-limit. 
* Quota exceeded for metric: generativelanguage.googleapis.com/generate_content_free_tier_requests, limit: 20, model: gemini-3.6-flash
Please retry in 2.240166713s.
2026-09-10 12:29:00,065 | WARNING  | evaluation.providers.failover | AI chain: grok#4 failed (transient, kept in rotation) -- grok#4: HTTP 400 from xAI -- {"code":"invalid-argument","error":"Incorrect API key provided. You can obtain an API key from https://console.x.ai."} (model='grok-4.3'; set GROK_MODEL to a current slug if this says the model does not exist)
2026-09-10 12:29:02,523 | WARNING  | evaluation.providers.failover | AI chain: grok#5 failed (transient, kept in rotation) -- grok#5: HTTP 400 from xAI -- {"code":"invalid-argument","error":"Incorrect API key provided. You can obtain an API key from https://console.x.ai."} (model='grok-4.3'; set GROK_MODEL to a current slug if this says the model does not exist)
2026-09-10 12:29:04,785 | WARNING  | evaluation.providers.failover | AI chain: grok#6 failed (transient, kept in rotation) -- grok#6: HTTP 400 from xAI -- {"code":"invalid-argument","error":"Incorrect API key provided. You can obtain an API key from https://console.x.ai."} (model='grok-4.3'; set GROK_MODEL to a current slug if this says the model does not exist)
2026-09-10 12:29:04,820 | INFO     | evaluation.providers.failover | AI chain: gemini#1 ready (GEMINI_API_KEY)
2026-09-10 12:29:04,824 | INFO     | evaluation.providers.failover | AI chain: gemini#2 ready (GEMINI_API_KEY_2)
2026-09-10 12:29:04,830 | INFO     | evaluation.providers.failover | AI chain: gemini#3 ready (GEMINI_API_KEY_3)
2026-09-10 12:29:04,832 | INFO     | evaluation.providers.failover | AI chain: grok#4 ready (GROK_API_KEY)
2026-09-10 12:29:04,834 | INFO     | evaluation.providers.failover | AI chain: grok#5 ready (GROK_API_KEY_2)
2026-09-10 12:29:04,835 | INFO     | evaluation.providers.failover | AI chain: grok#6 ready (GROK_API_KEY_3)
2026-09-10 12:29:08,644 | WARNING  | evaluation.providers.gemini | Gemini transient HTTP 429; retrying.
2026-09-10 12:29:10,925 | WARNING  | evaluation.providers.failover | AI chain: gemini#1 exhausted, retiring it for this run -- Gemini HTTP 429: You exceeded your current quota, please check your plan and billing details. For more information on this error, head to: https://ai.google.dev/gemini-api/docs/rate-limits. To monitor your current usage, head to: https://ai.dev/rate-limit. 
* Quota exceeded for metric: generativelanguage.googleapis.com/generate_content_free_tier_requests, limit: 20, model: gemini-3.6-flash
Please retry in 49.188985643s.
2026-09-10 12:29:19,212 | WARNING  | evaluation.providers.gemini | Gemini transient HTTP 429; retrying.
2026-09-10 12:29:23,831 | WARNING  | evaluation.providers.failover | AI chain: gemini#2 exhausted, retiring it for this run -- Gemini HTTP 429: You exceeded your current quota, please check your plan and billing details. For more information on this error, head to: https://ai.google.dev/gemini-api/docs/rate-limits. To monitor your current usage, head to: https://ai.dev/rate-limit. 
* Quota exceeded for metric: generativelanguage.googleapis.com/generate_content_free_tier_requests, limit: 20, model: gemini-3.6-flash
Please retry in 36.327659984s.
2026-09-10 12:29:29,834 | WARNING  | evaluation.providers.gemini | Gemini transient HTTP 429; retrying.
2026-09-10 12:29:37,346 | WARNING  | evaluation.providers.failover | AI chain: gemini#3 exhausted, retiring it for this run -- Gemini HTTP 429: You exceeded your current quota, please check your plan and billing details. For more information on this error, head to: https://ai.google.dev/gemini-api/docs/rate-limits. To monitor your current usage, head to: https://ai.dev/rate-limit. 
* Quota exceeded for metric: generativelanguage.googleapis.com/generate_content_free_tier_requests, limit: 20, model: gemini-3.6-flash
Please retry in 22.750672665s.
2026-09-10 12:30:22,945 | WARNING  | evaluation.providers.failover | AI chain: grok#4 failed (transient, kept in rotation) -- grok#4: HTTP 400 from xAI -- {"code":"invalid-argument","error":"Incorrect API key provided. You can obtain an API key from https://console.x.ai."} (model='grok-4.3'; set GROK_MODEL to a current slug if this says the model does not exist)
2026-09-10 12:30:57,218 | WARNING  | evaluation.providers.failover | AI chain: grok#5 failed (transient, kept in rotation) -- grok#5: HTTP 400 from xAI -- {"code":"invalid-argument","error":"Incorrect API key provided. You can obtain an API key from https://console.x.ai."} (model='grok-4.3'; set GROK_MODEL to a current slug if this says the model does not exist)
2026-09-10 12:31:19,873 | WARNING  | evaluation.providers.failover | AI chain: grok#6 failed (transient, kept in rotation) -- grok#6: HTTP 400 from xAI -- {"code":"invalid-argument","error":"Incorrect API key provided. You can obtain an API key from https://console.x.ai."} (model='grok-4.3'; set GROK_MODEL to a current slug if this says the model does not exist)
2026-09-10 12:31:21,727 | INFO     | evaluation.providers.failover | AI chain: gemini#1 ready (GEMINI_API_KEY)
2026-09-10 12:31:21,954 | INFO     | evaluation.providers.failover | AI chain: gemini#2 ready (GEMINI_API_KEY_2)
2026-09-10 12:31:22,018 | INFO     | evaluation.providers.failover | AI chain: gemini#3 ready (GEMINI_API_KEY_3)
2026-09-10 12:31:22,159 | INFO     | evaluation.providers.failover | AI chain: grok#4 ready (GROK_API_KEY)
2026-09-10 12:31:22,353 | INFO     | evaluation.providers.failover | AI chain: grok#5 ready (GROK_API_KEY_2)
2026-09-10 12:31:22,656 | INFO     | evaluation.providers.failover | AI chain: grok#6 ready (GROK_API_KEY_3)
2026-09-10 12:31:46,311 | INFO     | evaluation.providers.failover | AI chain: gemini#1 ready (GEMINI_API_KEY)
2026-09-10 12:31:46,390 | INFO     | evaluation.providers.failover | AI chain: gemini#2 ready (GEMINI_API_KEY_2)
2026-09-10 12:31:46,496 | INFO     | evaluation.providers.failover | AI chain: gemini#3 ready (GEMINI_API_KEY_3)
2026-09-10 12:31:46,728 | INFO     | evaluation.providers.failover | AI chain: grok#4 ready (GROK_API_KEY)
2026-09-10 12:31:46,900 | INFO     | evaluation.providers.failover | AI chain: grok#5 ready (GROK_API_KEY_2)
2026-09-10 12:31:47,196 | INFO     | evaluation.providers.failover | AI chain: grok#6 ready (GROK_API_KEY_3)
2026-09-10 12:31:50,845 | INFO     | evaluation.providers.failover | AI chain: gemini#1 ready (GEMINI_API_KEY)
2026-09-10 12:31:50,865 | INFO     | evaluation.providers.failover | AI chain: gemini#2 ready (GEMINI_API_KEY_2)
2026-09-10 12:31:50,880 | INFO     | evaluation.providers.failover | AI chain: gemini#3 ready (GEMINI_API_KEY_3)
2026-09-10 12:31:50,900 | INFO     | evaluation.providers.failover | AI chain: grok#4 ready (GROK_API_KEY)
2026-09-10 12:31:50,934 | INFO     | evaluation.providers.failover | AI chain: grok#5 ready (GROK_API_KEY_2)
2026-09-10 12:31:50,967 | INFO     | evaluation.providers.failover | AI chain: grok#6 ready (GROK_API_KEY_3)
2026-09-10 12:32:06,012 | INFO     | evaluation.providers.failover | AI chain: gemini#1 ready (GEMINI_API_KEY)
2026-09-10 12:32:06,032 | INFO     | evaluation.providers.failover | AI chain: gemini#2 ready (GEMINI_API_KEY_2)
2026-09-10 12:32:06,050 | INFO     | evaluation.providers.failover | AI chain: gemini#3 ready (GEMINI_API_KEY_3)
2026-09-10 12:32:06,078 | INFO     | evaluation.providers.failover | AI chain: grok#4 ready (GROK_API_KEY)
2026-09-10 12:32:06,112 | INFO     | evaluation.providers.failover | AI chain: grok#5 ready (GROK_API_KEY_2)
2026-09-10 12:32:06,143 | INFO     | evaluation.providers.failover | AI chain: grok#6 ready (GROK_API_KEY_3)
2026-09-10 12:32:17,465 | INFO     | evaluation.providers.failover | AI chain: gemini#1 ready (GEMINI_API_KEY)
2026-09-10 12:32:17,511 | INFO     | evaluation.providers.failover | AI chain: gemini#2 ready (GEMINI_API_KEY_2)
2026-09-10 12:32:17,571 | INFO     | evaluation.providers.failover | AI chain: gemini#3 ready (GEMINI_API_KEY_3)
2026-09-10 12:32:17,589 | INFO     | evaluation.providers.failover | AI chain: grok#4 ready (GROK_API_KEY)
2026-09-10 12:32:17,611 | INFO     | evaluation.providers.failover | AI chain: grok#5 ready (GROK_API_KEY_2)
2026-09-10 12:32:17,768 | INFO     | evaluation.providers.failover | AI chain: grok#6 ready (GROK_API_KEY_3)
2026-09-10 12:32:31,183 | INFO     | evaluation.providers.failover | AI chain: gemini#1 ready (GEMINI_API_KEY)
2026-09-10 12:32:31,230 | INFO     | evaluation.providers.failover | AI chain: gemini#2 ready (GEMINI_API_KEY_2)
2026-09-10 12:32:31,321 | INFO     | evaluation.providers.failover | AI chain: gemini#3 ready (GEMINI_API_KEY_3)
2026-09-10 12:32:31,413 | INFO     | evaluation.providers.failover | AI chain: grok#4 ready (GROK_API_KEY)
2026-09-10 12:32:31,533 | INFO     | evaluation.providers.failover | AI chain: grok#5 ready (GROK_API_KEY_2)
2026-09-10 12:32:31,636 | INFO     | evaluation.providers.failover | AI chain: grok#6 ready (GROK_API_KEY_3)
2026-09-10 12:32:48,979 | INFO     | evaluation.providers.failover | AI chain: gemini#1 ready (GEMINI_API_KEY)
2026-09-10 12:32:48,990 | INFO     | evaluation.providers.failover | AI chain: gemini#2 ready (GEMINI_API_KEY_2)
2026-09-10 12:32:49,040 | INFO     | evaluation.providers.failover | AI chain: gemini#3 ready (GEMINI_API_KEY_3)
2026-09-10 12:32:49,060 | INFO     | evaluation.providers.failover | AI chain: grok#4 ready (GROK_API_KEY)
2026-09-10 12:32:49,109 | INFO     | evaluation.providers.failover | AI chain: grok#5 ready (GROK_API_KEY_2)
2026-09-10 12:32:49,130 | INFO     | evaluation.providers.failover | AI chain: grok#6 ready (GROK_API_KEY_3)
2026-09-10 12:33:07,358 | INFO     | evaluation.providers.failover | AI chain: gemini#1 ready (GEMINI_API_KEY)
2026-09-10 12:33:07,365 | INFO     | evaluation.providers.failover | AI chain: gemini#2 ready (GEMINI_API_KEY_2)
2026-09-10 12:33:07,370 | INFO     | evaluation.providers.failover | AI chain: gemini#3 ready (GEMINI_API_KEY_3)
2026-09-10 12:33:07,374 | INFO     | evaluation.providers.failover | AI chain: grok#4 ready (GROK_API_KEY)
2026-09-10 12:33:07,382 | INFO     | evaluation.providers.failover | AI chain: grok#5 ready (GROK_API_KEY_2)
2026-09-10 12:33:07,401 | INFO     | evaluation.providers.failover | AI chain: grok#6 ready (GROK_API_KEY_3)
2026-09-10 12:33:14,688 | WARNING  | evaluation.providers.failover | AI chain: gemini#1 failed (transient, kept in rotation) -- Gemini request failed: ReadTimeout
2026-09-10 12:33:18,620 | INFO     | evaluation.providers.failover | AI chain: gemini#1 ready (GEMINI_API_KEY)
2026-09-10 12:33:18,626 | INFO     | evaluation.providers.failover | AI chain: gemini#2 ready (GEMINI_API_KEY_2)
2026-09-10 12:33:18,636 | INFO     | evaluation.providers.failover | AI chain: gemini#3 ready (GEMINI_API_KEY_3)
2026-09-10 12:33:18,653 | INFO     | evaluation.providers.failover | AI chain: grok#4 ready (GROK_API_KEY)
2026-09-10 12:33:18,680 | INFO     | evaluation.providers.failover | AI chain: grok#5 ready (GROK_API_KEY_2)
2026-09-10 12:33:18,717 | INFO     | evaluation.providers.failover | AI chain: grok#6 ready (GROK_API_KEY_3)
2026-09-10 12:33:29,806 | INFO     | evaluation.providers.failover | AI chain: gemini#2 answered after 1 failure(s)
2026-09-10 12:33:29,931 | INFO     | evaluation.providers.failover | AI chain: gemini#1 ready (GEMINI_API_KEY)
2026-09-10 12:33:29,957 | INFO     | evaluation.providers.failover | AI chain: gemini#2 ready (GEMINI_API_KEY_2)
2026-09-10 12:33:29,981 | INFO     | evaluation.providers.failover | AI chain: gemini#3 ready (GEMINI_API_KEY_3)
2026-09-10 12:33:30,013 | INFO     | evaluation.providers.failover | AI chain: grok#4 ready (GROK_API_KEY)
2026-09-10 12:33:30,042 | INFO     | evaluation.providers.failover | AI chain: grok#5 ready (GROK_API_KEY_2)
2026-09-10 12:33:30,065 | INFO     | evaluation.providers.failover | AI chain: grok#6 ready (GROK_API_KEY_3)
2026-09-10 12:33:47,694 | INFO     | evaluation.providers.failover | AI chain: gemini#1 ready (GEMINI_API_KEY)
2026-09-10 12:33:47,733 | INFO     | evaluation.providers.failover | AI chain: gemini#2 ready (GEMINI_API_KEY_2)
2026-09-10 12:33:47,753 | INFO     | evaluation.providers.failover | AI chain: gemini#3 ready (GEMINI_API_KEY_3)
2026-09-10 12:33:47,776 | INFO     | evaluation.providers.failover | AI chain: grok#4 ready (GROK_API_KEY)
2026-09-10 12:33:47,823 | INFO     | evaluation.providers.failover | AI chain: grok#5 ready (GROK_API_KEY_2)
2026-09-10 12:33:47,883 | INFO     | evaluation.providers.failover | AI chain: grok#6 ready (GROK_API_KEY_3)
2026-09-10 12:34:19,824 | INFO     | evaluation.providers.failover | AI chain: gemini#1 ready (GEMINI_API_KEY)
2026-09-10 12:34:19,828 | INFO     | evaluation.providers.failover | AI chain: gemini#2 ready (GEMINI_API_KEY_2)
2026-09-10 12:34:19,832 | INFO     | evaluation.providers.failover | AI chain: gemini#3 ready (GEMINI_API_KEY_3)
2026-09-10 12:34:19,833 | INFO     | evaluation.providers.failover | AI chain: grok#4 ready (GROK_API_KEY)
2026-09-10 12:34:19,841 | INFO     | evaluation.providers.failover | AI chain: grok#5 ready (GROK_API_KEY_2)
2026-09-10 12:34:19,846 | INFO     | evaluation.providers.failover | AI chain: grok#6 ready (GROK_API_KEY_3)
2026-09-10 12:34:35,676 | WARNING  | evaluation.providers.failover | AI chain: gemini#1 failed (transient, kept in rotation) -- Gemini request failed: ReadTimeout
2026-09-10 12:34:44,034 | INFO     | evaluation.providers.failover | AI chain: gemini#1 ready (GEMINI_API_KEY)
2026-09-10 12:34:44,038 | INFO     | evaluation.providers.failover | AI chain: gemini#2 ready (GEMINI_API_KEY_2)
2026-09-10 12:34:44,042 | INFO     | evaluation.providers.failover | AI chain: gemini#3 ready (GEMINI_API_KEY_3)
2026-09-10 12:34:44,049 | INFO     | evaluation.providers.failover | AI chain: grok#4 ready (GROK_API_KEY)
2026-09-10 12:34:44,057 | INFO     | evaluation.providers.failover | AI chain: grok#5 ready (GROK_API_KEY_2)
2026-09-10 12:34:44,069 | INFO     | evaluation.providers.failover | AI chain: grok#6 ready (GROK_API_KEY_3)
2026-09-10 12:35:32,887 | INFO     | evaluation.providers.failover | AI chain: gemini#2 answered after 1 failure(s)
2026-09-10 12:35:33,291 | INFO     | evaluation.providers.failover | AI chain: gemini#1 ready (GEMINI_API_KEY)
2026-09-10 12:35:33,590 | INFO     | evaluation.providers.failover | AI chain: gemini#2 ready (GEMINI_API_KEY_2)
2026-09-10 12:35:33,998 | INFO     | evaluation.providers.failover | AI chain: gemini#3 ready (GEMINI_API_KEY_3)
2026-09-10 12:35:34,271 | INFO     | evaluation.providers.failover | AI chain: grok#4 ready (GROK_API_KEY)
2026-09-10 12:35:34,588 | INFO     | evaluation.providers.failover | AI chain: grok#5 ready (GROK_API_KEY_2)
2026-09-10 12:35:34,974 | INFO     | evaluation.providers.failover | AI chain: grok#6 ready (GROK_API_KEY_3)
2026-09-10 12:35:41,447 | INFO     | evaluation.providers.failover | AI chain: gemini#1 ready (GEMINI_API_KEY)
2026-09-10 12:35:42,085 | INFO     | evaluation.providers.failover | AI chain: gemini#2 ready (GEMINI_API_KEY_2)
2026-09-10 12:35:42,447 | INFO     | evaluation.providers.failover | AI chain: gemini#3 ready (GEMINI_API_KEY_3)
2026-09-10 12:35:42,745 | INFO     | evaluation.providers.failover | AI chain: grok#4 ready (GROK_API_KEY)
2026-09-10 12:35:43,001 | INFO     | evaluation.providers.failover | AI chain: grok#5 ready (GROK_API_KEY_2)
2026-09-10 12:35:43,588 | INFO     | evaluation.providers.failover | AI chain: grok#6 ready (GROK_API_KEY_3)
2026-09-10 12:36:31,212 | INFO     | evaluation.providers.failover | AI chain: gemini#1 ready (GEMINI_API_KEY)
2026-09-10 12:36:31,248 | INFO     | evaluation.providers.failover | AI chain: gemini#2 ready (GEMINI_API_KEY_2)
2026-09-10 12:36:31,258 | INFO     | evaluation.providers.failover | AI chain: gemini#3 ready (GEMINI_API_KEY_3)
2026-09-10 12:36:31,332 | INFO     | evaluation.providers.failover | AI chain: grok#4 ready (GROK_API_KEY)
2026-09-10 12:36:31,372 | INFO     | evaluation.providers.failover | AI chain: grok#5 ready (GROK_API_KEY_2)
2026-09-10 12:36:31,422 | INFO     | evaluation.providers.failover | AI chain: grok#6 ready (GROK_API_KEY_3)
2026-09-10 12:36:46,304 | INFO     | evaluation.providers.failover | AI chain: gemini#1 ready (GEMINI_API_KEY)
2026-09-10 12:36:46,343 | INFO     | evaluation.providers.failover | AI chain: gemini#2 ready (GEMINI_API_KEY_2)
2026-09-10 12:36:46,356 | INFO     | evaluation.providers.failover | AI chain: gemini#3 ready (GEMINI_API_KEY_3)
2026-09-10 12:36:46,378 | INFO     | evaluation.providers.failover | AI chain: grok#4 ready (GROK_API_KEY)
2026-09-10 12:36:46,440 | INFO     | evaluation.providers.failover | AI chain: grok#5 ready (GROK_API_KEY_2)
2026-09-10 12:36:46,470 | INFO     | evaluation.providers.failover | AI chain: grok#6 ready (GROK_API_KEY_3)
2026-09-10 12:37:13,476 | INFO     | evaluation.providers.failover | AI chain: gemini#1 ready (GEMINI_API_KEY)
2026-09-10 12:37:13,483 | INFO     | evaluation.providers.failover | AI chain: gemini#2 ready (GEMINI_API_KEY_2)
2026-09-10 12:37:13,498 | INFO     | evaluation.providers.failover | AI chain: gemini#3 ready (GEMINI_API_KEY_3)
2026-09-10 12:37:13,524 | INFO     | evaluation.providers.failover | AI chain: grok#4 ready (GROK_API_KEY)
2026-09-10 12:37:13,553 | INFO     | evaluation.providers.failover | AI chain: grok#5 ready (GROK_API_KEY_2)
2026-09-10 12:37:13,582 | INFO     | evaluation.providers.failover | AI chain: grok#6 ready (GROK_API_KEY_3)
2026-09-10 12:37:14,472 | WARNING  | evaluation.providers.gemini | Gemini transient HTTP 503; retrying.
2026-09-10 12:37:47,747 | INFO     | evaluation.providers.failover | AI chain: gemini#1 ready (GEMINI_API_KEY)
2026-09-10 12:37:47,857 | INFO     | evaluation.providers.failover | AI chain: gemini#2 ready (GEMINI_API_KEY_2)
2026-09-10 12:37:48,009 | INFO     | evaluation.providers.failover | AI chain: gemini#3 ready (GEMINI_API_KEY_3)
2026-09-10 12:37:48,100 | INFO     | evaluation.providers.failover | AI chain: grok#4 ready (GROK_API_KEY)
2026-09-10 12:37:48,187 | INFO     | evaluation.providers.failover | AI chain: grok#5 ready (GROK_API_KEY_2)
2026-09-10 12:37:48,388 | INFO     | evaluation.providers.failover | AI chain: grok#6 ready (GROK_API_KEY_3)
2026-09-10 12:38:01,751 | INFO     | evaluation.providers.failover | AI chain: gemini#1 ready (GEMINI_API_KEY)
2026-09-10 12:38:01,785 | INFO     | evaluation.providers.failover | AI chain: gemini#2 ready (GEMINI_API_KEY_2)
2026-09-10 12:38:01,855 | INFO     | evaluation.providers.failover | AI chain: gemini#3 ready (GEMINI_API_KEY_3)
2026-09-10 12:38:01,887 | INFO     | evaluation.providers.failover | AI chain: grok#4 ready (GROK_API_KEY)
2026-09-10 12:38:01,953 | INFO     | evaluation.providers.failover | AI chain: grok#5 ready (GROK_API_KEY_2)
2026-09-10 12:38:02,050 | INFO     | evaluation.providers.failover | AI chain: grok#6 ready (GROK_API_KEY_3)
2026-09-10 12:38:11,732 | INFO     | evaluation.providers.failover | AI chain: gemini#1 ready (GEMINI_API_KEY)
2026-09-10 12:38:11,844 | INFO     | evaluation.providers.failover | AI chain: gemini#2 ready (GEMINI_API_KEY_2)
2026-09-10 12:38:11,979 | INFO     | evaluation.providers.failover | AI chain: gemini#3 ready (GEMINI_API_KEY_3)
2026-09-10 12:38:12,081 | INFO     | evaluation.providers.failover | AI chain: grok#4 ready (GROK_API_KEY)
2026-09-10 12:38:12,180 | INFO     | evaluation.providers.failover | AI chain: grok#5 ready (GROK_API_KEY_2)
2026-09-10 12:38:12,321 | INFO     | evaluation.providers.failover | AI chain: grok#6 ready (GROK_API_KEY_3)
2026-09-10 12:38:28,174 | WARNING  | evaluation.providers.gemini | Gemini transient HTTP 503; retrying.
2026-09-10 12:38:28,610 | WARNING  | evaluation.providers.gemini | Gemini transient HTTP 429; retrying.
2026-09-10 12:38:31,525 | WARNING  | evaluation.providers.failover | AI chain: gemini#1 exhausted, retiring it for this run -- Gemini HTTP 429: You exceeded your current quota, please check your plan and billing details. For more information on this error, head to: https://ai.google.dev/gemini-api/docs/rate-limits. To monitor your current usage, head to: https://ai.dev/rate-limit. 
* Quota exceeded for metric: generativelanguage.googleapis.com/generate_content_free_tier_requests, limit: 20, model: gemini-3.6-flash
Please retry in 28.5292166s.
2026-09-10 12:38:32,054 | WARNING  | evaluation.providers.failover | AI chain: gemini#1 exhausted, retiring it for this run -- Gemini HTTP 429: You exceeded your current quota, please check your plan and billing details. For more information on this error, head to: https://ai.google.dev/gemini-api/docs/rate-limits. To monitor your current usage, head to: https://ai.dev/rate-limit. 
* Quota exceeded for metric: generativelanguage.googleapis.com/generate_content_free_tier_requests, limit: 20, model: gemini-3.6-flash
Please retry in 28.08020145s.
2026-09-10 12:38:40,435 | WARNING  | evaluation.providers.gemini | Gemini transient HTTP 503; retrying.
2026-09-10 12:38:41,190 | INFO     | evaluation.providers.failover | AI chain: gemini#2 answered after 1 failure(s)
2026-09-10 12:38:41,234 | INFO     | evaluation.providers.failover | AI chain: gemini#1 ready (GEMINI_API_KEY)
2026-09-10 12:38:41,238 | INFO     | evaluation.providers.failover | AI chain: gemini#2 ready (GEMINI_API_KEY_2)
2026-09-10 12:38:41,241 | INFO     | evaluation.providers.failover | AI chain: gemini#3 ready (GEMINI_API_KEY_3)
2026-09-10 12:38:41,245 | INFO     | evaluation.providers.failover | AI chain: grok#4 ready (GROK_API_KEY)
2026-09-10 12:38:41,256 | INFO     | evaluation.providers.failover | AI chain: grok#5 ready (GROK_API_KEY_2)
2026-09-10 12:38:41,259 | INFO     | evaluation.providers.failover | AI chain: grok#6 ready (GROK_API_KEY_3)
2026-09-10 12:38:45,644 | WARNING  | evaluation.providers.gemini | Gemini transient HTTP 429; retrying.
2026-09-10 12:38:48,201 | WARNING  | evaluation.providers.failover | AI chain: gemini#1 exhausted, retiring it for this run -- Gemini HTTP 429: You exceeded your current quota, please check your plan and billing details. For more information on this error, head to: https://ai.google.dev/gemini-api/docs/rate-limits. To monitor your current usage, head to: https://ai.dev/rate-limit. 
* Quota exceeded for metric: generativelanguage.googleapis.com/generate_content_free_tier_requests, limit: 20, model: gemini-3.6-flash
Please retry in 11.843023893s.
2026-09-10 12:38:50,373 | WARNING  | evaluation.providers.failover | AI chain: gemini#2 failed (transient, kept in rotation) -- Gemini HTTP 503: This model is currently experiencing high demand. Spikes in demand are usually temporary. Please try again later.
2026-09-10 12:39:02,300 | INFO     | evaluation.providers.failover | AI chain: gemini#3 answered after 2 failure(s)
2026-09-10 12:39:02,658 | INFO     | evaluation.providers.failover | AI chain: gemini#1 ready (GEMINI_API_KEY)
2026-09-10 12:39:02,667 | INFO     | evaluation.providers.failover | AI chain: gemini#2 ready (GEMINI_API_KEY_2)
2026-09-10 12:39:02,686 | INFO     | evaluation.providers.failover | AI chain: gemini#3 ready (GEMINI_API_KEY_3)
2026-09-10 12:39:02,727 | INFO     | evaluation.providers.failover | AI chain: grok#4 ready (GROK_API_KEY)
2026-09-10 12:39:02,731 | INFO     | evaluation.providers.failover | AI chain: grok#5 ready (GROK_API_KEY_2)
2026-09-10 12:39:02,737 | INFO     | evaluation.providers.failover | AI chain: grok#6 ready (GROK_API_KEY_3)
2026-09-10 12:39:04,089 | INFO     | evaluation.providers.failover | AI chain: gemini#2 answered after 1 failure(s)
2026-09-10 12:39:19,988 | WARNING  | evaluation.providers.gemini | Gemini transient HTTP 429; retrying.
2026-09-10 12:39:31,795 | WARNING  | evaluation.providers.failover | AI chain: gemini#1 exhausted, retiring it for this run -- Gemini HTTP 429: You exceeded your current quota, please check your plan and billing details. For more information on this error, head to: https://ai.google.dev/gemini-api/docs/rate-limits. To monitor your current usage, head to: https://ai.dev/rate-limit. 
* Quota exceeded for metric: generativelanguage.googleapis.com/generate_content_free_tier_requests, limit: 20, model: gemini-3.6-flash
Please retry in 28.251830833s.
2026-09-10 12:39:38,279 | WARNING  | evaluation.providers.gemini | Gemini transient HTTP 503; retrying.
2026-09-10 12:39:51,551 | INFO     | evaluation.providers.failover | AI chain: gemini#2 answered after 1 failure(s)
2026-09-10 12:39:51,918 | INFO     | evaluation.providers.failover | AI chain: gemini#1 ready (GEMINI_API_KEY)
2026-09-10 12:39:51,971 | INFO     | evaluation.providers.failover | AI chain: gemini#2 ready (GEMINI_API_KEY_2)
2026-09-10 12:39:52,041 | INFO     | evaluation.providers.failover | AI chain: gemini#3 ready (GEMINI_API_KEY_3)
2026-09-10 12:39:52,127 | INFO     | evaluation.providers.failover | AI chain: grok#4 ready (GROK_API_KEY)
2026-09-10 12:39:52,227 | INFO     | evaluation.providers.failover | AI chain: grok#5 ready (GROK_API_KEY_2)
2026-09-10 12:39:52,292 | INFO     | evaluation.providers.failover | AI chain: grok#6 ready (GROK_API_KEY_3)
2026-09-10 12:40:22,229 | WARNING  | evaluation.providers.gemini | Gemini transient HTTP 429; retrying.
2026-09-10 12:40:28,085 | WARNING  | evaluation.providers.failover | AI chain: gemini#1 exhausted, retiring it for this run -- Gemini HTTP 429: You exceeded your current quota, please check your plan and billing details. For more information on this error, head to: https://ai.google.dev/gemini-api/docs/rate-limits. To monitor your current usage, head to: https://ai.dev/rate-limit. 
* Quota exceeded for metric: generativelanguage.googleapis.com/generate_content_free_tier_requests, limit: 20, model: gemini-3.6-flash
Please retry in 32.036509382s.
2026-09-10 12:40:34,328 | INFO     | evaluation.providers.failover | AI chain: gemini#2 answered after 1 failure(s)
2026-09-10 12:40:34,343 | INFO     | evaluation.providers.failover | AI chain: gemini#1 ready (GEMINI_API_KEY)
2026-09-10 12:40:34,344 | INFO     | evaluation.providers.failover | AI chain: gemini#2 ready (GEMINI_API_KEY_2)
2026-09-10 12:40:34,346 | INFO     | evaluation.providers.failover | AI chain: gemini#3 ready (GEMINI_API_KEY_3)
2026-09-10 12:40:34,348 | INFO     | evaluation.providers.failover | AI chain: grok#4 ready (GROK_API_KEY)
2026-09-10 12:40:34,350 | INFO     | evaluation.providers.failover | AI chain: grok#5 ready (GROK_API_KEY_2)
2026-09-10 12:40:34,355 | INFO     | evaluation.providers.failover | AI chain: grok#6 ready (GROK_API_KEY_3)
2026-09-10 12:40:38,398 | WARNING  | evaluation.providers.gemini | Gemini transient HTTP 429; retrying.
2026-09-10 12:40:43,749 | WARNING  | evaluation.providers.failover | AI chain: gemini#1 exhausted, retiring it for this run -- Gemini HTTP 429: You exceeded your current quota, please check your plan and billing details. For more information on this error, head to: https://ai.google.dev/gemini-api/docs/rate-limits. To monitor your current usage, head to: https://ai.dev/rate-limit. 
* Quota exceeded for metric: generativelanguage.googleapis.com/generate_content_free_tier_requests, limit: 20, model: gemini-3.6-flash
Please retry in 16.365098852s.
2026-09-10 12:40:50,818 | INFO     | evaluation.providers.failover | AI chain: gemini#2 answered after 1 failure(s)
2026-09-10 12:40:50,840 | INFO     | evaluation.providers.failover | AI chain: gemini#1 ready (GEMINI_API_KEY)
2026-09-10 12:40:50,843 | INFO     | evaluation.providers.failover | AI chain: gemini#2 ready (GEMINI_API_KEY_2)
2026-09-10 12:40:50,845 | INFO     | evaluation.providers.failover | AI chain: gemini#3 ready (GEMINI_API_KEY_3)
2026-09-10 12:40:50,848 | INFO     | evaluation.providers.failover | AI chain: grok#4 ready (GROK_API_KEY)
2026-09-10 12:40:50,849 | INFO     | evaluation.providers.failover | AI chain: grok#5 ready (GROK_API_KEY_2)
2026-09-10 12:40:50,852 | INFO     | evaluation.providers.failover | AI chain: grok#6 ready (GROK_API_KEY_3)
2026-09-10 12:40:54,634 | WARNING  | evaluation.providers.gemini | Gemini transient HTTP 429; retrying.
2026-09-10 12:40:57,316 | WARNING  | evaluation.providers.failover | AI chain: gemini#1 exhausted, retiring it for this run -- Gemini HTTP 429: You exceeded your current quota, please check your plan and billing details. For more information on this error, head to: https://ai.google.dev/gemini-api/docs/rate-limits. To monitor your current usage, head to: https://ai.dev/rate-limit. 
* Quota exceeded for metric: generativelanguage.googleapis.com/generate_content_free_tier_requests, limit: 20, model: gemini-3.6-flash
Please retry in 2.766017224s.
2026-09-10 12:41:05,873 | INFO     | evaluation.providers.failover | AI chain: gemini#2 answered after 1 failure(s)
2026-09-10 12:41:05,892 | INFO     | evaluation.providers.failover | AI chain: gemini#1 ready (GEMINI_API_KEY)
2026-09-10 12:41:05,893 | INFO     | evaluation.providers.failover | AI chain: gemini#2 ready (GEMINI_API_KEY_2)
2026-09-10 12:41:05,894 | INFO     | evaluation.providers.failover | AI chain: gemini#3 ready (GEMINI_API_KEY_3)
2026-09-10 12:41:05,895 | INFO     | evaluation.providers.failover | AI chain: grok#4 ready (GROK_API_KEY)
2026-09-10 12:41:05,896 | INFO     | evaluation.providers.failover | AI chain: grok#5 ready (GROK_API_KEY_2)
2026-09-10 12:41:05,900 | INFO     | evaluation.providers.failover | AI chain: grok#6 ready (GROK_API_KEY_3)
2026-09-10 12:41:09,719 | WARNING  | evaluation.providers.gemini | Gemini transient HTTP 429; retrying.
2026-09-10 12:41:17,432 | WARNING  | evaluation.providers.failover | AI chain: gemini#1 exhausted, retiring it for this run -- Gemini HTTP 429: You exceeded your current quota, please check your plan and billing details. For more information on this error, head to: https://ai.google.dev/gemini-api/docs/rate-limits. To monitor your current usage, head to: https://ai.dev/rate-limit. 
* Quota exceeded for metric: generativelanguage.googleapis.com/generate_content_free_tier_requests, limit: 20, model: gemini-3.6-flash
Please retry in 42.721429456s.
2026-09-10 12:41:26,647 | INFO     | evaluation.providers.failover | AI chain: gemini#2 answered after 1 failure(s)
2026-09-10 12:41:26,660 | INFO     | evaluation.providers.failover | AI chain: gemini#1 ready (GEMINI_API_KEY)
2026-09-10 12:41:26,661 | INFO     | evaluation.providers.failover | AI chain: gemini#2 ready (GEMINI_API_KEY_2)
2026-09-10 12:41:26,663 | INFO     | evaluation.providers.failover | AI chain: gemini#3 ready (GEMINI_API_KEY_3)
2026-09-10 12:41:26,665 | INFO     | evaluation.providers.failover | AI chain: grok#4 ready (GROK_API_KEY)
2026-09-10 12:41:26,666 | INFO     | evaluation.providers.failover | AI chain: grok#5 ready (GROK_API_KEY_2)
2026-09-10 12:41:26,668 | INFO     | evaluation.providers.failover | AI chain: grok#6 ready (GROK_API_KEY_3)
2026-09-10 12:41:30,603 | WARNING  | evaluation.providers.gemini | Gemini transient HTTP 429; retrying.
2026-09-10 12:41:33,099 | WARNING  | evaluation.providers.failover | AI chain: gemini#1 exhausted, retiring it for this run -- Gemini HTTP 429: You exceeded your current quota, please check your plan and billing details. For more information on this error, head to: https://ai.google.dev/gemini-api/docs/rate-limits. To monitor your current usage, head to: https://ai.dev/rate-limit. 
* Quota exceeded for metric: generativelanguage.googleapis.com/generate_content_free_tier_requests, limit: 20, model: gemini-3.6-flash
Please retry in 26.993827143s.
2026-09-10 12:41:38,526 | INFO     | evaluation.providers.failover | AI chain: gemini#2 answered after 1 failure(s)
2026-09-10 12:41:38,536 | INFO     | evaluation.providers.failover | AI chain: gemini#1 ready (GEMINI_API_KEY)
2026-09-10 12:41:38,537 | INFO     | evaluation.providers.failover | AI chain: gemini#2 ready (GEMINI_API_KEY_2)
2026-09-10 12:41:38,539 | INFO     | evaluation.providers.failover | AI chain: gemini#3 ready (GEMINI_API_KEY_3)
2026-09-10 12:41:38,541 | INFO     | evaluation.providers.failover | AI chain: grok#4 ready (GROK_API_KEY)
2026-09-10 12:41:38,542 | INFO     | evaluation.providers.failover | AI chain: grok#5 ready (GROK_API_KEY_2)
2026-09-10 12:41:38,544 | INFO     | evaluation.providers.failover | AI chain: grok#6 ready (GROK_API_KEY_3)
2026-09-10 12:41:42,480 | WARNING  | evaluation.providers.gemini | Gemini transient HTTP 429; retrying.
2026-09-10 12:41:45,503 | WARNING  | evaluation.providers.failover | AI chain: gemini#1 exhausted, retiring it for this run -- Gemini HTTP 429: You exceeded your current quota, please check your plan and billing details. For more information on this error, head to: https://ai.google.dev/gemini-api/docs/rate-limits. To monitor your current usage, head to: https://ai.dev/rate-limit. 
* Quota exceeded for metric: generativelanguage.googleapis.com/generate_content_free_tier_requests, limit: 20, model: gemini-3.6-flash
Please retry in 14.594372548s.
2026-09-10 12:41:50,924 | INFO     | evaluation.providers.failover | AI chain: gemini#2 answered after 1 failure(s)
2026-09-10 12:41:50,950 | INFO     | evaluation.providers.failover | AI chain: gemini#1 ready (GEMINI_API_KEY)
2026-09-10 12:41:50,952 | INFO     | evaluation.providers.failover | AI chain: gemini#2 ready (GEMINI_API_KEY_2)
2026-09-10 12:41:50,954 | INFO     | evaluation.providers.failover | AI chain: gemini#3 ready (GEMINI_API_KEY_3)
2026-09-10 12:41:50,966 | INFO     | evaluation.providers.failover | AI chain: grok#4 ready (GROK_API_KEY)
2026-09-10 12:41:50,968 | INFO     | evaluation.providers.failover | AI chain: grok#5 ready (GROK_API_KEY_2)
2026-09-10 12:41:50,970 | INFO     | evaluation.providers.failover | AI chain: grok#6 ready (GROK_API_KEY_3)
2026-09-10 12:41:55,180 | WARNING  | evaluation.providers.gemini | Gemini transient HTTP 429; retrying.
2026-09-10 12:41:57,373 | WARNING  | evaluation.providers.failover | AI chain: gemini#1 exhausted, retiring it for this run -- Gemini HTTP 429: You exceeded your current quota, please check your plan and billing details. For more information on this error, head to: https://ai.google.dev/gemini-api/docs/rate-limits. To monitor your current usage, head to: https://ai.dev/rate-limit. 
* Quota exceeded for metric: generativelanguage.googleapis.com/generate_content_free_tier_requests, limit: 20, model: gemini-3.6-flash
Please retry in 2.694127216s.
2026-09-10 12:42:06,698 | INFO     | evaluation.providers.failover | AI chain: gemini#2 answered after 1 failure(s)
2026-09-10 12:42:06,724 | INFO     | evaluation.providers.failover | AI chain: gemini#1 ready (GEMINI_API_KEY)
2026-09-10 12:42:06,726 | INFO     | evaluation.providers.failover | AI chain: gemini#2 ready (GEMINI_API_KEY_2)
2026-09-10 12:42:06,727 | INFO     | evaluation.providers.failover | AI chain: gemini#3 ready (GEMINI_API_KEY_3)
2026-09-10 12:42:06,728 | INFO     | evaluation.providers.failover | AI chain: grok#4 ready (GROK_API_KEY)
2026-09-10 12:42:06,728 | INFO     | evaluation.providers.failover | AI chain: grok#5 ready (GROK_API_KEY_2)
2026-09-10 12:42:06,730 | INFO     | evaluation.providers.failover | AI chain: grok#6 ready (GROK_API_KEY_3)
2026-09-10 12:42:10,459 | WARNING  | evaluation.providers.gemini | Gemini transient HTTP 429; retrying.
2026-09-10 12:42:12,846 | WARNING  | evaluation.providers.failover | AI chain: gemini#1 exhausted, retiring it for this run -- Gemini HTTP 429: You exceeded your current quota, please check your plan and billing details. For more information on this error, head to: https://ai.google.dev/gemini-api/docs/rate-limits. To monitor your current usage, head to: https://ai.dev/rate-limit. 
* Quota exceeded for metric: generativelanguage.googleapis.com/generate_content_free_tier_requests, limit: 20, model: gemini-3.6-flash
Please retry in 47.322747557s.
2026-09-10 12:42:18,377 | INFO     | evaluation.providers.failover | AI chain: gemini#2 answered after 1 failure(s)
2026-09-10 12:42:18,385 | INFO     | evaluation.providers.failover | AI chain: gemini#1 ready (GEMINI_API_KEY)
2026-09-10 12:42:18,386 | INFO     | evaluation.providers.failover | AI chain: gemini#2 ready (GEMINI_API_KEY_2)
2026-09-10 12:42:18,388 | INFO     | evaluation.providers.failover | AI chain: gemini#3 ready (GEMINI_API_KEY_3)
2026-09-10 12:42:18,390 | INFO     | evaluation.providers.failover | AI chain: grok#4 ready (GROK_API_KEY)
2026-09-10 12:42:18,390 | INFO     | evaluation.providers.failover | AI chain: grok#5 ready (GROK_API_KEY_2)
2026-09-10 12:42:18,393 | INFO     | evaluation.providers.failover | AI chain: grok#6 ready (GROK_API_KEY_3)
2026-09-10 12:42:22,111 | WARNING  | evaluation.providers.gemini | Gemini transient HTTP 429; retrying.
2026-09-10 12:42:24,405 | WARNING  | evaluation.providers.failover | AI chain: gemini#1 exhausted, retiring it for this run -- Gemini HTTP 429: You exceeded your current quota, please check your plan and billing details. For more information on this error, head to: https://ai.google.dev/gemini-api/docs/rate-limits. To monitor your current usage, head to: https://ai.dev/rate-limit. 
* Quota exceeded for metric: generativelanguage.googleapis.com/generate_content_free_tier_requests, limit: 20, model: gemini-3.6-flash
Please retry in 35.703368659s.
2026-09-10 12:42:30,361 | INFO     | evaluation.providers.failover | AI chain: gemini#2 answered after 1 failure(s)
2026-09-10 12:42:30,380 | INFO     | evaluation.providers.failover | AI chain: gemini#1 ready (GEMINI_API_KEY)
2026-09-10 12:42:30,382 | INFO     | evaluation.providers.failover | AI chain: gemini#2 ready (GEMINI_API_KEY_2)
2026-09-10 12:42:30,385 | INFO     | evaluation.providers.failover | AI chain: gemini#3 ready (GEMINI_API_KEY_3)
2026-09-10 12:42:30,387 | INFO     | evaluation.providers.failover | AI chain: grok#4 ready (GROK_API_KEY)
2026-09-10 12:42:30,399 | INFO     | evaluation.providers.failover | AI chain: grok#5 ready (GROK_API_KEY_2)
2026-09-10 12:42:30,402 | INFO     | evaluation.providers.failover | AI chain: grok#6 ready (GROK_API_KEY_3)
2026-09-10 12:42:34,400 | WARNING  | evaluation.providers.gemini | Gemini transient HTTP 429; retrying.
2026-09-10 12:42:37,176 | WARNING  | evaluation.providers.failover | AI chain: gemini#1 exhausted, retiring it for this run -- Gemini HTTP 429: You exceeded your current quota, please check your plan and billing details. For more information on this error, head to: https://ai.google.dev/gemini-api/docs/rate-limits. To monitor your current usage, head to: https://ai.dev/rate-limit. 
* Quota exceeded for metric: generativelanguage.googleapis.com/generate_content_free_tier_requests, limit: 20, model: gemini-3.6-flash
Please retry in 22.905259955s.
2026-09-10 12:42:46,902 | WARNING  | evaluation.providers.gemini | Gemini transient HTTP 503; retrying.
2026-09-10 12:43:02,996 | INFO     | evaluation.providers.failover | AI chain: gemini#2 answered after 1 failure(s)
2026-09-10 12:43:03,194 | INFO     | evaluation.providers.failover | AI chain: gemini#1 ready (GEMINI_API_KEY)
2026-09-10 12:43:03,197 | INFO     | evaluation.providers.failover | AI chain: gemini#2 ready (GEMINI_API_KEY_2)
2026-09-10 12:43:03,210 | INFO     | evaluation.providers.failover | AI chain: gemini#3 ready (GEMINI_API_KEY_3)
2026-09-10 12:43:03,278 | INFO     | evaluation.providers.failover | AI chain: grok#4 ready (GROK_API_KEY)
2026-09-10 12:43:03,347 | INFO     | evaluation.providers.failover | AI chain: grok#5 ready (GROK_API_KEY_2)
2026-09-10 12:43:03,475 | INFO     | evaluation.providers.failover | AI chain: grok#6 ready (GROK_API_KEY_3)
2026-09-10 12:43:25,091 | WARNING  | evaluation.providers.gemini | Gemini transient HTTP 429; retrying.
2026-09-10 12:43:37,984 | WARNING  | evaluation.providers.failover | AI chain: gemini#1 exhausted, retiring it for this run -- Gemini HTTP 429: You exceeded your current quota, please check your plan and billing details. For more information on this error, head to: https://ai.google.dev/gemini-api/docs/rate-limits. To monitor your current usage, head to: https://ai.dev/rate-limit. 
* Quota exceeded for metric: generativelanguage.googleapis.com/generate_content_free_tier_requests, limit: 20, model: gemini-3.6-flash
Please retry in 22.193778022s.
2026-09-10 12:44:33,229 | INFO     | evaluation.providers.failover | AI chain: gemini#2 answered after 1 failure(s)
2026-09-10 12:44:33,250 | INFO     | evaluation.providers.failover | AI chain: gemini#1 ready (GEMINI_API_KEY)
2026-09-10 12:44:33,258 | INFO     | evaluation.providers.failover | AI chain: gemini#2 ready (GEMINI_API_KEY_2)
2026-09-10 12:44:33,260 | INFO     | evaluation.providers.failover | AI chain: gemini#3 ready (GEMINI_API_KEY_3)
2026-09-10 12:44:33,262 | INFO     | evaluation.providers.failover | AI chain: grok#4 ready (GROK_API_KEY)
2026-09-10 12:44:33,263 | INFO     | evaluation.providers.failover | AI chain: grok#5 ready (GROK_API_KEY_2)
2026-09-10 12:44:33,266 | INFO     | evaluation.providers.failover | AI chain: grok#6 ready (GROK_API_KEY_3)
2026-09-10 12:44:38,416 | WARNING  | evaluation.providers.gemini | Gemini transient HTTP 429; retrying.
2026-09-10 12:44:41,620 | WARNING  | evaluation.providers.failover | AI chain: gemini#1 exhausted, retiring it for this run -- Gemini HTTP 429: You exceeded your current quota, please check your plan and billing details. For more information on this error, head to: https://ai.google.dev/gemini-api/docs/rate-limits. To monitor your current usage, head to: https://ai.dev/rate-limit. 
* Quota exceeded for metric: generativelanguage.googleapis.com/generate_content_free_tier_requests, limit: 20, model: gemini-3.6-flash
Please retry in 18.517708016s.
2026-09-10 12:44:46,190 | WARNING  | evaluation.providers.gemini | Gemini transient HTTP 429; retrying.
2026-09-10 12:44:49,062 | WARNING  | evaluation.providers.failover | AI chain: gemini#2 exhausted, retiring it for this run -- Gemini HTTP 429: You exceeded your current quota, please check your plan and billing details. For more information on this error, head to: https://ai.google.dev/gemini-api/docs/rate-limits. To monitor your current usage, head to: https://ai.dev/rate-limit. 
* Quota exceeded for metric: generativelanguage.googleapis.com/generate_content_free_tier_requests, limit: 20, model: gemini-3.6-flash
Please retry in 10.988457481s.
2026-09-10 12:44:54,118 | WARNING  | evaluation.providers.gemini | Gemini transient HTTP 429; retrying.
2026-09-10 12:44:57,524 | WARNING  | evaluation.providers.failover | AI chain: gemini#3 exhausted, retiring it for this run -- Gemini HTTP 429: You exceeded your current quota, please check your plan and billing details. For more information on this error, head to: https://ai.google.dev/gemini-api/docs/rate-limits. To monitor your current usage, head to: https://ai.dev/rate-limit. 
* Quota exceeded for metric: generativelanguage.googleapis.com/generate_content_free_tier_requests, limit: 20, model: gemini-3.6-flash
Please retry in 2.814393422s.
2026-09-10 12:45:00,261 | WARNING  | evaluation.providers.failover | AI chain: grok#4 failed (transient, kept in rotation) -- grok#4: HTTP 400 from xAI -- {"code":"invalid-argument","error":"Incorrect API key provided. You can obtain an API key from https://console.x.ai."} (model='grok-4.3'; set GROK_MODEL to a current slug if this says the model does not exist)
2026-09-10 12:45:04,656 | WARNING  | evaluation.providers.failover | AI chain: grok#5 failed (transient, kept in rotation) -- grok#5: HTTP 400 from xAI -- {"code":"invalid-argument","error":"Incorrect API key provided. You can obtain an API key from https://console.x.ai."} (model='grok-4.3'; set GROK_MODEL to a current slug if this says the model does not exist)
2026-09-10 12:45:07,419 | WARNING  | evaluation.providers.failover | AI chain: grok#6 failed (transient, kept in rotation) -- grok#6: HTTP 400 from xAI -- {"code":"invalid-argument","error":"Incorrect API key provided. You can obtain an API key from https://console.x.ai."} (model='grok-4.3'; set GROK_MODEL to a current slug if this says the model does not exist)
2026-09-10 12:45:07,442 | INFO     | evaluation.providers.failover | AI chain: gemini#1 ready (GEMINI_API_KEY)
2026-09-10 12:45:07,444 | INFO     | evaluation.providers.failover | AI chain: gemini#2 ready (GEMINI_API_KEY_2)
2026-09-10 12:45:07,446 | INFO     | evaluation.providers.failover | AI chain: gemini#3 ready (GEMINI_API_KEY_3)
2026-09-10 12:45:07,449 | INFO     | evaluation.providers.failover | AI chain: grok#4 ready (GROK_API_KEY)
2026-09-10 12:45:07,453 | INFO     | evaluation.providers.failover | AI chain: grok#5 ready (GROK_API_KEY_2)
2026-09-10 12:45:07,456 | INFO     | evaluation.providers.failover | AI chain: grok#6 ready (GROK_API_KEY_3)
2026-09-10 12:45:11,292 | WARNING  | evaluation.providers.gemini | Gemini transient HTTP 429; retrying.
2026-09-10 12:45:14,514 | WARNING  | evaluation.providers.failover | AI chain: gemini#1 exhausted, retiring it for this run -- Gemini HTTP 429: You exceeded your current quota, please check your plan and billing details. For more information on this error, head to: https://ai.google.dev/gemini-api/docs/rate-limits. To monitor your current usage, head to: https://ai.dev/rate-limit. 
* Quota exceeded for metric: generativelanguage.googleapis.com/generate_content_free_tier_requests, limit: 20, model: gemini-3.6-flash
Please retry in 45.53499701s.
2026-09-10 12:45:18,237 | WARNING  | evaluation.providers.gemini | Gemini transient HTTP 429; retrying.
2026-09-10 12:45:20,639 | WARNING  | evaluation.providers.failover | AI chain: gemini#2 exhausted, retiring it for this run -- Gemini HTTP 429: You exceeded your current quota, please check your plan and billing details. For more information on this error, head to: https://ai.google.dev/gemini-api/docs/rate-limits. To monitor your current usage, head to: https://ai.dev/rate-limit. 
* Quota exceeded for metric: generativelanguage.googleapis.com/generate_content_free_tier_requests, limit: 20, model: gemini-3.6-flash
Please retry in 39.513940366s.
2026-09-10 12:45:24,280 | WARNING  | evaluation.providers.gemini | Gemini transient HTTP 429; retrying.
2026-09-10 12:45:26,464 | WARNING  | evaluation.providers.failover | AI chain: gemini#3 exhausted, retiring it for this run -- Gemini HTTP 429: You exceeded your current quota, please check your plan and billing details. For more information on this error, head to: https://ai.google.dev/gemini-api/docs/rate-limits. To monitor your current usage, head to: https://ai.dev/rate-limit. 
* Quota exceeded for metric: generativelanguage.googleapis.com/generate_content_free_tier_requests, limit: 20, model: gemini-3.6-flash
Please retry in 33.584133529s.
2026-09-10 12:45:28,411 | WARNING  | evaluation.providers.failover | AI chain: grok#4 failed (transient, kept in rotation) -- grok#4: HTTP 400 from xAI -- {"code":"invalid-argument","error":"Incorrect API key provided. You can obtain an API key from https://console.x.ai."} (model='grok-4.3'; set GROK_MODEL to a current slug if this says the model does not exist)
2026-09-10 12:45:30,872 | WARNING  | evaluation.providers.failover | AI chain: grok#5 failed (transient, kept in rotation) -- grok#5: HTTP 400 from xAI -- {"code":"invalid-argument","error":"Incorrect API key provided. You can obtain an API key from https://console.x.ai."} (model='grok-4.3'; set GROK_MODEL to a current slug if this says the model does not exist)
2026-09-10 12:45:33,130 | WARNING  | evaluation.providers.failover | AI chain: grok#6 failed (transient, kept in rotation) -- grok#6: HTTP 400 from xAI -- {"code":"invalid-argument","error":"Incorrect API key provided. You can obtain an API key from https://console.x.ai."} (model='grok-4.3'; set GROK_MODEL to a current slug if this says the model does not exist)
2026-09-10 12:45:33,189 | INFO     | evaluation.providers.failover | AI chain: gemini#1 ready (GEMINI_API_KEY)
2026-09-10 12:45:33,195 | INFO     | evaluation.providers.failover | AI chain: gemini#2 ready (GEMINI_API_KEY_2)
2026-09-10 12:45:33,199 | INFO     | evaluation.providers.failover | AI chain: gemini#3 ready (GEMINI_API_KEY_3)
2026-09-10 12:45:33,211 | INFO     | evaluation.providers.failover | AI chain: grok#4 ready (GROK_API_KEY)
2026-09-10 12:45:33,229 | INFO     | evaluation.providers.failover | AI chain: grok#5 ready (GROK_API_KEY_2)
2026-09-10 12:45:33,239 | INFO     | evaluation.providers.failover | AI chain: grok#6 ready (GROK_API_KEY_3)
2026-09-10 12:45:36,875 | WARNING  | evaluation.providers.gemini | Gemini transient HTTP 429; retrying.
2026-09-10 12:45:38,986 | WARNING  | evaluation.providers.failover | AI chain: gemini#1 exhausted, retiring it for this run -- Gemini HTTP 429: You exceeded your current quota, please check your plan and billing details. For more information on this error, head to: https://ai.google.dev/gemini-api/docs/rate-limits. To monitor your current usage, head to: https://ai.dev/rate-limit. 
* Quota exceeded for metric: generativelanguage.googleapis.com/generate_content_free_tier_requests, limit: 20, model: gemini-3.6-flash
Please retry in 21.135088754s.
2026-09-10 12:45:42,662 | WARNING  | evaluation.providers.gemini | Gemini transient HTTP 429; retrying.
2026-09-10 12:45:44,904 | WARNING  | evaluation.providers.failover | AI chain: gemini#2 exhausted, retiring it for this run -- Gemini HTTP 429: You exceeded your current quota, please check your plan and billing details. For more information on this error, head to: https://ai.google.dev/gemini-api/docs/rate-limits. To monitor your current usage, head to: https://ai.dev/rate-limit. 
* Quota exceeded for metric: generativelanguage.googleapis.com/generate_content_free_tier_requests, limit: 20, model: gemini-3.6-flash
Please retry in 15.224535913s.
2026-09-10 12:45:48,651 | WARNING  | evaluation.providers.gemini | Gemini transient HTTP 429; retrying.
2026-09-10 12:45:51,261 | WARNING  | evaluation.providers.failover | AI chain: gemini#3 exhausted, retiring it for this run -- Gemini HTTP 429: You exceeded your current quota, please check your plan and billing details. For more information on this error, head to: https://ai.google.dev/gemini-api/docs/rate-limits. To monitor your current usage, head to: https://ai.dev/rate-limit. 
* Quota exceeded for metric: generativelanguage.googleapis.com/generate_content_free_tier_requests, limit: 20, model: gemini-3.6-flash
Please retry in 9.103831454s.
2026-09-10 12:45:53,424 | WARNING  | evaluation.providers.failover | AI chain: grok#4 failed (transient, kept in rotation) -- grok#4: HTTP 400 from xAI -- {"code":"invalid-argument","error":"Incorrect API key provided. You can obtain an API key from https://console.x.ai."} (model='grok-4.3'; set GROK_MODEL to a current slug if this says the model does not exist)
2026-09-10 12:45:55,663 | WARNING  | evaluation.providers.failover | AI chain: grok#5 failed (transient, kept in rotation) -- grok#5: HTTP 400 from xAI -- {"code":"invalid-argument","error":"Incorrect API key provided. You can obtain an API key from https://console.x.ai."} (model='grok-4.3'; set GROK_MODEL to a current slug if this says the model does not exist)
2026-09-10 12:45:57,816 | WARNING  | evaluation.providers.failover | AI chain: grok#6 failed (transient, kept in rotation) -- grok#6: HTTP 400 from xAI -- {"code":"invalid-argument","error":"Incorrect API key provided. You can obtain an API key from https://console.x.ai."} (model='grok-4.3'; set GROK_MODEL to a current slug if this says the model does not exist)
2026-09-10 12:45:57,847 | INFO     | evaluation.providers.failover | AI chain: gemini#1 ready (GEMINI_API_KEY)
2026-09-10 12:45:57,848 | INFO     | evaluation.providers.failover | AI chain: gemini#2 ready (GEMINI_API_KEY_2)
2026-09-10 12:45:57,849 | INFO     | evaluation.providers.failover | AI chain: gemini#3 ready (GEMINI_API_KEY_3)
2026-09-10 12:45:57,851 | INFO     | evaluation.providers.failover | AI chain: grok#4 ready (GROK_API_KEY)
2026-09-10 12:45:57,856 | INFO     | evaluation.providers.failover | AI chain: grok#5 ready (GROK_API_KEY_2)
2026-09-10 12:45:57,857 | INFO     | evaluation.providers.failover | AI chain: grok#6 ready (GROK_API_KEY_3)
2026-09-10 12:46:01,553 | WARNING  | evaluation.providers.gemini | Gemini transient HTTP 429; retrying.
2026-09-10 12:46:04,192 | WARNING  | evaluation.providers.failover | AI chain: gemini#1 exhausted, retiring it for this run -- Gemini HTTP 429: You exceeded your current quota, please check your plan and billing details. For more information on this error, head to: https://ai.google.dev/gemini-api/docs/rate-limits. To monitor your current usage, head to: https://ai.dev/rate-limit. 
* Quota exceeded for metric: generativelanguage.googleapis.com/generate_content_free_tier_requests, limit: 20, model: gemini-3.6-flash
Please retry in 56.012465567s.
2026-09-10 12:46:08,473 | WARNING  | evaluation.providers.gemini | Gemini transient HTTP 429; retrying.
2026-09-10 12:46:10,705 | WARNING  | evaluation.providers.failover | AI chain: gemini#2 exhausted, retiring it for this run -- Gemini HTTP 429: You exceeded your current quota, please check your plan and billing details. For more information on this error, head to: https://ai.google.dev/gemini-api/docs/rate-limits. To monitor your current usage, head to: https://ai.dev/rate-limit. 
* Quota exceeded for metric: generativelanguage.googleapis.com/generate_content_free_tier_requests, limit: 20, model: gemini-3.6-flash
Please retry in 49.495111412s.
2026-09-10 12:46:14,683 | WARNING  | evaluation.providers.gemini | Gemini transient HTTP 429; retrying.
2026-09-10 12:46:16,660 | WARNING  | evaluation.providers.failover | AI chain: gemini#3 exhausted, retiring it for this run -- Gemini HTTP 429: You exceeded your current quota, please check your plan and billing details. For more information on this error, head to: https://ai.google.dev/gemini-api/docs/rate-limits. To monitor your current usage, head to: https://ai.dev/rate-limit. 
* Quota exceeded for metric: generativelanguage.googleapis.com/generate_content_free_tier_requests, limit: 20, model: gemini-3.6-flash
Please retry in 43.416259312s.
2026-09-10 12:46:17,998 | WARNING  | evaluation.providers.failover | AI chain: grok#4 failed (transient, kept in rotation) -- grok#4: HTTP 400 from xAI -- {"code":"invalid-argument","error":"Incorrect API key provided. You can obtain an API key from https://console.x.ai."} (model='grok-4.3'; set GROK_MODEL to a current slug if this says the model does not exist)
2026-09-10 12:46:20,330 | WARNING  | evaluation.providers.failover | AI chain: grok#5 failed (transient, kept in rotation) -- grok#5: HTTP 400 from xAI -- {"code":"invalid-argument","error":"Incorrect API key provided. You can obtain an API key from https://console.x.ai."} (model='grok-4.3'; set GROK_MODEL to a current slug if this says the model does not exist)
2026-09-10 12:46:23,042 | WARNING  | evaluation.providers.failover | AI chain: grok#6 failed (transient, kept in rotation) -- grok#6: HTTP 400 from xAI -- {"code":"invalid-argument","error":"Incorrect API key provided. You can obtain an API key from https://console.x.ai."} (model='grok-4.3'; set GROK_MODEL to a current slug if this says the model does not exist)
2026-09-10 12:46:23,070 | INFO     | evaluation.providers.failover | AI chain: gemini#1 ready (GEMINI_API_KEY)
2026-09-10 12:46:23,071 | INFO     | evaluation.providers.failover | AI chain: gemini#2 ready (GEMINI_API_KEY_2)
2026-09-10 12:46:23,072 | INFO     | evaluation.providers.failover | AI chain: gemini#3 ready (GEMINI_API_KEY_3)
2026-09-10 12:46:23,074 | INFO     | evaluation.providers.failover | AI chain: grok#4 ready (GROK_API_KEY)
2026-09-10 12:46:23,075 | INFO     | evaluation.providers.failover | AI chain: grok#5 ready (GROK_API_KEY_2)
2026-09-10 12:46:23,076 | INFO     | evaluation.providers.failover | AI chain: grok#6 ready (GROK_API_KEY_3)
2026-09-10 12:46:27,192 | WARNING  | evaluation.providers.gemini | Gemini transient HTTP 429; retrying.
2026-09-10 12:46:29,360 | WARNING  | evaluation.providers.failover | AI chain: gemini#1 exhausted, retiring it for this run -- Gemini HTTP 429: You exceeded your current quota, please check your plan and billing details. For more information on this error, head to: https://ai.google.dev/gemini-api/docs/rate-limits. To monitor your current usage, head to: https://ai.dev/rate-limit. 
* Quota exceeded for metric: generativelanguage.googleapis.com/generate_content_free_tier_requests, limit: 20, model: gemini-3.6-flash
Please retry in 30.765794227s.
2026-09-10 12:46:33,196 | WARNING  | evaluation.providers.gemini | Gemini transient HTTP 429; retrying.
2026-09-10 12:46:35,493 | WARNING  | evaluation.providers.failover | AI chain: gemini#2 exhausted, retiring it for this run -- Gemini HTTP 429: You exceeded your current quota, please check your plan and billing details. For more information on this error, head to: https://ai.google.dev/gemini-api/docs/rate-limits. To monitor your current usage, head to: https://ai.dev/rate-limit. 
* Quota exceeded for metric: generativelanguage.googleapis.com/generate_content_free_tier_requests, limit: 20, model: gemini-3.6-flash
Please retry in 24.576859898s.
2026-09-10 12:46:38,929 | WARNING  | evaluation.providers.gemini | Gemini transient HTTP 429; retrying.
2026-09-10 12:46:41,024 | WARNING  | evaluation.providers.failover | AI chain: gemini#3 exhausted, retiring it for this run -- Gemini HTTP 429: You exceeded your current quota, please check your plan and billing details. For more information on this error, head to: https://ai.google.dev/gemini-api/docs/rate-limits. To monitor your current usage, head to: https://ai.dev/rate-limit. 
* Quota exceeded for metric: generativelanguage.googleapis.com/generate_content_free_tier_requests, limit: 20, model: gemini-3.6-flash
Please retry in 19.12361789s.
2026-09-10 12:46:43,059 | WARNING  | evaluation.providers.failover | AI chain: grok#4 failed (transient, kept in rotation) -- grok#4: HTTP 400 from xAI -- {"code":"invalid-argument","error":"Incorrect API key provided. You can obtain an API key from https://console.x.ai."} (model='grok-4.3'; set GROK_MODEL to a current slug if this says the model does not exist)
2026-09-10 12:46:45,415 | WARNING  | evaluation.providers.failover | AI chain: grok#5 failed (transient, kept in rotation) -- grok#5: HTTP 400 from xAI -- {"code":"invalid-argument","error":"Incorrect API key provided. You can obtain an API key from https://console.x.ai."} (model='grok-4.3'; set GROK_MODEL to a current slug if this says the model does not exist)
2026-09-10 12:46:49,574 | WARNING  | evaluation.providers.failover | AI chain: grok#6 failed (transient, kept in rotation) -- grok#6: HTTP 400 from xAI -- {"code":"invalid-argument","error":"Incorrect API key provided. You can obtain an API key from https://console.x.ai."} (model='grok-4.3'; set GROK_MODEL to a current slug if this says the model does not exist)
2026-09-10 12:46:49,631 | INFO     | evaluation.providers.failover | AI chain: gemini#1 ready (GEMINI_API_KEY)
2026-09-10 12:46:49,701 | INFO     | evaluation.providers.failover | AI chain: gemini#2 ready (GEMINI_API_KEY_2)
2026-09-10 12:46:49,755 | INFO     | evaluation.providers.failover | AI chain: gemini#3 ready (GEMINI_API_KEY_3)
2026-09-10 12:46:49,774 | INFO     | evaluation.providers.failover | AI chain: grok#4 ready (GROK_API_KEY)
2026-09-10 12:46:49,815 | INFO     | evaluation.providers.failover | AI chain: grok#5 ready (GROK_API_KEY_2)
2026-09-10 12:46:49,847 | INFO     | evaluation.providers.failover | AI chain: grok#6 ready (GROK_API_KEY_3)
2026-09-10 12:46:54,502 | WARNING  | evaluation.providers.gemini | Gemini transient HTTP 429; retrying.
2026-09-10 12:46:56,997 | WARNING  | evaluation.providers.failover | AI chain: gemini#1 exhausted, retiring it for this run -- Gemini HTTP 429: You exceeded your current quota, please check your plan and billing details. For more information on this error, head to: https://ai.google.dev/gemini-api/docs/rate-limits. To monitor your current usage, head to: https://ai.dev/rate-limit. 
* Quota exceeded for metric: generativelanguage.googleapis.com/generate_content_free_tier_requests, limit: 20, model: gemini-3.6-flash
Please retry in 3.109563587s.
2026-09-10 12:47:01,886 | WARNING  | evaluation.providers.gemini | Gemini transient HTTP 429; retrying.
2026-09-10 12:47:04,466 | WARNING  | evaluation.providers.failover | AI chain: gemini#2 exhausted, retiring it for this run -- Gemini HTTP 429: You exceeded your current quota, please check your plan and billing details. For more information on this error, head to: https://ai.google.dev/gemini-api/docs/rate-limits. To monitor your current usage, head to: https://ai.dev/rate-limit. 
* Quota exceeded for metric: generativelanguage.googleapis.com/generate_content_free_tier_requests, limit: 20, model: gemini-3.6-flash
Please retry in 55.676536515s.
2026-09-10 12:47:08,324 | WARNING  | evaluation.providers.gemini | Gemini transient HTTP 429; retrying.
2026-09-10 12:47:10,619 | WARNING  | evaluation.providers.failover | AI chain: gemini#3 exhausted, retiring it for this run -- Gemini HTTP 429: You exceeded your current quota, please check your plan and billing details. For more information on this error, head to: https://ai.google.dev/gemini-api/docs/rate-limits. To monitor your current usage, head to: https://ai.dev/rate-limit. 
* Quota exceeded for metric: generativelanguage.googleapis.com/generate_content_free_tier_requests, limit: 20, model: gemini-3.6-flash
Please retry in 49.454810762s.
2026-09-10 12:47:12,969 | WARNING  | evaluation.providers.failover | AI chain: grok#4 failed (transient, kept in rotation) -- grok#4: HTTP 400 from xAI -- {"code":"invalid-argument","error":"Incorrect API key provided. You can obtain an API key from https://console.x.ai."} (model='grok-4.3'; set GROK_MODEL to a current slug if this says the model does not exist)
2026-09-10 12:47:15,015 | WARNING  | evaluation.providers.failover | AI chain: grok#5 failed (transient, kept in rotation) -- grok#5: HTTP 400 from xAI -- {"code":"invalid-argument","error":"Incorrect API key provided. You can obtain an API key from https://console.x.ai."} (model='grok-4.3'; set GROK_MODEL to a current slug if this says the model does not exist)
2026-09-10 12:47:16,969 | WARNING  | evaluation.providers.failover | AI chain: grok#6 failed (transient, kept in rotation) -- grok#6: HTTP 400 from xAI -- {"code":"invalid-argument","error":"Incorrect API key provided. You can obtain an API key from https://console.x.ai."} (model='grok-4.3'; set GROK_MODEL to a current slug if this says the model does not exist)
2026-09-10 14:14:39,186 | INFO     | evaluation.providers.failover | AI chain: gemini#1 ready (GEMINI_API_KEY)
2026-09-10 14:14:39,201 | INFO     | evaluation.providers.failover | AI chain: gemini#2 ready (GEMINI_API_KEY_2)
2026-09-10 14:14:39,203 | INFO     | evaluation.providers.failover | AI chain: gemini#3 ready (GEMINI_API_KEY_3)
2026-09-10 14:14:39,204 | INFO     | evaluation.providers.failover | AI chain: grok#4 ready (GROK_API_KEY)
2026-09-10 14:14:39,212 | INFO     | evaluation.providers.failover | AI chain: grok#5 ready (GROK_API_KEY_2)
2026-09-10 14:14:39,218 | INFO     | evaluation.providers.failover | AI chain: grok#6 ready (GROK_API_KEY_3)
2026-09-10 14:15:57,262 | INFO     | evaluation.providers.failover | AI chain: gemini#1 ready (GEMINI_API_KEY)
2026-09-10 14:15:57,265 | INFO     | evaluation.providers.failover | AI chain: gemini#2 ready (GEMINI_API_KEY_2)
2026-09-10 14:15:57,266 | INFO     | evaluation.providers.failover | AI chain: gemini#3 ready (GEMINI_API_KEY_3)
2026-09-10 14:15:57,269 | INFO     | evaluation.providers.failover | AI chain: grok#4 ready (GROK_API_KEY)
2026-09-10 14:15:57,275 | INFO     | evaluation.providers.failover | AI chain: grok#5 ready (GROK_API_KEY_2)
2026-09-10 14:15:57,276 | INFO     | evaluation.providers.failover | AI chain: grok#6 ready (GROK_API_KEY_3)
2026-09-10 14:28:49,288 | INFO     | evaluation.providers.failover | AI chain: gemini#1 ready (GEMINI_API_KEY)
2026-09-10 14:28:49,289 | INFO     | evaluation.providers.failover | AI chain: gemini#2 ready (GEMINI_API_KEY_2)
2026-09-10 14:28:49,290 | INFO     | evaluation.providers.failover | AI chain: gemini#3 ready (GEMINI_API_KEY_3)
2026-09-10 14:28:49,290 | INFO     | evaluation.providers.failover | AI chain: grok#4 ready (GROK_API_KEY)
2026-09-10 14:28:49,291 | INFO     | evaluation.providers.failover | AI chain: grok#5 ready (GROK_API_KEY_2)
2026-09-10 14:28:49,291 | INFO     | evaluation.providers.failover | AI chain: grok#6 ready (GROK_API_KEY_3)
2026-09-10 14:28:52,270 | WARNING  | evaluation.providers.gemini | Gemini transient HTTP 429; retrying.
2026-09-10 14:28:53,395 | WARNING  | evaluation.providers.failover | AI chain: gemini#1 exhausted, retiring it for this run -- Gemini HTTP 429: You exceeded your current quota, please check your plan and billing details. For more information on this error, head to: https://ai.google.dev/gemini-api/docs/rate-limits. To monitor your current usage, head to: https://ai.dev/rate-limit. 
* Quota exceeded for metric: generativelanguage.googleapis.com/generate_content_free_tier_requests, limit: 20, model: gemini-3.6-flash
Please retry in 6.615679097s.
2026-09-10 14:29:45,071 | INFO     | evaluation.providers.failover | AI chain: gemini#2 answered after 1 failure(s)
2026-09-10 14:29:45,077 | INFO     | evaluation.providers.failover | AI chain: gemini#1 ready (GEMINI_API_KEY)
2026-09-10 14:29:45,078 | INFO     | evaluation.providers.failover | AI chain: gemini#2 ready (GEMINI_API_KEY_2)
2026-09-10 14:29:45,079 | INFO     | evaluation.providers.failover | AI chain: gemini#3 ready (GEMINI_API_KEY_3)
2026-09-10 14:29:45,080 | INFO     | evaluation.providers.failover | AI chain: grok#4 ready (GROK_API_KEY)
2026-09-10 14:29:45,082 | INFO     | evaluation.providers.failover | AI chain: grok#5 ready (GROK_API_KEY_2)
2026-09-10 14:29:45,083 | INFO     | evaluation.providers.failover | AI chain: grok#6 ready (GROK_API_KEY_3)
2026-09-10 14:29:47,728 | WARNING  | evaluation.providers.gemini | Gemini transient HTTP 429; retrying.
2026-09-10 14:29:48,834 | WARNING  | evaluation.providers.failover | AI chain: gemini#1 exhausted, retiring it for this run -- Gemini HTTP 429: You exceeded your current quota, please check your plan and billing details. For more information on this error, head to: https://ai.google.dev/gemini-api/docs/rate-limits. To monitor your current usage, head to: https://ai.dev/rate-limit. 
* Quota exceeded for metric: generativelanguage.googleapis.com/generate_content_free_tier_requests, limit: 20, model: gemini-3.6-flash
Please retry in 11.184695664s.
2026-09-10 14:29:51,521 | WARNING  | evaluation.providers.gemini | Gemini transient HTTP 429; retrying.
2026-09-10 14:29:52,754 | WARNING  | evaluation.providers.failover | AI chain: gemini#2 exhausted, retiring it for this run -- Gemini HTTP 429: You exceeded your current quota, please check your plan and billing details. For more information on this error, head to: https://ai.google.dev/gemini-api/docs/rate-limits. To monitor your current usage, head to: https://ai.dev/rate-limit. 
* Quota exceeded for metric: generativelanguage.googleapis.com/generate_content_free_tier_requests, limit: 20, model: gemini-3.6-flash
Please retry in 7.262150402s.
2026-09-10 14:29:55,435 | WARNING  | evaluation.providers.gemini | Gemini transient HTTP 429; retrying.
2026-09-10 14:29:56,556 | WARNING  | evaluation.providers.failover | AI chain: gemini#3 exhausted, retiring it for this run -- Gemini HTTP 429: You exceeded your current quota, please check your plan and billing details. For more information on this error, head to: https://ai.google.dev/gemini-api/docs/rate-limits. To monitor your current usage, head to: https://ai.dev/rate-limit. 
* Quota exceeded for metric: generativelanguage.googleapis.com/generate_content_free_tier_requests, limit: 20, model: gemini-3.6-flash
Please retry in 3.454765254s.
2026-09-10 14:29:57,654 | WARNING  | evaluation.providers.failover | AI chain: grok#4 failed (transient, kept in rotation) -- grok#4: HTTP 400 from xAI -- {"code":"invalid-argument","error":"Incorrect API key provided. You can obtain an API key from https://console.x.ai."} (model='grok-4.3'; set GROK_MODEL to a current slug if this says the model does not exist)
2026-09-10 14:29:58,783 | WARNING  | evaluation.providers.failover | AI chain: grok#5 failed (transient, kept in rotation) -- grok#5: HTTP 400 from xAI -- {"code":"invalid-argument","error":"Incorrect API key provided. You can obtain an API key from https://console.x.ai."} (model='grok-4.3'; set GROK_MODEL to a current slug if this says the model does not exist)
2026-09-10 14:29:59,784 | WARNING  | evaluation.providers.failover | AI chain: grok#6 failed (transient, kept in rotation) -- grok#6: HTTP 400 from xAI -- {"code":"invalid-argument","error":"Incorrect API key provided. You can obtain an API key from https://console.x.ai."} (model='grok-4.3'; set GROK_MODEL to a current slug if this says the model does not exist)
2026-09-10 14:29:59,793 | INFO     | evaluation.providers.failover | AI chain: gemini#1 ready (GEMINI_API_KEY)
2026-09-10 14:29:59,793 | INFO     | evaluation.providers.failover | AI chain: gemini#2 ready (GEMINI_API_KEY_2)
2026-09-10 14:29:59,794 | INFO     | evaluation.providers.failover | AI chain: gemini#3 ready (GEMINI_API_KEY_3)
2026-09-10 14:29:59,795 | INFO     | evaluation.providers.failover | AI chain: grok#4 ready (GROK_API_KEY)
2026-09-10 14:29:59,797 | INFO     | evaluation.providers.failover | AI chain: grok#5 ready (GROK_API_KEY_2)
2026-09-10 14:29:59,798 | INFO     | evaluation.providers.failover | AI chain: grok#6 ready (GROK_API_KEY_3)
2026-09-10 14:30:02,614 | WARNING  | evaluation.providers.gemini | Gemini transient HTTP 429; retrying.
2026-09-10 14:30:03,954 | WARNING  | evaluation.providers.failover | AI chain: gemini#1 exhausted, retiring it for this run -- Gemini HTTP 429: You exceeded your current quota, please check your plan and billing details. For more information on this error, head to: https://ai.google.dev/gemini-api/docs/rate-limits. To monitor your current usage, head to: https://ai.dev/rate-limit. 
* Quota exceeded for metric: generativelanguage.googleapis.com/generate_content_free_tier_requests, limit: 20, model: gemini-3.6-flash
Please retry in 56.056560196s.
2026-09-10 14:30:06,608 | WARNING  | evaluation.providers.gemini | Gemini transient HTTP 429; retrying.
2026-09-10 14:30:08,033 | WARNING  | evaluation.providers.failover | AI chain: gemini#2 exhausted, retiring it for this run -- Gemini HTTP 429: You exceeded your current quota, please check your plan and billing details. For more information on this error, head to: https://ai.google.dev/gemini-api/docs/rate-limits. To monitor your current usage, head to: https://ai.dev/rate-limit. 
* Quota exceeded for metric: generativelanguage.googleapis.com/generate_content_free_tier_requests, limit: 20, model: gemini-3.6-flash
Please retry in 51.978526392s.
2026-09-10 14:30:10,782 | WARNING  | evaluation.providers.gemini | Gemini transient HTTP 429; retrying.
2026-09-10 14:30:11,922 | WARNING  | evaluation.providers.failover | AI chain: gemini#3 exhausted, retiring it for this run -- Gemini HTTP 429: You exceeded your current quota, please check your plan and billing details. For more information on this error, head to: https://ai.google.dev/gemini-api/docs/rate-limits. To monitor your current usage, head to: https://ai.dev/rate-limit. 
* Quota exceeded for metric: generativelanguage.googleapis.com/generate_content_free_tier_requests, limit: 20, model: gemini-3.6-flash
Please retry in 48.088473268s.
2026-09-10 14:30:13,129 | WARNING  | evaluation.providers.failover | AI chain: grok#4 failed (transient, kept in rotation) -- grok#4: HTTP 400 from xAI -- {"code":"invalid-argument","error":"Incorrect API key provided. You can obtain an API key from https://console.x.ai."} (model='grok-4.3'; set GROK_MODEL to a current slug if this says the model does not exist)
2026-09-10 14:30:14,488 | WARNING  | evaluation.providers.failover | AI chain: grok#5 failed (transient, kept in rotation) -- grok#5: HTTP 400 from xAI -- {"code":"invalid-argument","error":"Incorrect API key provided. You can obtain an API key from https://console.x.ai."} (model='grok-4.3'; set GROK_MODEL to a current slug if this says the model does not exist)
2026-09-10 14:30:15,766 | WARNING  | evaluation.providers.failover | AI chain: grok#6 failed (transient, kept in rotation) -- grok#6: HTTP 400 from xAI -- {"code":"invalid-argument","error":"Incorrect API key provided. You can obtain an API key from https://console.x.ai."} (model='grok-4.3'; set GROK_MODEL to a current slug if this says the model does not exist)
2026-09-10 14:30:15,778 | INFO     | evaluation.providers.failover | AI chain: gemini#1 ready (GEMINI_API_KEY)
2026-09-10 14:30:15,779 | INFO     | evaluation.providers.failover | AI chain: gemini#2 ready (GEMINI_API_KEY_2)
2026-09-10 14:30:15,781 | INFO     | evaluation.providers.failover | AI chain: gemini#3 ready (GEMINI_API_KEY_3)
2026-09-10 14:30:15,782 | INFO     | evaluation.providers.failover | AI chain: grok#4 ready (GROK_API_KEY)
2026-09-10 14:30:15,789 | INFO     | evaluation.providers.failover | AI chain: grok#5 ready (GROK_API_KEY_2)
2026-09-10 14:30:15,790 | INFO     | evaluation.providers.failover | AI chain: grok#6 ready (GROK_API_KEY_3)
2026-09-10 14:30:18,935 | WARNING  | evaluation.providers.gemini | Gemini transient HTTP 429; retrying.
2026-09-10 14:30:20,321 | WARNING  | evaluation.providers.failover | AI chain: gemini#1 exhausted, retiring it for this run -- Gemini HTTP 429: You exceeded your current quota, please check your plan and billing details. For more information on this error, head to: https://ai.google.dev/gemini-api/docs/rate-limits. To monitor your current usage, head to: https://ai.dev/rate-limit. 
* Quota exceeded for metric: generativelanguage.googleapis.com/generate_content_free_tier_requests, limit: 20, model: gemini-3.6-flash
Please retry in 39.690879966s.
2026-09-10 14:30:23,268 | WARNING  | evaluation.providers.gemini | Gemini transient HTTP 429; retrying.
2026-09-10 14:30:24,657 | WARNING  | evaluation.providers.failover | AI chain: gemini#2 exhausted, retiring it for this run -- Gemini HTTP 429: You exceeded your current quota, please check your plan and billing details. For more information on this error, head to: https://ai.google.dev/gemini-api/docs/rate-limits. To monitor your current usage, head to: https://ai.dev/rate-limit. 
* Quota exceeded for metric: generativelanguage.googleapis.com/generate_content_free_tier_requests, limit: 20, model: gemini-3.6-flash
Please retry in 35.354732249s.
2026-09-10 14:30:27,617 | WARNING  | evaluation.providers.gemini | Gemini transient HTTP 429; retrying.
2026-09-10 14:30:28,753 | WARNING  | evaluation.providers.failover | AI chain: gemini#3 exhausted, retiring it for this run -- Gemini HTTP 429: You exceeded your current quota, please check your plan and billing details. For more information on this error, head to: https://ai.google.dev/gemini-api/docs/rate-limits. To monitor your current usage, head to: https://ai.dev/rate-limit. 
* Quota exceeded for metric: generativelanguage.googleapis.com/generate_content_free_tier_requests, limit: 20, model: gemini-3.6-flash
Please retry in 31.257477538s.
2026-09-10 14:30:29,763 | WARNING  | evaluation.providers.failover | AI chain: grok#4 failed (transient, kept in rotation) -- grok#4: HTTP 400 from xAI -- {"code":"invalid-argument","error":"Incorrect API key provided. You can obtain an API key from https://console.x.ai."} (model='grok-4.3'; set GROK_MODEL to a current slug if this says the model does not exist)
2026-09-10 14:30:30,793 | WARNING  | evaluation.providers.failover | AI chain: grok#5 failed (transient, kept in rotation) -- grok#5: HTTP 400 from xAI -- {"code":"invalid-argument","error":"Incorrect API key provided. You can obtain an API key from https://console.x.ai."} (model='grok-4.3'; set GROK_MODEL to a current slug if this says the model does not exist)
2026-09-10 14:30:31,833 | WARNING  | evaluation.providers.failover | AI chain: grok#6 failed (transient, kept in rotation) -- grok#6: HTTP 400 from xAI -- {"code":"invalid-argument","error":"Incorrect API key provided. You can obtain an API key from https://console.x.ai."} (model='grok-4.3'; set GROK_MODEL to a current slug if this says the model does not exist)
2026-09-10 14:30:31,842 | INFO     | evaluation.providers.failover | AI chain: gemini#1 ready (GEMINI_API_KEY)
2026-09-10 14:30:31,842 | INFO     | evaluation.providers.failover | AI chain: gemini#2 ready (GEMINI_API_KEY_2)
2026-09-10 14:30:31,843 | INFO     | evaluation.providers.failover | AI chain: gemini#3 ready (GEMINI_API_KEY_3)
2026-09-10 14:30:31,844 | INFO     | evaluation.providers.failover | AI chain: grok#4 ready (GROK_API_KEY)
2026-09-10 14:30:31,845 | INFO     | evaluation.providers.failover | AI chain: grok#5 ready (GROK_API_KEY_2)
2026-09-10 14:30:31,846 | INFO     | evaluation.providers.failover | AI chain: grok#6 ready (GROK_API_KEY_3)
2026-09-10 14:30:34,508 | WARNING  | evaluation.providers.gemini | Gemini transient HTTP 429; retrying.
2026-09-10 14:30:35,737 | WARNING  | evaluation.providers.failover | AI chain: gemini#1 exhausted, retiring it for this run -- Gemini HTTP 429: You exceeded your current quota, please check your plan and billing details. For more information on this error, head to: https://ai.google.dev/gemini-api/docs/rate-limits. To monitor your current usage, head to: https://ai.dev/rate-limit. 
* Quota exceeded for metric: generativelanguage.googleapis.com/generate_content_free_tier_requests, limit: 20, model: gemini-3.6-flash
Please retry in 24.274971008s.
2026-09-10 14:30:38,346 | WARNING  | evaluation.providers.gemini | Gemini transient HTTP 429; retrying.
2026-09-10 14:30:39,402 | WARNING  | evaluation.providers.failover | AI chain: gemini#2 exhausted, retiring it for this run -- Gemini HTTP 429: You exceeded your current quota, please check your plan and billing details. For more information on this error, head to: https://ai.google.dev/gemini-api/docs/rate-limits. To monitor your current usage, head to: https://ai.dev/rate-limit. 
* Quota exceeded for metric: generativelanguage.googleapis.com/generate_content_free_tier_requests, limit: 20, model: gemini-3.6-flash
Please retry in 20.612343978s.
2026-09-10 14:30:42,059 | WARNING  | evaluation.providers.gemini | Gemini transient HTTP 429; retrying.
2026-09-10 14:30:43,200 | WARNING  | evaluation.providers.failover | AI chain: gemini#3 exhausted, retiring it for this run -- Gemini HTTP 429: You exceeded your current quota, please check your plan and billing details. For more information on this error, head to: https://ai.google.dev/gemini-api/docs/rate-limits. To monitor your current usage, head to: https://ai.dev/rate-limit. 
* Quota exceeded for metric: generativelanguage.googleapis.com/generate_content_free_tier_requests, limit: 20, model: gemini-3.6-flash
Please retry in 16.809692234s.
2026-09-10 14:30:44,249 | WARNING  | evaluation.providers.failover | AI chain: grok#4 failed (transient, kept in rotation) -- grok#4: HTTP 400 from xAI -- {"code":"invalid-argument","error":"Incorrect API key provided. You can obtain an API key from https://console.x.ai."} (model='grok-4.3'; set GROK_MODEL to a current slug if this says the model does not exist)
2026-09-10 14:30:45,269 | WARNING  | evaluation.providers.failover | AI chain: grok#5 failed (transient, kept in rotation) -- grok#5: HTTP 400 from xAI -- {"code":"invalid-argument","error":"Incorrect API key provided. You can obtain an API key from https://console.x.ai."} (model='grok-4.3'; set GROK_MODEL to a current slug if this says the model does not exist)
2026-09-10 14:30:46,251 | WARNING  | evaluation.providers.failover | AI chain: grok#6 failed (transient, kept in rotation) -- grok#6: HTTP 400 from xAI -- {"code":"invalid-argument","error":"Incorrect API key provided. You can obtain an API key from https://console.x.ai."} (model='grok-4.3'; set GROK_MODEL to a current slug if this says the model does not exist)
2026-09-10 14:30:46,260 | INFO     | evaluation.providers.failover | AI chain: gemini#1 ready (GEMINI_API_KEY)
2026-09-10 14:30:46,261 | INFO     | evaluation.providers.failover | AI chain: gemini#2 ready (GEMINI_API_KEY_2)
2026-09-10 14:30:46,261 | INFO     | evaluation.providers.failover | AI chain: gemini#3 ready (GEMINI_API_KEY_3)
2026-09-10 14:30:46,262 | INFO     | evaluation.providers.failover | AI chain: grok#4 ready (GROK_API_KEY)
2026-09-10 14:30:46,263 | INFO     | evaluation.providers.failover | AI chain: grok#5 ready (GROK_API_KEY_2)
2026-09-10 14:30:46,263 | INFO     | evaluation.providers.failover | AI chain: grok#6 ready (GROK_API_KEY_3)
2026-09-10 14:30:48,816 | WARNING  | evaluation.providers.gemini | Gemini transient HTTP 429; retrying.
2026-09-10 14:30:50,996 | WARNING  | evaluation.providers.failover | AI chain: gemini#1 exhausted, retiring it for this run -- Gemini HTTP 429: You exceeded your current quota, please check your plan and billing details. For more information on this error, head to: https://ai.google.dev/gemini-api/docs/rate-limits. To monitor your current usage, head to: https://ai.dev/rate-limit. 
* Quota exceeded for metric: generativelanguage.googleapis.com/generate_content_free_tier_requests, limit: 20, model: gemini-3.6-flash
Please retry in 9.044661027s.
2026-09-10 14:30:53,733 | WARNING  | evaluation.providers.gemini | Gemini transient HTTP 429; retrying.
2026-09-10 14:30:54,940 | WARNING  | evaluation.providers.failover | AI chain: gemini#2 exhausted, retiring it for this run -- Gemini HTTP 429: You exceeded your current quota, please check your plan and billing details. For more information on this error, head to: https://ai.google.dev/gemini-api/docs/rate-limits. To monitor your current usage, head to: https://ai.dev/rate-limit. 
* Quota exceeded for metric: generativelanguage.googleapis.com/generate_content_free_tier_requests, limit: 20, model: gemini-3.6-flash
Please retry in 5.070026499s.
2026-09-10 14:30:57,590 | WARNING  | evaluation.providers.gemini | Gemini transient HTTP 429; retrying.
2026-09-10 14:30:58,771 | WARNING  | evaluation.providers.failover | AI chain: gemini#3 exhausted, retiring it for this run -- Gemini HTTP 429: You exceeded your current quota, please check your plan and billing details. For more information on this error, head to: https://ai.google.dev/gemini-api/docs/rate-limits. To monitor your current usage, head to: https://ai.dev/rate-limit. 
* Quota exceeded for metric: generativelanguage.googleapis.com/generate_content_free_tier_requests, limit: 20, model: gemini-3.6-flash
Please retry in 1.240046257s.
2026-09-10 14:30:59,983 | WARNING  | evaluation.providers.failover | AI chain: grok#4 failed (transient, kept in rotation) -- grok#4: HTTP 400 from xAI -- {"code":"invalid-argument","error":"Incorrect API key provided. You can obtain an API key from https://console.x.ai."} (model='grok-4.3'; set GROK_MODEL to a current slug if this says the model does not exist)
2026-09-10 14:31:01,114 | WARNING  | evaluation.providers.failover | AI chain: grok#5 failed (transient, kept in rotation) -- grok#5: HTTP 400 from xAI -- {"code":"invalid-argument","error":"Incorrect API key provided. You can obtain an API key from https://console.x.ai."} (model='grok-4.3'; set GROK_MODEL to a current slug if this says the model does not exist)
2026-09-10 14:31:02,343 | WARNING  | evaluation.providers.failover | AI chain: grok#6 failed (transient, kept in rotation) -- grok#6: HTTP 400 from xAI -- {"code":"invalid-argument","error":"Incorrect API key provided. You can obtain an API key from https://console.x.ai."} (model='grok-4.3'; set GROK_MODEL to a current slug if this says the model does not exist)
2026-09-10 14:31:02,357 | INFO     | evaluation.providers.failover | AI chain: gemini#1 ready (GEMINI_API_KEY)
2026-09-10 14:31:02,358 | INFO     | evaluation.providers.failover | AI chain: gemini#2 ready (GEMINI_API_KEY_2)
2026-09-10 14:31:02,359 | INFO     | evaluation.providers.failover | AI chain: gemini#3 ready (GEMINI_API_KEY_3)
2026-09-10 14:31:02,360 | INFO     | evaluation.providers.failover | AI chain: grok#4 ready (GROK_API_KEY)
2026-09-10 14:31:02,361 | INFO     | evaluation.providers.failover | AI chain: grok#5 ready (GROK_API_KEY_2)
2026-09-10 14:31:02,364 | INFO     | evaluation.providers.failover | AI chain: grok#6 ready (GROK_API_KEY_3)
2026-09-10 14:31:05,314 | WARNING  | evaluation.providers.gemini | Gemini transient HTTP 429; retrying.
2026-09-10 14:31:06,916 | WARNING  | evaluation.providers.failover | AI chain: gemini#1 exhausted, retiring it for this run -- Gemini HTTP 429: You exceeded your current quota, please check your plan and billing details. For more information on this error, head to: https://ai.google.dev/gemini-api/docs/rate-limits. To monitor your current usage, head to: https://ai.dev/rate-limit. 
* Quota exceeded for metric: generativelanguage.googleapis.com/generate_content_free_tier_requests, limit: 20, model: gemini-3.6-flash
Please retry in 53.10918747s.
2026-09-10 14:31:10,019 | WARNING  | evaluation.providers.gemini | Gemini transient HTTP 429; retrying.
2026-09-10 14:31:11,627 | WARNING  | evaluation.providers.failover | AI chain: gemini#2 exhausted, retiring it for this run -- Gemini HTTP 429: You exceeded your current quota, please check your plan and billing details. For more information on this error, head to: https://ai.google.dev/gemini-api/docs/rate-limits. To monitor your current usage, head to: https://ai.dev/rate-limit. 
* Quota exceeded for metric: generativelanguage.googleapis.com/generate_content_free_tier_requests, limit: 20, model: gemini-3.6-flash
Please retry in 48.382924139s.
2026-09-10 14:31:14,528 | WARNING  | evaluation.providers.gemini | Gemini transient HTTP 429; retrying.
2026-09-10 14:31:15,631 | WARNING  | evaluation.providers.failover | AI chain: gemini#3 exhausted, retiring it for this run -- Gemini HTTP 429: You exceeded your current quota, please check your plan and billing details. For more information on this error, head to: https://ai.google.dev/gemini-api/docs/rate-limits. To monitor your current usage, head to: https://ai.dev/rate-limit. 
* Quota exceeded for metric: generativelanguage.googleapis.com/generate_content_free_tier_requests, limit: 20, model: gemini-3.6-flash
Please retry in 44.385199711s.
2026-09-10 14:31:16,674 | WARNING  | evaluation.providers.failover | AI chain: grok#4 failed (transient, kept in rotation) -- grok#4: HTTP 400 from xAI -- {"code":"invalid-argument","error":"Incorrect API key provided. You can obtain an API key from https://console.x.ai."} (model='grok-4.3'; set GROK_MODEL to a current slug if this says the model does not exist)
2026-09-10 14:31:17,791 | WARNING  | evaluation.providers.failover | AI chain: grok#5 failed (transient, kept in rotation) -- grok#5: HTTP 400 from xAI -- {"code":"invalid-argument","error":"Incorrect API key provided. You can obtain an API key from https://console.x.ai."} (model='grok-4.3'; set GROK_MODEL to a current slug if this says the model does not exist)
2026-09-10 14:31:19,026 | WARNING  | evaluation.providers.failover | AI chain: grok#6 failed (transient, kept in rotation) -- grok#6: HTTP 400 from xAI -- {"code":"invalid-argument","error":"Incorrect API key provided. You can obtain an API key from https://console.x.ai."} (model='grok-4.3'; set GROK_MODEL to a current slug if this says the model does not exist)
2026-09-10 14:31:19,034 | INFO     | evaluation.providers.failover | AI chain: gemini#1 ready (GEMINI_API_KEY)
2026-09-10 14:31:19,034 | INFO     | evaluation.providers.failover | AI chain: gemini#2 ready (GEMINI_API_KEY_2)
2026-09-10 14:31:19,035 | INFO     | evaluation.providers.failover | AI chain: gemini#3 ready (GEMINI_API_KEY_3)
2026-09-10 14:31:19,035 | INFO     | evaluation.providers.failover | AI chain: grok#4 ready (GROK_API_KEY)
2026-09-10 14:31:19,037 | INFO     | evaluation.providers.failover | AI chain: grok#5 ready (GROK_API_KEY_2)
2026-09-10 14:31:19,038 | INFO     | evaluation.providers.failover | AI chain: grok#6 ready (GROK_API_KEY_3)
2026-09-10 14:31:21,677 | WARNING  | evaluation.providers.gemini | Gemini transient HTTP 429; retrying.
2026-09-10 14:31:22,758 | WARNING  | evaluation.providers.failover | AI chain: gemini#1 exhausted, retiring it for this run -- Gemini HTTP 429: You exceeded your current quota, please check your plan and billing details. For more information on this error, head to: https://ai.google.dev/gemini-api/docs/rate-limits. To monitor your current usage, head to: https://ai.dev/rate-limit. 
* Quota exceeded for metric: generativelanguage.googleapis.com/generate_content_free_tier_requests, limit: 20, model: gemini-3.6-flash
Please retry in 37.255892714s.
2026-09-10 14:31:25,357 | WARNING  | evaluation.providers.gemini | Gemini transient HTTP 429; retrying.
2026-09-10 14:31:26,809 | WARNING  | evaluation.providers.failover | AI chain: gemini#2 exhausted, retiring it for this run -- Gemini HTTP 429: You exceeded your current quota, please check your plan and billing details. For more information on this error, head to: https://ai.google.dev/gemini-api/docs/rate-limits. To monitor your current usage, head to: https://ai.dev/rate-limit. 
* Quota exceeded for metric: generativelanguage.googleapis.com/generate_content_free_tier_requests, limit: 20, model: gemini-3.6-flash
Please retry in 33.203101821s.
2026-09-10 14:31:29,662 | WARNING  | evaluation.providers.gemini | Gemini transient HTTP 429; retrying.
2026-09-10 14:31:30,801 | WARNING  | evaluation.providers.failover | AI chain: gemini#3 exhausted, retiring it for this run -- Gemini HTTP 429: You exceeded your current quota, please check your plan and billing details. For more information on this error, head to: https://ai.google.dev/gemini-api/docs/rate-limits. To monitor your current usage, head to: https://ai.dev/rate-limit. 
* Quota exceeded for metric: generativelanguage.googleapis.com/generate_content_free_tier_requests, limit: 20, model: gemini-3.6-flash
Please retry in 29.212776092s.
2026-09-10 14:31:31,905 | WARNING  | evaluation.providers.failover | AI chain: grok#4 failed (transient, kept in rotation) -- grok#4: HTTP 400 from xAI -- {"code":"invalid-argument","error":"Incorrect API key provided. You can obtain an API key from https://console.x.ai."} (model='grok-4.3'; set GROK_MODEL to a current slug if this says the model does not exist)
2026-09-10 14:31:33,018 | WARNING  | evaluation.providers.failover | AI chain: grok#5 failed (transient, kept in rotation) -- grok#5: HTTP 400 from xAI -- {"code":"invalid-argument","error":"Incorrect API key provided. You can obtain an API key from https://console.x.ai."} (model='grok-4.3'; set GROK_MODEL to a current slug if this says the model does not exist)
2026-09-10 14:31:34,194 | WARNING  | evaluation.providers.failover | AI chain: grok#6 failed (transient, kept in rotation) -- grok#6: HTTP 400 from xAI -- {"code":"invalid-argument","error":"Incorrect API key provided. You can obtain an API key from https://console.x.ai."} (model='grok-4.3'; set GROK_MODEL to a current slug if this says the model does not exist)
2026-09-10 14:31:34,204 | INFO     | evaluation.providers.failover | AI chain: gemini#1 ready (GEMINI_API_KEY)
2026-09-10 14:31:34,204 | INFO     | evaluation.providers.failover | AI chain: gemini#2 ready (GEMINI_API_KEY_2)
2026-09-10 14:31:34,205 | INFO     | evaluation.providers.failover | AI chain: gemini#3 ready (GEMINI_API_KEY_3)
2026-09-10 14:31:34,206 | INFO     | evaluation.providers.failover | AI chain: grok#4 ready (GROK_API_KEY)
2026-09-10 14:31:34,206 | INFO     | evaluation.providers.failover | AI chain: grok#5 ready (GROK_API_KEY_2)
2026-09-10 14:31:34,208 | INFO     | evaluation.providers.failover | AI chain: grok#6 ready (GROK_API_KEY_3)
2026-09-10 14:31:36,834 | WARNING  | evaluation.providers.gemini | Gemini transient HTTP 429; retrying.
2026-09-10 14:31:37,970 | WARNING  | evaluation.providers.failover | AI chain: gemini#1 exhausted, retiring it for this run -- Gemini HTTP 429: You exceeded your current quota, please check your plan and billing details. For more information on this error, head to: https://ai.google.dev/gemini-api/docs/rate-limits. To monitor your current usage, head to: https://ai.dev/rate-limit. 
* Quota exceeded for metric: generativelanguage.googleapis.com/generate_content_free_tier_requests, limit: 20, model: gemini-3.6-flash
Please retry in 22.040675677s.
2026-09-10 14:31:40,626 | WARNING  | evaluation.providers.gemini | Gemini transient HTTP 429; retrying.
2026-09-10 14:31:41,839 | WARNING  | evaluation.providers.failover | AI chain: gemini#2 exhausted, retiring it for this run -- Gemini HTTP 429: You exceeded your current quota, please check your plan and billing details. For more information on this error, head to: https://ai.google.dev/gemini-api/docs/rate-limits. To monitor your current usage, head to: https://ai.dev/rate-limit. 
* Quota exceeded for metric: generativelanguage.googleapis.com/generate_content_free_tier_requests, limit: 20, model: gemini-3.6-flash
Please retry in 18.175057522s.
2026-09-10 14:31:44,433 | WARNING  | evaluation.providers.gemini | Gemini transient HTTP 429; retrying.
2026-09-10 14:31:46,176 | WARNING  | evaluation.providers.failover | AI chain: gemini#3 exhausted, retiring it for this run -- Gemini HTTP 429: You exceeded your current quota, please check your plan and billing details. For more information on this error, head to: https://ai.google.dev/gemini-api/docs/rate-limits. To monitor your current usage, head to: https://ai.dev/rate-limit. 
* Quota exceeded for metric: generativelanguage.googleapis.com/generate_content_free_tier_requests, limit: 20, model: gemini-3.6-flash
Please retry in 13.846927254s.
2026-09-10 14:31:47,296 | WARNING  | evaluation.providers.failover | AI chain: grok#4 failed (transient, kept in rotation) -- grok#4: HTTP 400 from xAI -- {"code":"invalid-argument","error":"Incorrect API key provided. You can obtain an API key from https://console.x.ai."} (model='grok-4.3'; set GROK_MODEL to a current slug if this says the model does not exist)
2026-09-10 14:31:48,423 | WARNING  | evaluation.providers.failover | AI chain: grok#5 failed (transient, kept in rotation) -- grok#5: HTTP 400 from xAI -- {"code":"invalid-argument","error":"Incorrect API key provided. You can obtain an API key from https://console.x.ai."} (model='grok-4.3'; set GROK_MODEL to a current slug if this says the model does not exist)
2026-09-10 14:31:49,421 | WARNING  | evaluation.providers.failover | AI chain: grok#6 failed (transient, kept in rotation) -- grok#6: HTTP 400 from xAI -- {"code":"invalid-argument","error":"Incorrect API key provided. You can obtain an API key from https://console.x.ai."} (model='grok-4.3'; set GROK_MODEL to a current slug if this says the model does not exist)
2026-09-10 14:31:49,433 | INFO     | evaluation.providers.failover | AI chain: gemini#1 ready (GEMINI_API_KEY)
2026-09-10 14:31:49,434 | INFO     | evaluation.providers.failover | AI chain: gemini#2 ready (GEMINI_API_KEY_2)
2026-09-10 14:31:49,435 | INFO     | evaluation.providers.failover | AI chain: gemini#3 ready (GEMINI_API_KEY_3)
2026-09-10 14:31:49,435 | INFO     | evaluation.providers.failover | AI chain: grok#4 ready (GROK_API_KEY)
2026-09-10 14:31:49,436 | INFO     | evaluation.providers.failover | AI chain: grok#5 ready (GROK_API_KEY_2)
2026-09-10 14:31:49,438 | INFO     | evaluation.providers.failover | AI chain: grok#6 ready (GROK_API_KEY_3)
2026-09-10 14:31:52,063 | WARNING  | evaluation.providers.gemini | Gemini transient HTTP 429; retrying.
2026-09-10 14:31:53,214 | WARNING  | evaluation.providers.failover | AI chain: gemini#1 exhausted, retiring it for this run -- Gemini HTTP 429: You exceeded your current quota, please check your plan and billing details. For more information on this error, head to: https://ai.google.dev/gemini-api/docs/rate-limits. To monitor your current usage, head to: https://ai.dev/rate-limit. 
* Quota exceeded for metric: generativelanguage.googleapis.com/generate_content_free_tier_requests, limit: 20, model: gemini-3.6-flash
Please retry in 6.79991942s.
2026-09-10 14:31:55,812 | WARNING  | evaluation.providers.gemini | Gemini transient HTTP 429; retrying.
2026-09-10 14:31:56,941 | WARNING  | evaluation.providers.failover | AI chain: gemini#2 exhausted, retiring it for this run -- Gemini HTTP 429: You exceeded your current quota, please check your plan and billing details. For more information on this error, head to: https://ai.google.dev/gemini-api/docs/rate-limits. To monitor your current usage, head to: https://ai.dev/rate-limit. 
* Quota exceeded for metric: generativelanguage.googleapis.com/generate_content_free_tier_requests, limit: 20, model: gemini-3.6-flash
Please retry in 3.070172471s.
2026-09-10 14:31:59,529 | WARNING  | evaluation.providers.gemini | Gemini transient HTTP 429; retrying.
2026-09-10 14:32:00,775 | WARNING  | evaluation.providers.failover | AI chain: gemini#3 exhausted, retiring it for this run -- Gemini HTTP 429: You exceeded your current quota, please check your plan and billing details. For more information on this error, head to: https://ai.google.dev/gemini-api/docs/rate-limits. To monitor your current usage, head to: https://ai.dev/rate-limit. 
* Quota exceeded for metric: generativelanguage.googleapis.com/generate_content_free_tier_requests, limit: 20, model: gemini-3.6-flash
Please retry in 59.235499954s.
2026-09-10 14:32:01,828 | WARNING  | evaluation.providers.failover | AI chain: grok#4 failed (transient, kept in rotation) -- grok#4: HTTP 400 from xAI -- {"code":"invalid-argument","error":"Incorrect API key provided. You can obtain an API key from https://console.x.ai."} (model='grok-4.3'; set GROK_MODEL to a current slug if this says the model does not exist)
2026-09-10 14:32:02,948 | WARNING  | evaluation.providers.failover | AI chain: grok#5 failed (transient, kept in rotation) -- grok#5: HTTP 400 from xAI -- {"code":"invalid-argument","error":"Incorrect API key provided. You can obtain an API key from https://console.x.ai."} (model='grok-4.3'; set GROK_MODEL to a current slug if this says the model does not exist)
2026-09-10 14:32:04,106 | WARNING  | evaluation.providers.failover | AI chain: grok#6 failed (transient, kept in rotation) -- grok#6: HTTP 400 from xAI -- {"code":"invalid-argument","error":"Incorrect API key provided. You can obtain an API key from https://console.x.ai."} (model='grok-4.3'; set GROK_MODEL to a current slug if this says the model does not exist)
2026-09-10 14:32:04,113 | INFO     | evaluation.providers.failover | AI chain: gemini#1 ready (GEMINI_API_KEY)
2026-09-10 14:32:04,114 | INFO     | evaluation.providers.failover | AI chain: gemini#2 ready (GEMINI_API_KEY_2)
2026-09-10 14:32:04,115 | INFO     | evaluation.providers.failover | AI chain: gemini#3 ready (GEMINI_API_KEY_3)
2026-09-10 14:32:04,116 | INFO     | evaluation.providers.failover | AI chain: grok#4 ready (GROK_API_KEY)
2026-09-10 14:32:04,117 | INFO     | evaluation.providers.failover | AI chain: grok#5 ready (GROK_API_KEY_2)
2026-09-10 14:32:04,117 | INFO     | evaluation.providers.failover | AI chain: grok#6 ready (GROK_API_KEY_3)
2026-09-10 14:32:06,769 | WARNING  | evaluation.providers.gemini | Gemini transient HTTP 429; retrying.
2026-09-10 14:32:08,090 | WARNING  | evaluation.providers.failover | AI chain: gemini#1 exhausted, retiring it for this run -- Gemini HTTP 429: You exceeded your current quota, please check your plan and billing details. For more information on this error, head to: https://ai.google.dev/gemini-api/docs/rate-limits. To monitor your current usage, head to: https://ai.dev/rate-limit. 
* Quota exceeded for metric: generativelanguage.googleapis.com/generate_content_free_tier_requests, limit: 20, model: gemini-3.6-flash
Please retry in 51.920783872s.
2026-09-10 14:32:10,955 | WARNING  | evaluation.providers.gemini | Gemini transient HTTP 429; retrying.
2026-09-10 14:32:12,263 | WARNING  | evaluation.providers.failover | AI chain: gemini#2 exhausted, retiring it for this run -- Gemini HTTP 429: You exceeded your current quota, please check your plan and billing details. For more information on this error, head to: https://ai.google.dev/gemini-api/docs/rate-limits. To monitor your current usage, head to: https://ai.dev/rate-limit. 
* Quota exceeded for metric: generativelanguage.googleapis.com/generate_content_free_tier_requests, limit: 20, model: gemini-3.6-flash
Please retry in 47.749314425s.
2026-09-10 14:32:15,150 | WARNING  | evaluation.providers.gemini | Gemini transient HTTP 429; retrying.
2026-09-10 14:32:16,280 | WARNING  | evaluation.providers.failover | AI chain: gemini#3 exhausted, retiring it for this run -- Gemini HTTP 429: You exceeded your current quota, please check your plan and billing details. For more information on this error, head to: https://ai.google.dev/gemini-api/docs/rate-limits. To monitor your current usage, head to: https://ai.dev/rate-limit. 
* Quota exceeded for metric: generativelanguage.googleapis.com/generate_content_free_tier_requests, limit: 20, model: gemini-3.6-flash
Please retry in 43.734092794s.
2026-09-10 14:32:17,384 | WARNING  | evaluation.providers.failover | AI chain: grok#4 failed (transient, kept in rotation) -- grok#4: HTTP 400 from xAI -- {"code":"invalid-argument","error":"Incorrect API key provided. You can obtain an API key from https://console.x.ai."} (model='grok-4.3'; set GROK_MODEL to a current slug if this says the model does not exist)
2026-09-10 14:32:18,412 | WARNING  | evaluation.providers.failover | AI chain: grok#5 failed (transient, kept in rotation) -- grok#5: HTTP 400 from xAI -- {"code":"invalid-argument","error":"Incorrect API key provided. You can obtain an API key from https://console.x.ai."} (model='grok-4.3'; set GROK_MODEL to a current slug if this says the model does not exist)
2026-09-10 14:32:19,483 | WARNING  | evaluation.providers.failover | AI chain: grok#6 failed (transient, kept in rotation) -- grok#6: HTTP 400 from xAI -- {"code":"invalid-argument","error":"Incorrect API key provided. You can obtain an API key from https://console.x.ai."} (model='grok-4.3'; set GROK_MODEL to a current slug if this says the model does not exist)
2026-09-10 14:32:19,490 | INFO     | evaluation.providers.failover | AI chain: gemini#1 ready (GEMINI_API_KEY)
2026-09-10 14:32:19,491 | INFO     | evaluation.providers.failover | AI chain: gemini#2 ready (GEMINI_API_KEY_2)
2026-09-10 14:32:19,492 | INFO     | evaluation.providers.failover | AI chain: gemini#3 ready (GEMINI_API_KEY_3)
2026-09-10 14:32:19,493 | INFO     | evaluation.providers.failover | AI chain: grok#4 ready (GROK_API_KEY)
2026-09-10 14:32:19,493 | INFO     | evaluation.providers.failover | AI chain: grok#5 ready (GROK_API_KEY_2)
2026-09-10 14:32:19,494 | INFO     | evaluation.providers.failover | AI chain: grok#6 ready (GROK_API_KEY_3)
2026-09-10 14:32:22,045 | WARNING  | evaluation.providers.gemini | Gemini transient HTTP 429; retrying.
2026-09-10 14:32:23,242 | WARNING  | evaluation.providers.failover | AI chain: gemini#1 exhausted, retiring it for this run -- Gemini HTTP 429: You exceeded your current quota, please check your plan and billing details. For more information on this error, head to: https://ai.google.dev/gemini-api/docs/rate-limits. To monitor your current usage, head to: https://ai.dev/rate-limit. 
* Quota exceeded for metric: generativelanguage.googleapis.com/generate_content_free_tier_requests, limit: 20, model: gemini-3.6-flash
Please retry in 36.772187857s.
2026-09-10 14:32:25,826 | WARNING  | evaluation.providers.gemini | Gemini transient HTTP 429; retrying.
2026-09-10 14:32:26,997 | WARNING  | evaluation.providers.failover | AI chain: gemini#2 exhausted, retiring it for this run -- Gemini HTTP 429: You exceeded your current quota, please check your plan and billing details. For more information on this error, head to: https://ai.google.dev/gemini-api/docs/rate-limits. To monitor your current usage, head to: https://ai.dev/rate-limit. 
* Quota exceeded for metric: generativelanguage.googleapis.com/generate_content_free_tier_requests, limit: 20, model: gemini-3.6-flash
Please retry in 33.014879716s.
2026-09-10 14:32:30,349 | WARNING  | evaluation.providers.gemini | Gemini transient HTTP 429; retrying.
2026-09-10 14:32:31,538 | WARNING  | evaluation.providers.failover | AI chain: gemini#3 exhausted, retiring it for this run -- Gemini HTTP 429: You exceeded your current quota, please check your plan and billing details. For more information on this error, head to: https://ai.google.dev/gemini-api/docs/rate-limits. To monitor your current usage, head to: https://ai.dev/rate-limit. 
* Quota exceeded for metric: generativelanguage.googleapis.com/generate_content_free_tier_requests, limit: 20, model: gemini-3.6-flash
Please retry in 28.477802398s.
2026-09-10 14:32:32,576 | WARNING  | evaluation.providers.failover | AI chain: grok#4 failed (transient, kept in rotation) -- grok#4: HTTP 400 from xAI -- {"code":"invalid-argument","error":"Incorrect API key provided. You can obtain an API key from https://console.x.ai."} (model='grok-4.3'; set GROK_MODEL to a current slug if this says the model does not exist)
2026-09-10 14:32:33,662 | WARNING  | evaluation.providers.failover | AI chain: grok#5 failed (transient, kept in rotation) -- grok#5: HTTP 400 from xAI -- {"code":"invalid-argument","error":"Incorrect API key provided. You can obtain an API key from https://console.x.ai."} (model='grok-4.3'; set GROK_MODEL to a current slug if this says the model does not exist)
2026-09-10 14:32:34,660 | WARNING  | evaluation.providers.failover | AI chain: grok#6 failed (transient, kept in rotation) -- grok#6: HTTP 400 from xAI -- {"code":"invalid-argument","error":"Incorrect API key provided. You can obtain an API key from https://console.x.ai."} (model='grok-4.3'; set GROK_MODEL to a current slug if this says the model does not exist)
2026-09-10 14:32:34,682 | INFO     | evaluation.providers.failover | AI chain: gemini#1 ready (GEMINI_API_KEY)
2026-09-10 14:32:34,683 | INFO     | evaluation.providers.failover | AI chain: gemini#2 ready (GEMINI_API_KEY_2)
2026-09-10 14:32:34,683 | INFO     | evaluation.providers.failover | AI chain: gemini#3 ready (GEMINI_API_KEY_3)
2026-09-10 14:32:34,684 | INFO     | evaluation.providers.failover | AI chain: grok#4 ready (GROK_API_KEY)
2026-09-10 14:32:34,684 | INFO     | evaluation.providers.failover | AI chain: grok#5 ready (GROK_API_KEY_2)
2026-09-10 14:32:34,685 | INFO     | evaluation.providers.failover | AI chain: grok#6 ready (GROK_API_KEY_3)
2026-09-10 14:32:37,362 | WARNING  | evaluation.providers.gemini | Gemini transient HTTP 429; retrying.
2026-09-10 14:32:38,514 | WARNING  | evaluation.providers.failover | AI chain: gemini#1 exhausted, retiring it for this run -- Gemini HTTP 429: You exceeded your current quota, please check your plan and billing details. For more information on this error, head to: https://ai.google.dev/gemini-api/docs/rate-limits. To monitor your current usage, head to: https://ai.dev/rate-limit. 
* Quota exceeded for metric: generativelanguage.googleapis.com/generate_content_free_tier_requests, limit: 20, model: gemini-3.6-flash
Please retry in 21.49989376s.
2026-09-10 14:32:41,091 | WARNING  | evaluation.providers.gemini | Gemini transient HTTP 429; retrying.
2026-09-10 14:32:42,220 | WARNING  | evaluation.providers.failover | AI chain: gemini#2 exhausted, retiring it for this run -- Gemini HTTP 429: You exceeded your current quota, please check your plan and billing details. For more information on this error, head to: https://ai.google.dev/gemini-api/docs/rate-limits. To monitor your current usage, head to: https://ai.dev/rate-limit. 
* Quota exceeded for metric: generativelanguage.googleapis.com/generate_content_free_tier_requests, limit: 20, model: gemini-3.6-flash
Please retry in 17.799037561s.
2026-09-10 14:32:44,806 | WARNING  | evaluation.providers.gemini | Gemini transient HTTP 429; retrying.
2026-09-10 14:32:45,935 | WARNING  | evaluation.providers.failover | AI chain: gemini#3 exhausted, retiring it for this run -- Gemini HTTP 429: You exceeded your current quota, please check your plan and billing details. For more information on this error, head to: https://ai.google.dev/gemini-api/docs/rate-limits. To monitor your current usage, head to: https://ai.dev/rate-limit. 
* Quota exceeded for metric: generativelanguage.googleapis.com/generate_content_free_tier_requests, limit: 20, model: gemini-3.6-flash
Please retry in 14.074788584s.
2026-09-10 14:32:46,967 | WARNING  | evaluation.providers.failover | AI chain: grok#4 failed (transient, kept in rotation) -- grok#4: HTTP 400 from xAI -- {"code":"invalid-argument","error":"Incorrect API key provided. You can obtain an API key from https://console.x.ai."} (model='grok-4.3'; set GROK_MODEL to a current slug if this says the model does not exist)
2026-09-10 14:32:48,031 | WARNING  | evaluation.providers.failover | AI chain: grok#5 failed (transient, kept in rotation) -- grok#5: HTTP 400 from xAI -- {"code":"invalid-argument","error":"Incorrect API key provided. You can obtain an API key from https://console.x.ai."} (model='grok-4.3'; set GROK_MODEL to a current slug if this says the model does not exist)
2026-09-10 14:32:49,058 | WARNING  | evaluation.providers.failover | AI chain: grok#6 failed (transient, kept in rotation) -- grok#6: HTTP 400 from xAI -- {"code":"invalid-argument","error":"Incorrect API key provided. You can obtain an API key from https://console.x.ai."} (model='grok-4.3'; set GROK_MODEL to a current slug if this says the model does not exist)
2026-09-10 14:32:49,067 | INFO     | evaluation.providers.failover | AI chain: gemini#1 ready (GEMINI_API_KEY)
2026-09-10 14:32:49,067 | INFO     | evaluation.providers.failover | AI chain: gemini#2 ready (GEMINI_API_KEY_2)
2026-09-10 14:32:49,068 | INFO     | evaluation.providers.failover | AI chain: gemini#3 ready (GEMINI_API_KEY_3)
2026-09-10 14:32:49,069 | INFO     | evaluation.providers.failover | AI chain: grok#4 ready (GROK_API_KEY)
2026-09-10 14:32:49,071 | INFO     | evaluation.providers.failover | AI chain: grok#5 ready (GROK_API_KEY_2)
2026-09-10 14:32:49,072 | INFO     | evaluation.providers.failover | AI chain: grok#6 ready (GROK_API_KEY_3)
2026-09-10 14:32:51,659 | WARNING  | evaluation.providers.gemini | Gemini transient HTTP 429; retrying.
2026-09-10 14:32:52,807 | WARNING  | evaluation.providers.failover | AI chain: gemini#1 exhausted, retiring it for this run -- Gemini HTTP 429: You exceeded your current quota, please check your plan and billing details. For more information on this error, head to: https://ai.google.dev/gemini-api/docs/rate-limits. To monitor your current usage, head to: https://ai.dev/rate-limit. 
* Quota exceeded for metric: generativelanguage.googleapis.com/generate_content_free_tier_requests, limit: 20, model: gemini-3.6-flash
Please retry in 7.206639659s.
2026-09-10 14:32:55,361 | WARNING  | evaluation.providers.gemini | Gemini transient HTTP 429; retrying.
2026-09-10 14:32:56,514 | WARNING  | evaluation.providers.failover | AI chain: gemini#2 exhausted, retiring it for this run -- Gemini HTTP 429: You exceeded your current quota, please check your plan and billing details. For more information on this error, head to: https://ai.google.dev/gemini-api/docs/rate-limits. To monitor your current usage, head to: https://ai.dev/rate-limit. 
* Quota exceeded for metric: generativelanguage.googleapis.com/generate_content_free_tier_requests, limit: 20, model: gemini-3.6-flash
Please retry in 3.499861282s.
2026-09-10 14:32:59,193 | WARNING  | evaluation.providers.gemini | Gemini transient HTTP 429; retrying.
2026-09-10 14:33:00,428 | WARNING  | evaluation.providers.failover | AI chain: gemini#3 exhausted, retiring it for this run -- Gemini HTTP 429: You exceeded your current quota, please check your plan and billing details. For more information on this error, head to: https://ai.google.dev/gemini-api/docs/rate-limits. To monitor your current usage, head to: https://ai.dev/rate-limit. 
* Quota exceeded for metric: generativelanguage.googleapis.com/generate_content_free_tier_requests, limit: 20, model: gemini-3.6-flash
Please retry in 59.588181763s.
2026-09-10 14:33:01,535 | WARNING  | evaluation.providers.failover | AI chain: grok#4 failed (transient, kept in rotation) -- grok#4: HTTP 400 from xAI -- {"code":"invalid-argument","error":"Incorrect API key provided. You can obtain an API key from https://console.x.ai."} (model='grok-4.3'; set GROK_MODEL to a current slug if this says the model does not exist)
2026-09-10 14:33:02,745 | WARNING  | evaluation.providers.failover | AI chain: grok#5 failed (transient, kept in rotation) -- grok#5: HTTP 400 from xAI -- {"code":"invalid-argument","error":"Incorrect API key provided. You can obtain an API key from https://console.x.ai."} (model='grok-4.3'; set GROK_MODEL to a current slug if this says the model does not exist)
2026-09-10 14:33:03,993 | WARNING  | evaluation.providers.failover | AI chain: grok#6 failed (transient, kept in rotation) -- grok#6: HTTP 400 from xAI -- {"code":"invalid-argument","error":"Incorrect API key provided. You can obtain an API key from https://console.x.ai."} (model='grok-4.3'; set GROK_MODEL to a current slug if this says the model does not exist)
2026-09-10 14:33:04,018 | INFO     | evaluation.providers.failover | AI chain: gemini#1 ready (GEMINI_API_KEY)
2026-09-10 14:33:04,019 | INFO     | evaluation.providers.failover | AI chain: gemini#2 ready (GEMINI_API_KEY_2)
2026-09-10 14:33:04,022 | INFO     | evaluation.providers.failover | AI chain: gemini#3 ready (GEMINI_API_KEY_3)
2026-09-10 14:33:04,022 | INFO     | evaluation.providers.failover | AI chain: grok#4 ready (GROK_API_KEY)
2026-09-10 14:33:04,023 | INFO     | evaluation.providers.failover | AI chain: grok#5 ready (GROK_API_KEY_2)
2026-09-10 14:33:04,023 | INFO     | evaluation.providers.failover | AI chain: grok#6 ready (GROK_API_KEY_3)
2026-09-10 14:33:06,685 | WARNING  | evaluation.providers.gemini | Gemini transient HTTP 429; retrying.
2026-09-10 14:33:07,851 | WARNING  | evaluation.providers.failover | AI chain: gemini#1 exhausted, retiring it for this run -- Gemini HTTP 429: You exceeded your current quota, please check your plan and billing details. For more information on this error, head to: https://ai.google.dev/gemini-api/docs/rate-limits. To monitor your current usage, head to: https://ai.dev/rate-limit. 
* Quota exceeded for metric: generativelanguage.googleapis.com/generate_content_free_tier_requests, limit: 20, model: gemini-3.6-flash
Please retry in 52.166470165s.
2026-09-10 14:33:10,501 | WARNING  | evaluation.providers.gemini | Gemini transient HTTP 429; retrying.
2026-09-10 14:33:11,548 | WARNING  | evaluation.providers.failover | AI chain: gemini#2 exhausted, retiring it for this run -- Gemini HTTP 429: You exceeded your current quota, please check your plan and billing details. For more information on this error, head to: https://ai.google.dev/gemini-api/docs/rate-limits. To monitor your current usage, head to: https://ai.dev/rate-limit. 
* Quota exceeded for metric: generativelanguage.googleapis.com/generate_content_free_tier_requests, limit: 20, model: gemini-3.6-flash
Please retry in 48.465083063s.
2026-09-10 14:33:14,313 | WARNING  | evaluation.providers.gemini | Gemini transient HTTP 429; retrying.
2026-09-10 14:33:15,546 | WARNING  | evaluation.providers.failover | AI chain: gemini#3 exhausted, retiring it for this run -- Gemini HTTP 429: You exceeded your current quota, please check your plan and billing details. For more information on this error, head to: https://ai.google.dev/gemini-api/docs/rate-limits. To monitor your current usage, head to: https://ai.dev/rate-limit. 
* Quota exceeded for metric: generativelanguage.googleapis.com/generate_content_free_tier_requests, limit: 20, model: gemini-3.6-flash
Please retry in 44.466456157s.
2026-09-10 14:33:16,941 | WARNING  | evaluation.providers.failover | AI chain: grok#4 failed (transient, kept in rotation) -- grok#4: HTTP 400 from xAI -- {"code":"invalid-argument","error":"Incorrect API key provided. You can obtain an API key from https://console.x.ai."} (model='grok-4.3'; set GROK_MODEL to a current slug if this says the model does not exist)
2026-09-10 14:33:18,282 | WARNING  | evaluation.providers.failover | AI chain: grok#5 failed (transient, kept in rotation) -- grok#5: HTTP 400 from xAI -- {"code":"invalid-argument","error":"Incorrect API key provided. You can obtain an API key from https://console.x.ai."} (model='grok-4.3'; set GROK_MODEL to a current slug if this says the model does not exist)
2026-09-10 14:33:19,942 | WARNING  | evaluation.providers.failover | AI chain: grok#6 failed (transient, kept in rotation) -- grok#6: HTTP 400 from xAI -- {"code":"invalid-argument","error":"Incorrect API key provided. You can obtain an API key from https://console.x.ai."} (model='grok-4.3'; set GROK_MODEL to a current slug if this says the model does not exist)
2026-09-10 14:33:19,952 | INFO     | evaluation.providers.failover | AI chain: gemini#1 ready (GEMINI_API_KEY)
2026-09-10 14:33:19,953 | INFO     | evaluation.providers.failover | AI chain: gemini#2 ready (GEMINI_API_KEY_2)
2026-09-10 14:33:19,955 | INFO     | evaluation.providers.failover | AI chain: gemini#3 ready (GEMINI_API_KEY_3)
2026-09-10 14:33:19,955 | INFO     | evaluation.providers.failover | AI chain: grok#4 ready (GROK_API_KEY)
2026-09-10 14:33:19,957 | INFO     | evaluation.providers.failover | AI chain: grok#5 ready (GROK_API_KEY_2)
2026-09-10 14:33:19,958 | INFO     | evaluation.providers.failover | AI chain: grok#6 ready (GROK_API_KEY_3)
2026-09-10 14:33:23,254 | WARNING  | evaluation.providers.gemini | Gemini transient HTTP 429; retrying.
2026-09-10 14:33:35,872 | WARNING  | evaluation.providers.failover | AI chain: gemini#1 exhausted, retiring it for this run -- Gemini HTTP 429: You exceeded your current quota, please check your plan and billing details. For more information on this error, head to: https://ai.google.dev/gemini-api/docs/rate-limits. To monitor your current usage, head to: https://ai.dev/rate-limit. 
* Quota exceeded for metric: generativelanguage.googleapis.com/generate_content_free_tier_requests, limit: 20, model: gemini-3.6-flash
Please retry in 24.160889516s.
2026-09-10 14:33:54,348 | WARNING  | evaluation.providers.gemini | Gemini transient HTTP 429; retrying.
2026-09-10 14:33:59,698 | INFO     | evaluation.providers.failover | AI chain: gemini#1 ready (GEMINI_API_KEY)
2026-09-10 14:33:59,711 | INFO     | evaluation.providers.failover | AI chain: gemini#2 ready (GEMINI_API_KEY_2)
2026-09-10 14:33:59,728 | INFO     | evaluation.providers.failover | AI chain: gemini#3 ready (GEMINI_API_KEY_3)
2026-09-10 14:33:59,797 | INFO     | evaluation.providers.failover | AI chain: grok#4 ready (GROK_API_KEY)
2026-09-10 14:33:59,834 | INFO     | evaluation.providers.failover | AI chain: grok#5 ready (GROK_API_KEY_2)
2026-09-10 14:33:59,894 | INFO     | evaluation.providers.failover | AI chain: grok#6 ready (GROK_API_KEY_3)
2026-09-10 14:34:08,199 | WARNING  | evaluation.providers.failover | AI chain: gemini#2 exhausted, retiring it for this run -- Gemini HTTP 429: You exceeded your current quota, please check your plan and billing details. For more information on this error, head to: https://ai.google.dev/gemini-api/docs/rate-limits. To monitor your current usage, head to: https://ai.dev/rate-limit. 
* Quota exceeded for metric: generativelanguage.googleapis.com/generate_content_free_tier_requests, limit: 20, model: gemini-3.6-flash
Please retry in 51.81798158s.
2026-09-10 14:34:10,731 | WARNING  | evaluation.providers.gemini | Gemini transient HTTP 429; retrying.
2026-09-10 14:34:11,718 | WARNING  | evaluation.providers.gemini | Gemini transient HTTP 429; retrying.
2026-09-10 14:34:12,895 | WARNING  | evaluation.providers.failover | AI chain: gemini#1 exhausted, retiring it for this run -- Gemini HTTP 429: You exceeded your current quota, please check your plan and billing details. For more information on this error, head to: https://ai.google.dev/gemini-api/docs/rate-limits. To monitor your current usage, head to: https://ai.dev/rate-limit. 
* Quota exceeded for metric: generativelanguage.googleapis.com/generate_content_free_tier_requests, limit: 20, model: gemini-3.6-flash
Please retry in 47.118022674s.
2026-09-10 14:34:13,119 | WARNING  | evaluation.providers.failover | AI chain: gemini#3 exhausted, retiring it for this run -- Gemini HTTP 429: You exceeded your current quota, please check your plan and billing details. For more information on this error, head to: https://ai.google.dev/gemini-api/docs/rate-limits. To monitor your current usage, head to: https://ai.dev/rate-limit. 
* Quota exceeded for metric: generativelanguage.googleapis.com/generate_content_free_tier_requests, limit: 20, model: gemini-3.6-flash
Please retry in 46.903114687s.
2026-09-10 14:34:14,606 | WARNING  | evaluation.providers.failover | AI chain: grok#4 failed (transient, kept in rotation) -- grok#4: HTTP 400 from xAI -- {"code":"invalid-argument","error":"Incorrect API key provided. You can obtain an API key from https://console.x.ai."} (model='grok-4.3'; set GROK_MODEL to a current slug if this says the model does not exist)
2026-09-10 14:34:15,874 | WARNING  | evaluation.providers.failover | AI chain: grok#5 failed (transient, kept in rotation) -- grok#5: HTTP 400 from xAI -- {"code":"invalid-argument","error":"Incorrect API key provided. You can obtain an API key from https://console.x.ai."} (model='grok-4.3'; set GROK_MODEL to a current slug if this says the model does not exist)
2026-09-10 14:34:15,930 | WARNING  | evaluation.providers.gemini | Gemini transient HTTP 429; retrying.
2026-09-10 14:34:17,343 | WARNING  | evaluation.providers.failover | AI chain: grok#6 failed (transient, kept in rotation) -- grok#6: HTTP 400 from xAI -- {"code":"invalid-argument","error":"Incorrect API key provided. You can obtain an API key from https://console.x.ai."} (model='grok-4.3'; set GROK_MODEL to a current slug if this says the model does not exist)
2026-09-10 14:34:17,355 | INFO     | evaluation.providers.failover | AI chain: gemini#1 ready (GEMINI_API_KEY)
2026-09-10 14:34:17,356 | INFO     | evaluation.providers.failover | AI chain: gemini#2 ready (GEMINI_API_KEY_2)
2026-09-10 14:34:17,358 | INFO     | evaluation.providers.failover | AI chain: gemini#3 ready (GEMINI_API_KEY_3)
2026-09-10 14:34:17,360 | INFO     | evaluation.providers.failover | AI chain: grok#4 ready (GROK_API_KEY)
2026-09-10 14:34:17,361 | INFO     | evaluation.providers.failover | AI chain: grok#5 ready (GROK_API_KEY_2)
2026-09-10 14:34:17,361 | INFO     | evaluation.providers.failover | AI chain: grok#6 ready (GROK_API_KEY_3)
2026-09-10 14:34:17,489 | WARNING  | evaluation.providers.failover | AI chain: gemini#2 exhausted, retiring it for this run -- Gemini HTTP 429: You exceeded your current quota, please check your plan and billing details. For more information on this error, head to: https://ai.google.dev/gemini-api/docs/rate-limits. To monitor your current usage, head to: https://ai.dev/rate-limit. 
* Quota exceeded for metric: generativelanguage.googleapis.com/generate_content_free_tier_requests, limit: 20, model: gemini-3.6-flash
Please retry in 42.524168515s.
2026-09-10 14:34:20,336 | WARNING  | evaluation.providers.gemini | Gemini transient HTTP 429; retrying.
2026-09-10 14:34:20,467 | WARNING  | evaluation.providers.gemini | Gemini transient HTTP 429; retrying.
2026-09-10 14:34:21,753 | WARNING  | evaluation.providers.failover | AI chain: gemini#1 exhausted, retiring it for this run -- Gemini HTTP 429: You exceeded your current quota, please check your plan and billing details. For more information on this error, head to: https://ai.google.dev/gemini-api/docs/rate-limits. To monitor your current usage, head to: https://ai.dev/rate-limit. 
* Quota exceeded for metric: generativelanguage.googleapis.com/generate_content_free_tier_requests, limit: 20, model: gemini-3.6-flash
Please retry in 38.274897514s.
2026-09-10 14:34:22,141 | WARNING  | evaluation.providers.failover | AI chain: gemini#3 exhausted, retiring it for this run -- Gemini HTTP 429: You exceeded your current quota, please check your plan and billing details. For more information on this error, head to: https://ai.google.dev/gemini-api/docs/rate-limits. To monitor your current usage, head to: https://ai.dev/rate-limit. 
* Quota exceeded for metric: generativelanguage.googleapis.com/generate_content_free_tier_requests, limit: 20, model: gemini-3.6-flash
Please retry in 37.871408296s.
2026-09-10 14:34:23,392 | WARNING  | evaluation.providers.failover | AI chain: grok#4 failed (transient, kept in rotation) -- grok#4: HTTP 400 from xAI -- {"code":"invalid-argument","error":"Incorrect API key provided. You can obtain an API key from https://console.x.ai."} (model='grok-4.3'; set GROK_MODEL to a current slug if this says the model does not exist)
2026-09-10 14:34:24,507 | WARNING  | evaluation.providers.gemini | Gemini transient HTTP 429; retrying.
2026-09-10 14:34:24,528 | WARNING  | evaluation.providers.failover | AI chain: grok#5 failed (transient, kept in rotation) -- grok#5: HTTP 400 from xAI -- {"code":"invalid-argument","error":"Incorrect API key provided. You can obtain an API key from https://console.x.ai."} (model='grok-4.3'; set GROK_MODEL to a current slug if this says the model does not exist)
2026-09-10 14:34:25,883 | WARNING  | evaluation.providers.failover | AI chain: grok#6 failed (transient, kept in rotation) -- grok#6: HTTP 400 from xAI -- {"code":"invalid-argument","error":"Incorrect API key provided. You can obtain an API key from https://console.x.ai."} (model='grok-4.3'; set GROK_MODEL to a current slug if this says the model does not exist)
2026-09-10 14:34:25,922 | INFO     | evaluation.providers.failover | AI chain: gemini#1 ready (GEMINI_API_KEY)
2026-09-10 14:34:25,924 | INFO     | evaluation.providers.failover | AI chain: gemini#2 ready (GEMINI_API_KEY_2)
2026-09-10 14:34:25,927 | INFO     | evaluation.providers.failover | AI chain: gemini#3 ready (GEMINI_API_KEY_3)
2026-09-10 14:34:25,928 | INFO     | evaluation.providers.failover | AI chain: grok#4 ready (GROK_API_KEY)
2026-09-10 14:34:25,929 | INFO     | evaluation.providers.failover | AI chain: grok#5 ready (GROK_API_KEY_2)
2026-09-10 14:34:25,930 | INFO     | evaluation.providers.failover | AI chain: grok#6 ready (GROK_API_KEY_3)
2026-09-10 14:34:25,938 | WARNING  | evaluation.providers.failover | AI chain: gemini#2 exhausted, retiring it for this run -- Gemini HTTP 429: You exceeded your current quota, please check your plan and billing details. For more information on this error, head to: https://ai.google.dev/gemini-api/docs/rate-limits. To monitor your current usage, head to: https://ai.dev/rate-limit. 
* Quota exceeded for metric: generativelanguage.googleapis.com/generate_content_free_tier_requests, limit: 20, model: gemini-3.6-flash
Please retry in 34.076736591s.
2026-09-10 14:34:28,905 | WARNING  | evaluation.providers.gemini | Gemini transient HTTP 429; retrying.
2026-09-10 14:34:28,987 | WARNING  | evaluation.providers.gemini | Gemini transient HTTP 429; retrying.
2026-09-10 14:34:30,279 | WARNING  | evaluation.providers.failover | AI chain: gemini#3 exhausted, retiring it for this run -- Gemini HTTP 429: You exceeded your current quota, please check your plan and billing details. For more information on this error, head to: https://ai.google.dev/gemini-api/docs/rate-limits. To monitor your current usage, head to: https://ai.dev/rate-limit. 
* Quota exceeded for metric: generativelanguage.googleapis.com/generate_content_free_tier_requests, limit: 20, model: gemini-3.6-flash
Please retry in 29.739098058s.
2026-09-10 14:34:30,310 | WARNING  | evaluation.providers.failover | AI chain: gemini#1 exhausted, retiring it for this run -- Gemini HTTP 429: You exceeded your current quota, please check your plan and billing details. For more information on this error, head to: https://ai.google.dev/gemini-api/docs/rate-limits. To monitor your current usage, head to: https://ai.dev/rate-limit. 
* Quota exceeded for metric: generativelanguage.googleapis.com/generate_content_free_tier_requests, limit: 20, model: gemini-3.6-flash
Please retry in 29.708507532s.
2026-09-10 14:34:31,583 | WARNING  | evaluation.providers.failover | AI chain: grok#4 failed (transient, kept in rotation) -- grok#4: HTTP 400 from xAI -- {"code":"invalid-argument","error":"Incorrect API key provided. You can obtain an API key from https://console.x.ai."} (model='grok-4.3'; set GROK_MODEL to a current slug if this says the model does not exist)
2026-09-10 14:34:32,683 | WARNING  | evaluation.providers.failover | AI chain: grok#5 failed (transient, kept in rotation) -- grok#5: HTTP 400 from xAI -- {"code":"invalid-argument","error":"Incorrect API key provided. You can obtain an API key from https://console.x.ai."} (model='grok-4.3'; set GROK_MODEL to a current slug if this says the model does not exist)
2026-09-10 14:34:33,271 | WARNING  | evaluation.providers.gemini | Gemini transient HTTP 429; retrying.
2026-09-10 14:34:33,786 | WARNING  | evaluation.providers.failover | AI chain: grok#6 failed (transient, kept in rotation) -- grok#6: HTTP 400 from xAI -- {"code":"invalid-argument","error":"Incorrect API key provided. You can obtain an API key from https://console.x.ai."} (model='grok-4.3'; set GROK_MODEL to a current slug if this says the model does not exist)
2026-09-10 14:34:33,800 | INFO     | evaluation.providers.failover | AI chain: gemini#1 ready (GEMINI_API_KEY)
2026-09-10 14:34:33,800 | INFO     | evaluation.providers.failover | AI chain: gemini#2 ready (GEMINI_API_KEY_2)
2026-09-10 14:34:33,801 | INFO     | evaluation.providers.failover | AI chain: gemini#3 ready (GEMINI_API_KEY_3)
2026-09-10 14:34:33,803 | INFO     | evaluation.providers.failover | AI chain: grok#4 ready (GROK_API_KEY)
2026-09-10 14:34:33,803 | INFO     | evaluation.providers.failover | AI chain: grok#5 ready (GROK_API_KEY_2)
2026-09-10 14:34:33,804 | INFO     | evaluation.providers.failover | AI chain: grok#6 ready (GROK_API_KEY_3)
2026-09-10 14:34:34,512 | WARNING  | evaluation.providers.failover | AI chain: gemini#2 exhausted, retiring it for this run -- Gemini HTTP 429: You exceeded your current quota, please check your plan and billing details. For more information on this error, head to: https://ai.google.dev/gemini-api/docs/rate-limits. To monitor your current usage, head to: https://ai.dev/rate-limit. 
* Quota exceeded for metric: generativelanguage.googleapis.com/generate_content_free_tier_requests, limit: 20, model: gemini-3.6-flash
Please retry in 25.500732627s.
2026-09-10 14:34:36,624 | WARNING  | evaluation.providers.gemini | Gemini transient HTTP 429; retrying.
2026-09-10 14:34:37,185 | WARNING  | evaluation.providers.gemini | Gemini transient HTTP 429; retrying.
2026-09-10 14:34:37,855 | WARNING  | evaluation.providers.failover | AI chain: gemini#1 exhausted, retiring it for this run -- Gemini HTTP 429: You exceeded your current quota, please check your plan and billing details. For more information on this error, head to: https://ai.google.dev/gemini-api/docs/rate-limits. To monitor your current usage, head to: https://ai.dev/rate-limit. 
* Quota exceeded for metric: generativelanguage.googleapis.com/generate_content_free_tier_requests, limit: 20, model: gemini-3.6-flash
Please retry in 22.158482937s.
2026-09-10 14:34:38,421 | WARNING  | evaluation.providers.failover | AI chain: gemini#3 exhausted, retiring it for this run -- Gemini HTTP 429: You exceeded your current quota, please check your plan and billing details. For more information on this error, head to: https://ai.google.dev/gemini-api/docs/rate-limits. To monitor your current usage, head to: https://ai.dev/rate-limit. 
* Quota exceeded for metric: generativelanguage.googleapis.com/generate_content_free_tier_requests, limit: 20, model: gemini-3.6-flash
Please retry in 21.591403013s.
2026-09-10 14:34:39,602 | WARNING  | evaluation.providers.failover | AI chain: grok#4 failed (transient, kept in rotation) -- grok#4: HTTP 400 from xAI -- {"code":"invalid-argument","error":"Incorrect API key provided. You can obtain an API key from https://console.x.ai."} (model='grok-4.3'; set GROK_MODEL to a current slug if this says the model does not exist)
2026-09-10 14:34:40,611 | WARNING  | evaluation.providers.gemini | Gemini transient HTTP 429; retrying.
2026-09-10 14:34:40,694 | WARNING  | evaluation.providers.failover | AI chain: grok#5 failed (transient, kept in rotation) -- grok#5: HTTP 400 from xAI -- {"code":"invalid-argument","error":"Incorrect API key provided. You can obtain an API key from https://console.x.ai."} (model='grok-4.3'; set GROK_MODEL to a current slug if this says the model does not exist)
2026-09-10 14:34:41,969 | WARNING  | evaluation.providers.failover | AI chain: gemini#2 exhausted, retiring it for this run -- Gemini HTTP 429: You exceeded your current quota, please check your plan and billing details. For more information on this error, head to: https://ai.google.dev/gemini-api/docs/rate-limits. To monitor your current usage, head to: https://ai.dev/rate-limit. 
* Quota exceeded for metric: generativelanguage.googleapis.com/generate_content_free_tier_requests, limit: 20, model: gemini-3.6-flash
Please retry in 18.041040919s.
2026-09-10 14:34:41,986 | WARNING  | evaluation.providers.failover | AI chain: grok#6 failed (transient, kept in rotation) -- grok#6: HTTP 400 from xAI -- {"code":"invalid-argument","error":"Incorrect API key provided. You can obtain an API key from https://console.x.ai."} (model='grok-4.3'; set GROK_MODEL to a current slug if this says the model does not exist)
2026-09-10 14:34:42,001 | INFO     | evaluation.providers.failover | AI chain: gemini#1 ready (GEMINI_API_KEY)
2026-09-10 14:34:42,005 | INFO     | evaluation.providers.failover | AI chain: gemini#2 ready (GEMINI_API_KEY_2)
2026-09-10 14:34:42,015 | INFO     | evaluation.providers.failover | AI chain: gemini#3 ready (GEMINI_API_KEY_3)
2026-09-10 14:34:42,024 | INFO     | evaluation.providers.failover | AI chain: grok#4 ready (GROK_API_KEY)
2026-09-10 14:34:42,030 | INFO     | evaluation.providers.failover | AI chain: grok#5 ready (GROK_API_KEY_2)
2026-09-10 14:34:42,038 | INFO     | evaluation.providers.failover | AI chain: grok#6 ready (GROK_API_KEY_3)
2026-09-10 14:34:44,956 | WARNING  | evaluation.providers.gemini | Gemini transient HTTP 429; retrying.
2026-09-10 14:34:44,962 | WARNING  | evaluation.providers.gemini | Gemini transient HTTP 429; retrying.
2026-09-10 14:34:46,268 | WARNING  | evaluation.providers.failover | AI chain: gemini#1 exhausted, retiring it for this run -- Gemini HTTP 429: You exceeded your current quota, please check your plan and billing details. For more information on this error, head to: https://ai.google.dev/gemini-api/docs/rate-limits. To monitor your current usage, head to: https://ai.dev/rate-limit. 
* Quota exceeded for metric: generativelanguage.googleapis.com/generate_content_free_tier_requests, limit: 20, model: gemini-3.6-flash
Please retry in 13.746624757s.
2026-09-10 14:34:46,316 | WARNING  | evaluation.providers.failover | AI chain: gemini#3 exhausted, retiring it for this run -- Gemini HTTP 429: You exceeded your current quota, please check your plan and billing details. For more information on this error, head to: https://ai.google.dev/gemini-api/docs/rate-limits. To monitor your current usage, head to: https://ai.dev/rate-limit. 
* Quota exceeded for metric: generativelanguage.googleapis.com/generate_content_free_tier_requests, limit: 20, model: gemini-3.6-flash
Please retry in 13.704382085s.
2026-09-10 14:34:47,661 | WARNING  | evaluation.providers.failover | AI chain: grok#4 failed (transient, kept in rotation) -- grok#4: HTTP 400 from xAI -- {"code":"invalid-argument","error":"Incorrect API key provided. You can obtain an API key from https://console.x.ai."} (model='grok-4.3'; set GROK_MODEL to a current slug if this says the model does not exist)
2026-09-10 14:34:48,750 | WARNING  | evaluation.providers.failover | AI chain: grok#5 failed (transient, kept in rotation) -- grok#5: HTTP 400 from xAI -- {"code":"invalid-argument","error":"Incorrect API key provided. You can obtain an API key from https://console.x.ai."} (model='grok-4.3'; set GROK_MODEL to a current slug if this says the model does not exist)
2026-09-10 14:34:49,185 | WARNING  | evaluation.providers.gemini | Gemini transient HTTP 429; retrying.
2026-09-10 14:34:49,950 | WARNING  | evaluation.providers.failover | AI chain: grok#6 failed (transient, kept in rotation) -- grok#6: HTTP 400 from xAI -- {"code":"invalid-argument","error":"Incorrect API key provided. You can obtain an API key from https://console.x.ai."} (model='grok-4.3'; set GROK_MODEL to a current slug if this says the model does not exist)
2026-09-10 14:34:49,960 | INFO     | evaluation.providers.failover | AI chain: gemini#1 ready (GEMINI_API_KEY)
2026-09-10 14:34:49,962 | INFO     | evaluation.providers.failover | AI chain: gemini#2 ready (GEMINI_API_KEY_2)
2026-09-10 14:34:49,963 | INFO     | evaluation.providers.failover | AI chain: gemini#3 ready (GEMINI_API_KEY_3)
2026-09-10 14:34:49,963 | INFO     | evaluation.providers.failover | AI chain: grok#4 ready (GROK_API_KEY)
2026-09-10 14:34:49,964 | INFO     | evaluation.providers.failover | AI chain: grok#5 ready (GROK_API_KEY_2)
2026-09-10 14:34:49,964 | INFO     | evaluation.providers.failover | AI chain: grok#6 ready (GROK_API_KEY_3)
2026-09-10 14:34:50,491 | WARNING  | evaluation.providers.failover | AI chain: gemini#2 exhausted, retiring it for this run -- Gemini HTTP 429: You exceeded your current quota, please check your plan and billing details. For more information on this error, head to: https://ai.google.dev/gemini-api/docs/rate-limits. To monitor your current usage, head to: https://ai.dev/rate-limit. 
* Quota exceeded for metric: generativelanguage.googleapis.com/generate_content_free_tier_requests, limit: 20, model: gemini-3.6-flash
Please retry in 9.520647864s.
2026-09-10 14:34:52,835 | WARNING  | evaluation.providers.gemini | Gemini transient HTTP 429; retrying.
2026-09-10 14:34:53,263 | WARNING  | evaluation.providers.gemini | Gemini transient HTTP 429; retrying.
2026-09-10 14:34:54,197 | WARNING  | evaluation.providers.failover | AI chain: gemini#1 exhausted, retiring it for this run -- Gemini HTTP 429: You exceeded your current quota, please check your plan and billing details. For more information on this error, head to: https://ai.google.dev/gemini-api/docs/rate-limits. To monitor your current usage, head to: https://ai.dev/rate-limit. 
* Quota exceeded for metric: generativelanguage.googleapis.com/generate_content_free_tier_requests, limit: 20, model: gemini-3.6-flash
Please retry in 5.814455582s.
2026-09-10 14:34:54,618 | WARNING  | evaluation.providers.failover | AI chain: gemini#3 exhausted, retiring it for this run -- Gemini HTTP 429: You exceeded your current quota, please check your plan and billing details. For more information on this error, head to: https://ai.google.dev/gemini-api/docs/rate-limits. To monitor your current usage, head to: https://ai.dev/rate-limit. 
* Quota exceeded for metric: generativelanguage.googleapis.com/generate_content_free_tier_requests, limit: 20, model: gemini-3.6-flash
Please retry in 5.394379738s.
2026-09-10 14:34:55,810 | WARNING  | evaluation.providers.failover | AI chain: grok#4 failed (transient, kept in rotation) -- grok#4: HTTP 400 from xAI -- {"code":"invalid-argument","error":"Incorrect API key provided. You can obtain an API key from https://console.x.ai."} (model='grok-4.3'; set GROK_MODEL to a current slug if this says the model does not exist)
2026-09-10 14:34:56,938 | WARNING  | evaluation.providers.failover | AI chain: grok#5 failed (transient, kept in rotation) -- grok#5: HTTP 400 from xAI -- {"code":"invalid-argument","error":"Incorrect API key provided. You can obtain an API key from https://console.x.ai."} (model='grok-4.3'; set GROK_MODEL to a current slug if this says the model does not exist)
2026-09-10 14:34:57,026 | WARNING  | evaluation.providers.gemini | Gemini transient HTTP 429; retrying.
2026-09-10 14:34:58,307 | WARNING  | evaluation.providers.failover | AI chain: grok#6 failed (transient, kept in rotation) -- grok#6: HTTP 400 from xAI -- {"code":"invalid-argument","error":"Incorrect API key provided. You can obtain an API key from https://console.x.ai."} (model='grok-4.3'; set GROK_MODEL to a current slug if this says the model does not exist)
2026-09-10 14:34:58,322 | INFO     | evaluation.providers.failover | AI chain: gemini#1 ready (GEMINI_API_KEY)
2026-09-10 14:34:58,323 | INFO     | evaluation.providers.failover | AI chain: gemini#2 ready (GEMINI_API_KEY_2)
2026-09-10 14:34:58,324 | INFO     | evaluation.providers.failover | AI chain: gemini#3 ready (GEMINI_API_KEY_3)
2026-09-10 14:34:58,324 | INFO     | evaluation.providers.failover | AI chain: grok#4 ready (GROK_API_KEY)
2026-09-10 14:34:58,325 | INFO     | evaluation.providers.failover | AI chain: grok#5 ready (GROK_API_KEY_2)
2026-09-10 14:34:58,326 | INFO     | evaluation.providers.failover | AI chain: grok#6 ready (GROK_API_KEY_3)
2026-09-10 14:34:58,365 | WARNING  | evaluation.providers.failover | AI chain: gemini#2 exhausted, retiring it for this run -- Gemini HTTP 429: You exceeded your current quota, please check your plan and billing details. For more information on this error, head to: https://ai.google.dev/gemini-api/docs/rate-limits. To monitor your current usage, head to: https://ai.dev/rate-limit. 
* Quota exceeded for metric: generativelanguage.googleapis.com/generate_content_free_tier_requests, limit: 20, model: gemini-3.6-flash
Please retry in 1.649378268s.
2026-09-10 14:35:01,236 | WARNING  | evaluation.providers.gemini | Gemini transient HTTP 429; retrying.
2026-09-10 14:35:01,241 | WARNING  | evaluation.providers.gemini | Gemini transient HTTP 429; retrying.
2026-09-10 14:35:03,094 | WARNING  | evaluation.providers.failover | AI chain: gemini#1 exhausted, retiring it for this run -- Gemini HTTP 429: You exceeded your current quota, please check your plan and billing details. For more information on this error, head to: https://ai.google.dev/gemini-api/docs/rate-limits. To monitor your current usage, head to: https://ai.dev/rate-limit. 
* Quota exceeded for metric: generativelanguage.googleapis.com/generate_content_free_tier_requests, limit: 20, model: gemini-3.6-flash
Please retry in 56.917116742s.
2026-09-10 14:35:03,147 | WARNING  | evaluation.providers.failover | AI chain: gemini#3 exhausted, retiring it for this run -- Gemini HTTP 429: You exceeded your current quota, please check your plan and billing details. For more information on this error, head to: https://ai.google.dev/gemini-api/docs/rate-limits. To monitor your current usage, head to: https://ai.dev/rate-limit. 
* Quota exceeded for metric: generativelanguage.googleapis.com/generate_content_free_tier_requests, limit: 20, model: gemini-3.6-flash
Please retry in 56.866886963s.
2026-09-10 14:35:04,438 | WARNING  | evaluation.providers.failover | AI chain: grok#4 failed (transient, kept in rotation) -- grok#4: HTTP 400 from xAI -- {"code":"invalid-argument","error":"Incorrect API key provided. You can obtain an API key from https://console.x.ai."} (model='grok-4.3'; set GROK_MODEL to a current slug if this says the model does not exist)
2026-09-10 14:35:05,579 | WARNING  | evaluation.providers.failover | AI chain: grok#5 failed (transient, kept in rotation) -- grok#5: HTTP 400 from xAI -- {"code":"invalid-argument","error":"Incorrect API key provided. You can obtain an API key from https://console.x.ai."} (model='grok-4.3'; set GROK_MODEL to a current slug if this says the model does not exist)
2026-09-10 14:35:05,994 | WARNING  | evaluation.providers.gemini | Gemini transient HTTP 429; retrying.
2026-09-10 14:35:06,798 | WARNING  | evaluation.providers.failover | AI chain: grok#6 failed (transient, kept in rotation) -- grok#6: HTTP 400 from xAI -- {"code":"invalid-argument","error":"Incorrect API key provided. You can obtain an API key from https://console.x.ai."} (model='grok-4.3'; set GROK_MODEL to a current slug if this says the model does not exist)
2026-09-10 14:35:06,808 | INFO     | evaluation.providers.failover | AI chain: gemini#1 ready (GEMINI_API_KEY)
2026-09-10 14:35:06,808 | INFO     | evaluation.providers.failover | AI chain: gemini#2 ready (GEMINI_API_KEY_2)
2026-09-10 14:35:06,814 | INFO     | evaluation.providers.failover | AI chain: gemini#3 ready (GEMINI_API_KEY_3)
2026-09-10 14:35:06,817 | INFO     | evaluation.providers.failover | AI chain: grok#4 ready (GROK_API_KEY)
2026-09-10 14:35:06,820 | INFO     | evaluation.providers.failover | AI chain: grok#5 ready (GROK_API_KEY_2)
2026-09-10 14:35:06,821 | INFO     | evaluation.providers.failover | AI chain: grok#6 ready (GROK_API_KEY_3)
2026-09-10 14:35:07,331 | WARNING  | evaluation.providers.failover | AI chain: gemini#2 exhausted, retiring it for this run -- Gemini HTTP 429: You exceeded your current quota, please check your plan and billing details. For more information on this error, head to: https://ai.google.dev/gemini-api/docs/rate-limits. To monitor your current usage, head to: https://ai.dev/rate-limit. 
* Quota exceeded for metric: generativelanguage.googleapis.com/generate_content_free_tier_requests, limit: 20, model: gemini-3.6-flash
Please retry in 52.680596806s.
2026-09-10 14:35:09,600 | WARNING  | evaluation.providers.gemini | Gemini transient HTTP 429; retrying.
2026-09-10 14:35:09,993 | WARNING  | evaluation.providers.gemini | Gemini transient HTTP 429; retrying.
2026-09-10 14:35:10,798 | WARNING  | evaluation.providers.failover | AI chain: gemini#1 exhausted, retiring it for this run -- Gemini HTTP 429: You exceeded your current quota, please check your plan and billing details. For more information on this error, head to: https://ai.google.dev/gemini-api/docs/rate-limits. To monitor your current usage, head to: https://ai.dev/rate-limit. 
* Quota exceeded for metric: generativelanguage.googleapis.com/generate_content_free_tier_requests, limit: 20, model: gemini-3.6-flash
Please retry in 49.215249237s.
2026-09-10 14:35:11,362 | WARNING  | evaluation.providers.failover | AI chain: gemini#3 exhausted, retiring it for this run -- Gemini HTTP 429: You exceeded your current quota, please check your plan and billing details. For more information on this error, head to: https://ai.google.dev/gemini-api/docs/rate-limits. To monitor your current usage, head to: https://ai.dev/rate-limit. 
* Quota exceeded for metric: generativelanguage.googleapis.com/generate_content_free_tier_requests, limit: 20, model: gemini-3.6-flash
Please retry in 48.648602727s.
2026-09-10 14:35:12,517 | WARNING  | evaluation.providers.failover | AI chain: grok#4 failed (transient, kept in rotation) -- grok#4: HTTP 400 from xAI -- {"code":"invalid-argument","error":"Incorrect API key provided. You can obtain an API key from https://console.x.ai."} (model='grok-4.3'; set GROK_MODEL to a current slug if this says the model does not exist)
2026-09-10 14:35:13,536 | WARNING  | evaluation.providers.gemini | Gemini transient HTTP 429; retrying.
2026-09-10 14:35:13,652 | WARNING  | evaluation.providers.failover | AI chain: grok#5 failed (transient, kept in rotation) -- grok#5: HTTP 400 from xAI -- {"code":"invalid-argument","error":"Incorrect API key provided. You can obtain an API key from https://console.x.ai."} (model='grok-4.3'; set GROK_MODEL to a current slug if this says the model does not exist)
2026-09-10 14:35:14,924 | WARNING  | evaluation.providers.failover | AI chain: grok#6 failed (transient, kept in rotation) -- grok#6: HTTP 400 from xAI -- {"code":"invalid-argument","error":"Incorrect API key provided. You can obtain an API key from https://console.x.ai."} (model='grok-4.3'; set GROK_MODEL to a current slug if this says the model does not exist)
2026-09-10 14:35:14,935 | INFO     | evaluation.providers.failover | AI chain: gemini#1 ready (GEMINI_API_KEY)
2026-09-10 14:35:14,936 | INFO     | evaluation.providers.failover | AI chain: gemini#2 ready (GEMINI_API_KEY_2)
2026-09-10 14:35:14,938 | INFO     | evaluation.providers.failover | AI chain: gemini#3 ready (GEMINI_API_KEY_3)
2026-09-10 14:35:14,939 | INFO     | evaluation.providers.failover | AI chain: grok#4 ready (GROK_API_KEY)
2026-09-10 14:35:14,940 | INFO     | evaluation.providers.failover | AI chain: grok#5 ready (GROK_API_KEY_2)
2026-09-10 14:35:14,941 | INFO     | evaluation.providers.failover | AI chain: grok#6 ready (GROK_API_KEY_3)
2026-09-10 14:35:15,145 | WARNING  | evaluation.providers.failover | AI chain: gemini#2 exhausted, retiring it for this run -- Gemini HTTP 429: You exceeded your current quota, please check your plan and billing details. For more information on this error, head to: https://ai.google.dev/gemini-api/docs/rate-limits. To monitor your current usage, head to: https://ai.dev/rate-limit. 
* Quota exceeded for metric: generativelanguage.googleapis.com/generate_content_free_tier_requests, limit: 20, model: gemini-3.6-flash
Please retry in 45.080608189s.
2026-09-10 14:35:17,995 | WARNING  | evaluation.providers.gemini | Gemini transient HTTP 429; retrying.
2026-09-10 14:35:18,100 | WARNING  | evaluation.providers.gemini | Gemini transient HTTP 429; retrying.
2026-09-10 14:35:19,432 | WARNING  | evaluation.providers.failover | AI chain: gemini#3 exhausted, retiring it for this run -- Gemini HTTP 429: You exceeded your current quota, please check your plan and billing details. For more information on this error, head to: https://ai.google.dev/gemini-api/docs/rate-limits. To monitor your current usage, head to: https://ai.dev/rate-limit. 
* Quota exceeded for metric: generativelanguage.googleapis.com/generate_content_free_tier_requests, limit: 20, model: gemini-3.6-flash
Please retry in 40.584315802s.
2026-09-10 14:35:19,483 | WARNING  | evaluation.providers.failover | AI chain: gemini#1 exhausted, retiring it for this run -- Gemini HTTP 429: You exceeded your current quota, please check your plan and billing details. For more information on this error, head to: https://ai.google.dev/gemini-api/docs/rate-limits. To monitor your current usage, head to: https://ai.dev/rate-limit. 
* Quota exceeded for metric: generativelanguage.googleapis.com/generate_content_free_tier_requests, limit: 20, model: gemini-3.6-flash
Please retry in 40.536183896s.
2026-09-10 14:35:20,751 | WARNING  | evaluation.providers.failover | AI chain: grok#4 failed (transient, kept in rotation) -- grok#4: HTTP 400 from xAI -- {"code":"invalid-argument","error":"Incorrect API key provided. You can obtain an API key from https://console.x.ai."} (model='grok-4.3'; set GROK_MODEL to a current slug if this says the model does not exist)
2026-09-10 14:35:22,006 | WARNING  | evaluation.providers.failover | AI chain: grok#5 failed (transient, kept in rotation) -- grok#5: HTTP 400 from xAI -- {"code":"invalid-argument","error":"Incorrect API key provided. You can obtain an API key from https://console.x.ai."} (model='grok-4.3'; set GROK_MODEL to a current slug if this says the model does not exist)
2026-09-10 14:35:22,313 | WARNING  | evaluation.providers.gemini | Gemini transient HTTP 429; retrying.
2026-09-10 14:35:23,266 | WARNING  | evaluation.providers.failover | AI chain: grok#6 failed (transient, kept in rotation) -- grok#6: HTTP 400 from xAI -- {"code":"invalid-argument","error":"Incorrect API key provided. You can obtain an API key from https://console.x.ai."} (model='grok-4.3'; set GROK_MODEL to a current slug if this says the model does not exist)
2026-09-10 14:35:23,282 | INFO     | evaluation.providers.failover | AI chain: gemini#1 ready (GEMINI_API_KEY)
2026-09-10 14:35:23,284 | INFO     | evaluation.providers.failover | AI chain: gemini#2 ready (GEMINI_API_KEY_2)
2026-09-10 14:35:23,285 | INFO     | evaluation.providers.failover | AI chain: gemini#3 ready (GEMINI_API_KEY_3)
2026-09-10 14:35:23,285 | INFO     | evaluation.providers.failover | AI chain: grok#4 ready (GROK_API_KEY)
2026-09-10 14:35:23,286 | INFO     | evaluation.providers.failover | AI chain: grok#5 ready (GROK_API_KEY_2)
2026-09-10 14:35:23,287 | INFO     | evaluation.providers.failover | AI chain: grok#6 ready (GROK_API_KEY_3)
2026-09-10 14:35:23,679 | WARNING  | evaluation.providers.failover | AI chain: gemini#2 exhausted, retiring it for this run -- Gemini HTTP 429: You exceeded your current quota, please check your plan and billing details. For more information on this error, head to: https://ai.google.dev/gemini-api/docs/rate-limits. To monitor your current usage, head to: https://ai.dev/rate-limit. 
* Quota exceeded for metric: generativelanguage.googleapis.com/generate_content_free_tier_requests, limit: 20, model: gemini-3.6-flash
Please retry in 36.334173526s.
2026-09-10 14:35:26,056 | WARNING  | evaluation.providers.gemini | Gemini transient HTTP 429; retrying.
2026-09-10 14:35:26,479 | WARNING  | evaluation.providers.gemini | Gemini transient HTTP 429; retrying.
2026-09-10 14:35:27,329 | WARNING  | evaluation.providers.failover | AI chain: gemini#1 exhausted, retiring it for this run -- Gemini HTTP 429: You exceeded your current quota, please check your plan and billing details. For more information on this error, head to: https://ai.google.dev/gemini-api/docs/rate-limits. To monitor your current usage, head to: https://ai.dev/rate-limit. 
* Quota exceeded for metric: generativelanguage.googleapis.com/generate_content_free_tier_requests, limit: 20, model: gemini-3.6-flash
Please retry in 32.684118074s.
2026-09-10 14:35:27,804 | WARNING  | evaluation.providers.failover | AI chain: gemini#3 exhausted, retiring it for this run -- Gemini HTTP 429: You exceeded your current quota, please check your plan and billing details. For more information on this error, head to: https://ai.google.dev/gemini-api/docs/rate-limits. To monitor your current usage, head to: https://ai.dev/rate-limit. 
* Quota exceeded for metric: generativelanguage.googleapis.com/generate_content_free_tier_requests, limit: 20, model: gemini-3.6-flash
Please retry in 32.205697416s.
2026-09-10 14:35:28,958 | WARNING  | evaluation.providers.failover | AI chain: grok#4 failed (transient, kept in rotation) -- grok#4: HTTP 400 from xAI -- {"code":"invalid-argument","error":"Incorrect API key provided. You can obtain an API key from https://console.x.ai."} (model='grok-4.3'; set GROK_MODEL to a current slug if this says the model does not exist)
2026-09-10 14:35:30,033 | WARNING  | evaluation.providers.failover | AI chain: grok#5 failed (transient, kept in rotation) -- grok#5: HTTP 400 from xAI -- {"code":"invalid-argument","error":"Incorrect API key provided. You can obtain an API key from https://console.x.ai."} (model='grok-4.3'; set GROK_MODEL to a current slug if this says the model does not exist)
2026-09-10 14:35:30,084 | WARNING  | evaluation.providers.gemini | Gemini transient HTTP 429; retrying.
2026-09-10 14:35:31,352 | WARNING  | evaluation.providers.failover | AI chain: grok#6 failed (transient, kept in rotation) -- grok#6: HTTP 400 from xAI -- {"code":"invalid-argument","error":"Incorrect API key provided. You can obtain an API key from https://console.x.ai."} (model='grok-4.3'; set GROK_MODEL to a current slug if this says the model does not exist)
2026-09-10 14:35:31,361 | INFO     | evaluation.providers.failover | AI chain: gemini#1 ready (GEMINI_API_KEY)
2026-09-10 14:35:31,362 | INFO     | evaluation.providers.failover | AI chain: gemini#2 ready (GEMINI_API_KEY_2)
2026-09-10 14:35:31,363 | INFO     | evaluation.providers.failover | AI chain: gemini#3 ready (GEMINI_API_KEY_3)
2026-09-10 14:35:31,363 | INFO     | evaluation.providers.failover | AI chain: grok#4 ready (GROK_API_KEY)
2026-09-10 14:35:31,364 | INFO     | evaluation.providers.failover | AI chain: grok#5 ready (GROK_API_KEY_2)
2026-09-10 14:35:31,365 | INFO     | evaluation.providers.failover | AI chain: grok#6 ready (GROK_API_KEY_3)
2026-09-10 14:35:31,421 | WARNING  | evaluation.providers.failover | AI chain: gemini#2 exhausted, retiring it for this run -- Gemini HTTP 429: You exceeded your current quota, please check your plan and billing details. For more information on this error, head to: https://ai.google.dev/gemini-api/docs/rate-limits. To monitor your current usage, head to: https://ai.dev/rate-limit. 
* Quota exceeded for metric: generativelanguage.googleapis.com/generate_content_free_tier_requests, limit: 20, model: gemini-3.6-flash
Please retry in 28.588883177s.
2026-09-10 14:35:34,281 | WARNING  | evaluation.providers.gemini | Gemini transient HTTP 429; retrying.
2026-09-10 14:35:34,306 | WARNING  | evaluation.providers.gemini | Gemini transient HTTP 429; retrying.
2026-09-10 14:35:35,653 | WARNING  | evaluation.providers.failover | AI chain: gemini#3 exhausted, retiring it for this run -- Gemini HTTP 429: You exceeded your current quota, please check your plan and billing details. For more information on this error, head to: https://ai.google.dev/gemini-api/docs/rate-limits. To monitor your current usage, head to: https://ai.dev/rate-limit. 
* Quota exceeded for metric: generativelanguage.googleapis.com/generate_content_free_tier_requests, limit: 20, model: gemini-3.6-flash
Please retry in 24.361951467s.
2026-09-10 14:35:35,696 | WARNING  | evaluation.providers.failover | AI chain: gemini#1 exhausted, retiring it for this run -- Gemini HTTP 429: You exceeded your current quota, please check your plan and billing details. For more information on this error, head to: https://ai.google.dev/gemini-api/docs/rate-limits. To monitor your current usage, head to: https://ai.dev/rate-limit. 
* Quota exceeded for metric: generativelanguage.googleapis.com/generate_content_free_tier_requests, limit: 20, model: gemini-3.6-flash
Please retry in 24.319723058s.
2026-09-10 14:35:37,101 | WARNING  | evaluation.providers.failover | AI chain: grok#4 failed (transient, kept in rotation) -- grok#4: HTTP 400 from xAI -- {"code":"invalid-argument","error":"Incorrect API key provided. You can obtain an API key from https://console.x.ai."} (model='grok-4.3'; set GROK_MODEL to a current slug if this says the model does not exist)
2026-09-10 14:35:38,370 | WARNING  | evaluation.providers.failover | AI chain: grok#5 failed (transient, kept in rotation) -- grok#5: HTTP 400 from xAI -- {"code":"invalid-argument","error":"Incorrect API key provided. You can obtain an API key from https://console.x.ai."} (model='grok-4.3'; set GROK_MODEL to a current slug if this says the model does not exist)
2026-09-10 14:35:38,635 | WARNING  | evaluation.providers.gemini | Gemini transient HTTP 429; retrying.
2026-09-10 14:35:39,648 | WARNING  | evaluation.providers.failover | AI chain: grok#6 failed (transient, kept in rotation) -- grok#6: HTTP 400 from xAI -- {"code":"invalid-argument","error":"Incorrect API key provided. You can obtain an API key from https://console.x.ai."} (model='grok-4.3'; set GROK_MODEL to a current slug if this says the model does not exist)
2026-09-10 14:35:39,664 | INFO     | evaluation.providers.failover | AI chain: gemini#1 ready (GEMINI_API_KEY)
2026-09-10 14:35:39,665 | INFO     | evaluation.providers.failover | AI chain: gemini#2 ready (GEMINI_API_KEY_2)
2026-09-10 14:35:39,666 | INFO     | evaluation.providers.failover | AI chain: gemini#3 ready (GEMINI_API_KEY_3)
2026-09-10 14:35:39,667 | INFO     | evaluation.providers.failover | AI chain: grok#4 ready (GROK_API_KEY)
2026-09-10 14:35:39,668 | INFO     | evaluation.providers.failover | AI chain: grok#5 ready (GROK_API_KEY_2)
2026-09-10 14:35:39,670 | INFO     | evaluation.providers.failover | AI chain: grok#6 ready (GROK_API_KEY_3)
2026-09-10 14:35:39,958 | WARNING  | evaluation.providers.failover | AI chain: gemini#2 exhausted, retiring it for this run -- Gemini HTTP 429: You exceeded your current quota, please check your plan and billing details. For more information on this error, head to: https://ai.google.dev/gemini-api/docs/rate-limits. To monitor your current usage, head to: https://ai.dev/rate-limit. 
* Quota exceeded for metric: generativelanguage.googleapis.com/generate_content_free_tier_requests, limit: 20, model: gemini-3.6-flash
Please retry in 20.053332812s.
2026-09-10 14:35:42,755 | WARNING  | evaluation.providers.gemini | Gemini transient HTTP 429; retrying.
2026-09-10 14:35:42,932 | WARNING  | evaluation.providers.gemini | Gemini transient HTTP 429; retrying.
2026-09-10 14:35:44,131 | WARNING  | evaluation.providers.failover | AI chain: gemini#1 exhausted, retiring it for this run -- Gemini HTTP 429: You exceeded your current quota, please check your plan and billing details. For more information on this error, head to: https://ai.google.dev/gemini-api/docs/rate-limits. To monitor your current usage, head to: https://ai.dev/rate-limit. 
* Quota exceeded for metric: generativelanguage.googleapis.com/generate_content_free_tier_requests, limit: 20, model: gemini-3.6-flash
Please retry in 15.88443975s.
2026-09-10 14:35:44,199 | WARNING  | evaluation.providers.failover | AI chain: gemini#3 exhausted, retiring it for this run -- Gemini HTTP 429: You exceeded your current quota, please check your plan and billing details. For more information on this error, head to: https://ai.google.dev/gemini-api/docs/rate-limits. To monitor your current usage, head to: https://ai.dev/rate-limit. 
* Quota exceeded for metric: generativelanguage.googleapis.com/generate_content_free_tier_requests, limit: 20, model: gemini-3.6-flash
Please retry in 15.818285505s.
2026-09-10 14:35:45,506 | WARNING  | evaluation.providers.failover | AI chain: grok#4 failed (transient, kept in rotation) -- grok#4: HTTP 400 from xAI -- {"code":"invalid-argument","error":"Incorrect API key provided. You can obtain an API key from https://console.x.ai."} (model='grok-4.3'; set GROK_MODEL to a current slug if this says the model does not exist)
2026-09-10 14:35:46,606 | WARNING  | evaluation.providers.failover | AI chain: grok#5 failed (transient, kept in rotation) -- grok#5: HTTP 400 from xAI -- {"code":"invalid-argument","error":"Incorrect API key provided. You can obtain an API key from https://console.x.ai."} (model='grok-4.3'; set GROK_MODEL to a current slug if this says the model does not exist)
2026-09-10 14:35:46,966 | WARNING  | evaluation.providers.gemini | Gemini transient HTTP 429; retrying.
2026-09-10 14:35:47,816 | WARNING  | evaluation.providers.failover | AI chain: grok#6 failed (transient, kept in rotation) -- grok#6: HTTP 400 from xAI -- {"code":"invalid-argument","error":"Incorrect API key provided. You can obtain an API key from https://console.x.ai."} (model='grok-4.3'; set GROK_MODEL to a current slug if this says the model does not exist)
2026-09-10 14:35:47,828 | INFO     | evaluation.providers.failover | AI chain: gemini#1 ready (GEMINI_API_KEY)
2026-09-10 14:35:47,829 | INFO     | evaluation.providers.failover | AI chain: gemini#2 ready (GEMINI_API_KEY_2)
2026-09-10 14:35:47,829 | INFO     | evaluation.providers.failover | AI chain: gemini#3 ready (GEMINI_API_KEY_3)
2026-09-10 14:35:47,831 | INFO     | evaluation.providers.failover | AI chain: grok#4 ready (GROK_API_KEY)
2026-09-10 14:35:47,832 | INFO     | evaluation.providers.failover | AI chain: grok#5 ready (GROK_API_KEY_2)
2026-09-10 14:35:47,833 | INFO     | evaluation.providers.failover | AI chain: grok#6 ready (GROK_API_KEY_3)
2026-09-10 14:35:48,320 | WARNING  | evaluation.providers.failover | AI chain: gemini#2 exhausted, retiring it for this run -- Gemini HTTP 429: You exceeded your current quota, please check your plan and billing details. For more information on this error, head to: https://ai.google.dev/gemini-api/docs/rate-limits. To monitor your current usage, head to: https://ai.dev/rate-limit. 
* Quota exceeded for metric: generativelanguage.googleapis.com/generate_content_free_tier_requests, limit: 20, model: gemini-3.6-flash
Please retry in 11.693697527s.
2026-09-10 14:35:50,634 | WARNING  | evaluation.providers.gemini | Gemini transient HTTP 429; retrying.
2026-09-10 14:35:51,076 | WARNING  | evaluation.providers.gemini | Gemini transient HTTP 429; retrying.
2026-09-10 14:35:51,926 | WARNING  | evaluation.providers.failover | AI chain: gemini#1 exhausted, retiring it for this run -- Gemini HTTP 429: You exceeded your current quota, please check your plan and billing details. For more information on this error, head to: https://ai.google.dev/gemini-api/docs/rate-limits. To monitor your current usage, head to: https://ai.dev/rate-limit. 
* Quota exceeded for metric: generativelanguage.googleapis.com/generate_content_free_tier_requests, limit: 20, model: gemini-3.6-flash
Please retry in 8.084063783s.
2026-09-10 14:35:52,358 | WARNING  | evaluation.providers.failover | AI chain: gemini#3 exhausted, retiring it for this run -- Gemini HTTP 429: You exceeded your current quota, please check your plan and billing details. For more information on this error, head to: https://ai.google.dev/gemini-api/docs/rate-limits. To monitor your current usage, head to: https://ai.dev/rate-limit. 
* Quota exceeded for metric: generativelanguage.googleapis.com/generate_content_free_tier_requests, limit: 20, model: gemini-3.6-flash
Please retry in 7.650815677s.
2026-09-10 14:35:53,546 | WARNING  | evaluation.providers.failover | AI chain: grok#4 failed (transient, kept in rotation) -- grok#4: HTTP 400 from xAI -- {"code":"invalid-argument","error":"Incorrect API key provided. You can obtain an API key from https://console.x.ai."} (model='grok-4.3'; set GROK_MODEL to a current slug if this says the model does not exist)
2026-09-10 14:35:54,619 | WARNING  | evaluation.providers.failover | AI chain: grok#5 failed (transient, kept in rotation) -- grok#5: HTTP 400 from xAI -- {"code":"invalid-argument","error":"Incorrect API key provided. You can obtain an API key from https://console.x.ai."} (model='grok-4.3'; set GROK_MODEL to a current slug if this says the model does not exist)
2026-09-10 14:35:54,645 | WARNING  | evaluation.providers.gemini | Gemini transient HTTP 429; retrying.
2026-09-10 14:35:55,994 | WARNING  | evaluation.providers.failover | AI chain: grok#6 failed (transient, kept in rotation) -- grok#6: HTTP 400 from xAI -- {"code":"invalid-argument","error":"Incorrect API key provided. You can obtain an API key from https://console.x.ai."} (model='grok-4.3'; set GROK_MODEL to a current slug if this says the model does not exist)
2026-09-10 14:35:56,028 | INFO     | evaluation.providers.failover | AI chain: gemini#1 ready (GEMINI_API_KEY)
2026-09-10 14:35:56,029 | INFO     | evaluation.providers.failover | AI chain: gemini#2 ready (GEMINI_API_KEY_2)
2026-09-10 14:35:56,032 | INFO     | evaluation.providers.failover | AI chain: gemini#3 ready (GEMINI_API_KEY_3)
2026-09-10 14:35:56,033 | INFO     | evaluation.providers.failover | AI chain: grok#4 ready (GROK_API_KEY)
2026-09-10 14:35:56,035 | INFO     | evaluation.providers.failover | AI chain: grok#5 ready (GROK_API_KEY_2)
2026-09-10 14:35:56,038 | INFO     | evaluation.providers.failover | AI chain: grok#6 ready (GROK_API_KEY_3)
2026-09-10 14:35:56,077 | WARNING  | evaluation.providers.failover | AI chain: gemini#2 exhausted, retiring it for this run -- Gemini HTTP 429: You exceeded your current quota, please check your plan and billing details. For more information on this error, head to: https://ai.google.dev/gemini-api/docs/rate-limits. To monitor your current usage, head to: https://ai.dev/rate-limit. 
* Quota exceeded for metric: generativelanguage.googleapis.com/generate_content_free_tier_requests, limit: 20, model: gemini-3.6-flash
Please retry in 3.941562788s.
2026-09-10 14:35:59,048 | WARNING  | evaluation.providers.gemini | Gemini transient HTTP 429; retrying.
2026-09-10 14:35:59,080 | WARNING  | evaluation.providers.gemini | Gemini transient HTTP 429; retrying.
2026-09-10 14:36:00,459 | WARNING  | evaluation.providers.failover | AI chain: gemini#1 exhausted, retiring it for this run -- Gemini HTTP 429: You exceeded your current quota, please check your plan and billing details. For more information on this error, head to: https://ai.google.dev/gemini-api/docs/rate-limits. To monitor your current usage, head to: https://ai.dev/rate-limit. 
* Quota exceeded for metric: generativelanguage.googleapis.com/generate_content_free_tier_requests, limit: 20, model: gemini-3.6-flash
Please retry in 59.557761752s.
2026-09-10 14:36:00,523 | WARNING  | evaluation.providers.failover | AI chain: gemini#3 exhausted, retiring it for this run -- Gemini HTTP 429: You exceeded your current quota, please check your plan and billing details. For more information on this error, head to: https://ai.google.dev/gemini-api/docs/rate-limits. To monitor your current usage, head to: https://ai.dev/rate-limit. 
* Quota exceeded for metric: generativelanguage.googleapis.com/generate_content_free_tier_requests, limit: 20, model: gemini-3.6-flash
Please retry in 59.491361218s.
2026-09-10 14:36:02,004 | WARNING  | evaluation.providers.failover | AI chain: grok#4 failed (transient, kept in rotation) -- grok#4: HTTP 400 from xAI -- {"code":"invalid-argument","error":"Incorrect API key provided. You can obtain an API key from https://console.x.ai."} (model='grok-4.3'; set GROK_MODEL to a current slug if this says the model does not exist)
2026-09-10 14:36:03,586 | WARNING  | evaluation.providers.gemini | Gemini transient HTTP 429; retrying.
2026-09-10 14:36:05,692 | WARNING  | evaluation.providers.failover | AI chain: gemini#2 exhausted, retiring it for this run -- Gemini HTTP 429: You exceeded your current quota, please check your plan and billing details. For more information on this error, head to: https://ai.google.dev/gemini-api/docs/rate-limits. To monitor your current usage, head to: https://ai.dev/rate-limit. 
* Quota exceeded for metric: generativelanguage.googleapis.com/generate_content_free_tier_requests, limit: 20, model: gemini-3.6-flash
Please retry in 54.330166501s.
2026-09-10 14:36:07,182 | WARNING  | evaluation.providers.failover | AI chain: grok#5 failed (transient, kept in rotation) -- grok#5: HTTP 400 from xAI -- {"code":"invalid-argument","error":"Incorrect API key provided. You can obtain an API key from https://console.x.ai."} (model='grok-4.3'; set GROK_MODEL to a current slug if this says the model does not exist)
2026-09-10 14:36:08,318 | WARNING  | evaluation.providers.failover | AI chain: grok#6 failed (transient, kept in rotation) -- grok#6: HTTP 400 from xAI -- {"code":"invalid-argument","error":"Incorrect API key provided. You can obtain an API key from https://console.x.ai."} (model='grok-4.3'; set GROK_MODEL to a current slug if this says the model does not exist)
2026-09-10 14:36:08,345 | INFO     | evaluation.providers.failover | AI chain: gemini#1 ready (GEMINI_API_KEY)
2026-09-10 14:36:08,346 | INFO     | evaluation.providers.failover | AI chain: gemini#2 ready (GEMINI_API_KEY_2)
2026-09-10 14:36:08,347 | INFO     | evaluation.providers.failover | AI chain: gemini#3 ready (GEMINI_API_KEY_3)
2026-09-10 14:36:08,347 | INFO     | evaluation.providers.failover | AI chain: grok#4 ready (GROK_API_KEY)
2026-09-10 14:36:08,348 | INFO     | evaluation.providers.failover | AI chain: grok#5 ready (GROK_API_KEY_2)
2026-09-10 14:36:08,348 | INFO     | evaluation.providers.failover | AI chain: grok#6 ready (GROK_API_KEY_3)
2026-09-10 14:36:08,370 | WARNING  | evaluation.providers.gemini | Gemini transient HTTP 429; retrying.
2026-09-10 14:36:11,514 | WARNING  | evaluation.providers.gemini | Gemini transient HTTP 429; retrying.
2026-09-10 14:36:11,991 | WARNING  | evaluation.providers.failover | AI chain: gemini#3 exhausted, retiring it for this run -- Gemini HTTP 429: You exceeded your current quota, please check your plan and billing details. For more information on this error, head to: https://ai.google.dev/gemini-api/docs/rate-limits. To monitor your current usage, head to: https://ai.dev/rate-limit. 
* Quota exceeded for metric: generativelanguage.googleapis.com/generate_content_free_tier_requests, limit: 20, model: gemini-3.6-flash
Please retry in 48.024210481s.
2026-09-10 14:36:12,818 | WARNING  | evaluation.providers.failover | AI chain: gemini#1 exhausted, retiring it for this run -- Gemini HTTP 429: You exceeded your current quota, please check your plan and billing details. For more information on this error, head to: https://ai.google.dev/gemini-api/docs/rate-limits. To monitor your current usage, head to: https://ai.dev/rate-limit. 
* Quota exceeded for metric: generativelanguage.googleapis.com/generate_content_free_tier_requests, limit: 20, model: gemini-3.6-flash
Please retry in 47.216540254s.
2026-09-10 14:36:13,578 | WARNING  | evaluation.providers.failover | AI chain: grok#4 failed (transient, kept in rotation) -- grok#4: HTTP 400 from xAI -- {"code":"invalid-argument","error":"Incorrect API key provided. You can obtain an API key from https://console.x.ai."} (model='grok-4.3'; set GROK_MODEL to a current slug if this says the model does not exist)
2026-09-10 14:36:14,683 | WARNING  | evaluation.providers.failover | AI chain: grok#5 failed (transient, kept in rotation) -- grok#5: HTTP 400 from xAI -- {"code":"invalid-argument","error":"Incorrect API key provided. You can obtain an API key from https://console.x.ai."} (model='grok-4.3'; set GROK_MODEL to a current slug if this says the model does not exist)
2026-09-10 14:36:15,640 | WARNING  | evaluation.providers.gemini | Gemini transient HTTP 429; retrying.
2026-09-10 14:36:15,824 | WARNING  | evaluation.providers.failover | AI chain: grok#6 failed (transient, kept in rotation) -- grok#6: HTTP 400 from xAI -- {"code":"invalid-argument","error":"Incorrect API key provided. You can obtain an API key from https://console.x.ai."} (model='grok-4.3'; set GROK_MODEL to a current slug if this says the model does not exist)
2026-09-10 14:36:15,844 | INFO     | evaluation.providers.failover | AI chain: gemini#1 ready (GEMINI_API_KEY)
2026-09-10 14:36:15,845 | INFO     | evaluation.providers.failover | AI chain: gemini#2 ready (GEMINI_API_KEY_2)
2026-09-10 14:36:15,847 | INFO     | evaluation.providers.failover | AI chain: gemini#3 ready (GEMINI_API_KEY_3)
2026-09-10 14:36:15,850 | INFO     | evaluation.providers.failover | AI chain: grok#4 ready (GROK_API_KEY)
2026-09-10 14:36:15,857 | INFO     | evaluation.providers.failover | AI chain: grok#5 ready (GROK_API_KEY_2)
2026-09-10 14:36:15,862 | INFO     | evaluation.providers.failover | AI chain: grok#6 ready (GROK_API_KEY_3)
2026-09-10 14:36:17,422 | WARNING  | evaluation.providers.failover | AI chain: gemini#2 exhausted, retiring it for this run -- Gemini HTTP 429: You exceeded your current quota, please check your plan and billing details. For more information on this error, head to: https://ai.google.dev/gemini-api/docs/rate-limits. To monitor your current usage, head to: https://ai.dev/rate-limit. 
* Quota exceeded for metric: generativelanguage.googleapis.com/generate_content_free_tier_requests, limit: 20, model: gemini-3.6-flash
Please retry in 42.713258626s.
2026-09-10 14:36:18,923 | WARNING  | evaluation.providers.gemini | Gemini transient HTTP 429; retrying.
2026-09-10 14:36:20,109 | WARNING  | evaluation.providers.gemini | Gemini transient HTTP 429; retrying.
2026-09-10 14:36:20,115 | WARNING  | evaluation.providers.failover | AI chain: gemini#1 exhausted, retiring it for this run -- Gemini HTTP 429: You exceeded your current quota, please check your plan and billing details. For more information on this error, head to: https://ai.google.dev/gemini-api/docs/rate-limits. To monitor your current usage, head to: https://ai.dev/rate-limit. 
* Quota exceeded for metric: generativelanguage.googleapis.com/generate_content_free_tier_requests, limit: 20, model: gemini-3.6-flash
Please retry in 39.901097597s.
2026-09-10 14:36:21,438 | WARNING  | evaluation.providers.failover | AI chain: gemini#3 exhausted, retiring it for this run -- Gemini HTTP 429: You exceeded your current quota, please check your plan and billing details. For more information on this error, head to: https://ai.google.dev/gemini-api/docs/rate-limits. To monitor your current usage, head to: https://ai.dev/rate-limit. 
* Quota exceeded for metric: generativelanguage.googleapis.com/generate_content_free_tier_requests, limit: 20, model: gemini-3.6-flash
Please retry in 38.578527022s.
2026-09-10 14:36:22,554 | WARNING  | evaluation.providers.failover | AI chain: grok#4 failed (transient, kept in rotation) -- grok#4: HTTP 400 from xAI -- {"code":"invalid-argument","error":"Incorrect API key provided. You can obtain an API key from https://console.x.ai."} (model='grok-4.3'; set GROK_MODEL to a current slug if this says the model does not exist)
2026-09-10 14:36:22,935 | WARNING  | evaluation.providers.gemini | Gemini transient HTTP 429; retrying.
2026-09-10 14:36:23,844 | WARNING  | evaluation.providers.failover | AI chain: grok#5 failed (transient, kept in rotation) -- grok#5: HTTP 400 from xAI -- {"code":"invalid-argument","error":"Incorrect API key provided. You can obtain an API key from https://console.x.ai."} (model='grok-4.3'; set GROK_MODEL to a current slug if this says the model does not exist)
2026-09-10 14:36:24,250 | WARNING  | evaluation.providers.failover | AI chain: gemini#2 exhausted, retiring it for this run -- Gemini HTTP 429: You exceeded your current quota, please check your plan and billing details. For more information on this error, head to: https://ai.google.dev/gemini-api/docs/rate-limits. To monitor your current usage, head to: https://ai.dev/rate-limit. 
* Quota exceeded for metric: generativelanguage.googleapis.com/generate_content_free_tier_requests, limit: 20, model: gemini-3.6-flash
Please retry in 35.761851808s.
2026-09-10 14:36:25,078 | WARNING  | evaluation.providers.failover | AI chain: grok#6 failed (transient, kept in rotation) -- grok#6: HTTP 400 from xAI -- {"code":"invalid-argument","error":"Incorrect API key provided. You can obtain an API key from https://console.x.ai."} (model='grok-4.3'; set GROK_MODEL to a current slug if this says the model does not exist)
2026-09-10 14:36:25,085 | INFO     | evaluation.providers.failover | AI chain: gemini#1 ready (GEMINI_API_KEY)
2026-09-10 14:36:25,086 | INFO     | evaluation.providers.failover | AI chain: gemini#2 ready (GEMINI_API_KEY_2)
2026-09-10 14:36:25,088 | INFO     | evaluation.providers.failover | AI chain: gemini#3 ready (GEMINI_API_KEY_3)
2026-09-10 14:36:25,088 | INFO     | evaluation.providers.failover | AI chain: grok#4 ready (GROK_API_KEY)
2026-09-10 14:36:25,089 | INFO     | evaluation.providers.failover | AI chain: grok#5 ready (GROK_API_KEY_2)
2026-09-10 14:36:25,090 | INFO     | evaluation.providers.failover | AI chain: grok#6 ready (GROK_API_KEY_3)
2026-09-10 14:36:27,036 | WARNING  | evaluation.providers.gemini | Gemini transient HTTP 429; retrying.
2026-09-10 14:36:27,779 | WARNING  | evaluation.providers.gemini | Gemini transient HTTP 429; retrying.
2026-09-10 14:36:28,172 | WARNING  | evaluation.providers.failover | AI chain: gemini#3 exhausted, retiring it for this run -- Gemini HTTP 429: You exceeded your current quota, please check your plan and billing details. For more information on this error, head to: https://ai.google.dev/gemini-api/docs/rate-limits. To monitor your current usage, head to: https://ai.dev/rate-limit. 
* Quota exceeded for metric: generativelanguage.googleapis.com/generate_content_free_tier_requests, limit: 20, model: gemini-3.6-flash
Please retry in 31.841735172s.
2026-09-10 14:36:29,063 | WARNING  | evaluation.providers.failover | AI chain: gemini#1 exhausted, retiring it for this run -- Gemini HTTP 429: You exceeded your current quota, please check your plan and billing details. For more information on this error, head to: https://ai.google.dev/gemini-api/docs/rate-limits. To monitor your current usage, head to: https://ai.dev/rate-limit. 
* Quota exceeded for metric: generativelanguage.googleapis.com/generate_content_free_tier_requests, limit: 20, model: gemini-3.6-flash
Please retry in 30.950406154s.
2026-09-10 14:36:29,376 | WARNING  | evaluation.providers.failover | AI chain: grok#4 failed (transient, kept in rotation) -- grok#4: HTTP 400 from xAI -- {"code":"invalid-argument","error":"Incorrect API key provided. You can obtain an API key from https://console.x.ai."} (model='grok-4.3'; set GROK_MODEL to a current slug if this says the model does not exist)
2026-09-10 14:36:30,591 | WARNING  | evaluation.providers.failover | AI chain: grok#5 failed (transient, kept in rotation) -- grok#5: HTTP 400 from xAI -- {"code":"invalid-argument","error":"Incorrect API key provided. You can obtain an API key from https://console.x.ai."} (model='grok-4.3'; set GROK_MODEL to a current slug if this says the model does not exist)
2026-09-10 14:36:31,735 | WARNING  | evaluation.providers.failover | AI chain: grok#6 failed (transient, kept in rotation) -- grok#6: HTTP 400 from xAI -- {"code":"invalid-argument","error":"Incorrect API key provided. You can obtain an API key from https://console.x.ai."} (model='grok-4.3'; set GROK_MODEL to a current slug if this says the model does not exist)
2026-09-10 14:36:31,759 | INFO     | evaluation.providers.failover | AI chain: gemini#1 ready (GEMINI_API_KEY)
2026-09-10 14:36:31,760 | INFO     | evaluation.providers.failover | AI chain: gemini#2 ready (GEMINI_API_KEY_2)
2026-09-10 14:36:31,761 | INFO     | evaluation.providers.failover | AI chain: gemini#3 ready (GEMINI_API_KEY_3)
2026-09-10 14:36:31,762 | INFO     | evaluation.providers.failover | AI chain: grok#4 ready (GROK_API_KEY)
2026-09-10 14:36:31,762 | INFO     | evaluation.providers.failover | AI chain: grok#5 ready (GROK_API_KEY_2)
2026-09-10 14:36:31,763 | INFO     | evaluation.providers.failover | AI chain: grok#6 ready (GROK_API_KEY_3)
2026-09-10 14:36:31,820 | WARNING  | evaluation.providers.gemini | Gemini transient HTTP 429; retrying.
2026-09-10 14:36:33,185 | WARNING  | evaluation.providers.failover | AI chain: gemini#2 exhausted, retiring it for this run -- Gemini HTTP 429: You exceeded your current quota, please check your plan and billing details. For more information on this error, head to: https://ai.google.dev/gemini-api/docs/rate-limits. To monitor your current usage, head to: https://ai.dev/rate-limit. 
* Quota exceeded for metric: generativelanguage.googleapis.com/generate_content_free_tier_requests, limit: 20, model: gemini-3.6-flash
Please retry in 26.832438456s.
2026-09-10 14:36:34,491 | WARNING  | evaluation.providers.gemini | Gemini transient HTTP 429; retrying.
2026-09-10 14:36:35,716 | WARNING  | evaluation.providers.failover | AI chain: gemini#1 exhausted, retiring it for this run -- Gemini HTTP 429: You exceeded your current quota, please check your plan and billing details. For more information on this error, head to: https://ai.google.dev/gemini-api/docs/rate-limits. To monitor your current usage, head to: https://ai.dev/rate-limit. 
* Quota exceeded for metric: generativelanguage.googleapis.com/generate_content_free_tier_requests, limit: 20, model: gemini-3.6-flash
Please retry in 24.299537739s.
2026-09-10 14:36:35,846 | WARNING  | evaluation.providers.gemini | Gemini transient HTTP 429; retrying.
2026-09-10 14:36:37,280 | WARNING  | evaluation.providers.failover | AI chain: gemini#3 exhausted, retiring it for this run -- Gemini HTTP 429: You exceeded your current quota, please check your plan and billing details. For more information on this error, head to: https://ai.google.dev/gemini-api/docs/rate-limits. To monitor your current usage, head to: https://ai.dev/rate-limit. 
* Quota exceeded for metric: generativelanguage.googleapis.com/generate_content_free_tier_requests, limit: 20, model: gemini-3.6-flash
Please retry in 22.739648436s.
2026-09-10 14:36:38,464 | WARNING  | evaluation.providers.failover | AI chain: grok#4 failed (transient, kept in rotation) -- grok#4: HTTP 400 from xAI -- {"code":"invalid-argument","error":"Incorrect API key provided. You can obtain an API key from https://console.x.ai."} (model='grok-4.3'; set GROK_MODEL to a current slug if this says the model does not exist)
2026-09-10 14:36:38,608 | WARNING  | evaluation.providers.gemini | Gemini transient HTTP 429; retrying.
2026-09-10 14:36:39,825 | WARNING  | evaluation.providers.failover | AI chain: grok#5 failed (transient, kept in rotation) -- grok#5: HTTP 400 from xAI -- {"code":"invalid-argument","error":"Incorrect API key provided. You can obtain an API key from https://console.x.ai."} (model='grok-4.3'; set GROK_MODEL to a current slug if this says the model does not exist)
2026-09-10 14:36:39,938 | WARNING  | evaluation.providers.failover | AI chain: gemini#2 exhausted, retiring it for this run -- Gemini HTTP 429: You exceeded your current quota, please check your plan and billing details. For more information on this error, head to: https://ai.google.dev/gemini-api/docs/rate-limits. To monitor your current usage, head to: https://ai.dev/rate-limit. 
* Quota exceeded for metric: generativelanguage.googleapis.com/generate_content_free_tier_requests, limit: 20, model: gemini-3.6-flash
Please retry in 20.076888746s.
2026-09-10 14:36:41,093 | WARNING  | evaluation.providers.failover | AI chain: grok#6 failed (transient, kept in rotation) -- grok#6: HTTP 400 from xAI -- {"code":"invalid-argument","error":"Incorrect API key provided. You can obtain an API key from https://console.x.ai."} (model='grok-4.3'; set GROK_MODEL to a current slug if this says the model does not exist)
2026-09-10 14:36:41,116 | INFO     | evaluation.providers.failover | AI chain: gemini#1 ready (GEMINI_API_KEY)
2026-09-10 14:36:41,119 | INFO     | evaluation.providers.failover | AI chain: gemini#2 ready (GEMINI_API_KEY_2)
2026-09-10 14:36:41,121 | INFO     | evaluation.providers.failover | AI chain: gemini#3 ready (GEMINI_API_KEY_3)
2026-09-10 14:36:41,121 | INFO     | evaluation.providers.failover | AI chain: grok#4 ready (GROK_API_KEY)
2026-09-10 14:36:41,122 | INFO     | evaluation.providers.failover | AI chain: grok#5 ready (GROK_API_KEY_2)
2026-09-10 14:36:41,122 | INFO     | evaluation.providers.failover | AI chain: grok#6 ready (GROK_API_KEY_3)
2026-09-10 14:36:42,798 | WARNING  | evaluation.providers.gemini | Gemini transient HTTP 429; retrying.
2026-09-10 14:36:43,807 | WARNING  | evaluation.providers.gemini | Gemini transient HTTP 429; retrying.
2026-09-10 14:36:43,844 | WARNING  | evaluation.providers.failover | AI chain: gemini#3 exhausted, retiring it for this run -- Gemini HTTP 429: You exceeded your current quota, please check your plan and billing details. For more information on this error, head to: https://ai.google.dev/gemini-api/docs/rate-limits. To monitor your current usage, head to: https://ai.dev/rate-limit. 
* Quota exceeded for metric: generativelanguage.googleapis.com/generate_content_free_tier_requests, limit: 20, model: gemini-3.6-flash
Please retry in 16.191025705s.
2026-09-10 14:36:45,144 | WARNING  | evaluation.providers.failover | AI chain: grok#4 failed (transient, kept in rotation) -- grok#4: HTTP 400 from xAI -- {"code":"invalid-argument","error":"Incorrect API key provided. You can obtain an API key from https://console.x.ai."} (model='grok-4.3'; set GROK_MODEL to a current slug if this says the model does not exist)
2026-09-10 14:36:45,193 | WARNING  | evaluation.providers.failover | AI chain: gemini#1 exhausted, retiring it for this run -- Gemini HTTP 429: You exceeded your current quota, please check your plan and billing details. For more information on this error, head to: https://ai.google.dev/gemini-api/docs/rate-limits. To monitor your current usage, head to: https://ai.dev/rate-limit. 
* Quota exceeded for metric: generativelanguage.googleapis.com/generate_content_free_tier_requests, limit: 20, model: gemini-3.6-flash
Please retry in 14.823227945s.
2026-09-10 14:36:46,502 | WARNING  | evaluation.providers.failover | AI chain: grok#5 failed (transient, kept in rotation) -- grok#5: HTTP 400 from xAI -- {"code":"invalid-argument","error":"Incorrect API key provided. You can obtain an API key from https://console.x.ai."} (model='grok-4.3'; set GROK_MODEL to a current slug if this says the model does not exist)
2026-09-10 14:36:47,612 | WARNING  | evaluation.providers.failover | AI chain: grok#6 failed (transient, kept in rotation) -- grok#6: HTTP 400 from xAI -- {"code":"invalid-argument","error":"Incorrect API key provided. You can obtain an API key from https://console.x.ai."} (model='grok-4.3'; set GROK_MODEL to a current slug if this says the model does not exist)
2026-09-10 14:36:47,638 | INFO     | evaluation.providers.failover | AI chain: gemini#1 ready (GEMINI_API_KEY)
2026-09-10 14:36:47,638 | INFO     | evaluation.providers.failover | AI chain: gemini#2 ready (GEMINI_API_KEY_2)
2026-09-10 14:36:47,640 | INFO     | evaluation.providers.failover | AI chain: gemini#3 ready (GEMINI_API_KEY_3)
2026-09-10 14:36:47,641 | INFO     | evaluation.providers.failover | AI chain: grok#4 ready (GROK_API_KEY)
2026-09-10 14:36:47,641 | INFO     | evaluation.providers.failover | AI chain: grok#5 ready (GROK_API_KEY_2)
2026-09-10 14:36:47,642 | INFO     | evaluation.providers.failover | AI chain: grok#6 ready (GROK_API_KEY_3)
2026-09-10 14:36:48,083 | WARNING  | evaluation.providers.gemini | Gemini transient HTTP 429; retrying.
2026-09-10 14:36:49,259 | WARNING  | evaluation.providers.failover | AI chain: gemini#2 exhausted, retiring it for this run -- Gemini HTTP 429: You exceeded your current quota, please check your plan and billing details. For more information on this error, head to: https://ai.google.dev/gemini-api/docs/rate-limits. To monitor your current usage, head to: https://ai.dev/rate-limit. 
* Quota exceeded for metric: generativelanguage.googleapis.com/generate_content_free_tier_requests, limit: 20, model: gemini-3.6-flash
Please retry in 10.757707851s.
2026-09-10 14:36:50,375 | WARNING  | evaluation.providers.gemini | Gemini transient HTTP 429; retrying.
2026-09-10 14:36:51,549 | WARNING  | evaluation.providers.failover | AI chain: gemini#1 exhausted, retiring it for this run -- Gemini HTTP 429: You exceeded your current quota, please check your plan and billing details. For more information on this error, head to: https://ai.google.dev/gemini-api/docs/rate-limits. To monitor your current usage, head to: https://ai.dev/rate-limit. 
* Quota exceeded for metric: generativelanguage.googleapis.com/generate_content_free_tier_requests, limit: 20, model: gemini-3.6-flash
Please retry in 8.469085929s.
2026-09-10 14:36:51,927 | WARNING  | evaluation.providers.gemini | Gemini transient HTTP 429; retrying.
2026-09-10 14:36:53,549 | WARNING  | evaluation.providers.failover | AI chain: gemini#3 exhausted, retiring it for this run -- Gemini HTTP 429: You exceeded your current quota, please check your plan and billing details. For more information on this error, head to: https://ai.google.dev/gemini-api/docs/rate-limits. To monitor your current usage, head to: https://ai.dev/rate-limit. 
* Quota exceeded for metric: generativelanguage.googleapis.com/generate_content_free_tier_requests, limit: 20, model: gemini-3.6-flash
Please retry in 6.466705457s.
2026-09-10 14:36:54,254 | WARNING  | evaluation.providers.gemini | Gemini transient HTTP 429; retrying.
2026-09-10 14:36:54,725 | WARNING  | evaluation.providers.failover | AI chain: grok#4 failed (transient, kept in rotation) -- grok#4: HTTP 400 from xAI -- {"code":"invalid-argument","error":"Incorrect API key provided. You can obtain an API key from https://console.x.ai."} (model='grok-4.3'; set GROK_MODEL to a current slug if this says the model does not exist)
2026-09-10 14:36:55,505 | WARNING  | evaluation.providers.failover | AI chain: gemini#2 exhausted, retiring it for this run -- Gemini HTTP 429: You exceeded your current quota, please check your plan and billing details. For more information on this error, head to: https://ai.google.dev/gemini-api/docs/rate-limits. To monitor your current usage, head to: https://ai.dev/rate-limit. 
* Quota exceeded for metric: generativelanguage.googleapis.com/generate_content_free_tier_requests, limit: 20, model: gemini-3.6-flash
Please retry in 4.512509458s.
2026-09-10 14:36:55,949 | WARNING  | evaluation.providers.failover | AI chain: grok#5 failed (transient, kept in rotation) -- grok#5: HTTP 400 from xAI -- {"code":"invalid-argument","error":"Incorrect API key provided. You can obtain an API key from https://console.x.ai."} (model='grok-4.3'; set GROK_MODEL to a current slug if this says the model does not exist)
2026-09-10 14:36:57,155 | WARNING  | evaluation.providers.failover | AI chain: grok#6 failed (transient, kept in rotation) -- grok#6: HTTP 400 from xAI -- {"code":"invalid-argument","error":"Incorrect API key provided. You can obtain an API key from https://console.x.ai."} (model='grok-4.3'; set GROK_MODEL to a current slug if this says the model does not exist)
2026-09-10 14:36:57,164 | INFO     | evaluation.providers.failover | AI chain: gemini#1 ready (GEMINI_API_KEY)
2026-09-10 14:36:57,164 | INFO     | evaluation.providers.failover | AI chain: gemini#2 ready (GEMINI_API_KEY_2)
2026-09-10 14:36:57,165 | INFO     | evaluation.providers.failover | AI chain: gemini#3 ready (GEMINI_API_KEY_3)
2026-09-10 14:36:57,166 | INFO     | evaluation.providers.failover | AI chain: grok#4 ready (GROK_API_KEY)
2026-09-10 14:36:57,166 | INFO     | evaluation.providers.failover | AI chain: grok#5 ready (GROK_API_KEY_2)
2026-09-10 14:36:57,167 | INFO     | evaluation.providers.failover | AI chain: grok#6 ready (GROK_API_KEY_3)
2026-09-10 14:36:58,283 | WARNING  | evaluation.providers.gemini | Gemini transient HTTP 429; retrying.
2026-09-10 14:36:59,442 | WARNING  | evaluation.providers.failover | AI chain: gemini#3 exhausted, retiring it for this run -- Gemini HTTP 429: You exceeded your current quota, please check your plan and billing details. For more information on this error, head to: https://ai.google.dev/gemini-api/docs/rate-limits. To monitor your current usage, head to: https://ai.dev/rate-limit. 
* Quota exceeded for metric: generativelanguage.googleapis.com/generate_content_free_tier_requests, limit: 20, model: gemini-3.6-flash
Please retry in 576.665175ms.
2026-09-10 14:36:59,753 | WARNING  | evaluation.providers.gemini | Gemini transient HTTP 429; retrying.
2026-09-10 14:37:00,732 | WARNING  | evaluation.providers.failover | AI chain: grok#4 failed (transient, kept in rotation) -- grok#4: HTTP 400 from xAI -- {"code":"invalid-argument","error":"Incorrect API key provided. You can obtain an API key from https://console.x.ai."} (model='grok-4.3'; set GROK_MODEL to a current slug if this says the model does not exist)
2026-09-10 14:37:01,160 | WARNING  | evaluation.providers.failover | AI chain: gemini#1 exhausted, retiring it for this run -- Gemini HTTP 429: You exceeded your current quota, please check your plan and billing details. For more information on this error, head to: https://ai.google.dev/gemini-api/docs/rate-limits. To monitor your current usage, head to: https://ai.dev/rate-limit. 
* Quota exceeded for metric: generativelanguage.googleapis.com/generate_content_free_tier_requests, limit: 20, model: gemini-3.6-flash
Please retry in 58.856629852s.
2026-09-10 14:37:01,953 | WARNING  | evaluation.providers.failover | AI chain: grok#5 failed (transient, kept in rotation) -- grok#5: HTTP 400 from xAI -- {"code":"invalid-argument","error":"Incorrect API key provided. You can obtain an API key from https://console.x.ai."} (model='grok-4.3'; set GROK_MODEL to a current slug if this says the model does not exist)
2026-09-10 14:37:03,069 | WARNING  | evaluation.providers.failover | AI chain: grok#6 failed (transient, kept in rotation) -- grok#6: HTTP 400 from xAI -- {"code":"invalid-argument","error":"Incorrect API key provided. You can obtain an API key from https://console.x.ai."} (model='grok-4.3'; set GROK_MODEL to a current slug if this says the model does not exist)
2026-09-10 14:37:03,930 | WARNING  | evaluation.providers.gemini | Gemini transient HTTP 429; retrying.
2026-09-10 14:37:05,076 | WARNING  | evaluation.providers.failover | AI chain: gemini#2 exhausted, retiring it for this run -- Gemini HTTP 429: You exceeded your current quota, please check your plan and billing details. For more information on this error, head to: https://ai.google.dev/gemini-api/docs/rate-limits. To monitor your current usage, head to: https://ai.dev/rate-limit. 
* Quota exceeded for metric: generativelanguage.googleapis.com/generate_content_free_tier_requests, limit: 20, model: gemini-3.6-flash
Please retry in 54.940688758s.
2026-09-10 14:37:07,756 | WARNING  | evaluation.providers.gemini | Gemini transient HTTP 429; retrying.
2026-09-10 14:37:08,923 | WARNING  | evaluation.providers.failover | AI chain: gemini#3 exhausted, retiring it for this run -- Gemini HTTP 429: You exceeded your current quota, please check your plan and billing details. For more information on this error, head to: https://ai.google.dev/gemini-api/docs/rate-limits. To monitor your current usage, head to: https://ai.dev/rate-limit. 
* Quota exceeded for metric: generativelanguage.googleapis.com/generate_content_free_tier_requests, limit: 20, model: gemini-3.6-flash
Please retry in 51.0970297s.
2026-09-10 14:37:10,063 | WARNING  | evaluation.providers.failover | AI chain: grok#4 failed (transient, kept in rotation) -- grok#4: HTTP 400 from xAI -- {"code":"invalid-argument","error":"Incorrect API key provided. You can obtain an API key from https://console.x.ai."} (model='grok-4.3'; set GROK_MODEL to a current slug if this says the model does not exist)
2026-09-10 14:37:11,130 | WARNING  | evaluation.providers.failover | AI chain: grok#5 failed (transient, kept in rotation) -- grok#5: HTTP 400 from xAI -- {"code":"invalid-argument","error":"Incorrect API key provided. You can obtain an API key from https://console.x.ai."} (model='grok-4.3'; set GROK_MODEL to a current slug if this says the model does not exist)
2026-09-10 14:37:12,310 | WARNING  | evaluation.providers.failover | AI chain: grok#6 failed (transient, kept in rotation) -- grok#6: HTTP 400 from xAI -- {"code":"invalid-argument","error":"Incorrect API key provided. You can obtain an API key from https://console.x.ai."} (model='grok-4.3'; set GROK_MODEL to a current slug if this says the model does not exist)
2026-09-10 14:37:12,328 | INFO     | evaluation.providers.failover | AI chain: gemini#1 ready (GEMINI_API_KEY)
2026-09-10 14:37:12,328 | INFO     | evaluation.providers.failover | AI chain: gemini#2 ready (GEMINI_API_KEY_2)
2026-09-10 14:37:12,329 | INFO     | evaluation.providers.failover | AI chain: gemini#3 ready (GEMINI_API_KEY_3)
2026-09-10 14:37:12,330 | INFO     | evaluation.providers.failover | AI chain: grok#4 ready (GROK_API_KEY)
2026-09-10 14:37:12,330 | INFO     | evaluation.providers.failover | AI chain: grok#5 ready (GROK_API_KEY_2)
2026-09-10 14:37:12,331 | INFO     | evaluation.providers.failover | AI chain: grok#6 ready (GROK_API_KEY_3)
2026-09-10 14:37:15,101 | WARNING  | evaluation.providers.gemini | Gemini transient HTTP 429; retrying.
2026-09-10 14:37:16,208 | WARNING  | evaluation.providers.failover | AI chain: gemini#1 exhausted, retiring it for this run -- Gemini HTTP 429: You exceeded your current quota, please check your plan and billing details. For more information on this error, head to: https://ai.google.dev/gemini-api/docs/rate-limits. To monitor your current usage, head to: https://ai.dev/rate-limit. 
* Quota exceeded for metric: generativelanguage.googleapis.com/generate_content_free_tier_requests, limit: 20, model: gemini-3.6-flash
Please retry in 43.820009583s.
2026-09-10 14:37:18,829 | WARNING  | evaluation.providers.gemini | Gemini transient HTTP 429; retrying.
2026-09-10 14:37:19,991 | WARNING  | evaluation.providers.failover | AI chain: gemini#2 exhausted, retiring it for this run -- Gemini HTTP 429: You exceeded your current quota, please check your plan and billing details. For more information on this error, head to: https://ai.google.dev/gemini-api/docs/rate-limits. To monitor your current usage, head to: https://ai.dev/rate-limit. 
* Quota exceeded for metric: generativelanguage.googleapis.com/generate_content_free_tier_requests, limit: 20, model: gemini-3.6-flash
Please retry in 40.031014536s.
2026-09-10 14:37:22,685 | WARNING  | evaluation.providers.gemini | Gemini transient HTTP 429; retrying.
2026-09-10 14:37:23,820 | WARNING  | evaluation.providers.failover | AI chain: gemini#3 exhausted, retiring it for this run -- Gemini HTTP 429: You exceeded your current quota, please check your plan and billing details. For more information on this error, head to: https://ai.google.dev/gemini-api/docs/rate-limits. To monitor your current usage, head to: https://ai.dev/rate-limit. 
* Quota exceeded for metric: generativelanguage.googleapis.com/generate_content_free_tier_requests, limit: 20, model: gemini-3.6-flash
Please retry in 36.198046722s.
2026-09-10 14:37:24,874 | WARNING  | evaluation.providers.failover | AI chain: grok#4 failed (transient, kept in rotation) -- grok#4: HTTP 400 from xAI -- {"code":"invalid-argument","error":"Incorrect API key provided. You can obtain an API key from https://console.x.ai."} (model='grok-4.3'; set GROK_MODEL to a current slug if this says the model does not exist)
2026-09-10 14:37:25,951 | WARNING  | evaluation.providers.failover | AI chain: grok#5 failed (transient, kept in rotation) -- grok#5: HTTP 400 from xAI -- {"code":"invalid-argument","error":"Incorrect API key provided. You can obtain an API key from https://console.x.ai."} (model='grok-4.3'; set GROK_MODEL to a current slug if this says the model does not exist)
2026-09-10 14:37:27,121 | WARNING  | evaluation.providers.failover | AI chain: grok#6 failed (transient, kept in rotation) -- grok#6: HTTP 400 from xAI -- {"code":"invalid-argument","error":"Incorrect API key provided. You can obtain an API key from https://console.x.ai."} (model='grok-4.3'; set GROK_MODEL to a current slug if this says the model does not exist)
2026-09-10 14:37:27,144 | INFO     | evaluation.providers.failover | AI chain: gemini#1 ready (GEMINI_API_KEY)
2026-09-10 14:37:27,147 | INFO     | evaluation.providers.failover | AI chain: gemini#2 ready (GEMINI_API_KEY_2)
2026-09-10 14:37:27,148 | INFO     | evaluation.providers.failover | AI chain: gemini#3 ready (GEMINI_API_KEY_3)
2026-09-10 14:37:27,149 | INFO     | evaluation.providers.failover | AI chain: grok#4 ready (GROK_API_KEY)
2026-09-10 14:37:27,149 | INFO     | evaluation.providers.failover | AI chain: grok#5 ready (GROK_API_KEY_2)
2026-09-10 14:37:27,150 | INFO     | evaluation.providers.failover | AI chain: grok#6 ready (GROK_API_KEY_3)
2026-09-10 14:37:30,524 | WARNING  | evaluation.providers.gemini | Gemini transient HTTP 429; retrying.
2026-09-10 14:37:31,808 | WARNING  | evaluation.providers.failover | AI chain: gemini#1 exhausted, retiring it for this run -- Gemini HTTP 429: You exceeded your current quota, please check your plan and billing details. For more information on this error, head to: https://ai.google.dev/gemini-api/docs/rate-limits. To monitor your current usage, head to: https://ai.dev/rate-limit. 
* Quota exceeded for metric: generativelanguage.googleapis.com/generate_content_free_tier_requests, limit: 20, model: gemini-3.6-flash
Please retry in 28.222806449s.
2026-09-10 14:37:34,467 | WARNING  | evaluation.providers.gemini | Gemini transient HTTP 429; retrying.
2026-09-10 14:37:35,692 | WARNING  | evaluation.providers.failover | AI chain: gemini#2 exhausted, retiring it for this run -- Gemini HTTP 429: You exceeded your current quota, please check your plan and billing details. For more information on this error, head to: https://ai.google.dev/gemini-api/docs/rate-limits. To monitor your current usage, head to: https://ai.dev/rate-limit. 
* Quota exceeded for metric: generativelanguage.googleapis.com/generate_content_free_tier_requests, limit: 20, model: gemini-3.6-flash
Please retry in 24.330549207s.
2026-09-10 14:37:38,383 | WARNING  | evaluation.providers.gemini | Gemini transient HTTP 429; retrying.
2026-09-10 14:37:39,616 | WARNING  | evaluation.providers.failover | AI chain: gemini#3 exhausted, retiring it for this run -- Gemini HTTP 429: You exceeded your current quota, please check your plan and billing details. For more information on this error, head to: https://ai.google.dev/gemini-api/docs/rate-limits. To monitor your current usage, head to: https://ai.dev/rate-limit. 
* Quota exceeded for metric: generativelanguage.googleapis.com/generate_content_free_tier_requests, limit: 20, model: gemini-3.6-flash
Please retry in 20.405360961s.
2026-09-10 14:37:40,758 | WARNING  | evaluation.providers.failover | AI chain: grok#4 failed (transient, kept in rotation) -- grok#4: HTTP 400 from xAI -- {"code":"invalid-argument","error":"Incorrect API key provided. You can obtain an API key from https://console.x.ai."} (model='grok-4.3'; set GROK_MODEL to a current slug if this says the model does not exist)
2026-09-10 14:37:41,863 | WARNING  | evaluation.providers.failover | AI chain: grok#5 failed (transient, kept in rotation) -- grok#5: HTTP 400 from xAI -- {"code":"invalid-argument","error":"Incorrect API key provided. You can obtain an API key from https://console.x.ai."} (model='grok-4.3'; set GROK_MODEL to a current slug if this says the model does not exist)
2026-09-10 14:37:43,021 | WARNING  | evaluation.providers.failover | AI chain: grok#6 failed (transient, kept in rotation) -- grok#6: HTTP 400 from xAI -- {"code":"invalid-argument","error":"Incorrect API key provided. You can obtain an API key from https://console.x.ai."} (model='grok-4.3'; set GROK_MODEL to a current slug if this says the model does not exist)
2026-09-10 14:37:43,041 | INFO     | evaluation.providers.failover | AI chain: gemini#1 ready (GEMINI_API_KEY)
2026-09-10 14:37:43,042 | INFO     | evaluation.providers.failover | AI chain: gemini#2 ready (GEMINI_API_KEY_2)
2026-09-10 14:37:43,045 | INFO     | evaluation.providers.failover | AI chain: gemini#3 ready (GEMINI_API_KEY_3)
2026-09-10 14:37:43,046 | INFO     | evaluation.providers.failover | AI chain: grok#4 ready (GROK_API_KEY)
2026-09-10 14:37:43,047 | INFO     | evaluation.providers.failover | AI chain: grok#5 ready (GROK_API_KEY_2)
2026-09-10 14:37:43,048 | INFO     | evaluation.providers.failover | AI chain: grok#6 ready (GROK_API_KEY_3)
2026-09-10 14:37:45,806 | WARNING  | evaluation.providers.gemini | Gemini transient HTTP 429; retrying.
2026-09-10 14:37:47,045 | WARNING  | evaluation.providers.failover | AI chain: gemini#1 exhausted, retiring it for this run -- Gemini HTTP 429: You exceeded your current quota, please check your plan and billing details. For more information on this error, head to: https://ai.google.dev/gemini-api/docs/rate-limits. To monitor your current usage, head to: https://ai.dev/rate-limit. 
* Quota exceeded for metric: generativelanguage.googleapis.com/generate_content_free_tier_requests, limit: 20, model: gemini-3.6-flash
Please retry in 12.978794371s.
2026-09-10 14:37:49,810 | WARNING  | evaluation.providers.gemini | Gemini transient HTTP 429; retrying.
2026-09-10 14:38:00,059 | WARNING  | evaluation.providers.failover | AI chain: gemini#2 exhausted, retiring it for this run -- Gemini HTTP 429: You exceeded your current quota, please check your plan and billing details. For more information on this error, head to: https://ai.google.dev/gemini-api/docs/rate-limits. To monitor your current usage, head to: https://ai.dev/rate-limit. 
* Quota exceeded for metric: generativelanguage.googleapis.com/generate_content_free_tier_requests, limit: 20, model: gemini-3.6-flash
Please retry in 9.03130702s.
2026-09-10 14:38:02,726 | WARNING  | evaluation.providers.gemini | Gemini transient HTTP 429; retrying.
2026-09-10 14:38:03,889 | WARNING  | evaluation.providers.failover | AI chain: gemini#3 exhausted, retiring it for this run -- Gemini HTTP 429: You exceeded your current quota, please check your plan and billing details. For more information on this error, head to: https://ai.google.dev/gemini-api/docs/rate-limits. To monitor your current usage, head to: https://ai.dev/rate-limit. 
* Quota exceeded for metric: generativelanguage.googleapis.com/generate_content_free_tier_requests, limit: 20, model: gemini-3.6-flash
Please retry in 56.135182639s.
2026-09-10 14:38:06,778 | WARNING  | evaluation.providers.failover | AI chain: grok#4 failed (transient, kept in rotation) -- grok#4: HTTP 400 from xAI -- {"code":"invalid-argument","error":"Incorrect API key provided. You can obtain an API key from https://console.x.ai."} (model='grok-4.3'; set GROK_MODEL to a current slug if this says the model does not exist)
2026-09-10 14:38:09,689 | WARNING  | evaluation.providers.failover | AI chain: grok#5 failed (transient, kept in rotation) -- grok#5: HTTP 400 from xAI -- {"code":"invalid-argument","error":"Incorrect API key provided. You can obtain an API key from https://console.x.ai."} (model='grok-4.3'; set GROK_MODEL to a current slug if this says the model does not exist)
2026-09-10 14:38:10,779 | WARNING  | evaluation.providers.failover | AI chain: grok#6 failed (transient, kept in rotation) -- grok#6: HTTP 400 from xAI -- {"code":"invalid-argument","error":"Incorrect API key provided. You can obtain an API key from https://console.x.ai."} (model='grok-4.3'; set GROK_MODEL to a current slug if this says the model does not exist)
2026-09-10 14:38:10,819 | INFO     | evaluation.providers.failover | AI chain: gemini#1 ready (GEMINI_API_KEY)
2026-09-10 14:38:10,820 | INFO     | evaluation.providers.failover | AI chain: gemini#2 ready (GEMINI_API_KEY_2)
2026-09-10 14:38:10,821 | INFO     | evaluation.providers.failover | AI chain: gemini#3 ready (GEMINI_API_KEY_3)
2026-09-10 14:38:10,823 | INFO     | evaluation.providers.failover | AI chain: grok#4 ready (GROK_API_KEY)
2026-09-10 14:38:10,824 | INFO     | evaluation.providers.failover | AI chain: grok#5 ready (GROK_API_KEY_2)
2026-09-10 14:38:10,824 | INFO     | evaluation.providers.failover | AI chain: grok#6 ready (GROK_API_KEY_3)
2026-09-10 14:38:13,478 | WARNING  | evaluation.providers.gemini | Gemini transient HTTP 429; retrying.
2026-09-10 14:38:14,604 | WARNING  | evaluation.providers.failover | AI chain: gemini#1 exhausted, retiring it for this run -- Gemini HTTP 429: You exceeded your current quota, please check your plan and billing details. For more information on this error, head to: https://ai.google.dev/gemini-api/docs/rate-limits. To monitor your current usage, head to: https://ai.dev/rate-limit. 
* Quota exceeded for metric: generativelanguage.googleapis.com/generate_content_free_tier_requests, limit: 20, model: gemini-3.6-flash
Please retry in 45.421611428s.
2026-09-10 14:38:17,531 | WARNING  | evaluation.providers.gemini | Gemini transient HTTP 429; retrying.
2026-09-10 14:38:18,858 | WARNING  | evaluation.providers.failover | AI chain: gemini#2 exhausted, retiring it for this run -- Gemini HTTP 429: You exceeded your current quota, please check your plan and billing details. For more information on this error, head to: https://ai.google.dev/gemini-api/docs/rate-limits. To monitor your current usage, head to: https://ai.dev/rate-limit. 
* Quota exceeded for metric: generativelanguage.googleapis.com/generate_content_free_tier_requests, limit: 20, model: gemini-3.6-flash
Please retry in 41.167287844s.
2026-09-10 14:38:21,567 | WARNING  | evaluation.providers.gemini | Gemini transient HTTP 429; retrying.
2026-09-10 14:38:22,726 | WARNING  | evaluation.providers.failover | AI chain: gemini#3 exhausted, retiring it for this run -- Gemini HTTP 429: You exceeded your current quota, please check your plan and billing details. For more information on this error, head to: https://ai.google.dev/gemini-api/docs/rate-limits. To monitor your current usage, head to: https://ai.dev/rate-limit. 
* Quota exceeded for metric: generativelanguage.googleapis.com/generate_content_free_tier_requests, limit: 20, model: gemini-3.6-flash
Please retry in 37.299995949s.
2026-09-10 14:38:23,778 | WARNING  | evaluation.providers.failover | AI chain: grok#4 failed (transient, kept in rotation) -- grok#4: HTTP 400 from xAI -- {"code":"invalid-argument","error":"Incorrect API key provided. You can obtain an API key from https://console.x.ai."} (model='grok-4.3'; set GROK_MODEL to a current slug if this says the model does not exist)
2026-09-10 14:38:24,884 | WARNING  | evaluation.providers.failover | AI chain: grok#5 failed (transient, kept in rotation) -- grok#5: HTTP 400 from xAI -- {"code":"invalid-argument","error":"Incorrect API key provided. You can obtain an API key from https://console.x.ai."} (model='grok-4.3'; set GROK_MODEL to a current slug if this says the model does not exist)
2026-09-10 14:38:25,985 | WARNING  | evaluation.providers.failover | AI chain: grok#6 failed (transient, kept in rotation) -- grok#6: HTTP 400 from xAI -- {"code":"invalid-argument","error":"Incorrect API key provided. You can obtain an API key from https://console.x.ai."} (model='grok-4.3'; set GROK_MODEL to a current slug if this says the model does not exist)
2026-09-10 14:38:26,000 | INFO     | evaluation.providers.failover | AI chain: gemini#1 ready (GEMINI_API_KEY)
2026-09-10 14:38:26,001 | INFO     | evaluation.providers.failover | AI chain: gemini#2 ready (GEMINI_API_KEY_2)
2026-09-10 14:38:26,001 | INFO     | evaluation.providers.failover | AI chain: gemini#3 ready (GEMINI_API_KEY_3)
2026-09-10 14:38:26,002 | INFO     | evaluation.providers.failover | AI chain: grok#4 ready (GROK_API_KEY)
2026-09-10 14:38:26,004 | INFO     | evaluation.providers.failover | AI chain: grok#5 ready (GROK_API_KEY_2)
2026-09-10 14:38:26,004 | INFO     | evaluation.providers.failover | AI chain: grok#6 ready (GROK_API_KEY_3)
2026-09-10 14:38:28,668 | WARNING  | evaluation.providers.gemini | Gemini transient HTTP 429; retrying.
2026-09-10 14:38:29,981 | WARNING  | evaluation.providers.failover | AI chain: gemini#1 exhausted, retiring it for this run -- Gemini HTTP 429: You exceeded your current quota, please check your plan and billing details. For more information on this error, head to: https://ai.google.dev/gemini-api/docs/rate-limits. To monitor your current usage, head to: https://ai.dev/rate-limit. 
* Quota exceeded for metric: generativelanguage.googleapis.com/generate_content_free_tier_requests, limit: 20, model: gemini-3.6-flash
Please retry in 30.047813049s.
2026-09-10 14:38:32,690 | WARNING  | evaluation.providers.gemini | Gemini transient HTTP 429; retrying.
2026-09-10 14:38:33,901 | WARNING  | evaluation.providers.failover | AI chain: gemini#2 exhausted, retiring it for this run -- Gemini HTTP 429: You exceeded your current quota, please check your plan and billing details. For more information on this error, head to: https://ai.google.dev/gemini-api/docs/rate-limits. To monitor your current usage, head to: https://ai.dev/rate-limit. 
* Quota exceeded for metric: generativelanguage.googleapis.com/generate_content_free_tier_requests, limit: 20, model: gemini-3.6-flash
Please retry in 26.128745209s.
2026-09-10 14:38:36,576 | WARNING  | evaluation.providers.gemini | Gemini transient HTTP 429; retrying.
2026-09-10 14:38:37,774 | WARNING  | evaluation.providers.failover | AI chain: gemini#3 exhausted, retiring it for this run -- Gemini HTTP 429: You exceeded your current quota, please check your plan and billing details. For more information on this error, head to: https://ai.google.dev/gemini-api/docs/rate-limits. To monitor your current usage, head to: https://ai.dev/rate-limit. 
* Quota exceeded for metric: generativelanguage.googleapis.com/generate_content_free_tier_requests, limit: 20, model: gemini-3.6-flash
Please retry in 22.258672964s.
2026-09-10 14:38:38,860 | WARNING  | evaluation.providers.failover | AI chain: grok#4 failed (transient, kept in rotation) -- grok#4: HTTP 400 from xAI -- {"code":"invalid-argument","error":"Incorrect API key provided. You can obtain an API key from https://console.x.ai."} (model='grok-4.3'; set GROK_MODEL to a current slug if this says the model does not exist)
2026-09-10 14:38:39,968 | WARNING  | evaluation.providers.failover | AI chain: grok#5 failed (transient, kept in rotation) -- grok#5: HTTP 400 from xAI -- {"code":"invalid-argument","error":"Incorrect API key provided. You can obtain an API key from https://console.x.ai."} (model='grok-4.3'; set GROK_MODEL to a current slug if this says the model does not exist)
2026-09-10 14:38:41,046 | WARNING  | evaluation.providers.failover | AI chain: grok#6 failed (transient, kept in rotation) -- grok#6: HTTP 400 from xAI -- {"code":"invalid-argument","error":"Incorrect API key provided. You can obtain an API key from https://console.x.ai."} (model='grok-4.3'; set GROK_MODEL to a current slug if this says the model does not exist)
2026-09-10 14:38:41,061 | INFO     | evaluation.providers.failover | AI chain: gemini#1 ready (GEMINI_API_KEY)
2026-09-10 14:38:41,065 | INFO     | evaluation.providers.failover | AI chain: gemini#2 ready (GEMINI_API_KEY_2)
2026-09-10 14:38:41,070 | INFO     | evaluation.providers.failover | AI chain: gemini#3 ready (GEMINI_API_KEY_3)
2026-09-10 14:38:41,071 | INFO     | evaluation.providers.failover | AI chain: grok#4 ready (GROK_API_KEY)
2026-09-10 14:38:41,072 | INFO     | evaluation.providers.failover | AI chain: grok#5 ready (GROK_API_KEY_2)
2026-09-10 14:38:41,072 | INFO     | evaluation.providers.failover | AI chain: grok#6 ready (GROK_API_KEY_3)
2026-09-10 14:38:43,727 | WARNING  | evaluation.providers.gemini | Gemini transient HTTP 429; retrying.
2026-09-10 14:38:44,883 | WARNING  | evaluation.providers.failover | AI chain: gemini#1 exhausted, retiring it for this run -- Gemini HTTP 429: You exceeded your current quota, please check your plan and billing details. For more information on this error, head to: https://ai.google.dev/gemini-api/docs/rate-limits. To monitor your current usage, head to: https://ai.dev/rate-limit. 
* Quota exceeded for metric: generativelanguage.googleapis.com/generate_content_free_tier_requests, limit: 20, model: gemini-3.6-flash
Please retry in 15.144545331s.
2026-09-10 14:38:47,598 | WARNING  | evaluation.providers.gemini | Gemini transient HTTP 429; retrying.
2026-09-10 14:38:48,762 | WARNING  | evaluation.providers.failover | AI chain: gemini#2 exhausted, retiring it for this run -- Gemini HTTP 429: You exceeded your current quota, please check your plan and billing details. For more information on this error, head to: https://ai.google.dev/gemini-api/docs/rate-limits. To monitor your current usage, head to: https://ai.dev/rate-limit. 
* Quota exceeded for metric: generativelanguage.googleapis.com/generate_content_free_tier_requests, limit: 20, model: gemini-3.6-flash
Please retry in 11.268335411s.
2026-09-10 14:38:51,470 | WARNING  | evaluation.providers.gemini | Gemini transient HTTP 429; retrying.
2026-09-10 14:38:52,739 | WARNING  | evaluation.providers.failover | AI chain: gemini#3 exhausted, retiring it for this run -- Gemini HTTP 429: You exceeded your current quota, please check your plan and billing details. For more information on this error, head to: https://ai.google.dev/gemini-api/docs/rate-limits. To monitor your current usage, head to: https://ai.dev/rate-limit. 
* Quota exceeded for metric: generativelanguage.googleapis.com/generate_content_free_tier_requests, limit: 20, model: gemini-3.6-flash
Please retry in 7.292113951s.
2026-09-10 14:38:54,023 | WARNING  | evaluation.providers.failover | AI chain: grok#4 failed (transient, kept in rotation) -- grok#4: HTTP 400 from xAI -- {"code":"invalid-argument","error":"Incorrect API key provided. You can obtain an API key from https://console.x.ai."} (model='grok-4.3'; set GROK_MODEL to a current slug if this says the model does not exist)
2026-09-10 14:38:55,447 | WARNING  | evaluation.providers.failover | AI chain: grok#5 failed (transient, kept in rotation) -- grok#5: HTTP 400 from xAI -- {"code":"invalid-argument","error":"Incorrect API key provided. You can obtain an API key from https://console.x.ai."} (model='grok-4.3'; set GROK_MODEL to a current slug if this says the model does not exist)
2026-09-10 14:38:56,814 | WARNING  | evaluation.providers.failover | AI chain: grok#6 failed (transient, kept in rotation) -- grok#6: HTTP 400 from xAI -- {"code":"invalid-argument","error":"Incorrect API key provided. You can obtain an API key from https://console.x.ai."} (model='grok-4.3'; set GROK_MODEL to a current slug if this says the model does not exist)
2026-09-10 14:38:56,824 | INFO     | evaluation.providers.failover | AI chain: gemini#1 ready (GEMINI_API_KEY)
2026-09-10 14:38:56,825 | INFO     | evaluation.providers.failover | AI chain: gemini#2 ready (GEMINI_API_KEY_2)
2026-09-10 14:38:56,826 | INFO     | evaluation.providers.failover | AI chain: gemini#3 ready (GEMINI_API_KEY_3)
2026-09-10 14:38:56,828 | INFO     | evaluation.providers.failover | AI chain: grok#4 ready (GROK_API_KEY)
2026-09-10 14:38:56,829 | INFO     | evaluation.providers.failover | AI chain: grok#5 ready (GROK_API_KEY_2)
2026-09-10 14:38:56,831 | INFO     | evaluation.providers.failover | AI chain: grok#6 ready (GROK_API_KEY_3)
2026-09-10 14:38:59,655 | WARNING  | evaluation.providers.gemini | Gemini transient HTTP 429; retrying.
2026-09-10 14:39:00,845 | WARNING  | evaluation.providers.failover | AI chain: gemini#1 exhausted, retiring it for this run -- Gemini HTTP 429: You exceeded your current quota, please check your plan and billing details. For more information on this error, head to: https://ai.google.dev/gemini-api/docs/rate-limits. To monitor your current usage, head to: https://ai.dev/rate-limit. 
* Quota exceeded for metric: generativelanguage.googleapis.com/generate_content_free_tier_requests, limit: 20, model: gemini-3.6-flash
Please retry in 59.183946668s.
2026-09-10 14:39:03,558 | WARNING  | evaluation.providers.gemini | Gemini transient HTTP 429; retrying.
2026-09-10 14:39:04,982 | WARNING  | evaluation.providers.failover | AI chain: gemini#2 exhausted, retiring it for this run -- Gemini HTTP 429: You exceeded your current quota, please check your plan and billing details. For more information on this error, head to: https://ai.google.dev/gemini-api/docs/rate-limits. To monitor your current usage, head to: https://ai.dev/rate-limit. 
* Quota exceeded for metric: generativelanguage.googleapis.com/generate_content_free_tier_requests, limit: 20, model: gemini-3.6-flash
Please retry in 55.099129506s.
2026-09-10 14:39:07,810 | WARNING  | evaluation.providers.gemini | Gemini transient HTTP 429; retrying.
2026-09-10 14:39:08,972 | WARNING  | evaluation.providers.failover | AI chain: gemini#3 exhausted, retiring it for this run -- Gemini HTTP 429: You exceeded your current quota, please check your plan and billing details. For more information on this error, head to: https://ai.google.dev/gemini-api/docs/rate-limits. To monitor your current usage, head to: https://ai.dev/rate-limit. 
* Quota exceeded for metric: generativelanguage.googleapis.com/generate_content_free_tier_requests, limit: 20, model: gemini-3.6-flash
Please retry in 51.060448145s.
2026-09-10 14:39:10,036 | WARNING  | evaluation.providers.failover | AI chain: grok#4 failed (transient, kept in rotation) -- grok#4: HTTP 400 from xAI -- {"code":"invalid-argument","error":"Incorrect API key provided. You can obtain an API key from https://console.x.ai."} (model='grok-4.3'; set GROK_MODEL to a current slug if this says the model does not exist)
2026-09-10 14:39:11,150 | WARNING  | evaluation.providers.failover | AI chain: grok#5 failed (transient, kept in rotation) -- grok#5: HTTP 400 from xAI -- {"code":"invalid-argument","error":"Incorrect API key provided. You can obtain an API key from https://console.x.ai."} (model='grok-4.3'; set GROK_MODEL to a current slug if this says the model does not exist)
2026-09-10 14:39:12,342 | WARNING  | evaluation.providers.failover | AI chain: grok#6 failed (transient, kept in rotation) -- grok#6: HTTP 400 from xAI -- {"code":"invalid-argument","error":"Incorrect API key provided. You can obtain an API key from https://console.x.ai."} (model='grok-4.3'; set GROK_MODEL to a current slug if this says the model does not exist)
2026-09-10 14:39:12,372 | INFO     | evaluation.providers.failover | AI chain: gemini#1 ready (GEMINI_API_KEY)
2026-09-10 14:39:12,373 | INFO     | evaluation.providers.failover | AI chain: gemini#2 ready (GEMINI_API_KEY_2)
2026-09-10 14:39:12,373 | INFO     | evaluation.providers.failover | AI chain: gemini#3 ready (GEMINI_API_KEY_3)
2026-09-10 14:39:12,374 | INFO     | evaluation.providers.failover | AI chain: grok#4 ready (GROK_API_KEY)
2026-09-10 14:39:12,374 | INFO     | evaluation.providers.failover | AI chain: grok#5 ready (GROK_API_KEY_2)
2026-09-10 14:39:12,375 | INFO     | evaluation.providers.failover | AI chain: grok#6 ready (GROK_API_KEY_3)
2026-09-10 14:39:15,215 | WARNING  | evaluation.providers.gemini | Gemini transient HTTP 429; retrying.
2026-09-10 14:39:16,407 | WARNING  | evaluation.providers.failover | AI chain: gemini#1 exhausted, retiring it for this run -- Gemini HTTP 429: You exceeded your current quota, please check your plan and billing details. For more information on this error, head to: https://ai.google.dev/gemini-api/docs/rate-limits. To monitor your current usage, head to: https://ai.dev/rate-limit. 
* Quota exceeded for metric: generativelanguage.googleapis.com/generate_content_free_tier_requests, limit: 20, model: gemini-3.6-flash
Please retry in 43.62319062s.
2026-09-10 14:39:19,055 | WARNING  | evaluation.providers.gemini | Gemini transient HTTP 429; retrying.
2026-09-10 14:39:20,326 | WARNING  | evaluation.providers.failover | AI chain: gemini#2 exhausted, retiring it for this run -- Gemini HTTP 429: You exceeded your current quota, please check your plan and billing details. For more information on this error, head to: https://ai.google.dev/gemini-api/docs/rate-limits. To monitor your current usage, head to: https://ai.dev/rate-limit. 
* Quota exceeded for metric: generativelanguage.googleapis.com/generate_content_free_tier_requests, limit: 20, model: gemini-3.6-flash
Please retry in 39.704665363s.
2026-09-10 14:39:23,090 | WARNING  | evaluation.providers.gemini | Gemini transient HTTP 429; retrying.
2026-09-10 14:39:24,379 | WARNING  | evaluation.providers.failover | AI chain: gemini#3 exhausted, retiring it for this run -- Gemini HTTP 429: You exceeded your current quota, please check your plan and billing details. For more information on this error, head to: https://ai.google.dev/gemini-api/docs/rate-limits. To monitor your current usage, head to: https://ai.dev/rate-limit. 
* Quota exceeded for metric: generativelanguage.googleapis.com/generate_content_free_tier_requests, limit: 20, model: gemini-3.6-flash
Please retry in 35.782835616s.
2026-09-10 14:39:25,548 | WARNING  | evaluation.providers.failover | AI chain: grok#4 failed (transient, kept in rotation) -- grok#4: HTTP 400 from xAI -- {"code":"invalid-argument","error":"Incorrect API key provided. You can obtain an API key from https://console.x.ai."} (model='grok-4.3'; set GROK_MODEL to a current slug if this says the model does not exist)
2026-09-10 14:39:26,684 | WARNING  | evaluation.providers.failover | AI chain: grok#5 failed (transient, kept in rotation) -- grok#5: HTTP 400 from xAI -- {"code":"invalid-argument","error":"Incorrect API key provided. You can obtain an API key from https://console.x.ai."} (model='grok-4.3'; set GROK_MODEL to a current slug if this says the model does not exist)
2026-09-10 14:39:27,943 | WARNING  | evaluation.providers.failover | AI chain: grok#6 failed (transient, kept in rotation) -- grok#6: HTTP 400 from xAI -- {"code":"invalid-argument","error":"Incorrect API key provided. You can obtain an API key from https://console.x.ai."} (model='grok-4.3'; set GROK_MODEL to a current slug if this says the model does not exist)
2026-09-10 14:39:27,953 | INFO     | evaluation.providers.failover | AI chain: gemini#1 ready (GEMINI_API_KEY)
2026-09-10 14:39:27,954 | INFO     | evaluation.providers.failover | AI chain: gemini#2 ready (GEMINI_API_KEY_2)
2026-09-10 14:39:27,955 | INFO     | evaluation.providers.failover | AI chain: gemini#3 ready (GEMINI_API_KEY_3)
2026-09-10 14:39:27,955 | INFO     | evaluation.providers.failover | AI chain: grok#4 ready (GROK_API_KEY)
2026-09-10 14:39:27,956 | INFO     | evaluation.providers.failover | AI chain: grok#5 ready (GROK_API_KEY_2)
2026-09-10 14:39:27,957 | INFO     | evaluation.providers.failover | AI chain: grok#6 ready (GROK_API_KEY_3)
2026-09-10 14:39:30,675 | WARNING  | evaluation.providers.gemini | Gemini transient HTTP 429; retrying.
2026-09-10 14:39:31,907 | WARNING  | evaluation.providers.failover | AI chain: gemini#1 exhausted, retiring it for this run -- Gemini HTTP 429: You exceeded your current quota, please check your plan and billing details. For more information on this error, head to: https://ai.google.dev/gemini-api/docs/rate-limits. To monitor your current usage, head to: https://ai.dev/rate-limit. 
* Quota exceeded for metric: generativelanguage.googleapis.com/generate_content_free_tier_requests, limit: 20, model: gemini-3.6-flash
Please retry in 28.129590376s.
2026-09-10 14:39:34,634 | WARNING  | evaluation.providers.gemini | Gemini transient HTTP 429; retrying.
2026-09-10 14:39:35,792 | WARNING  | evaluation.providers.failover | AI chain: gemini#2 exhausted, retiring it for this run -- Gemini HTTP 429: You exceeded your current quota, please check your plan and billing details. For more information on this error, head to: https://ai.google.dev/gemini-api/docs/rate-limits. To monitor your current usage, head to: https://ai.dev/rate-limit. 
* Quota exceeded for metric: generativelanguage.googleapis.com/generate_content_free_tier_requests, limit: 20, model: gemini-3.6-flash
Please retry in 24.242026085s.
2026-09-10 14:39:38,472 | WARNING  | evaluation.providers.gemini | Gemini transient HTTP 429; retrying.
2026-09-10 14:39:39,731 | WARNING  | evaluation.providers.failover | AI chain: gemini#3 exhausted, retiring it for this run -- Gemini HTTP 429: You exceeded your current quota, please check your plan and billing details. For more information on this error, head to: https://ai.google.dev/gemini-api/docs/rate-limits. To monitor your current usage, head to: https://ai.dev/rate-limit. 
* Quota exceeded for metric: generativelanguage.googleapis.com/generate_content_free_tier_requests, limit: 20, model: gemini-3.6-flash
Please retry in 20.303272472s.
2026-09-10 14:39:40,864 | WARNING  | evaluation.providers.failover | AI chain: grok#4 failed (transient, kept in rotation) -- grok#4: HTTP 400 from xAI -- {"code":"invalid-argument","error":"Incorrect API key provided. You can obtain an API key from https://console.x.ai."} (model='grok-4.3'; set GROK_MODEL to a current slug if this says the model does not exist)
2026-09-10 14:39:42,190 | WARNING  | evaluation.providers.failover | AI chain: grok#5 failed (transient, kept in rotation) -- grok#5: HTTP 400 from xAI -- {"code":"invalid-argument","error":"Incorrect API key provided. You can obtain an API key from https://console.x.ai."} (model='grok-4.3'; set GROK_MODEL to a current slug if this says the model does not exist)
2026-09-10 14:39:43,332 | WARNING  | evaluation.providers.failover | AI chain: grok#6 failed (transient, kept in rotation) -- grok#6: HTTP 400 from xAI -- {"code":"invalid-argument","error":"Incorrect API key provided. You can obtain an API key from https://console.x.ai."} (model='grok-4.3'; set GROK_MODEL to a current slug if this says the model does not exist)
2026-09-10 14:39:43,339 | INFO     | evaluation.providers.failover | AI chain: gemini#1 ready (GEMINI_API_KEY)
2026-09-10 14:39:43,340 | INFO     | evaluation.providers.failover | AI chain: gemini#2 ready (GEMINI_API_KEY_2)
2026-09-10 14:39:43,341 | INFO     | evaluation.providers.failover | AI chain: gemini#3 ready (GEMINI_API_KEY_3)
2026-09-10 14:39:43,342 | INFO     | evaluation.providers.failover | AI chain: grok#4 ready (GROK_API_KEY)
2026-09-10 14:39:43,342 | INFO     | evaluation.providers.failover | AI chain: grok#5 ready (GROK_API_KEY_2)
2026-09-10 14:39:43,344 | INFO     | evaluation.providers.failover | AI chain: grok#6 ready (GROK_API_KEY_3)
2026-09-10 14:39:46,007 | WARNING  | evaluation.providers.gemini | Gemini transient HTTP 429; retrying.
2026-09-10 14:39:47,191 | WARNING  | evaluation.providers.failover | AI chain: gemini#1 exhausted, retiring it for this run -- Gemini HTTP 429: You exceeded your current quota, please check your plan and billing details. For more information on this error, head to: https://ai.google.dev/gemini-api/docs/rate-limits. To monitor your current usage, head to: https://ai.dev/rate-limit. 
* Quota exceeded for metric: generativelanguage.googleapis.com/generate_content_free_tier_requests, limit: 20, model: gemini-3.6-flash
Please retry in 12.841924037s.
2026-09-10 14:39:49,968 | WARNING  | evaluation.providers.gemini | Gemini transient HTTP 429; retrying.
2026-09-10 14:39:51,235 | WARNING  | evaluation.providers.failover | AI chain: gemini#2 exhausted, retiring it for this run -- Gemini HTTP 429: You exceeded your current quota, please check your plan and billing details. For more information on this error, head to: https://ai.google.dev/gemini-api/docs/rate-limits. To monitor your current usage, head to: https://ai.dev/rate-limit. 
* Quota exceeded for metric: generativelanguage.googleapis.com/generate_content_free_tier_requests, limit: 20, model: gemini-3.6-flash
Please retry in 8.80378115s.
2026-09-10 14:39:53,982 | WARNING  | evaluation.providers.gemini | Gemini transient HTTP 429; retrying.
2026-09-10 14:39:55,222 | WARNING  | evaluation.providers.failover | AI chain: gemini#3 exhausted, retiring it for this run -- Gemini HTTP 429: You exceeded your current quota, please check your plan and billing details. For more information on this error, head to: https://ai.google.dev/gemini-api/docs/rate-limits. To monitor your current usage, head to: https://ai.dev/rate-limit. 
* Quota exceeded for metric: generativelanguage.googleapis.com/generate_content_free_tier_requests, limit: 20, model: gemini-3.6-flash
Please retry in 4.824261855s.
2026-09-10 14:39:57,374 | WARNING  | evaluation.providers.failover | AI chain: grok#4 failed (transient, kept in rotation) -- grok#4: HTTP 400 from xAI -- {"code":"invalid-argument","error":"Incorrect API key provided. You can obtain an API key from https://console.x.ai."} (model='grok-4.3'; set GROK_MODEL to a current slug if this says the model does not exist)
2026-09-10 14:39:58,597 | WARNING  | evaluation.providers.failover | AI chain: grok#5 failed (transient, kept in rotation) -- grok#5: HTTP 400 from xAI -- {"code":"invalid-argument","error":"Incorrect API key provided. You can obtain an API key from https://console.x.ai."} (model='grok-4.3'; set GROK_MODEL to a current slug if this says the model does not exist)
2026-09-10 14:39:59,999 | WARNING  | evaluation.providers.failover | AI chain: grok#6 failed (transient, kept in rotation) -- grok#6: HTTP 400 from xAI -- {"code":"invalid-argument","error":"Incorrect API key provided. You can obtain an API key from https://console.x.ai."} (model='grok-4.3'; set GROK_MODEL to a current slug if this says the model does not exist)
2026-09-10 14:40:00,016 | INFO     | evaluation.providers.failover | AI chain: gemini#1 ready (GEMINI_API_KEY)
2026-09-10 14:40:00,016 | INFO     | evaluation.providers.failover | AI chain: gemini#2 ready (GEMINI_API_KEY_2)
2026-09-10 14:40:00,018 | INFO     | evaluation.providers.failover | AI chain: gemini#3 ready (GEMINI_API_KEY_3)
2026-09-10 14:40:00,019 | INFO     | evaluation.providers.failover | AI chain: grok#4 ready (GROK_API_KEY)
2026-09-10 14:40:00,022 | INFO     | evaluation.providers.failover | AI chain: grok#5 ready (GROK_API_KEY_2)
2026-09-10 14:40:00,037 | INFO     | evaluation.providers.failover | AI chain: grok#6 ready (GROK_API_KEY_3)
2026-09-10 14:40:02,941 | WARNING  | evaluation.providers.gemini | Gemini transient HTTP 429; retrying.
2026-09-10 14:40:04,210 | WARNING  | evaluation.providers.failover | AI chain: gemini#1 exhausted, retiring it for this run -- Gemini HTTP 429: You exceeded your current quota, please check your plan and billing details. For more information on this error, head to: https://ai.google.dev/gemini-api/docs/rate-limits. To monitor your current usage, head to: https://ai.dev/rate-limit. 
* Quota exceeded for metric: generativelanguage.googleapis.com/generate_content_free_tier_requests, limit: 20, model: gemini-3.6-flash
Please retry in 55.82779751s.
2026-09-10 14:40:06,976 | WARNING  | evaluation.providers.gemini | Gemini transient HTTP 429; retrying.
2026-09-10 14:40:08,245 | WARNING  | evaluation.providers.failover | AI chain: gemini#2 exhausted, retiring it for this run -- Gemini HTTP 429: You exceeded your current quota, please check your plan and billing details. For more information on this error, head to: https://ai.google.dev/gemini-api/docs/rate-limits. To monitor your current usage, head to: https://ai.dev/rate-limit. 
* Quota exceeded for metric: generativelanguage.googleapis.com/generate_content_free_tier_requests, limit: 20, model: gemini-3.6-flash
Please retry in 51.793507863s.
2026-09-10 14:40:11,028 | WARNING  | evaluation.providers.gemini | Gemini transient HTTP 429; retrying.
2026-09-10 14:40:12,164 | WARNING  | evaluation.providers.failover | AI chain: gemini#3 exhausted, retiring it for this run -- Gemini HTTP 429: You exceeded your current quota, please check your plan and billing details. For more information on this error, head to: https://ai.google.dev/gemini-api/docs/rate-limits. To monitor your current usage, head to: https://ai.dev/rate-limit. 
* Quota exceeded for metric: generativelanguage.googleapis.com/generate_content_free_tier_requests, limit: 20, model: gemini-3.6-flash
Please retry in 47.873707771s.
2026-09-10 14:40:13,246 | WARNING  | evaluation.providers.failover | AI chain: grok#4 failed (transient, kept in rotation) -- grok#4: HTTP 400 from xAI -- {"code":"invalid-argument","error":"Incorrect API key provided. You can obtain an API key from https://console.x.ai."} (model='grok-4.3'; set GROK_MODEL to a current slug if this says the model does not exist)
2026-09-10 14:40:14,326 | WARNING  | evaluation.providers.failover | AI chain: grok#5 failed (transient, kept in rotation) -- grok#5: HTTP 400 from xAI -- {"code":"invalid-argument","error":"Incorrect API key provided. You can obtain an API key from https://console.x.ai."} (model='grok-4.3'; set GROK_MODEL to a current slug if this says the model does not exist)
2026-09-10 14:40:15,443 | WARNING  | evaluation.providers.failover | AI chain: grok#6 failed (transient, kept in rotation) -- grok#6: HTTP 400 from xAI -- {"code":"invalid-argument","error":"Incorrect API key provided. You can obtain an API key from https://console.x.ai."} (model='grok-4.3'; set GROK_MODEL to a current slug if this says the model does not exist)
2026-09-10 14:40:15,451 | INFO     | evaluation.providers.failover | AI chain: gemini#1 ready (GEMINI_API_KEY)
2026-09-10 14:40:15,453 | INFO     | evaluation.providers.failover | AI chain: gemini#2 ready (GEMINI_API_KEY_2)
2026-09-10 14:40:15,456 | INFO     | evaluation.providers.failover | AI chain: gemini#3 ready (GEMINI_API_KEY_3)
2026-09-10 14:40:15,458 | INFO     | evaluation.providers.failover | AI chain: grok#4 ready (GROK_API_KEY)
2026-09-10 14:40:15,459 | INFO     | evaluation.providers.failover | AI chain: grok#5 ready (GROK_API_KEY_2)
2026-09-10 14:40:15,461 | INFO     | evaluation.providers.failover | AI chain: grok#6 ready (GROK_API_KEY_3)
2026-09-10 14:40:18,163 | WARNING  | evaluation.providers.gemini | Gemini transient HTTP 429; retrying.
2026-09-10 14:40:19,463 | WARNING  | evaluation.providers.failover | AI chain: gemini#1 exhausted, retiring it for this run -- Gemini HTTP 429: You exceeded your current quota, please check your plan and billing details. For more information on this error, head to: https://ai.google.dev/gemini-api/docs/rate-limits. To monitor your current usage, head to: https://ai.dev/rate-limit. 
* Quota exceeded for metric: generativelanguage.googleapis.com/generate_content_free_tier_requests, limit: 20, model: gemini-3.6-flash
Please retry in 40.571497399s.
2026-09-10 14:40:22,139 | WARNING  | evaluation.providers.gemini | Gemini transient HTTP 429; retrying.
2026-09-10 14:40:23,397 | WARNING  | evaluation.providers.failover | AI chain: gemini#2 exhausted, retiring it for this run -- Gemini HTTP 429: You exceeded your current quota, please check your plan and billing details. For more information on this error, head to: https://ai.google.dev/gemini-api/docs/rate-limits. To monitor your current usage, head to: https://ai.dev/rate-limit. 
* Quota exceeded for metric: generativelanguage.googleapis.com/generate_content_free_tier_requests, limit: 20, model: gemini-3.6-flash
Please retry in 36.639744074s.
2026-09-10 14:40:26,162 | WARNING  | evaluation.providers.gemini | Gemini transient HTTP 429; retrying.
2026-09-10 14:40:27,430 | WARNING  | evaluation.providers.failover | AI chain: gemini#3 exhausted, retiring it for this run -- Gemini HTTP 429: You exceeded your current quota, please check your plan and billing details. For more information on this error, head to: https://ai.google.dev/gemini-api/docs/rate-limits. To monitor your current usage, head to: https://ai.dev/rate-limit. 
* Quota exceeded for metric: generativelanguage.googleapis.com/generate_content_free_tier_requests, limit: 20, model: gemini-3.6-flash
Please retry in 32.612552245s.
2026-09-10 14:40:28,533 | WARNING  | evaluation.providers.failover | AI chain: grok#4 failed (transient, kept in rotation) -- grok#4: HTTP 400 from xAI -- {"code":"invalid-argument","error":"Incorrect API key provided. You can obtain an API key from https://console.x.ai."} (model='grok-4.3'; set GROK_MODEL to a current slug if this says the model does not exist)
2026-09-10 14:40:29,731 | WARNING  | evaluation.providers.failover | AI chain: grok#5 failed (transient, kept in rotation) -- grok#5: HTTP 400 from xAI -- {"code":"invalid-argument","error":"Incorrect API key provided. You can obtain an API key from https://console.x.ai."} (model='grok-4.3'; set GROK_MODEL to a current slug if this says the model does not exist)
2026-09-10 14:40:30,955 | WARNING  | evaluation.providers.failover | AI chain: grok#6 failed (transient, kept in rotation) -- grok#6: HTTP 400 from xAI -- {"code":"invalid-argument","error":"Incorrect API key provided. You can obtain an API key from https://console.x.ai."} (model='grok-4.3'; set GROK_MODEL to a current slug if this says the model does not exist)
2026-09-10 14:40:30,963 | INFO     | evaluation.providers.failover | AI chain: gemini#1 ready (GEMINI_API_KEY)
2026-09-10 14:40:30,963 | INFO     | evaluation.providers.failover | AI chain: gemini#2 ready (GEMINI_API_KEY_2)
2026-09-10 14:40:30,965 | INFO     | evaluation.providers.failover | AI chain: gemini#3 ready (GEMINI_API_KEY_3)
2026-09-10 14:40:30,966 | INFO     | evaluation.providers.failover | AI chain: grok#4 ready (GROK_API_KEY)
2026-09-10 14:40:30,966 | INFO     | evaluation.providers.failover | AI chain: grok#5 ready (GROK_API_KEY_2)
2026-09-10 14:40:30,968 | INFO     | evaluation.providers.failover | AI chain: grok#6 ready (GROK_API_KEY_3)
2026-09-10 14:40:33,837 | WARNING  | evaluation.providers.gemini | Gemini transient HTTP 429; retrying.
2026-09-10 14:40:35,022 | WARNING  | evaluation.providers.failover | AI chain: gemini#1 exhausted, retiring it for this run -- Gemini HTTP 429: You exceeded your current quota, please check your plan and billing details. For more information on this error, head to: https://ai.google.dev/gemini-api/docs/rate-limits. To monitor your current usage, head to: https://ai.dev/rate-limit. 
* Quota exceeded for metric: generativelanguage.googleapis.com/generate_content_free_tier_requests, limit: 20, model: gemini-3.6-flash
Please retry in 25.022024598s.
2026-09-10 14:40:37,965 | WARNING  | evaluation.providers.gemini | Gemini transient HTTP 429; retrying.
2026-09-10 14:40:39,207 | WARNING  | evaluation.providers.failover | AI chain: gemini#2 exhausted, retiring it for this run -- Gemini HTTP 429: You exceeded your current quota, please check your plan and billing details. For more information on this error, head to: https://ai.google.dev/gemini-api/docs/rate-limits. To monitor your current usage, head to: https://ai.dev/rate-limit. 
* Quota exceeded for metric: generativelanguage.googleapis.com/generate_content_free_tier_requests, limit: 20, model: gemini-3.6-flash
Please retry in 20.82966661s.
2026-09-10 14:40:41,879 | WARNING  | evaluation.providers.gemini | Gemini transient HTTP 429; retrying.
2026-09-10 14:40:43,041 | WARNING  | evaluation.providers.failover | AI chain: gemini#3 exhausted, retiring it for this run -- Gemini HTTP 429: You exceeded your current quota, please check your plan and billing details. For more information on this error, head to: https://ai.google.dev/gemini-api/docs/rate-limits. To monitor your current usage, head to: https://ai.dev/rate-limit. 
* Quota exceeded for metric: generativelanguage.googleapis.com/generate_content_free_tier_requests, limit: 20, model: gemini-3.6-flash
Please retry in 16.99888705s.
2026-09-10 14:40:44,157 | WARNING  | evaluation.providers.failover | AI chain: grok#4 failed (transient, kept in rotation) -- grok#4: HTTP 400 from xAI -- {"code":"invalid-argument","error":"Incorrect API key provided. You can obtain an API key from https://console.x.ai."} (model='grok-4.3'; set GROK_MODEL to a current slug if this says the model does not exist)
2026-09-10 14:40:45,326 | WARNING  | evaluation.providers.failover | AI chain: grok#5 failed (transient, kept in rotation) -- grok#5: HTTP 400 from xAI -- {"code":"invalid-argument","error":"Incorrect API key provided. You can obtain an API key from https://console.x.ai."} (model='grok-4.3'; set GROK_MODEL to a current slug if this says the model does not exist)
2026-09-10 14:40:46,489 | WARNING  | evaluation.providers.failover | AI chain: grok#6 failed (transient, kept in rotation) -- grok#6: HTTP 400 from xAI -- {"code":"invalid-argument","error":"Incorrect API key provided. You can obtain an API key from https://console.x.ai."} (model='grok-4.3'; set GROK_MODEL to a current slug if this says the model does not exist)
2026-09-10 14:40:46,520 | INFO     | evaluation.providers.failover | AI chain: gemini#1 ready (GEMINI_API_KEY)
2026-09-10 14:40:46,522 | INFO     | evaluation.providers.failover | AI chain: gemini#2 ready (GEMINI_API_KEY_2)
2026-09-10 14:40:46,524 | INFO     | evaluation.providers.failover | AI chain: gemini#3 ready (GEMINI_API_KEY_3)
2026-09-10 14:40:46,524 | INFO     | evaluation.providers.failover | AI chain: grok#4 ready (GROK_API_KEY)
2026-09-10 14:40:46,525 | INFO     | evaluation.providers.failover | AI chain: grok#5 ready (GROK_API_KEY_2)
2026-09-10 14:40:46,525 | INFO     | evaluation.providers.failover | AI chain: grok#6 ready (GROK_API_KEY_3)
2026-09-10 14:40:49,256 | WARNING  | evaluation.providers.gemini | Gemini transient HTTP 429; retrying.
2026-09-10 14:40:50,530 | WARNING  | evaluation.providers.failover | AI chain: gemini#1 exhausted, retiring it for this run -- Gemini HTTP 429: You exceeded your current quota, please check your plan and billing details. For more information on this error, head to: https://ai.google.dev/gemini-api/docs/rate-limits. To monitor your current usage, head to: https://ai.dev/rate-limit. 
* Quota exceeded for metric: generativelanguage.googleapis.com/generate_content_free_tier_requests, limit: 20, model: gemini-3.6-flash
Please retry in 9.510511941s.
2026-09-10 14:40:53,219 | WARNING  | evaluation.providers.gemini | Gemini transient HTTP 429; retrying.
2026-09-10 14:40:54,483 | WARNING  | evaluation.providers.failover | AI chain: gemini#2 exhausted, retiring it for this run -- Gemini HTTP 429: You exceeded your current quota, please check your plan and billing details. For more information on this error, head to: https://ai.google.dev/gemini-api/docs/rate-limits. To monitor your current usage, head to: https://ai.dev/rate-limit. 
* Quota exceeded for metric: generativelanguage.googleapis.com/generate_content_free_tier_requests, limit: 20, model: gemini-3.6-flash
Please retry in 5.559837931s.
2026-09-10 14:40:57,150 | WARNING  | evaluation.providers.gemini | Gemini transient HTTP 429; retrying.
2026-09-10 14:40:58,389 | WARNING  | evaluation.providers.failover | AI chain: gemini#3 exhausted, retiring it for this run -- Gemini HTTP 429: You exceeded your current quota, please check your plan and billing details. For more information on this error, head to: https://ai.google.dev/gemini-api/docs/rate-limits. To monitor your current usage, head to: https://ai.dev/rate-limit. 
* Quota exceeded for metric: generativelanguage.googleapis.com/generate_content_free_tier_requests, limit: 20, model: gemini-3.6-flash
Please retry in 1.651134789s.
2026-09-10 14:40:59,643 | WARNING  | evaluation.providers.failover | AI chain: grok#4 failed (transient, kept in rotation) -- grok#4: HTTP 400 from xAI -- {"code":"invalid-argument","error":"Incorrect API key provided. You can obtain an API key from https://console.x.ai."} (model='grok-4.3'; set GROK_MODEL to a current slug if this says the model does not exist)
2026-09-10 14:41:00,903 | WARNING  | evaluation.providers.failover | AI chain: grok#5 failed (transient, kept in rotation) -- grok#5: HTTP 400 from xAI -- {"code":"invalid-argument","error":"Incorrect API key provided. You can obtain an API key from https://console.x.ai."} (model='grok-4.3'; set GROK_MODEL to a current slug if this says the model does not exist)
2026-09-10 14:41:11,533 | WARNING  | evaluation.providers.failover | AI chain: grok#6 failed (transient, kept in rotation) -- grok#6: HTTP 400 from xAI -- {"code":"invalid-argument","error":"Incorrect API key provided. You can obtain an API key from https://console.x.ai."} (model='grok-4.3'; set GROK_MODEL to a current slug if this says the model does not exist)
2026-09-10 14:41:11,631 | INFO     | evaluation.providers.failover | AI chain: gemini#1 ready (GEMINI_API_KEY)
2026-09-10 14:41:11,652 | INFO     | evaluation.providers.failover | AI chain: gemini#2 ready (GEMINI_API_KEY_2)
2026-09-10 14:41:11,683 | INFO     | evaluation.providers.failover | AI chain: gemini#3 ready (GEMINI_API_KEY_3)
2026-09-10 14:41:11,697 | INFO     | evaluation.providers.failover | AI chain: grok#4 ready (GROK_API_KEY)
2026-09-10 14:41:11,730 | INFO     | evaluation.providers.failover | AI chain: grok#5 ready (GROK_API_KEY_2)
2026-09-10 14:41:11,753 | INFO     | evaluation.providers.failover | AI chain: grok#6 ready (GROK_API_KEY_3)
2026-09-10 14:41:17,626 | WARNING  | evaluation.providers.gemini | Gemini transient HTTP 429; retrying.
2026-09-10 14:41:19,549 | WARNING  | evaluation.providers.failover | AI chain: gemini#1 exhausted, retiring it for this run -- Gemini HTTP 429: You exceeded your current quota, please check your plan and billing details. For more information on this error, head to: https://ai.google.dev/gemini-api/docs/rate-limits. To monitor your current usage, head to: https://ai.dev/rate-limit. 
* Quota exceeded for metric: generativelanguage.googleapis.com/generate_content_free_tier_requests, limit: 20, model: gemini-3.6-flash
Please retry in 40.49146096s.
2026-09-10 14:41:23,038 | WARNING  | evaluation.providers.gemini | Gemini transient HTTP 429; retrying.
2026-09-10 14:41:24,470 | WARNING  | evaluation.providers.failover | AI chain: gemini#2 exhausted, retiring it for this run -- Gemini HTTP 429: You exceeded your current quota, please check your plan and billing details. For more information on this error, head to: https://ai.google.dev/gemini-api/docs/rate-limits. To monitor your current usage, head to: https://ai.dev/rate-limit. 
* Quota exceeded for metric: generativelanguage.googleapis.com/generate_content_free_tier_requests, limit: 20, model: gemini-3.6-flash
Please retry in 35.570055546s.
2026-09-10 14:41:27,143 | WARNING  | evaluation.providers.gemini | Gemini transient HTTP 429; retrying.
2026-09-10 14:41:28,387 | WARNING  | evaluation.providers.failover | AI chain: gemini#3 exhausted, retiring it for this run -- Gemini HTTP 429: You exceeded your current quota, please check your plan and billing details. For more information on this error, head to: https://ai.google.dev/gemini-api/docs/rate-limits. To monitor your current usage, head to: https://ai.dev/rate-limit. 
* Quota exceeded for metric: generativelanguage.googleapis.com/generate_content_free_tier_requests, limit: 20, model: gemini-3.6-flash
Please retry in 31.652331617s.
2026-09-10 14:41:29,447 | WARNING  | evaluation.providers.failover | AI chain: grok#4 failed (transient, kept in rotation) -- grok#4: HTTP 400 from xAI -- {"code":"invalid-argument","error":"Incorrect API key provided. You can obtain an API key from https://console.x.ai."} (model='grok-4.3'; set GROK_MODEL to a current slug if this says the model does not exist)
2026-09-10 14:41:30,545 | WARNING  | evaluation.providers.failover | AI chain: grok#5 failed (transient, kept in rotation) -- grok#5: HTTP 400 from xAI -- {"code":"invalid-argument","error":"Incorrect API key provided. You can obtain an API key from https://console.x.ai."} (model='grok-4.3'; set GROK_MODEL to a current slug if this says the model does not exist)
2026-09-10 14:41:31,696 | WARNING  | evaluation.providers.failover | AI chain: grok#6 failed (transient, kept in rotation) -- grok#6: HTTP 400 from xAI -- {"code":"invalid-argument","error":"Incorrect API key provided. You can obtain an API key from https://console.x.ai."} (model='grok-4.3'; set GROK_MODEL to a current slug if this says the model does not exist)
2026-09-10 14:41:31,742 | INFO     | evaluation.providers.failover | AI chain: gemini#1 ready (GEMINI_API_KEY)
2026-09-10 14:41:31,743 | INFO     | evaluation.providers.failover | AI chain: gemini#2 ready (GEMINI_API_KEY_2)
2026-09-10 14:41:31,743 | INFO     | evaluation.providers.failover | AI chain: gemini#3 ready (GEMINI_API_KEY_3)
2026-09-10 14:41:31,744 | INFO     | evaluation.providers.failover | AI chain: grok#4 ready (GROK_API_KEY)
2026-09-10 14:41:31,745 | INFO     | evaluation.providers.failover | AI chain: grok#5 ready (GROK_API_KEY_2)
2026-09-10 14:41:31,745 | INFO     | evaluation.providers.failover | AI chain: grok#6 ready (GROK_API_KEY_3)
2026-09-10 14:41:34,560 | WARNING  | evaluation.providers.gemini | Gemini transient HTTP 429; retrying.
2026-09-10 14:41:35,732 | WARNING  | evaluation.providers.failover | AI chain: gemini#1 exhausted, retiring it for this run -- Gemini HTTP 429: You exceeded your current quota, please check your plan and billing details. For more information on this error, head to: https://ai.google.dev/gemini-api/docs/rate-limits. To monitor your current usage, head to: https://ai.dev/rate-limit. 
* Quota exceeded for metric: generativelanguage.googleapis.com/generate_content_free_tier_requests, limit: 20, model: gemini-3.6-flash
Please retry in 24.309868427s.
2026-09-10 14:41:38,525 | WARNING  | evaluation.providers.gemini | Gemini transient HTTP 429; retrying.
2026-09-10 14:41:40,474 | WARNING  | evaluation.providers.failover | AI chain: gemini#2 exhausted, retiring it for this run -- Gemini HTTP 429: You exceeded your current quota, please check your plan and billing details. For more information on this error, head to: https://ai.google.dev/gemini-api/docs/rate-limits. To monitor your current usage, head to: https://ai.dev/rate-limit. 
* Quota exceeded for metric: generativelanguage.googleapis.com/generate_content_free_tier_requests, limit: 20, model: gemini-3.6-flash
Please retry in 19.56826088s.
2026-09-10 14:41:43,323 | WARNING  | evaluation.providers.gemini | Gemini transient HTTP 429; retrying.
2026-09-10 14:41:45,099 | WARNING  | evaluation.providers.failover | AI chain: gemini#3 exhausted, retiring it for this run -- Gemini HTTP 429: You exceeded your current quota, please check your plan and billing details. For more information on this error, head to: https://ai.google.dev/gemini-api/docs/rate-limits. To monitor your current usage, head to: https://ai.dev/rate-limit. 
* Quota exceeded for metric: generativelanguage.googleapis.com/generate_content_free_tier_requests, limit: 20, model: gemini-3.6-flash
Please retry in 15.043714345s.
2026-09-10 14:41:46,734 | WARNING  | evaluation.providers.failover | AI chain: grok#4 failed (transient, kept in rotation) -- grok#4: HTTP 400 from xAI -- {"code":"invalid-argument","error":"Incorrect API key provided. You can obtain an API key from https://console.x.ai."} (model='grok-4.3'; set GROK_MODEL to a current slug if this says the model does not exist)
2026-09-10 14:41:48,167 | WARNING  | evaluation.providers.failover | AI chain: grok#5 failed (transient, kept in rotation) -- grok#5: HTTP 400 from xAI -- {"code":"invalid-argument","error":"Incorrect API key provided. You can obtain an API key from https://console.x.ai."} (model='grok-4.3'; set GROK_MODEL to a current slug if this says the model does not exist)
2026-09-10 14:41:49,503 | WARNING  | evaluation.providers.failover | AI chain: grok#6 failed (transient, kept in rotation) -- grok#6: HTTP 400 from xAI -- {"code":"invalid-argument","error":"Incorrect API key provided. You can obtain an API key from https://console.x.ai."} (model='grok-4.3'; set GROK_MODEL to a current slug if this says the model does not exist)
2026-09-10 14:41:49,537 | INFO     | evaluation.providers.failover | AI chain: gemini#1 ready (GEMINI_API_KEY)
2026-09-10 14:41:49,538 | INFO     | evaluation.providers.failover | AI chain: gemini#2 ready (GEMINI_API_KEY_2)
2026-09-10 14:41:49,539 | INFO     | evaluation.providers.failover | AI chain: gemini#3 ready (GEMINI_API_KEY_3)
2026-09-10 14:41:49,540 | INFO     | evaluation.providers.failover | AI chain: grok#4 ready (GROK_API_KEY)
2026-09-10 14:41:49,541 | INFO     | evaluation.providers.failover | AI chain: grok#5 ready (GROK_API_KEY_2)
2026-09-10 14:41:49,542 | INFO     | evaluation.providers.failover | AI chain: grok#6 ready (GROK_API_KEY_3)
2026-09-10 14:41:52,514 | WARNING  | evaluation.providers.gemini | Gemini transient HTTP 429; retrying.
2026-09-10 14:41:56,483 | WARNING  | evaluation.providers.failover | AI chain: gemini#1 exhausted, retiring it for this run -- Gemini HTTP 429: You exceeded your current quota, please check your plan and billing details. For more information on this error, head to: https://ai.google.dev/gemini-api/docs/rate-limits. To monitor your current usage, head to: https://ai.dev/rate-limit. 
* Quota exceeded for metric: generativelanguage.googleapis.com/generate_content_free_tier_requests, limit: 20, model: gemini-3.6-flash
Please retry in 3.564058325s.
2026-09-10 14:42:00,102 | WARNING  | evaluation.providers.gemini | Gemini transient HTTP 429; retrying.
2026-09-10 14:42:01,280 | WARNING  | evaluation.providers.failover | AI chain: gemini#2 exhausted, retiring it for this run -- Gemini HTTP 429: You exceeded your current quota, please check your plan and billing details. For more information on this error, head to: https://ai.google.dev/gemini-api/docs/rate-limits. To monitor your current usage, head to: https://ai.dev/rate-limit. 
* Quota exceeded for metric: generativelanguage.googleapis.com/generate_content_free_tier_requests, limit: 20, model: gemini-3.6-flash
Please retry in 58.7595953s.
2026-09-10 14:42:03,976 | WARNING  | evaluation.providers.gemini | Gemini transient HTTP 429; retrying.
2026-09-10 14:42:08,314 | WARNING  | evaluation.providers.failover | AI chain: gemini#3 exhausted, retiring it for this run -- Gemini HTTP 429: You exceeded your current quota, please check your plan and billing details. For more information on this error, head to: https://ai.google.dev/gemini-api/docs/rate-limits. To monitor your current usage, head to: https://ai.dev/rate-limit. 
* Quota exceeded for metric: generativelanguage.googleapis.com/generate_content_free_tier_requests, limit: 20, model: gemini-3.6-flash
Please retry in 51.735738606s.
2026-09-10 14:42:09,830 | WARNING  | evaluation.providers.failover | AI chain: grok#4 failed (transient, kept in rotation) -- grok#4: HTTP 400 from xAI -- {"code":"invalid-argument","error":"Incorrect API key provided. You can obtain an API key from https://console.x.ai."} (model='grok-4.3'; set GROK_MODEL to a current slug if this says the model does not exist)
2026-09-10 14:42:10,990 | WARNING  | evaluation.providers.failover | AI chain: grok#5 failed (transient, kept in rotation) -- grok#5: HTTP 400 from xAI -- {"code":"invalid-argument","error":"Incorrect API key provided. You can obtain an API key from https://console.x.ai."} (model='grok-4.3'; set GROK_MODEL to a current slug if this says the model does not exist)
2026-09-10 14:42:12,574 | WARNING  | evaluation.providers.failover | AI chain: grok#6 failed (transient, kept in rotation) -- grok#6: HTTP 400 from xAI -- {"code":"invalid-argument","error":"Incorrect API key provided. You can obtain an API key from https://console.x.ai."} (model='grok-4.3'; set GROK_MODEL to a current slug if this says the model does not exist)
2026-09-10 14:48:57,326 | INFO     | evaluation.providers.failover | AI chain: gemini#1 ready (GEMINI_API_KEY)
2026-09-10 14:48:57,351 | INFO     | evaluation.providers.failover | AI chain: gemini#2 ready (GEMINI_API_KEY_2)
2026-09-10 14:48:57,368 | INFO     | evaluation.providers.failover | AI chain: gemini#3 ready (GEMINI_API_KEY_3)
2026-09-10 14:48:57,412 | INFO     | evaluation.providers.failover | AI chain: grok#4 ready (GROK_API_KEY)
2026-09-10 14:48:57,669 | INFO     | evaluation.providers.failover | AI chain: grok#5 ready (GROK_API_KEY_2)
2026-09-10 14:48:57,762 | INFO     | evaluation.providers.failover | AI chain: grok#6 ready (GROK_API_KEY_3)
2026-09-10 14:49:03,102 | WARNING  | evaluation.providers.gemini | Gemini transient HTTP 429; retrying.
2026-09-10 14:49:05,814 | WARNING  | evaluation.providers.failover | AI chain: gemini#1 exhausted, retiring it for this run -- Gemini HTTP 429: You exceeded your current quota, please check your plan and billing details. For more information on this error, head to: https://ai.google.dev/gemini-api/docs/rate-limits. To monitor your current usage, head to: https://ai.dev/rate-limit. 
* Quota exceeded for metric: generativelanguage.googleapis.com/generate_content_free_tier_requests, limit: 20, model: gemini-3.6-flash
Please retry in 54.248945837s.
2026-09-10 14:49:11,440 | WARNING  | evaluation.providers.gemini | Gemini transient HTTP 429; retrying.
2026-09-10 14:49:17,063 | WARNING  | evaluation.providers.failover | AI chain: gemini#2 exhausted, retiring it for this run -- Gemini HTTP 429: You exceeded your current quota, please check your plan and billing details. For more information on this error, head to: https://ai.google.dev/gemini-api/docs/rate-limits. To monitor your current usage, head to: https://ai.dev/rate-limit. 
* Quota exceeded for metric: generativelanguage.googleapis.com/generate_content_free_tier_requests, limit: 20, model: gemini-3.6-flash
Please retry in 42.983602935s.
2026-09-10 14:49:22,721 | WARNING  | evaluation.providers.gemini | Gemini transient HTTP 429; retrying.
2026-09-10 14:49:26,144 | WARNING  | evaluation.providers.failover | AI chain: gemini#3 exhausted, retiring it for this run -- Gemini HTTP 429: You exceeded your current quota, please check your plan and billing details. For more information on this error, head to: https://ai.google.dev/gemini-api/docs/rate-limits. To monitor your current usage, head to: https://ai.dev/rate-limit. 
* Quota exceeded for metric: generativelanguage.googleapis.com/generate_content_free_tier_requests, limit: 20, model: gemini-3.6-flash
Please retry in 33.912637742s.
2026-09-10 14:49:29,338 | WARNING  | evaluation.providers.failover | AI chain: grok#4 failed (transient, kept in rotation) -- grok#4: HTTP 400 from xAI -- {"code":"invalid-argument","error":"Incorrect API key provided. You can obtain an API key from https://console.x.ai."} (model='grok-4.3'; set GROK_MODEL to a current slug if this says the model does not exist)
2026-09-10 14:49:32,647 | WARNING  | evaluation.providers.failover | AI chain: grok#5 failed (transient, kept in rotation) -- grok#5: HTTP 400 from xAI -- {"code":"invalid-argument","error":"Incorrect API key provided. You can obtain an API key from https://console.x.ai."} (model='grok-4.3'; set GROK_MODEL to a current slug if this says the model does not exist)
2026-09-10 14:49:36,036 | WARNING  | evaluation.providers.failover | AI chain: grok#6 failed (transient, kept in rotation) -- grok#6: HTTP 400 from xAI -- {"code":"invalid-argument","error":"Incorrect API key provided. You can obtain an API key from https://console.x.ai."} (model='grok-4.3'; set GROK_MODEL to a current slug if this says the model does not exist)
2026-09-10 15:08:20,997 | INFO     | evaluation.providers.failover | AI chain: gemini#1 ready (GEMINI_API_KEY)
2026-09-10 15:08:21,036 | INFO     | evaluation.providers.failover | AI chain: gemini#2 ready (GEMINI_API_KEY_2)
2026-09-10 15:08:21,044 | INFO     | evaluation.providers.failover | AI chain: gemini#3 ready (GEMINI_API_KEY_3)
2026-09-10 15:08:21,061 | INFO     | evaluation.providers.failover | AI chain: grok#4 ready (GROK_API_KEY)
2026-09-10 15:08:21,069 | INFO     | evaluation.providers.failover | AI chain: grok#5 ready (GROK_API_KEY_2)
2026-09-10 15:08:21,079 | INFO     | evaluation.providers.failover | AI chain: grok#6 ready (GROK_API_KEY_3)
2026-09-10 15:09:42,689 | INFO     | evaluation.providers.failover | AI chain: gemini#1 ready (GEMINI_API_KEY)
2026-09-10 15:09:42,691 | INFO     | evaluation.providers.failover | AI chain: gemini#2 ready (GEMINI_API_KEY_2)
2026-09-10 15:09:42,693 | INFO     | evaluation.providers.failover | AI chain: gemini#3 ready (GEMINI_API_KEY_3)
2026-09-10 15:09:42,694 | INFO     | evaluation.providers.failover | AI chain: grok#4 ready (GROK_API_KEY)
2026-09-10 15:09:42,696 | INFO     | evaluation.providers.failover | AI chain: grok#5 ready (GROK_API_KEY_2)
2026-09-10 15:09:42,698 | INFO     | evaluation.providers.failover | AI chain: grok#6 ready (GROK_API_KEY_3)
2026-09-10 15:09:44,752 | INFO     | evaluation.providers.failover | AI chain: gemini#1 ready (GEMINI_API_KEY)
2026-09-10 15:09:44,753 | INFO     | evaluation.providers.failover | AI chain: gemini#2 ready (GEMINI_API_KEY_2)
2026-09-10 15:09:44,753 | INFO     | evaluation.providers.failover | AI chain: gemini#3 ready (GEMINI_API_KEY_3)
2026-09-10 15:09:44,754 | INFO     | evaluation.providers.failover | AI chain: grok#4 ready (GROK_API_KEY)
2026-09-10 15:09:44,756 | INFO     | evaluation.providers.failover | AI chain: grok#5 ready (GROK_API_KEY_2)
2026-09-10 15:09:44,756 | INFO     | evaluation.providers.failover | AI chain: grok#6 ready (GROK_API_KEY_3)
2026-09-10 15:09:46,173 | WARNING  | evaluation.providers.gemini | Gemini transient HTTP 429; retrying.
2026-09-10 15:09:48,078 | WARNING  | evaluation.providers.gemini | Gemini transient HTTP 429; retrying.
2026-09-10 15:09:48,082 | WARNING  | evaluation.providers.failover | AI chain: gemini#1 exhausted, retiring it for this run -- Gemini HTTP 429: You exceeded your current quota, please check your plan and billing details. For more information on this error, head to: https://ai.google.dev/gemini-api/docs/rate-limits. To monitor your current usage, head to: https://ai.dev/rate-limit. 
* Quota exceeded for metric: generativelanguage.googleapis.com/generate_content_free_tier_requests, limit: 20, model: gemini-3.6-flash
Please retry in 12.418496607s.
2026-09-10 15:09:51,886 | WARNING  | evaluation.providers.failover | AI chain: gemini#1 exhausted, retiring it for this run -- Gemini HTTP 429: You exceeded your current quota, please check your plan and billing details. For more information on this error, head to: https://ai.google.dev/gemini-api/docs/rate-limits. To monitor your current usage, head to: https://ai.dev/rate-limit. 
* Quota exceeded for metric: generativelanguage.googleapis.com/generate_content_free_tier_requests, limit: 20, model: gemini-3.6-flash
Please retry in 8.165183303s.
2026-09-10 15:09:53,653 | WARNING  | evaluation.providers.gemini | Gemini transient HTTP 429; retrying.
2026-09-10 15:09:55,076 | WARNING  | evaluation.providers.gemini | Gemini transient HTTP 429; retrying.
2026-09-10 15:09:55,468 | WARNING  | evaluation.providers.failover | AI chain: gemini#2 exhausted, retiring it for this run -- Gemini HTTP 429: You exceeded your current quota, please check your plan and billing details. For more information on this error, head to: https://ai.google.dev/gemini-api/docs/rate-limits. To monitor your current usage, head to: https://ai.dev/rate-limit. 
* Quota exceeded for metric: generativelanguage.googleapis.com/generate_content_free_tier_requests, limit: 20, model: gemini-3.6-flash
Please retry in 4.575466212s.
2026-09-10 15:09:56,627 | WARNING  | evaluation.providers.failover | AI chain: gemini#2 exhausted, retiring it for this run -- Gemini HTTP 429: You exceeded your current quota, please check your plan and billing details. For more information on this error, head to: https://ai.google.dev/gemini-api/docs/rate-limits. To monitor your current usage, head to: https://ai.dev/rate-limit. 
* Quota exceeded for metric: generativelanguage.googleapis.com/generate_content_free_tier_requests, limit: 20, model: gemini-3.6-flash
Please retry in 3.425808007s.
2026-09-10 15:09:58,525 | WARNING  | evaluation.providers.gemini | Gemini transient HTTP 429; retrying.
2026-09-10 15:09:59,958 | WARNING  | evaluation.providers.failover | AI chain: gemini#3 exhausted, retiring it for this run -- Gemini HTTP 429: You exceeded your current quota, please check your plan and billing details. For more information on this error, head to: https://ai.google.dev/gemini-api/docs/rate-limits. To monitor your current usage, head to: https://ai.dev/rate-limit. 
* Quota exceeded for metric: generativelanguage.googleapis.com/generate_content_free_tier_requests, limit: 20, model: gemini-3.6-flash
Please retry in 86.825783ms.
2026-09-10 15:09:59,975 | WARNING  | evaluation.providers.gemini | Gemini transient HTTP 429; retrying.
2026-09-10 15:10:01,520 | WARNING  | evaluation.providers.failover | AI chain: grok#4 failed (transient, kept in rotation) -- grok#4: HTTP 400 from xAI -- {"code":"invalid-argument","error":"Incorrect API key provided. You can obtain an API key from https://console.x.ai."} (model='grok-4.3'; set GROK_MODEL to a current slug if this says the model does not exist)
2026-09-10 15:10:01,543 | WARNING  | evaluation.providers.failover | AI chain: gemini#3 exhausted, retiring it for this run -- Gemini HTTP 429: You exceeded your current quota, please check your plan and billing details. For more information on this error, head to: https://ai.google.dev/gemini-api/docs/rate-limits. To monitor your current usage, head to: https://ai.dev/rate-limit. 
* Quota exceeded for metric: generativelanguage.googleapis.com/generate_content_free_tier_requests, limit: 20, model: gemini-3.6-flash
Please retry in 58.498088908s.
2026-09-10 15:10:03,046 | WARNING  | evaluation.providers.failover | AI chain: grok#5 failed (transient, kept in rotation) -- grok#5: HTTP 400 from xAI -- {"code":"invalid-argument","error":"Incorrect API key provided. You can obtain an API key from https://console.x.ai."} (model='grok-4.3'; set GROK_MODEL to a current slug if this says the model does not exist)
2026-09-10 15:10:03,075 | WARNING  | evaluation.providers.failover | AI chain: grok#4 failed (transient, kept in rotation) -- grok#4: HTTP 400 from xAI -- {"code":"invalid-argument","error":"Incorrect API key provided. You can obtain an API key from https://console.x.ai."} (model='grok-4.3'; set GROK_MODEL to a current slug if this says the model does not exist)
2026-09-10 15:10:04,427 | WARNING  | evaluation.providers.failover | AI chain: grok#6 failed (transient, kept in rotation) -- grok#6: HTTP 400 from xAI -- {"code":"invalid-argument","error":"Incorrect API key provided. You can obtain an API key from https://console.x.ai."} (model='grok-4.3'; set GROK_MODEL to a current slug if this says the model does not exist)
2026-09-10 15:10:04,460 | WARNING  | evaluation.providers.failover | AI chain: grok#5 failed (transient, kept in rotation) -- grok#5: HTTP 400 from xAI -- {"code":"invalid-argument","error":"Incorrect API key provided. You can obtain an API key from https://console.x.ai."} (model='grok-4.3'; set GROK_MODEL to a current slug if this says the model does not exist)
2026-09-10 15:10:05,795 | WARNING  | evaluation.providers.failover | AI chain: grok#6 failed (transient, kept in rotation) -- grok#6: HTTP 400 from xAI -- {"code":"invalid-argument","error":"Incorrect API key provided. You can obtain an API key from https://console.x.ai."} (model='grok-4.3'; set GROK_MODEL to a current slug if this says the model does not exist)
