2026-09-07 16:39:02,936 | WARNING  | collectors.ase_collector | ASE config incomplete, missing: port, username, password
2026-09-07 16:46:41,544 | INFO     | collectors.rfc_perf | [PRD] response time: SWNC_GET_STATRECS_FRAME not callable
2026-09-07 16:46:41,545 | INFO     | collectors.rfc_perf | [PRD] SQLMD: no field info returned -- table absent or not readable
2026-09-07 16:46:41,642 | INFO     | collectors.rfc_perf | [PRD] response time: SWNC_GET_STATRECS_FRAME not callable
2026-09-07 16:46:41,643 | INFO     | collectors.rfc_perf | [PRD] SQLMD: no field info returned -- table absent or not readable
2026-09-07 16:46:41,757 | INFO     | collectors.rfc_perf | [PRD] SQLMD: no field info returned -- table absent or not readable
2026-09-07 16:46:41,913 | INFO     | collectors.rfc_perf | [PRD] SQLMD: no field info returned -- table absent or not readable
2026-09-07 16:46:41,917 | INFO     | collectors.rfc_perf | [PRD] response time: SWNC_GET_STATRECS_FRAME not callable
2026-09-07 16:46:41,999 | INFO     | collectors.rfc_perf | [PRD] SQLMD: no field info returned -- table absent or not readable
2026-09-07 16:46:42,003 | INFO     | collectors.rfc_perf | [PRD] response time: SWNC_GET_STATRECS_FRAME not callable
2026-09-07 16:46:42,061 | INFO     | collectors.rfc_perf | [PRD] response time: SWNC_GET_STATRECS_FRAME not callable
2026-09-07 16:46:42,061 | WARNING  | collectors.rfc_perf | [PRD] SQLMD present but essential columns not matched. Have: ['SOMETHING', 'ELSE']. Looked for program in ['PROGRAM_NAME', 'PROGRAM', 'PROGNAME', 'ENTRY_PROGRAM', 'REQUEST_PROGRAM'] and time in ['TOTAL_TIME', 'TOTAL_DB_TIME', 'SUM_TIME', 'TOTAL_TIME_US'].
2026-09-07 16:46:42,066 | INFO     | collectors.rfc_perf | [PRD] response time: SWNC_GET_STATRECS_FRAME not callable
2026-09-07 16:46:42,067 | INFO     | collectors.rfc_perf | [PRD] SQLMD: no field info returned -- table absent or not readable
2026-09-07 16:46:42,071 | INFO     | collectors.rfc_perf | [PRD] response time: SWNC_GET_STATRECS_FRAME not callable
2026-09-07 16:46:42,076 | INFO     | collectors.rfc_perf | [PRD] response time: SWNC_GET_STATRECS_FRAME not callable
2026-09-07 16:47:21,886 | INFO     | collectors.rfc_perf | [CENTOR_QAS] response time: connected instance only (per-instance addressing not accepted)
2026-09-07 16:47:23,491 | WARNING  | collectors.rfc_perf | [CENTOR_QAS] SQLMD present but essential columns not matched. Have: ['PROGNAME', 'PROGKIND', 'PROCTYPE', 'PROCNAME', 'PROCLINE', 'RUNLEVEL', 'ROOTTYPE', 'ROOTNAME', 'STMTKIND', 'TABLENAME', 'XCNT', 'RCNT', 'XCNTRCNT', 'RTMIN', 'RTMAX', 'RTCNT', 'RTSUM', 'RTSQS', 'RTAVG', 'RTDEV', 'DBMIN', 'DBMAX', 'DBCNT', 'DBSUM', 'DBSQS', 'DBAVG', 'DBDEV', 'DDATE', 'DTIME', 'RTMCNT']. Looked for program in ['PROGRAM_NAME', 'PROGRAM', 'PROGNAME', 'ENTRY_PROGRAM', 'REQUEST_PROGRAM'] and time in ['TOTAL_TIME', 'TOTAL_DB_TIME', 'SUM_TIME', 'TOTAL_TIME_US'].
2026-09-07 16:47:23,512 | INFO     | collectors.rfc_perf | [CENTOR_QAS] RFC perf collector: 6 metrics
2026-09-07 16:49:38,242 | INFO     | collectors.rfc_perf | [PRD] STAT read returned 0 records in the last 5 minutes
2026-09-07 16:49:38,242 | INFO     | collectors.rfc_perf | [PRD] response time: SWNC_GET_STATRECS_FRAME not callable
2026-09-07 16:49:38,242 | INFO     | collectors.rfc_perf | [PRD] SQLMD: no field info returned -- table absent or not readable
2026-09-07 16:49:38,322 | INFO     | collectors.rfc_perf | [PRD] STAT read returned 0 records in the last 5 minutes
2026-09-07 16:49:38,322 | INFO     | collectors.rfc_perf | [PRD] response time: SWNC_GET_STATRECS_FRAME not callable
2026-09-07 16:49:38,323 | INFO     | collectors.rfc_perf | [PRD] SQLMD: no field info returned -- table absent or not readable
2026-09-07 16:49:38,404 | INFO     | collectors.rfc_perf | [PRD] SQLMD: no field info returned -- table absent or not readable
2026-09-07 16:49:38,486 | INFO     | collectors.rfc_perf | [PRD] SQLMD: no field info returned -- table absent or not readable
2026-09-07 16:49:38,489 | INFO     | collectors.rfc_perf | [PRD] STAT read returned 0 records in the last 5 minutes
2026-09-07 16:49:38,489 | INFO     | collectors.rfc_perf | [PRD] response time: SWNC_GET_STATRECS_FRAME not callable
2026-09-07 16:49:38,576 | INFO     | collectors.rfc_perf | [PRD] SQLMD: no field info returned -- table absent or not readable
2026-09-07 16:49:38,579 | INFO     | collectors.rfc_perf | [PRD] STAT read returned 0 records in the last 5 minutes
2026-09-07 16:49:38,580 | INFO     | collectors.rfc_perf | [PRD] response time: SWNC_GET_STATRECS_FRAME not callable
2026-09-07 16:49:38,634 | INFO     | collectors.rfc_perf | [PRD] STAT read returned 0 records in the last 5 minutes
2026-09-07 16:49:38,634 | INFO     | collectors.rfc_perf | [PRD] response time: SWNC_GET_STATRECS_FRAME not callable
2026-09-07 16:49:38,640 | INFO     | collectors.rfc_perf | [PRD] STAT read returned 0 records in the last 5 minutes
2026-09-07 16:49:38,640 | INFO     | collectors.rfc_perf | [PRD] response time: SWNC_GET_STATRECS_FRAME not callable
2026-09-07 16:49:38,699 | INFO     | collectors.rfc_perf | [PRD] STAT read returned 0 records in the last 5 minutes
2026-09-07 16:49:38,700 | INFO     | collectors.rfc_perf | [PRD] response time: SWNC_GET_STATRECS_FRAME not callable
2026-09-07 16:49:38,700 | WARNING  | collectors.rfc_perf | [PRD] SQLMD present but essential columns not matched. Have: ['SOMETHING', 'ELSE']. Looked for program in ['PROGNAME', 'PROGRAM_NAME', 'PROGRAM', 'ENTRY_PROGRAM'] and time in ['DBSUM', 'TOTAL_DB_TIME', 'TOTAL_TIME', 'SUM_TIME'].
2026-09-07 16:49:38,704 | INFO     | collectors.rfc_perf | [PRD] STAT read returned 0 records in the last 5 minutes
2026-09-07 16:49:38,705 | INFO     | collectors.rfc_perf | [PRD] response time: SWNC_GET_STATRECS_FRAME not callable
2026-09-07 16:49:38,705 | INFO     | collectors.rfc_perf | [PRD] SQLMD: no field info returned -- table absent or not readable
2026-09-07 16:49:38,710 | INFO     | collectors.rfc_perf | [PRD] STAT read returned 0 records in the last 5 minutes
2026-09-07 16:49:38,710 | INFO     | collectors.rfc_perf | [PRD] response time: SWNC_GET_STATRECS_FRAME not callable
2026-09-07 16:49:38,714 | INFO     | collectors.rfc_perf | [PRD] STAT read returned 0 records in the last 5 minutes
2026-09-07 16:49:38,714 | INFO     | collectors.rfc_perf | [PRD] response time: SWNC_GET_STATRECS_FRAME not callable
2026-09-07 16:49:44,141 | INFO     | collectors.rfc_perf | [CENTOR_QAS] STAT read returned 0 records in the last 5 minutes
2026-09-07 16:49:44,141 | INFO     | collectors.rfc_perf | [CENTOR_QAS] response time: connected instance only (per-instance addressing not accepted)
2026-09-07 16:49:45,526 | INFO     | collectors.rfc_perf | [CENTOR_QAS] RFC perf collector: 6 metrics
2026-09-07 16:53:32,517 | INFO     | collectors.rfc_perf | [PRD] STAT read returned 0 records in the last 5 minutes
2026-09-07 16:53:32,518 | INFO     | collectors.rfc_perf | [PRD] response time: SWNC_GET_STATRECS_FRAME not callable
2026-09-07 16:53:32,518 | INFO     | collectors.rfc_perf | [PRD] SQLMD: no field info returned -- table absent or not readable
2026-09-07 16:53:32,593 | INFO     | collectors.rfc_perf | [PRD] STAT read returned 0 records in the last 5 minutes
2026-09-07 16:53:32,594 | INFO     | collectors.rfc_perf | [PRD] response time: SWNC_GET_STATRECS_FRAME not callable
2026-09-07 16:53:32,594 | INFO     | collectors.rfc_perf | [PRD] SQLMD: no field info returned -- table absent or not readable
2026-09-07 16:53:32,684 | INFO     | collectors.rfc_perf | [PRD] SQLMD: no field info returned -- table absent or not readable
2026-09-07 16:53:32,780 | INFO     | collectors.rfc_perf | [PRD] SQLMD: no field info returned -- table absent or not readable
2026-09-07 16:53:32,784 | INFO     | collectors.rfc_perf | [PRD] STAT read returned 0 records in the last 5 minutes
2026-09-07 16:53:32,784 | INFO     | collectors.rfc_perf | [PRD] response time: SWNC_GET_STATRECS_FRAME not callable
2026-09-07 16:53:32,879 | INFO     | collectors.rfc_perf | [PRD] SQLMD: no field info returned -- table absent or not readable
2026-09-07 16:53:32,882 | INFO     | collectors.rfc_perf | [PRD] STAT read returned 0 records in the last 5 minutes
2026-09-07 16:53:32,883 | INFO     | collectors.rfc_perf | [PRD] response time: SWNC_GET_STATRECS_FRAME not callable
2026-09-07 16:53:32,951 | INFO     | collectors.rfc_perf | [PRD] STAT read returned 0 records in the last 5 minutes
2026-09-07 16:53:32,951 | INFO     | collectors.rfc_perf | [PRD] response time: SWNC_GET_STATRECS_FRAME not callable
2026-09-07 16:53:32,952 | INFO     | collectors.rfc_perf | [PRD] SQLMD readable but 0 rows matched DDATE >= '20260831' -- is SQL Monitor (transaction SQLM) activated on this system?
2026-09-07 16:53:32,957 | INFO     | collectors.rfc_perf | [PRD] STAT read returned 0 records in the last 5 minutes
2026-09-07 16:53:32,957 | INFO     | collectors.rfc_perf | [PRD] response time: SWNC_GET_STATRECS_FRAME not callable
2026-09-07 16:53:33,029 | INFO     | collectors.rfc_perf | [PRD] STAT read returned 0 records in the last 5 minutes
2026-09-07 16:53:33,029 | INFO     | collectors.rfc_perf | [PRD] response time: SWNC_GET_STATRECS_FRAME not callable
2026-09-07 16:53:33,030 | WARNING  | collectors.rfc_perf | [PRD] SQLMD present but essential columns not matched. Have: ['SOMETHING', 'ELSE']. Looked for program in ['PROGNAME', 'PROGRAM_NAME', 'PROGRAM', 'ENTRY_PROGRAM'] and time in ['DBSUM', 'TOTAL_DB_TIME', 'TOTAL_TIME', 'SUM_TIME'].
2026-09-07 16:53:33,033 | INFO     | collectors.rfc_perf | [PRD] STAT read returned 0 records in the last 5 minutes
2026-09-07 16:53:33,034 | INFO     | collectors.rfc_perf | [PRD] response time: SWNC_GET_STATRECS_FRAME not callable
2026-09-07 16:53:33,034 | INFO     | collectors.rfc_perf | [PRD] SQLMD: no field info returned -- table absent or not readable
2026-09-07 16:53:33,041 | INFO     | collectors.rfc_perf | [PRD] STAT read returned 0 records in the last 5 minutes
2026-09-07 16:53:33,041 | INFO     | collectors.rfc_perf | [PRD] response time: SWNC_GET_STATRECS_FRAME not callable
2026-09-07 16:53:33,052 | INFO     | collectors.rfc_perf | [PRD] STAT read returned 0 records in the last 5 minutes
2026-09-07 16:53:33,052 | INFO     | collectors.rfc_perf | [PRD] response time: SWNC_GET_STATRECS_FRAME not callable
2026-09-07 16:53:33,252 | INFO     | collectors.rfc_perf | [PRD] STAT read returned 0 records in the last 5 minutes
2026-09-07 16:53:33,252 | INFO     | collectors.rfc_perf | [PRD] response time: SWNC_GET_STATRECS_FRAME not callable
2026-09-07 16:53:33,347 | INFO     | collectors.rfc_perf | [PRD] SQLMD: no field info returned -- table absent or not readable
2026-09-07 16:53:33,350 | INFO     | collectors.rfc_perf | [PRD] STAT read returned 0 records in the last 5 minutes
2026-09-07 16:53:33,351 | INFO     | collectors.rfc_perf | [PRD] response time: STAT records unavailable, using ST03N aggregates
2026-09-07 16:53:33,425 | INFO     | collectors.rfc_perf | [PRD] SQLMD: no field info returned -- table absent or not readable
2026-09-07 16:53:33,504 | INFO     | collectors.rfc_perf | [PRD] SQLMD: no field info returned -- table absent or not readable
2026-09-07 16:53:45,527 | WARNING  | collectors.rfc_perf | [CENTOR_QAS] 1 STAT records but none matched the dialog task type filter. TASKTYPE values seen: ['None']. Record keys: ['ENDTIMESTAMP', 'INSTANCE', 'INTERVAL_COMPLETED', 'STATRECS', 'SYSTEMID', '_instance']
2026-09-07 16:53:46,670 | INFO     | collectors.rfc_perf | [CENTOR_QAS] response time: connected instance only (per-instance addressing not accepted)
2026-09-07 16:53:47,447 | INFO     | collectors.rfc_perf | [CENTOR_QAS] SQLMD readable but 0 rows matched DDATE >= '20260831' -- is SQL Monitor (transaction SQLM) activated on this system?
2026-09-07 16:53:47,468 | INFO     | collectors.rfc_perf | [CENTOR_QAS] RFC perf collector: 6 metrics
2026-09-07 16:56:57,924 | INFO     | collectors.rfc_perf | [PRD] STAT read returned 0 records in the last 5 minutes
2026-09-07 16:56:57,925 | INFO     | collectors.rfc_perf | [PRD] response time: no dialog steps in the last 5 min and no ST03N aggregate -- metric left absent (system idle or collector off)
2026-09-07 16:56:57,925 | INFO     | collectors.rfc_perf | [PRD] response time: SWNC_GET_STATRECS_FRAME not callable
2026-09-07 16:56:57,926 | INFO     | collectors.rfc_perf | [PRD] SQLMD: no field info returned -- table absent or not readable
2026-09-07 16:56:58,023 | INFO     | collectors.rfc_perf | [PRD] STAT read returned 0 records in the last 5 minutes
2026-09-07 16:56:58,023 | INFO     | collectors.rfc_perf | [PRD] response time: no dialog steps in the last 5 min and no ST03N aggregate -- metric left absent (system idle or collector off)
2026-09-07 16:56:58,024 | INFO     | collectors.rfc_perf | [PRD] response time: SWNC_GET_STATRECS_FRAME not callable
2026-09-07 16:56:58,024 | INFO     | collectors.rfc_perf | [PRD] SQLMD: no field info returned -- table absent or not readable
2026-09-07 16:56:58,122 | INFO     | collectors.rfc_perf | [PRD] SQLMD: no field info returned -- table absent or not readable
2026-09-07 16:56:58,128 | WARNING  | collectors.rfc_perf | [PRD] 1 STAT records but none matched the dialog task type filter. TASKTYPE values seen: ["b'f'"]. Record keys: ['ACCOUNT', 'CPUTI', 'DBPROCREC', 'MAXBYTES', 'PRIVMODE', 'QUEUETI', 'RESPTI', 'TABREC', 'TASKTYPE', '_instance']
2026-09-07 16:56:58,129 | INFO     | collectors.rfc_perf | [PRD] response time: no dialog steps in the last 5 min and no ST03N aggregate -- metric left absent (system idle or collector off)
2026-09-07 16:56:58,129 | INFO     | collectors.rfc_perf | [PRD] SQLMD: no field info returned -- table absent or not readable
2026-09-07 16:56:58,134 | INFO     | collectors.rfc_perf | [PRD] STAT read returned 0 records in the last 5 minutes
2026-09-07 16:56:58,134 | INFO     | collectors.rfc_perf | [PRD] response time: no dialog steps in the last 5 min and no ST03N aggregate -- metric left absent (system idle or collector off)
2026-09-07 16:56:58,135 | INFO     | collectors.rfc_perf | [PRD] response time: SWNC_GET_STATRECS_FRAME not callable
2026-09-07 16:56:58,223 | INFO     | collectors.rfc_perf | [PRD] SQLMD: no field info returned -- table absent or not readable
2026-09-07 16:56:58,226 | INFO     | collectors.rfc_perf | [PRD] STAT read returned 0 records in the last 5 minutes
2026-09-07 16:56:58,227 | INFO     | collectors.rfc_perf | [PRD] response time: no dialog steps in the last 5 min and no ST03N aggregate -- metric left absent (system idle or collector off)
2026-09-07 16:56:58,227 | INFO     | collectors.rfc_perf | [PRD] response time: SWNC_GET_STATRECS_FRAME not callable
2026-09-07 16:56:58,285 | INFO     | collectors.rfc_perf | [PRD] STAT read returned 0 records in the last 5 minutes
2026-09-07 16:56:58,285 | INFO     | collectors.rfc_perf | [PRD] response time: no dialog steps in the last 5 min and no ST03N aggregate -- metric left absent (system idle or collector off)
2026-09-07 16:56:58,286 | INFO     | collectors.rfc_perf | [PRD] response time: SWNC_GET_STATRECS_FRAME not callable
2026-09-07 16:56:58,286 | INFO     | collectors.rfc_perf | [PRD] SQLMD readable but 0 rows matched DDATE >= '20260831' -- is SQL Monitor (transaction SQLM) activated on this system?
2026-09-07 16:56:58,290 | INFO     | collectors.rfc_perf | [PRD] STAT read returned 0 records in the last 5 minutes
2026-09-07 16:56:58,292 | INFO     | collectors.rfc_perf | [PRD] response time: no dialog steps in the last 5 min and no ST03N aggregate -- metric left absent (system idle or collector off)
2026-09-07 16:56:58,292 | INFO     | collectors.rfc_perf | [PRD] response time: SWNC_GET_STATRECS_FRAME not callable
2026-09-07 16:56:58,349 | INFO     | collectors.rfc_perf | [PRD] STAT read returned 0 records in the last 5 minutes
2026-09-07 16:56:58,349 | INFO     | collectors.rfc_perf | [PRD] response time: no dialog steps in the last 5 min and no ST03N aggregate -- metric left absent (system idle or collector off)
2026-09-07 16:56:58,350 | INFO     | collectors.rfc_perf | [PRD] response time: SWNC_GET_STATRECS_FRAME not callable
2026-09-07 16:56:58,350 | WARNING  | collectors.rfc_perf | [PRD] SQLMD present but essential columns not matched. Have: ['SOMETHING', 'ELSE']. Looked for program in ['PROGNAME', 'PROGRAM_NAME', 'PROGRAM', 'ENTRY_PROGRAM'] and time in ['DBSUM', 'TOTAL_DB_TIME', 'TOTAL_TIME', 'SUM_TIME'].
2026-09-07 16:56:58,355 | INFO     | collectors.rfc_perf | [PRD] STAT read returned 0 records in the last 5 minutes
2026-09-07 16:56:58,355 | INFO     | collectors.rfc_perf | [PRD] response time: no dialog steps in the last 5 min and no ST03N aggregate -- metric left absent (system idle or collector off)
2026-09-07 16:56:58,356 | INFO     | collectors.rfc_perf | [PRD] response time: SWNC_GET_STATRECS_FRAME not callable
2026-09-07 16:56:58,356 | INFO     | collectors.rfc_perf | [PRD] SQLMD: no field info returned -- table absent or not readable
2026-09-07 16:56:58,361 | INFO     | collectors.rfc_perf | [PRD] STAT read returned 0 records in the last 5 minutes
2026-09-07 16:56:58,362 | INFO     | collectors.rfc_perf | [PRD] response time: no dialog steps in the last 5 min and no ST03N aggregate -- metric left absent (system idle or collector off)
2026-09-07 16:56:58,362 | INFO     | collectors.rfc_perf | [PRD] response time: SWNC_GET_STATRECS_FRAME not callable
2026-09-07 16:56:58,365 | INFO     | collectors.rfc_perf | [PRD] STAT read returned 0 records in the last 5 minutes
2026-09-07 16:56:58,367 | INFO     | collectors.rfc_perf | [PRD] response time: no dialog steps in the last 5 min and no ST03N aggregate -- metric left absent (system idle or collector off)
2026-09-07 16:56:58,368 | INFO     | collectors.rfc_perf | [PRD] response time: SWNC_GET_STATRECS_FRAME not callable
2026-09-07 16:56:58,458 | INFO     | collectors.rfc_perf | [PRD] STAT read returned 0 records in the last 5 minutes
2026-09-07 16:56:58,458 | INFO     | collectors.rfc_perf | [PRD] response time: no dialog steps in the last 5 min and no ST03N aggregate -- metric left absent (system idle or collector off)
2026-09-07 16:56:58,459 | INFO     | collectors.rfc_perf | [PRD] response time: SWNC_GET_STATRECS_FRAME not callable
2026-09-07 16:56:58,535 | INFO     | collectors.rfc_perf | [PRD] SQLMD: no field info returned -- table absent or not readable
2026-09-07 16:56:58,539 | INFO     | collectors.rfc_perf | [PRD] STAT read returned 0 records in the last 5 minutes
2026-09-07 16:56:58,539 | INFO     | collectors.rfc_perf | [PRD] response time: STAT records unavailable, using ST03N aggregates
2026-09-07 16:56:58,611 | INFO     | collectors.rfc_perf | [PRD] SQLMD: no field info returned -- table absent or not readable
2026-09-07 16:56:58,665 | INFO     | collectors.rfc_perf | [PRD] SQLMD: no field info returned -- table absent or not readable
2026-09-07 16:59:08,222 | INFO     | collectors.rfc_perf | [PRD] STAT read returned 0 records in the last 5 minutes
2026-09-07 16:59:08,223 | INFO     | collectors.rfc_perf | [PRD] response time: no dialog steps in the last 5 min and no ST03N aggregate -- metric left absent (system idle or collector off)
2026-09-07 16:59:08,225 | INFO     | collectors.rfc_perf | [PRD] response time: SWNC_GET_STATRECS_FRAME not callable
2026-09-07 16:59:08,226 | INFO     | collectors.rfc_perf | [PRD] SQLMD: no field info returned -- table absent or not readable
2026-09-07 16:59:08,320 | INFO     | collectors.rfc_perf | [PRD] STAT read returned 0 records in the last 5 minutes
2026-09-07 16:59:08,321 | INFO     | collectors.rfc_perf | [PRD] response time: no dialog steps in the last 5 min and no ST03N aggregate -- metric left absent (system idle or collector off)
2026-09-07 16:59:08,321 | INFO     | collectors.rfc_perf | [PRD] response time: SWNC_GET_STATRECS_FRAME not callable
2026-09-07 16:59:08,322 | INFO     | collectors.rfc_perf | [PRD] SQLMD: no field info returned -- table absent or not readable
2026-09-07 16:59:08,456 | INFO     | collectors.rfc_perf | [PRD] SQLMD: no field info returned -- table absent or not readable
2026-09-07 16:59:08,461 | WARNING  | collectors.rfc_perf | [PRD] 1 STAT records but none matched the dialog task type filter. TASKTYPE values seen: ["b'f'"]. Record keys: ['ACCOUNT', 'CPUTI', 'DBRECS', 'DSQLCNT', 'MAXBYTES', 'PRIVMODE', 'QUEUETI', 'REPORT', 'RESPTI', 'TABLERECS', 'TASKTYPE', 'TCODE', '_instance']
2026-09-07 16:59:08,462 | INFO     | collectors.rfc_perf | [PRD] response time: no dialog steps in the last 5 min and no ST03N aggregate -- metric left absent (system idle or collector off)
2026-09-07 16:59:08,462 | INFO     | collectors.rfc_perf | [PRD] SQLMD: no field info returned -- table absent or not readable
2026-09-07 16:59:08,467 | INFO     | collectors.rfc_perf | [PRD] STAT read returned 0 records in the last 5 minutes
2026-09-07 16:59:08,469 | INFO     | collectors.rfc_perf | [PRD] response time: no dialog steps in the last 5 min and no ST03N aggregate -- metric left absent (system idle or collector off)
2026-09-07 16:59:08,470 | INFO     | collectors.rfc_perf | [PRD] response time: SWNC_GET_STATRECS_FRAME not callable
2026-09-07 16:59:08,666 | INFO     | collectors.rfc_perf | [PRD] SQLMD: no field info returned -- table absent or not readable
2026-09-07 16:59:08,669 | INFO     | collectors.rfc_perf | [PRD] STAT read returned 0 records in the last 5 minutes
2026-09-07 16:59:08,670 | INFO     | collectors.rfc_perf | [PRD] response time: no dialog steps in the last 5 min and no ST03N aggregate -- metric left absent (system idle or collector off)
2026-09-07 16:59:08,670 | INFO     | collectors.rfc_perf | [PRD] response time: SWNC_GET_STATRECS_FRAME not callable
2026-09-07 16:59:08,729 | INFO     | collectors.rfc_perf | [PRD] STAT read returned 0 records in the last 5 minutes
2026-09-07 16:59:08,736 | INFO     | collectors.rfc_perf | [PRD] response time: no dialog steps in the last 5 min and no ST03N aggregate -- metric left absent (system idle or collector off)
2026-09-07 16:59:08,737 | INFO     | collectors.rfc_perf | [PRD] response time: SWNC_GET_STATRECS_FRAME not callable
2026-09-07 16:59:08,739 | INFO     | collectors.rfc_perf | [PRD] SQLMD readable but 0 rows matched DDATE >= '20260831' -- is SQL Monitor (transaction SQLM) activated on this system?
2026-09-07 16:59:08,744 | INFO     | collectors.rfc_perf | [PRD] STAT read returned 0 records in the last 5 minutes
2026-09-07 16:59:08,745 | INFO     | collectors.rfc_perf | [PRD] response time: no dialog steps in the last 5 min and no ST03N aggregate -- metric left absent (system idle or collector off)
2026-09-07 16:59:08,746 | INFO     | collectors.rfc_perf | [PRD] response time: SWNC_GET_STATRECS_FRAME not callable
2026-09-07 16:59:08,824 | INFO     | collectors.rfc_perf | [PRD] STAT read returned 0 records in the last 5 minutes
2026-09-07 16:59:08,825 | INFO     | collectors.rfc_perf | [PRD] response time: no dialog steps in the last 5 min and no ST03N aggregate -- metric left absent (system idle or collector off)
2026-09-07 16:59:08,825 | INFO     | collectors.rfc_perf | [PRD] response time: SWNC_GET_STATRECS_FRAME not callable
2026-09-07 16:59:08,826 | WARNING  | collectors.rfc_perf | [PRD] SQLMD present but essential columns not matched. Have: ['SOMETHING', 'ELSE']. Looked for program in ['PROGNAME', 'PROGRAM_NAME', 'PROGRAM', 'ENTRY_PROGRAM'] and time in ['DBSUM', 'TOTAL_DB_TIME', 'TOTAL_TIME', 'SUM_TIME'].
2026-09-07 16:59:08,830 | INFO     | collectors.rfc_perf | [PRD] STAT read returned 0 records in the last 5 minutes
2026-09-07 16:59:08,831 | INFO     | collectors.rfc_perf | [PRD] response time: no dialog steps in the last 5 min and no ST03N aggregate -- metric left absent (system idle or collector off)
2026-09-07 16:59:08,831 | INFO     | collectors.rfc_perf | [PRD] response time: SWNC_GET_STATRECS_FRAME not callable
2026-09-07 16:59:08,831 | INFO     | collectors.rfc_perf | [PRD] SQLMD: no field info returned -- table absent or not readable
2026-09-07 16:59:08,836 | INFO     | collectors.rfc_perf | [PRD] STAT read returned 0 records in the last 5 minutes
2026-09-07 16:59:08,837 | INFO     | collectors.rfc_perf | [PRD] response time: no dialog steps in the last 5 min and no ST03N aggregate -- metric left absent (system idle or collector off)
2026-09-07 16:59:08,837 | INFO     | collectors.rfc_perf | [PRD] response time: SWNC_GET_STATRECS_FRAME not callable
2026-09-07 16:59:08,842 | INFO     | collectors.rfc_perf | [PRD] STAT read returned 0 records in the last 5 minutes
2026-09-07 16:59:08,843 | INFO     | collectors.rfc_perf | [PRD] response time: no dialog steps in the last 5 min and no ST03N aggregate -- metric left absent (system idle or collector off)
2026-09-07 16:59:08,844 | INFO     | collectors.rfc_perf | [PRD] response time: SWNC_GET_STATRECS_FRAME not callable
2026-09-07 16:59:08,943 | INFO     | collectors.rfc_perf | [PRD] STAT read returned 0 records in the last 5 minutes
2026-09-07 16:59:08,944 | INFO     | collectors.rfc_perf | [PRD] response time: no dialog steps in the last 5 min and no ST03N aggregate -- metric left absent (system idle or collector off)
2026-09-07 16:59:08,945 | INFO     | collectors.rfc_perf | [PRD] response time: SWNC_GET_STATRECS_FRAME not callable
2026-09-07 16:59:09,023 | INFO     | collectors.rfc_perf | [PRD] SQLMD: no field info returned -- table absent or not readable
2026-09-07 16:59:09,025 | INFO     | collectors.rfc_perf | [PRD] STAT read returned 0 records in the last 5 minutes
2026-09-07 16:59:09,027 | INFO     | collectors.rfc_perf | [PRD] response time: STAT records unavailable, using ST03N aggregates
2026-09-07 16:59:09,102 | INFO     | collectors.rfc_perf | [PRD] SQLMD: no field info returned -- table absent or not readable
2026-09-07 16:59:09,161 | INFO     | collectors.rfc_perf | [PRD] SQLMD: no field info returned -- table absent or not readable
2026-09-07 16:59:09,164 | INFO     | collectors.rfc_perf | [PRD] STAT read returned 0 records in the last 5 minutes
2026-09-07 16:59:09,165 | INFO     | collectors.rfc_perf | [PRD] response time: STAT records unavailable, using ST03N aggregates
2026-09-07 16:59:09,245 | INFO     | collectors.rfc_perf | [PRD] SQLMD: no field info returned -- table absent or not readable
2026-09-07 16:59:14,403 | WARNING  | collectors.rfc_perf | [CENTOR_QAS] 107 STAT records but none matched the dialog task type filter. TASKTYPE values seen: ["b'\\x03'", "b'\\x04'", "b'\\x06'", "b'\\x07'", "b'\\x0b'", "b'\\x0e'", "b'\\x0f'", "b'\\x12'"]. Record keys: ['ABGC_ALLOC_OBJS', 'ABGC_CALLED_EXPL', 'ABGC_FREED_OBJS', 'ABGC_RUN_COUNT', 'ABGC_TIME', 'ACCOUNT', 'ADCNT', 'ADMMSG', 'ADTIME', 'ASTATRECS', 'BATCHSTEP', 'CLIENTINFO', 'COMPHIER', 'CONTEXT_ID', 'CPUTI', 'CUALOADTI', 'CUA_FUNC', 'CUA_PROG', 'DBPCOUNT', 'DBPREQTIME', 'DBPROCED', 'DBRECS', 'DBREQTIME', 'DDICTI', 'DIALOG_STEP']
2026-09-07 16:59:15,685 | INFO     | collectors.rfc_perf | [CENTOR_QAS] response time: no dialog steps in the last 5 min and no ST03N aggregate -- metric left absent (system idle or collector off)
2026-09-07 16:59:16,388 | INFO     | collectors.rfc_perf | [CENTOR_QAS] SQLMD readable but 0 rows matched DDATE >= '20260831' -- is SQL Monitor (transaction SQLM) activated on this system?
2026-09-07 16:59:16,417 | INFO     | collectors.rfc_perf | [CENTOR_QAS] RFC perf collector: 6 metrics
2026-09-07 17:18:19,970 | WARNING  | collectors.rfc_perf | [PRD] 43 STAT records but none matched the dialog task type filter. TASKTYPE values seen: ["b'\\x03'", "b'\\x04'", "b'\\x06'", "b'\\x07'", "b'\\x0b'", "b'\\x0e'", "b'\\x12'", "b'\\xfe'"]. Record keys: ['ABGC_ALLOC_OBJS', 'ABGC_CALLED_EXPL', 'ABGC_FREED_OBJS', 'ABGC_RUN_COUNT', 'ABGC_TIME', 'ACCOUNT', 'ADCNT', 'ADMMSG', 'ADTIME', 'ASTATRECS', 'BATCHSTEP', 'CLIENTINFO', 'COMPHIER', 'CONTEXT_ID', 'CPUTI', 'CUALOADTI', 'CUA_FUNC', 'CUA_PROG', 'DBPCOUNT', 'DBPREQTIME', 'DBPROCED', 'DBRECS', 'DBREQTIME', 'DDICTI', 'DIALOG_STEP']
2026-09-07 17:18:22,377 | INFO     | collectors.rfc_perf | [PRD] response time: STAT records unavailable, using ST03N aggregates
2026-09-07 17:18:23,211 | INFO     | collectors.rfc_perf | [PRD] SQLMD readable but 0 rows matched DDATE >= '20260831' -- is SQL Monitor (transaction SQLM) activated on this system?
2026-09-07 17:18:23,238 | INFO     | collectors.rfc_perf | [PRD] RFC perf collector: 9 metrics
2026-09-07 17:21:46,827 | INFO     | collectors.rfc_perf | [PRD] STAT read returned 0 records in the last 2 minutes
2026-09-07 17:21:46,827 | INFO     | collectors.rfc_perf | [PRD] response time: no dialog steps in the last 2 min and no ST03N aggregate -- metric left absent (system idle or collector off)
2026-09-07 17:21:46,828 | INFO     | collectors.rfc_perf | [PRD] response time: SWNC_GET_STATRECS_FRAME not callable
2026-09-07 17:21:46,829 | INFO     | collectors.rfc_perf | [PRD] SQLMD: no field info returned -- table absent or not readable
2026-09-07 17:21:46,905 | INFO     | collectors.rfc_perf | [PRD] STAT read returned 0 records in the last 2 minutes
2026-09-07 17:21:46,906 | INFO     | collectors.rfc_perf | [PRD] response time: no dialog steps in the last 2 min and no ST03N aggregate -- metric left absent (system idle or collector off)
2026-09-07 17:21:46,907 | INFO     | collectors.rfc_perf | [PRD] response time: SWNC_GET_STATRECS_FRAME not callable
2026-09-07 17:21:46,907 | INFO     | collectors.rfc_perf | [PRD] SQLMD: no field info returned -- table absent or not readable
2026-09-07 17:21:47,030 | INFO     | collectors.rfc_perf | [PRD] SQLMD: no field info returned -- table absent or not readable
2026-09-07 17:21:47,036 | INFO     | collectors.rfc_perf | [PRD] 1 STAT records, 0 dialog steps in the window (task mix: RFC) -- no GUI activity, metric left absent
2026-09-07 17:21:47,037 | INFO     | collectors.rfc_perf | [PRD] response time: no dialog steps in the last 2 min and no ST03N aggregate -- metric left absent (system idle or collector off)
2026-09-07 17:21:47,037 | INFO     | collectors.rfc_perf | [PRD] SQLMD: no field info returned -- table absent or not readable
2026-09-07 17:21:47,041 | INFO     | collectors.rfc_perf | [PRD] STAT read returned 0 records in the last 2 minutes
2026-09-07 17:21:47,042 | INFO     | collectors.rfc_perf | [PRD] response time: no dialog steps in the last 2 min and no ST03N aggregate -- metric left absent (system idle or collector off)
2026-09-07 17:21:47,042 | INFO     | collectors.rfc_perf | [PRD] response time: SWNC_GET_STATRECS_FRAME not callable
2026-09-07 17:21:47,134 | INFO     | collectors.rfc_perf | [PRD] SQLMD: no field info returned -- table absent or not readable
2026-09-07 17:21:47,137 | INFO     | collectors.rfc_perf | [PRD] STAT read returned 0 records in the last 2 minutes
2026-09-07 17:21:47,138 | INFO     | collectors.rfc_perf | [PRD] response time: no dialog steps in the last 2 min and no ST03N aggregate -- metric left absent (system idle or collector off)
2026-09-07 17:21:47,138 | INFO     | collectors.rfc_perf | [PRD] response time: SWNC_GET_STATRECS_FRAME not callable
2026-09-07 17:21:47,209 | INFO     | collectors.rfc_perf | [PRD] STAT read returned 0 records in the last 2 minutes
2026-09-07 17:21:47,209 | INFO     | collectors.rfc_perf | [PRD] response time: no dialog steps in the last 2 min and no ST03N aggregate -- metric left absent (system idle or collector off)
2026-09-07 17:21:47,210 | INFO     | collectors.rfc_perf | [PRD] response time: SWNC_GET_STATRECS_FRAME not callable
2026-09-07 17:21:47,210 | INFO     | collectors.rfc_perf | [PRD] SQLMD readable but 0 rows matched DDATE >= '20260831' -- is SQL Monitor (transaction SQLM) activated on this system?
2026-09-07 17:21:47,214 | INFO     | collectors.rfc_perf | [PRD] STAT read returned 0 records in the last 2 minutes
2026-09-07 17:21:47,215 | INFO     | collectors.rfc_perf | [PRD] response time: no dialog steps in the last 2 min and no ST03N aggregate -- metric left absent (system idle or collector off)
2026-09-07 17:21:47,216 | INFO     | collectors.rfc_perf | [PRD] response time: SWNC_GET_STATRECS_FRAME not callable
2026-09-07 17:21:47,286 | INFO     | collectors.rfc_perf | [PRD] STAT read returned 0 records in the last 2 minutes
2026-09-07 17:21:47,287 | INFO     | collectors.rfc_perf | [PRD] response time: no dialog steps in the last 2 min and no ST03N aggregate -- metric left absent (system idle or collector off)
2026-09-07 17:21:47,287 | INFO     | collectors.rfc_perf | [PRD] response time: SWNC_GET_STATRECS_FRAME not callable
2026-09-07 17:21:47,288 | WARNING  | collectors.rfc_perf | [PRD] SQLMD present but essential columns not matched. Have: ['SOMETHING', 'ELSE']. Looked for program in ['PROGNAME', 'PROGRAM_NAME', 'PROGRAM', 'ENTRY_PROGRAM'] and time in ['DBSUM', 'TOTAL_DB_TIME', 'TOTAL_TIME', 'SUM_TIME'].
2026-09-07 17:21:47,292 | INFO     | collectors.rfc_perf | [PRD] STAT read returned 0 records in the last 2 minutes
2026-09-07 17:21:47,293 | INFO     | collectors.rfc_perf | [PRD] response time: no dialog steps in the last 2 min and no ST03N aggregate -- metric left absent (system idle or collector off)
2026-09-07 17:21:47,294 | INFO     | collectors.rfc_perf | [PRD] response time: SWNC_GET_STATRECS_FRAME not callable
2026-09-07 17:21:47,294 | INFO     | collectors.rfc_perf | [PRD] SQLMD: no field info returned -- table absent or not readable
2026-09-07 17:21:47,298 | INFO     | collectors.rfc_perf | [PRD] STAT read returned 0 records in the last 2 minutes
2026-09-07 17:21:47,299 | INFO     | collectors.rfc_perf | [PRD] response time: no dialog steps in the last 2 min and no ST03N aggregate -- metric left absent (system idle or collector off)
2026-09-07 17:21:47,299 | INFO     | collectors.rfc_perf | [PRD] response time: SWNC_GET_STATRECS_FRAME not callable
2026-09-07 17:21:47,303 | INFO     | collectors.rfc_perf | [PRD] STAT read returned 0 records in the last 2 minutes
2026-09-07 17:21:47,305 | INFO     | collectors.rfc_perf | [PRD] response time: no dialog steps in the last 2 min and no ST03N aggregate -- metric left absent (system idle or collector off)
2026-09-07 17:21:47,305 | INFO     | collectors.rfc_perf | [PRD] response time: SWNC_GET_STATRECS_FRAME not callable
2026-09-07 17:21:47,402 | INFO     | collectors.rfc_perf | [PRD] STAT read returned 0 records in the last 2 minutes
2026-09-07 17:21:47,403 | INFO     | collectors.rfc_perf | [PRD] response time: no dialog steps in the last 2 min and no ST03N aggregate -- metric left absent (system idle or collector off)
2026-09-07 17:21:47,403 | INFO     | collectors.rfc_perf | [PRD] response time: SWNC_GET_STATRECS_FRAME not callable
2026-09-07 17:21:47,488 | INFO     | collectors.rfc_perf | [PRD] SQLMD: no field info returned -- table absent or not readable
2026-09-07 17:21:47,493 | INFO     | collectors.rfc_perf | [PRD] STAT read returned 0 records in the last 2 minutes
2026-09-07 17:21:47,494 | INFO     | collectors.rfc_perf | [PRD] response time: STAT records unavailable, using ST03N aggregates
2026-09-07 17:21:47,575 | INFO     | collectors.rfc_perf | [PRD] SQLMD: no field info returned -- table absent or not readable
2026-09-07 17:21:47,634 | INFO     | collectors.rfc_perf | [PRD] SQLMD: no field info returned -- table absent or not readable
2026-09-07 17:21:47,637 | INFO     | collectors.rfc_perf | [PRD] STAT read returned 0 records in the last 2 minutes
2026-09-07 17:21:47,637 | INFO     | collectors.rfc_perf | [PRD] response time: STAT records unavailable, using ST03N aggregates
2026-09-07 17:21:47,765 | INFO     | collectors.rfc_perf | [PRD] SQLMD: no field info returned -- table absent or not readable
2026-09-07 17:21:47,768 | INFO     | collectors.rfc_perf | [PRD] 1 STAT records, 0 dialog steps in the window (task mix: BTC) -- no GUI activity, metric left absent
2026-09-07 17:21:47,769 | INFO     | collectors.rfc_perf | [PRD] response time: no dialog steps in the last 2 min and no ST03N aggregate -- metric left absent (system idle or collector off)
2026-09-07 17:21:47,849 | INFO     | collectors.rfc_perf | [PRD] SQLMD: no field info returned -- table absent or not readable
2026-09-07 17:21:47,853 | INFO     | collectors.rfc_perf | [PRD] STAT read returned 0 records in the last 2 minutes
2026-09-07 17:21:47,853 | INFO     | collectors.rfc_perf | [PRD] response time: no dialog steps in the last 2 min and no ST03N aggregate -- metric left absent (system idle or collector off)
2026-09-07 17:21:47,854 | INFO     | collectors.rfc_perf | [PRD] response time: SWNC_GET_STATRECS_FRAME not callable
2026-09-07 17:21:47,936 | INFO     | collectors.rfc_perf | [PRD] SQLMD: no field info returned -- table absent or not readable
2026-09-07 17:21:56,189 | INFO     | collectors.rfc_perf | [PRD] SQLMD readable but 0 rows matched DDATE >= '20260831' -- is SQL Monitor (transaction SQLM) activated on this system?
2026-09-07 17:21:56,382 | INFO     | collectors.rfc_perf | [PRD] 16 STAT records, 0 dialog steps in the window (task mix: 0x12, 0xb, 0xe, AUTOABAP, BTC, BUF.SYNC, OTHER, SPOOL) -- no GUI activity, metric left absent
2026-09-07 17:21:57,273 | INFO     | collectors.rfc_perf | [PRD] response time: STAT records unavailable, using ST03N aggregates
2026-09-07 17:21:57,419 | INFO     | collectors.rfc_perf | [PRD] SQLMD readable but 0 rows matched DDATE >= '20260831' -- is SQL Monitor (transaction SQLM) activated on this system?
2026-09-07 17:21:57,433 | INFO     | collectors.rfc_perf | [PRD] RFC perf collector: 9 metrics
2026-09-07 17:24:45,015 | INFO     | collectors.rfc_perf | [PRD] STAT read returned 0 records in the last 2 minutes
2026-09-07 17:24:45,015 | INFO     | collectors.rfc_perf | [PRD] response time: no dialog steps in the last 2 min and no ST03N aggregate -- metric left absent (system idle or collector off)
2026-09-07 17:24:45,015 | INFO     | collectors.rfc_perf | [PRD] response time: SWNC_GET_STATRECS_FRAME not callable
2026-09-07 17:24:45,017 | INFO     | collectors.rfc_perf | [PRD] SQLMD: no field info returned -- table absent or not readable
2026-09-07 17:24:45,100 | INFO     | collectors.rfc_perf | [PRD] STAT read returned 0 records in the last 2 minutes
2026-09-07 17:24:45,101 | INFO     | collectors.rfc_perf | [PRD] response time: no dialog steps in the last 2 min and no ST03N aggregate -- metric left absent (system idle or collector off)
2026-09-07 17:24:45,101 | INFO     | collectors.rfc_perf | [PRD] response time: SWNC_GET_STATRECS_FRAME not callable
2026-09-07 17:24:45,101 | INFO     | collectors.rfc_perf | [PRD] SQLMD: no field info returned -- table absent or not readable
2026-09-07 17:24:45,225 | INFO     | collectors.rfc_perf | [PRD] SQLMD: no field info returned -- table absent or not readable
2026-09-07 17:24:45,233 | INFO     | collectors.rfc_perf | [PRD] 1 STAT records, 0 dialog steps in the window (task mix: RFC) -- no GUI activity, metric left absent
2026-09-07 17:24:45,235 | INFO     | collectors.rfc_perf | [PRD] response time: no dialog steps in the last 2 min and no ST03N aggregate -- metric left absent (system idle or collector off)
2026-09-07 17:24:45,235 | INFO     | collectors.rfc_perf | [PRD] SQLMD: no field info returned -- table absent or not readable
2026-09-07 17:24:45,242 | INFO     | collectors.rfc_perf | [PRD] STAT read returned 0 records in the last 2 minutes
2026-09-07 17:24:45,243 | INFO     | collectors.rfc_perf | [PRD] response time: no dialog steps in the last 2 min and no ST03N aggregate -- metric left absent (system idle or collector off)
2026-09-07 17:24:45,244 | INFO     | collectors.rfc_perf | [PRD] response time: SWNC_GET_STATRECS_FRAME not callable
2026-09-07 17:24:45,352 | INFO     | collectors.rfc_perf | [PRD] SQLMD: no field info returned -- table absent or not readable
2026-09-07 17:24:45,355 | INFO     | collectors.rfc_perf | [PRD] STAT read returned 0 records in the last 2 minutes
2026-09-07 17:24:45,356 | INFO     | collectors.rfc_perf | [PRD] response time: no dialog steps in the last 2 min and no ST03N aggregate -- metric left absent (system idle or collector off)
2026-09-07 17:24:45,356 | INFO     | collectors.rfc_perf | [PRD] response time: SWNC_GET_STATRECS_FRAME not callable
2026-09-07 17:24:45,410 | INFO     | collectors.rfc_perf | [PRD] STAT read returned 0 records in the last 2 minutes
2026-09-07 17:24:45,412 | INFO     | collectors.rfc_perf | [PRD] response time: no dialog steps in the last 2 min and no ST03N aggregate -- metric left absent (system idle or collector off)
2026-09-07 17:24:45,413 | INFO     | collectors.rfc_perf | [PRD] response time: SWNC_GET_STATRECS_FRAME not callable
2026-09-07 17:24:45,413 | INFO     | collectors.rfc_perf | [PRD] SQLMD readable but 0 rows matched DDATE >= '20260831' -- is SQL Monitor (transaction SQLM) activated on this system?
2026-09-07 17:24:45,417 | INFO     | collectors.rfc_perf | [PRD] STAT read returned 0 records in the last 2 minutes
2026-09-07 17:24:45,418 | INFO     | collectors.rfc_perf | [PRD] response time: no dialog steps in the last 2 min and no ST03N aggregate -- metric left absent (system idle or collector off)
2026-09-07 17:24:45,418 | INFO     | collectors.rfc_perf | [PRD] response time: SWNC_GET_STATRECS_FRAME not callable
2026-09-07 17:24:45,495 | INFO     | collectors.rfc_perf | [PRD] STAT read returned 0 records in the last 2 minutes
2026-09-07 17:24:45,496 | INFO     | collectors.rfc_perf | [PRD] response time: no dialog steps in the last 2 min and no ST03N aggregate -- metric left absent (system idle or collector off)
2026-09-07 17:24:45,496 | INFO     | collectors.rfc_perf | [PRD] response time: SWNC_GET_STATRECS_FRAME not callable
2026-09-07 17:24:45,497 | WARNING  | collectors.rfc_perf | [PRD] SQLMD present but essential columns not matched. Have: ['SOMETHING', 'ELSE']. Looked for program in ['PROGNAME', 'PROGRAM_NAME', 'PROGRAM', 'ENTRY_PROGRAM'] and time in ['DBSUM', 'TOTAL_DB_TIME', 'TOTAL_TIME', 'SUM_TIME'].
2026-09-07 17:24:45,502 | INFO     | collectors.rfc_perf | [PRD] STAT read returned 0 records in the last 2 minutes
2026-09-07 17:24:45,503 | INFO     | collectors.rfc_perf | [PRD] response time: no dialog steps in the last 2 min and no ST03N aggregate -- metric left absent (system idle or collector off)
2026-09-07 17:24:45,503 | INFO     | collectors.rfc_perf | [PRD] response time: SWNC_GET_STATRECS_FRAME not callable
2026-09-07 17:24:45,504 | INFO     | collectors.rfc_perf | [PRD] SQLMD: no field info returned -- table absent or not readable
2026-09-07 17:24:45,509 | INFO     | collectors.rfc_perf | [PRD] STAT read returned 0 records in the last 2 minutes
2026-09-07 17:24:45,510 | INFO     | collectors.rfc_perf | [PRD] response time: no dialog steps in the last 2 min and no ST03N aggregate -- metric left absent (system idle or collector off)
2026-09-07 17:24:45,511 | INFO     | collectors.rfc_perf | [PRD] response time: SWNC_GET_STATRECS_FRAME not callable
2026-09-07 17:24:45,521 | INFO     | collectors.rfc_perf | [PRD] STAT read returned 0 records in the last 2 minutes
2026-09-07 17:24:45,522 | INFO     | collectors.rfc_perf | [PRD] response time: no dialog steps in the last 2 min and no ST03N aggregate -- metric left absent (system idle or collector off)
2026-09-07 17:24:45,523 | INFO     | collectors.rfc_perf | [PRD] response time: SWNC_GET_STATRECS_FRAME not callable
2026-09-07 17:24:45,612 | INFO     | collectors.rfc_perf | [PRD] STAT read returned 0 records in the last 2 minutes
2026-09-07 17:24:45,612 | INFO     | collectors.rfc_perf | [PRD] response time: no dialog steps in the last 2 min and no ST03N aggregate -- metric left absent (system idle or collector off)
2026-09-07 17:24:45,613 | INFO     | collectors.rfc_perf | [PRD] response time: SWNC_GET_STATRECS_FRAME not callable
2026-09-07 17:24:45,689 | INFO     | collectors.rfc_perf | [PRD] SQLMD: no field info returned -- table absent or not readable
2026-09-07 17:24:45,692 | INFO     | collectors.rfc_perf | [PRD] STAT read returned 0 records in the last 2 minutes
2026-09-07 17:24:45,693 | INFO     | collectors.rfc_perf | [PRD] response time: STAT records unavailable, using ST03N aggregates
2026-09-07 17:24:45,771 | INFO     | collectors.rfc_perf | [PRD] SQLMD: no field info returned -- table absent or not readable
2026-09-07 17:24:45,825 | INFO     | collectors.rfc_perf | [PRD] SQLMD: no field info returned -- table absent or not readable
2026-09-07 17:24:45,828 | INFO     | collectors.rfc_perf | [PRD] STAT read returned 0 records in the last 2 minutes
2026-09-07 17:24:45,830 | INFO     | collectors.rfc_perf | [PRD] response time: STAT records unavailable, using ST03N aggregates
2026-09-07 17:24:45,908 | INFO     | collectors.rfc_perf | [PRD] SQLMD: no field info returned -- table absent or not readable
2026-09-07 17:24:45,912 | INFO     | collectors.rfc_perf | [PRD] 1 STAT records, 0 dialog steps in the window (task mix: BTC) -- no GUI activity, metric left absent
2026-09-07 17:24:45,912 | INFO     | collectors.rfc_perf | [PRD] response time: no dialog steps in the last 2 min and no ST03N aggregate -- metric left absent (system idle or collector off)
2026-09-07 17:24:45,988 | INFO     | collectors.rfc_perf | [PRD] SQLMD: no field info returned -- table absent or not readable
2026-09-07 17:24:45,991 | INFO     | collectors.rfc_perf | [PRD] STAT read returned 0 records in the last 2 minutes
2026-09-07 17:24:45,992 | INFO     | collectors.rfc_perf | [PRD] response time: no dialog steps in the last 2 min and no ST03N aggregate -- metric left absent (system idle or collector off)
2026-09-07 17:24:45,992 | INFO     | collectors.rfc_perf | [PRD] response time: SWNC_GET_STATRECS_FRAME not callable
2026-09-07 17:24:46,071 | INFO     | collectors.rfc_perf | [PRD] SQLMD: no field info returned -- table absent or not readable
2026-09-07 17:24:46,074 | INFO     | collectors.rfc_perf | [PRD] STAT read returned 0 records in the last 2 minutes
2026-09-07 17:24:46,076 | INFO     | collectors.rfc_perf | [PRD] response time: no dialog steps in the last 2 min and no ST03N aggregate -- metric left absent (system idle or collector off)
2026-09-07 17:24:46,076 | INFO     | collectors.rfc_perf | [PRD] response time: SWNC_GET_STATRECS_FRAME not callable
2026-09-07 17:24:46,076 | WARNING  | collectors.rfc_perf | [PRD] lock owner stamps run 330 min ahead of SAP system time -- OS time zone on the app server differs from the SAP time zone. Ages corrected; tell Basis.
2026-09-07 17:24:46,155 | INFO     | collectors.rfc_perf | [PRD] STAT read returned 0 records in the last 2 minutes
2026-09-07 17:24:46,156 | INFO     | collectors.rfc_perf | [PRD] response time: no dialog steps in the last 2 min and no ST03N aggregate -- metric left absent (system idle or collector off)
2026-09-07 17:24:46,156 | INFO     | collectors.rfc_perf | [PRD] response time: SWNC_GET_STATRECS_FRAME not callable
2026-09-07 17:24:49,650 | WARNING  | collectors.rfc_perf | [PRD] lock owner stamps run 330 min ahead of SAP system time -- OS time zone on the app server differs from the SAP time zone. Ages corrected; tell Basis.
2026-09-07 17:26:54,379 | INFO     | collectors.rfc_perf | [PRD] STAT read returned 0 records in the last 2 minutes
2026-09-07 17:26:54,380 | INFO     | collectors.rfc_perf | [PRD] response time: no dialog steps in the last 2 min and no ST03N aggregate -- metric left absent (system idle or collector off)
2026-09-07 17:26:54,381 | INFO     | collectors.rfc_perf | [PRD] response time: SWNC_GET_STATRECS_FRAME not callable
2026-09-07 17:26:54,381 | INFO     | collectors.rfc_perf | [PRD] SQLMD: no field info returned -- table absent or not readable
2026-09-07 17:26:54,489 | INFO     | collectors.rfc_perf | [PRD] STAT read returned 0 records in the last 2 minutes
2026-09-07 17:26:54,490 | INFO     | collectors.rfc_perf | [PRD] response time: no dialog steps in the last 2 min and no ST03N aggregate -- metric left absent (system idle or collector off)
2026-09-07 17:26:54,490 | INFO     | collectors.rfc_perf | [PRD] response time: SWNC_GET_STATRECS_FRAME not callable
2026-09-07 17:26:54,490 | INFO     | collectors.rfc_perf | [PRD] SQLMD: no field info returned -- table absent or not readable
2026-09-07 17:26:54,615 | INFO     | collectors.rfc_perf | [PRD] SQLMD: no field info returned -- table absent or not readable
2026-09-07 17:26:54,623 | INFO     | collectors.rfc_perf | [PRD] 1 STAT records, 0 dialog steps in the window (task mix: RFC) -- no GUI activity, metric left absent
2026-09-07 17:26:54,624 | INFO     | collectors.rfc_perf | [PRD] response time: no dialog steps in the last 2 min and no ST03N aggregate -- metric left absent (system idle or collector off)
2026-09-07 17:26:54,624 | INFO     | collectors.rfc_perf | [PRD] SQLMD: no field info returned -- table absent or not readable
2026-09-07 17:26:54,629 | INFO     | collectors.rfc_perf | [PRD] STAT read returned 0 records in the last 2 minutes
2026-09-07 17:26:54,630 | INFO     | collectors.rfc_perf | [PRD] response time: no dialog steps in the last 2 min and no ST03N aggregate -- metric left absent (system idle or collector off)
2026-09-07 17:26:54,631 | INFO     | collectors.rfc_perf | [PRD] response time: SWNC_GET_STATRECS_FRAME not callable
2026-09-07 17:26:54,723 | INFO     | collectors.rfc_perf | [PRD] SQLMD: no field info returned -- table absent or not readable
2026-09-07 17:26:54,726 | INFO     | collectors.rfc_perf | [PRD] STAT read returned 0 records in the last 2 minutes
2026-09-07 17:26:54,728 | INFO     | collectors.rfc_perf | [PRD] response time: no dialog steps in the last 2 min and no ST03N aggregate -- metric left absent (system idle or collector off)
2026-09-07 17:26:54,728 | INFO     | collectors.rfc_perf | [PRD] response time: SWNC_GET_STATRECS_FRAME not callable
2026-09-07 17:26:54,789 | INFO     | collectors.rfc_perf | [PRD] STAT read returned 0 records in the last 2 minutes
2026-09-07 17:26:54,790 | INFO     | collectors.rfc_perf | [PRD] response time: no dialog steps in the last 2 min and no ST03N aggregate -- metric left absent (system idle or collector off)
2026-09-07 17:26:54,790 | INFO     | collectors.rfc_perf | [PRD] response time: SWNC_GET_STATRECS_FRAME not callable
2026-09-07 17:26:54,790 | INFO     | collectors.rfc_perf | [PRD] SQLMD readable but 0 rows matched DDATE >= '20260831' -- is SQL Monitor (transaction SQLM) activated on this system?
2026-09-07 17:26:54,795 | INFO     | collectors.rfc_perf | [PRD] STAT read returned 0 records in the last 2 minutes
2026-09-07 17:26:54,796 | INFO     | collectors.rfc_perf | [PRD] response time: no dialog steps in the last 2 min and no ST03N aggregate -- metric left absent (system idle or collector off)
2026-09-07 17:26:54,797 | INFO     | collectors.rfc_perf | [PRD] response time: SWNC_GET_STATRECS_FRAME not callable
2026-09-07 17:26:54,881 | INFO     | collectors.rfc_perf | [PRD] STAT read returned 0 records in the last 2 minutes
2026-09-07 17:26:54,882 | INFO     | collectors.rfc_perf | [PRD] response time: no dialog steps in the last 2 min and no ST03N aggregate -- metric left absent (system idle or collector off)
2026-09-07 17:26:54,882 | INFO     | collectors.rfc_perf | [PRD] response time: SWNC_GET_STATRECS_FRAME not callable
2026-09-07 17:26:54,883 | WARNING  | collectors.rfc_perf | [PRD] SQLMD present but essential columns not matched. Have: ['SOMETHING', 'ELSE']. Looked for program in ['PROGNAME', 'PROGRAM_NAME', 'PROGRAM', 'ENTRY_PROGRAM'] and time in ['DBSUM', 'TOTAL_DB_TIME', 'TOTAL_TIME', 'SUM_TIME'].
2026-09-07 17:26:54,888 | INFO     | collectors.rfc_perf | [PRD] STAT read returned 0 records in the last 2 minutes
2026-09-07 17:26:54,889 | INFO     | collectors.rfc_perf | [PRD] response time: no dialog steps in the last 2 min and no ST03N aggregate -- metric left absent (system idle or collector off)
2026-09-07 17:26:54,889 | INFO     | collectors.rfc_perf | [PRD] response time: SWNC_GET_STATRECS_FRAME not callable
2026-09-07 17:26:54,890 | INFO     | collectors.rfc_perf | [PRD] SQLMD: no field info returned -- table absent or not readable
2026-09-07 17:26:54,893 | INFO     | collectors.rfc_perf | [PRD] STAT read returned 0 records in the last 2 minutes
2026-09-07 17:26:54,894 | INFO     | collectors.rfc_perf | [PRD] response time: no dialog steps in the last 2 min and no ST03N aggregate -- metric left absent (system idle or collector off)
2026-09-07 17:26:54,894 | INFO     | collectors.rfc_perf | [PRD] response time: SWNC_GET_STATRECS_FRAME not callable
2026-09-07 17:26:54,898 | INFO     | collectors.rfc_perf | [PRD] STAT read returned 0 records in the last 2 minutes
2026-09-07 17:26:54,899 | INFO     | collectors.rfc_perf | [PRD] response time: no dialog steps in the last 2 min and no ST03N aggregate -- metric left absent (system idle or collector off)
2026-09-07 17:26:54,899 | INFO     | collectors.rfc_perf | [PRD] response time: SWNC_GET_STATRECS_FRAME not callable
2026-09-07 17:26:54,996 | INFO     | collectors.rfc_perf | [PRD] STAT read returned 0 records in the last 2 minutes
2026-09-07 17:26:54,997 | INFO     | collectors.rfc_perf | [PRD] response time: no dialog steps in the last 2 min and no ST03N aggregate -- metric left absent (system idle or collector off)
2026-09-07 17:26:54,997 | INFO     | collectors.rfc_perf | [PRD] response time: SWNC_GET_STATRECS_FRAME not callable
2026-09-07 17:26:55,081 | INFO     | collectors.rfc_perf | [PRD] SQLMD: no field info returned -- table absent or not readable
2026-09-07 17:26:55,084 | INFO     | collectors.rfc_perf | [PRD] STAT read returned 0 records in the last 2 minutes
2026-09-07 17:26:55,085 | INFO     | collectors.rfc_perf | [PRD] response time: STAT records unavailable, using ST03N aggregates
2026-09-07 17:26:55,167 | INFO     | collectors.rfc_perf | [PRD] SQLMD: no field info returned -- table absent or not readable
2026-09-07 17:26:55,231 | INFO     | collectors.rfc_perf | [PRD] SQLMD: no field info returned -- table absent or not readable
2026-09-07 17:26:55,234 | INFO     | collectors.rfc_perf | [PRD] STAT read returned 0 records in the last 2 minutes
2026-09-07 17:26:55,234 | INFO     | collectors.rfc_perf | [PRD] response time: STAT records unavailable, using ST03N aggregates
2026-09-07 17:26:55,313 | INFO     | collectors.rfc_perf | [PRD] SQLMD: no field info returned -- table absent or not readable
2026-09-07 17:26:55,316 | INFO     | collectors.rfc_perf | [PRD] 1 STAT records, 0 dialog steps in the window (task mix: BTC) -- no GUI activity, metric left absent
2026-09-07 17:26:55,317 | INFO     | collectors.rfc_perf | [PRD] response time: no dialog steps in the last 2 min and no ST03N aggregate -- metric left absent (system idle or collector off)
2026-09-07 17:26:55,394 | INFO     | collectors.rfc_perf | [PRD] SQLMD: no field info returned -- table absent or not readable
2026-09-07 17:26:55,397 | INFO     | collectors.rfc_perf | [PRD] STAT read returned 0 records in the last 2 minutes
2026-09-07 17:26:55,398 | INFO     | collectors.rfc_perf | [PRD] response time: no dialog steps in the last 2 min and no ST03N aggregate -- metric left absent (system idle or collector off)
2026-09-07 17:26:55,398 | INFO     | collectors.rfc_perf | [PRD] response time: SWNC_GET_STATRECS_FRAME not callable
2026-09-07 17:26:55,479 | INFO     | collectors.rfc_perf | [PRD] SQLMD: no field info returned -- table absent or not readable
2026-09-07 17:26:55,482 | INFO     | collectors.rfc_perf | [PRD] STAT read returned 0 records in the last 2 minutes
2026-09-07 17:26:55,483 | INFO     | collectors.rfc_perf | [PRD] response time: no dialog steps in the last 2 min and no ST03N aggregate -- metric left absent (system idle or collector off)
2026-09-07 17:26:55,483 | INFO     | collectors.rfc_perf | [PRD] response time: SWNC_GET_STATRECS_FRAME not callable
2026-09-07 17:26:55,483 | WARNING  | collectors.rfc_perf | [PRD] lock owner stamps run 330 min ahead of SAP system time -- OS time zone on the app server differs from the SAP time zone. Ages corrected; tell Basis.
2026-09-07 17:26:55,562 | INFO     | collectors.rfc_perf | [PRD] STAT read returned 0 records in the last 2 minutes
2026-09-07 17:26:55,562 | INFO     | collectors.rfc_perf | [PRD] response time: no dialog steps in the last 2 min and no ST03N aggregate -- metric left absent (system idle or collector off)
2026-09-07 17:26:55,563 | INFO     | collectors.rfc_perf | [PRD] response time: SWNC_GET_STATRECS_FRAME not callable
2026-09-07 17:26:58,970 | WARNING  | collectors.rfc_perf | [PRD] lock owner stamps run 330 min ahead of SAP system time -- OS time zone on the app server differs from the SAP time zone. Ages corrected; tell Basis.
2026-09-07 17:26:59,285 | INFO     | collectors.rfc_perf | [PRD] SQLMD readable but 0 rows matched DDATE >= '20260831' -- is SQL Monitor (transaction SQLM) activated on this system?
2026-09-07 17:26:59,435 | INFO     | collectors.rfc_perf | [PRD] 18 STAT records, 0 dialog steps in the window (task mix: 0x12, 0xb, 0xe, AUTOABAP, BTC, BUF.SYNC, OTHER, SPOOL) -- no GUI activity, metric left absent
2026-09-07 17:27:00,279 | INFO     | collectors.rfc_perf | [PRD] response time: STAT records unavailable, using ST03N aggregates
2026-09-07 17:27:00,426 | INFO     | collectors.rfc_perf | [PRD] SQLMD readable but 0 rows matched DDATE >= '20260831' -- is SQL Monitor (transaction SQLM) activated on this system?
2026-09-07 17:27:00,450 | INFO     | collectors.rfc_perf | [PRD] RFC perf collector: 9 metrics
2026-09-07 17:28:25,167 | INFO     | collectors.rfc_perf | [PRD] STAT read returned 0 records in the last 2 minutes
2026-09-07 17:28:25,168 | INFO     | collectors.rfc_perf | [PRD] response time: no dialog steps in the last 2 min and no ST03N aggregate -- metric left absent (system idle or collector off)
2026-09-07 17:28:25,168 | INFO     | collectors.rfc_perf | [PRD] response time: SWNC_GET_STATRECS_FRAME not callable
2026-09-07 17:28:25,169 | INFO     | collectors.rfc_perf | [PRD] SQLMD: no field info returned -- table absent or not readable
2026-09-07 17:28:25,293 | INFO     | collectors.rfc_perf | [PRD] STAT read returned 0 records in the last 2 minutes
2026-09-07 17:28:25,293 | INFO     | collectors.rfc_perf | [PRD] response time: no dialog steps in the last 2 min and no ST03N aggregate -- metric left absent (system idle or collector off)
2026-09-07 17:28:25,293 | INFO     | collectors.rfc_perf | [PRD] response time: SWNC_GET_STATRECS_FRAME not callable
2026-09-07 17:28:25,294 | INFO     | collectors.rfc_perf | [PRD] SQLMD: no field info returned -- table absent or not readable
2026-09-07 17:28:25,441 | INFO     | collectors.rfc_perf | [PRD] SQLMD: no field info returned -- table absent or not readable
2026-09-07 17:28:25,447 | INFO     | collectors.rfc_perf | [PRD] 1 STAT records, 0 dialog steps in the window (task mix: RFC) -- no GUI activity, metric left absent
2026-09-07 17:28:25,448 | INFO     | collectors.rfc_perf | [PRD] response time: no dialog steps in the last 2 min and no ST03N aggregate -- metric left absent (system idle or collector off)
2026-09-07 17:28:25,448 | INFO     | collectors.rfc_perf | [PRD] SQLMD: no field info returned -- table absent or not readable
2026-09-07 17:28:25,452 | INFO     | collectors.rfc_perf | [PRD] STAT read returned 0 records in the last 2 minutes
2026-09-07 17:28:25,452 | INFO     | collectors.rfc_perf | [PRD] response time: no dialog steps in the last 2 min and no ST03N aggregate -- metric left absent (system idle or collector off)
2026-09-07 17:28:25,453 | INFO     | collectors.rfc_perf | [PRD] response time: SWNC_GET_STATRECS_FRAME not callable
2026-09-07 17:28:25,593 | INFO     | collectors.rfc_perf | [PRD] SQLMD: no field info returned -- table absent or not readable
2026-09-07 17:28:25,597 | INFO     | collectors.rfc_perf | [PRD] STAT read returned 0 records in the last 2 minutes
2026-09-07 17:28:25,597 | INFO     | collectors.rfc_perf | [PRD] response time: no dialog steps in the last 2 min and no ST03N aggregate -- metric left absent (system idle or collector off)
2026-09-07 17:28:25,598 | INFO     | collectors.rfc_perf | [PRD] response time: SWNC_GET_STATRECS_FRAME not callable
2026-09-07 17:28:25,680 | INFO     | collectors.rfc_perf | [PRD] STAT read returned 0 records in the last 2 minutes
2026-09-07 17:28:25,681 | INFO     | collectors.rfc_perf | [PRD] response time: no dialog steps in the last 2 min and no ST03N aggregate -- metric left absent (system idle or collector off)
2026-09-07 17:28:25,681 | INFO     | collectors.rfc_perf | [PRD] response time: SWNC_GET_STATRECS_FRAME not callable
2026-09-07 17:28:25,682 | INFO     | collectors.rfc_perf | [PRD] SQLMD readable but 0 rows matched DDATE >= '20260831' -- is SQL Monitor (transaction SQLM) activated on this system?
2026-09-07 17:28:25,687 | INFO     | collectors.rfc_perf | [PRD] STAT read returned 0 records in the last 2 minutes
2026-09-07 17:28:25,688 | INFO     | collectors.rfc_perf | [PRD] response time: no dialog steps in the last 2 min and no ST03N aggregate -- metric left absent (system idle or collector off)
2026-09-07 17:28:25,688 | INFO     | collectors.rfc_perf | [PRD] response time: SWNC_GET_STATRECS_FRAME not callable
2026-09-07 17:28:25,783 | INFO     | collectors.rfc_perf | [PRD] STAT read returned 0 records in the last 2 minutes
2026-09-07 17:28:25,783 | INFO     | collectors.rfc_perf | [PRD] response time: no dialog steps in the last 2 min and no ST03N aggregate -- metric left absent (system idle or collector off)
2026-09-07 17:28:25,784 | INFO     | collectors.rfc_perf | [PRD] response time: SWNC_GET_STATRECS_FRAME not callable
2026-09-07 17:28:25,784 | WARNING  | collectors.rfc_perf | [PRD] SQLMD present but essential columns not matched. Have: ['SOMETHING', 'ELSE']. Looked for program in ['PROGNAME', 'PROGRAM_NAME', 'PROGRAM', 'ENTRY_PROGRAM'] and time in ['DBSUM', 'TOTAL_DB_TIME', 'TOTAL_TIME', 'SUM_TIME'].
2026-09-07 17:28:25,800 | INFO     | collectors.rfc_perf | [PRD] STAT read returned 0 records in the last 2 minutes
2026-09-07 17:28:25,801 | INFO     | collectors.rfc_perf | [PRD] response time: no dialog steps in the last 2 min and no ST03N aggregate -- metric left absent (system idle or collector off)
2026-09-07 17:28:25,801 | INFO     | collectors.rfc_perf | [PRD] response time: SWNC_GET_STATRECS_FRAME not callable
2026-09-07 17:28:25,802 | INFO     | collectors.rfc_perf | [PRD] SQLMD: no field info returned -- table absent or not readable
2026-09-07 17:28:25,809 | INFO     | collectors.rfc_perf | [PRD] STAT read returned 0 records in the last 2 minutes
2026-09-07 17:28:25,812 | INFO     | collectors.rfc_perf | [PRD] response time: no dialog steps in the last 2 min and no ST03N aggregate -- metric left absent (system idle or collector off)
2026-09-07 17:28:25,814 | INFO     | collectors.rfc_perf | [PRD] response time: SWNC_GET_STATRECS_FRAME not callable
2026-09-07 17:28:25,820 | INFO     | collectors.rfc_perf | [PRD] STAT read returned 0 records in the last 2 minutes
2026-09-07 17:28:25,822 | INFO     | collectors.rfc_perf | [PRD] response time: no dialog steps in the last 2 min and no ST03N aggregate -- metric left absent (system idle or collector off)
2026-09-07 17:28:25,822 | INFO     | collectors.rfc_perf | [PRD] response time: SWNC_GET_STATRECS_FRAME not callable
2026-09-07 17:28:25,933 | INFO     | collectors.rfc_perf | [PRD] STAT read returned 0 records in the last 2 minutes
2026-09-07 17:28:25,933 | INFO     | collectors.rfc_perf | [PRD] response time: no dialog steps in the last 2 min and no ST03N aggregate -- metric left absent (system idle or collector off)
2026-09-07 17:28:25,933 | INFO     | collectors.rfc_perf | [PRD] response time: SWNC_GET_STATRECS_FRAME not callable
2026-09-07 17:28:26,018 | INFO     | collectors.rfc_perf | [PRD] SQLMD: no field info returned -- table absent or not readable
2026-09-07 17:28:26,021 | INFO     | collectors.rfc_perf | [PRD] STAT read returned 0 records in the last 2 minutes
2026-09-07 17:28:26,023 | INFO     | collectors.rfc_perf | [PRD] response time: STAT records unavailable, using ST03N aggregates
2026-09-07 17:28:26,097 | INFO     | collectors.rfc_perf | [PRD] SQLMD: no field info returned -- table absent or not readable
2026-09-07 17:28:26,156 | INFO     | collectors.rfc_perf | [PRD] SQLMD: no field info returned -- table absent or not readable
2026-09-07 17:28:26,159 | INFO     | collectors.rfc_perf | [PRD] STAT read returned 0 records in the last 2 minutes
2026-09-07 17:28:26,159 | INFO     | collectors.rfc_perf | [PRD] response time: STAT records unavailable, using ST03N aggregates
2026-09-07 17:28:26,233 | INFO     | collectors.rfc_perf | [PRD] SQLMD: no field info returned -- table absent or not readable
2026-09-07 17:28:26,236 | INFO     | collectors.rfc_perf | [PRD] 1 STAT records, 0 dialog steps in the window (task mix: BTC) -- no GUI activity, metric left absent
2026-09-07 17:28:26,237 | INFO     | collectors.rfc_perf | [PRD] response time: no dialog steps in the last 2 min and no ST03N aggregate -- metric left absent (system idle or collector off)
2026-09-07 17:28:26,318 | INFO     | collectors.rfc_perf | [PRD] SQLMD: no field info returned -- table absent or not readable
2026-09-07 17:28:26,322 | INFO     | collectors.rfc_perf | [PRD] STAT read returned 0 records in the last 2 minutes
2026-09-07 17:28:26,322 | INFO     | collectors.rfc_perf | [PRD] response time: no dialog steps in the last 2 min and no ST03N aggregate -- metric left absent (system idle or collector off)
2026-09-07 17:28:26,323 | INFO     | collectors.rfc_perf | [PRD] response time: SWNC_GET_STATRECS_FRAME not callable
2026-09-07 17:28:26,398 | INFO     | collectors.rfc_perf | [PRD] SQLMD: no field info returned -- table absent or not readable
2026-09-07 17:28:26,403 | INFO     | collectors.rfc_perf | [PRD] STAT read returned 0 records in the last 2 minutes
2026-09-07 17:28:26,404 | INFO     | collectors.rfc_perf | [PRD] response time: no dialog steps in the last 2 min and no ST03N aggregate -- metric left absent (system idle or collector off)
2026-09-07 17:28:26,404 | INFO     | collectors.rfc_perf | [PRD] response time: SWNC_GET_STATRECS_FRAME not callable
2026-09-07 17:28:26,405 | WARNING  | collectors.rfc_perf | [PRD] lock owner stamps run 330 min ahead of SAP system time -- OS time zone on the app server differs from the SAP time zone. Ages corrected; tell Basis.
2026-09-07 17:28:26,515 | INFO     | collectors.rfc_perf | [PRD] STAT read returned 0 records in the last 2 minutes
2026-09-07 17:28:26,515 | INFO     | collectors.rfc_perf | [PRD] response time: no dialog steps in the last 2 min and no ST03N aggregate -- metric left absent (system idle or collector off)
2026-09-07 17:28:26,515 | INFO     | collectors.rfc_perf | [PRD] response time: SWNC_GET_STATRECS_FRAME not callable
2026-09-07 17:28:30,036 | WARNING  | collectors.rfc_perf | [PRD] lock owner stamps run 330 min ahead of SAP system time -- OS time zone on the app server differs from the SAP time zone. Ages corrected; tell Basis.
2026-09-07 17:28:30,519 | INFO     | collectors.rfc_perf | [PRD] SQLMD readable but 0 rows matched DDATE >= '20260831' -- is SQL Monitor (transaction SQLM) activated on this system?
2026-09-07 17:28:30,719 | INFO     | collectors.rfc_perf | [PRD] 18 STAT records, 0 dialog steps in the window (task mix: 0x12, 0xb, 0xe, AUTOABAP, BTC, BUF.SYNC, OTHER, SPOOL) -- no GUI activity, metric left absent
2026-09-07 17:28:31,686 | INFO     | collectors.rfc_perf | [PRD] response time: STAT records unavailable, using ST03N aggregates
2026-09-07 17:28:31,829 | INFO     | collectors.rfc_perf | [PRD] SQLMD readable but 0 rows matched DDATE >= '20260831' -- is SQL Monitor (transaction SQLM) activated on this system?
2026-09-07 17:28:31,847 | INFO     | collectors.rfc_perf | [PRD] RFC perf collector: 9 metrics
2026-09-07 17:36:44,619 | INFO     | notifications.dump_owner | Dump owner notified: ABAP <abap@company.com, lead@company.com> about ZMM_REPORT on PRD
2026-09-07 17:36:44,627 | INFO     | notifications.dump_owner | Dump owner notified: FUNCTIONAL <basis@company.com> about SAPLMEPO on PRD
2026-09-07 17:36:44,628 | WARNING  | notifications.dump_owner | PRD: 1 team mailbox(es) unset -- FUNCTIONAL for SAPLMEPO: no DUMP_TEAM_EMAIL_FUNCTIONAL configured -- sent to Basis only
2026-09-07 17:36:44,637 | INFO     | notifications.dump_owner | Dump owner notified: TRIAGE <basis@company.com> about - on PRD
2026-09-07 17:39:54,241 | INFO     | main | ===== Pipeline START for system PRD =====
2026-09-07 17:39:54,241 | INFO     | main | PRD: has_os_access=false -- skipping OS/SSH metrics entirely (not attempting).
2026-09-07 17:39:55,629 | INFO     | sap_gui.launcher | Launching SAP Logon: C:\Program Files (x86)\SAP\FrontEnd\SAPgui\saplogon.exe
2026-09-07 17:40:02,974 | INFO     | sap_gui.launcher | SAP Logon 800 pad is visible.
2026-09-07 17:40:03,976 | INFO     | sap_gui.launcher | Selecting connection: centaur system
2026-09-07 17:40:16,660 | DEBUG    | sap_gui.launcher | Connection item not found yet, retrying: {'title': 'SAP Logon 800', 'backend': 'uia', 'process': 16932}
2026-09-07 17:40:17,661 | WARNING  | main | PRD: SAP GUI unavailable (TimeoutError: Could not find connection 'centaur system' in SAP Logon Pad. Entries present: none detected. Set the matching *_SAP_CONNECTION_NAME in .env (names are per-workstation and case-sensitive).). Continuing with RFC/SSH collectors.
2026-09-07 17:40:20,592 | INFO     | collectors.rfc_perf | [PRD] 16 STAT records, 0 dialog steps in the window (task mix: 0x12, 0xb, 0xe, BTC, BUF.SYNC, OTHER, SPOOL) -- no GUI activity, metric left absent
2026-09-07 17:40:21,454 | INFO     | collectors.rfc_perf | [PRD] response time: STAT records unavailable, using ST03N aggregates
2026-09-07 17:40:21,615 | WARNING  | collectors.rfc_perf | [PRD] lock owner stamps run 330 min ahead of SAP system time -- OS time zone on the app server differs from the SAP time zone. Ages corrected; tell Basis.
2026-09-07 17:40:22,037 | INFO     | collectors.rfc_perf | [PRD] SQLMD readable but 0 rows matched DDATE >= '20260831' -- is SQL Monitor (transaction SQLM) activated on this system?
2026-09-07 17:40:22,068 | INFO     | collectors.rfc_perf | [PRD] RFC perf collector: 9 metrics
2026-09-07 17:40:22,076 | INFO     | main | Skipping T-code GUI evidence for PRD -- GUI access disabled or no active SAP session.
2026-09-07 17:40:52,067 | INFO     | core.status_snapshot | PRD: no GUI evidence this cycle; carrying forward 22 record(s) from 2026-09-04 15:13:17, marked stale.
2026-09-07 17:40:52,075 | INFO     | core.status_snapshot | Status snapshot saved for PRD: C:\infrabeatops\dashboard\snapshots\PRD.json
2026-09-07 17:40:52,598 | INFO     | reporting.excel_template_writer | MetroBrands Excel template filled: C:/infrabeatops/reports/2026-09-07/PRD/PRD_Monitoring_Sheet.xlsx
2026-09-07 17:41:22,053 | INFO     | main | ===== Pipeline COMPLETE for system PRD (gui_available=False) =====
2026-09-08 09:41:36,468 | INFO     | main | ===== Pipeline START for system PRD =====
2026-09-08 09:41:36,470 | INFO     | main | PRD: has_os_access=false -- skipping OS/SSH metrics entirely (not attempting).
2026-09-08 09:41:38,181 | INFO     | sap_gui.launcher | Launching SAP Logon: C:\Program Files (x86)\SAP\FrontEnd\SAPgui\saplogon.exe
2026-09-08 09:41:50,989 | INFO     | sap_gui.launcher | SAP Logon 800 pad is visible.
2026-09-08 09:41:51,991 | INFO     | sap_gui.launcher | Selecting connection: centaur system
2026-09-08 09:42:01,197 | DEBUG    | sap_gui.launcher | Connection item not found yet, retrying: {'title': 'SAP Logon 800', 'backend': 'uia', 'process': 4516}
2026-09-08 09:42:02,201 | WARNING  | main | PRD: SAP GUI unavailable (TimeoutError: Could not find connection 'centaur system' in SAP Logon Pad. Entries present: none detected. Set the matching *_SAP_CONNECTION_NAME in .env (names are per-workstation and case-sensitive).). Continuing with RFC/SSH collectors.
2026-09-08 09:42:07,258 | INFO     | collectors.rfc_perf | [PRD] 143 STAT records, 0 dialog steps in the window (task mix: 0x12, 0xb, 0xe, AUTOABAP, BTC, BUF.SYNC, OTHER, SPOOL) -- no GUI activity, metric left absent
2026-09-08 09:42:09,940 | INFO     | collectors.rfc_perf | [PRD] response time: STAT records unavailable, using ST03N aggregates
2026-09-08 09:42:11,283 | WARNING  | collectors.rfc_perf | [PRD] lock owner stamps run 330 min ahead of SAP system time -- OS time zone on the app server differs from the SAP time zone. Ages corrected; tell Basis.
2026-09-08 09:42:12,709 | INFO     | collectors.rfc_perf | [PRD] SQLMD readable but 0 rows matched DDATE >= '20260901' -- is SQL Monitor (transaction SQLM) activated on this system?
2026-09-08 09:42:12,742 | INFO     | collectors.rfc_perf | [PRD] RFC perf collector: 9 metrics
2026-09-08 09:42:12,756 | INFO     | main | Skipping T-code GUI evidence for PRD -- GUI access disabled or no active SAP session.
2026-09-08 09:42:47,159 | INFO     | core.status_snapshot | PRD: no GUI evidence this cycle; carrying forward 22 record(s) from 2026-09-04 15:13:17, marked stale.
2026-09-08 09:42:47,204 | INFO     | core.status_snapshot | Status snapshot saved for PRD: C:\infrabeatops\dashboard\snapshots\PRD.json
2026-09-08 09:42:48,653 | INFO     | reporting.excel_template_writer | MetroBrands Excel template filled: C:/infrabeatops/reports/2026-09-08/PRD/PRD_Monitoring_Sheet.xlsx
2026-09-08 09:43:16,804 | INFO     | main | ===== Pipeline COMPLETE for system PRD (gui_available=False) =====
2026-09-08 09:47:54,187 | WARNING  | collectors.rfc_live | [PRD] live perf read failed: RuntimeError: STAT table gone
2026-09-08 09:47:54,214 | WARNING  | collectors.rfc_live | [PRD] live perf read failed: TimeoutError: STAT read timed out
2026-09-08 09:47:54,410 | INFO     | collectors.rfc_perf | [PRD] STAT read returned 0 records in the last 5 minutes
2026-09-08 09:47:54,411 | INFO     | collectors.rfc_perf | [PRD] response time: no dialog steps in the last 5 min and no ST03N aggregate -- metric left absent (system idle or collector off)
2026-09-08 09:47:54,412 | INFO     | collectors.rfc_perf | [PRD] response time: SWNC_GET_STATRECS_FRAME not callable
2026-09-08 09:47:54,413 | INFO     | collectors.rfc_perf | [PRD] SQLMD: no field info returned -- table absent or not readable
2026-09-08 09:47:54,626 | INFO     | collectors.rfc_perf | [PRD] STAT read returned 0 records in the last 5 minutes
2026-09-08 09:47:54,627 | INFO     | collectors.rfc_perf | [PRD] response time: no dialog steps in the last 5 min and no ST03N aggregate -- metric left absent (system idle or collector off)
2026-09-08 09:47:54,627 | INFO     | collectors.rfc_perf | [PRD] response time: SWNC_GET_STATRECS_FRAME not callable
2026-09-08 09:47:54,629 | INFO     | collectors.rfc_perf | [PRD] SQLMD: no field info returned -- table absent or not readable
2026-09-08 09:47:54,849 | INFO     | collectors.rfc_perf | [PRD] SQLMD: no field info returned -- table absent or not readable
2026-09-08 09:47:54,856 | INFO     | collectors.rfc_perf | [PRD] 1 STAT records, 0 dialog steps in the window (task mix: RFC) -- no GUI activity, metric left absent
2026-09-08 09:47:54,858 | INFO     | collectors.rfc_perf | [PRD] response time: no dialog steps in the last 5 min and no ST03N aggregate -- metric left absent (system idle or collector off)
2026-09-08 09:47:54,858 | INFO     | collectors.rfc_perf | [PRD] SQLMD: no field info returned -- table absent or not readable
2026-09-08 09:47:54,867 | INFO     | collectors.rfc_perf | [PRD] STAT read returned 0 records in the last 5 minutes
2026-09-08 09:47:54,867 | INFO     | collectors.rfc_perf | [PRD] response time: no dialog steps in the last 5 min and no ST03N aggregate -- metric left absent (system idle or collector off)
2026-09-08 09:47:54,868 | INFO     | collectors.rfc_perf | [PRD] response time: SWNC_GET_STATRECS_FRAME not callable
2026-09-08 09:47:55,018 | INFO     | collectors.rfc_perf | [PRD] SQLMD: no field info returned -- table absent or not readable
2026-09-08 09:47:55,022 | INFO     | collectors.rfc_perf | [PRD] STAT read returned 0 records in the last 5 minutes
2026-09-08 09:47:55,024 | INFO     | collectors.rfc_perf | [PRD] response time: no dialog steps in the last 5 min and no ST03N aggregate -- metric left absent (system idle or collector off)
2026-09-08 09:47:55,024 | INFO     | collectors.rfc_perf | [PRD] response time: SWNC_GET_STATRECS_FRAME not callable
2026-09-08 09:47:55,135 | INFO     | collectors.rfc_perf | [PRD] STAT read returned 0 records in the last 5 minutes
2026-09-08 09:47:55,136 | INFO     | collectors.rfc_perf | [PRD] response time: no dialog steps in the last 5 min and no ST03N aggregate -- metric left absent (system idle or collector off)
2026-09-08 09:47:55,137 | INFO     | collectors.rfc_perf | [PRD] response time: SWNC_GET_STATRECS_FRAME not callable
2026-09-08 09:47:55,137 | INFO     | collectors.rfc_perf | [PRD] SQLMD readable but 0 rows matched DDATE >= '20260901' -- is SQL Monitor (transaction SQLM) activated on this system?
2026-09-08 09:47:55,142 | INFO     | collectors.rfc_perf | [PRD] STAT read returned 0 records in the last 5 minutes
2026-09-08 09:47:55,143 | INFO     | collectors.rfc_perf | [PRD] response time: no dialog steps in the last 5 min and no ST03N aggregate -- metric left absent (system idle or collector off)
2026-09-08 09:47:55,145 | INFO     | collectors.rfc_perf | [PRD] response time: SWNC_GET_STATRECS_FRAME not callable
2026-09-08 09:47:55,264 | INFO     | collectors.rfc_perf | [PRD] STAT read returned 0 records in the last 5 minutes
2026-09-08 09:47:55,265 | INFO     | collectors.rfc_perf | [PRD] response time: no dialog steps in the last 5 min and no ST03N aggregate -- metric left absent (system idle or collector off)
2026-09-08 09:47:55,266 | INFO     | collectors.rfc_perf | [PRD] response time: SWNC_GET_STATRECS_FRAME not callable
2026-09-08 09:47:55,267 | WARNING  | collectors.rfc_perf | [PRD] SQLMD present but essential columns not matched. Have: ['SOMETHING', 'ELSE']. Looked for program in ['PROGNAME', 'PROGRAM_NAME', 'PROGRAM', 'ENTRY_PROGRAM'] and time in ['DBSUM', 'TOTAL_DB_TIME', 'TOTAL_TIME', 'SUM_TIME'].
2026-09-08 09:47:55,272 | INFO     | collectors.rfc_perf | [PRD] STAT read returned 0 records in the last 5 minutes
2026-09-08 09:47:55,273 | INFO     | collectors.rfc_perf | [PRD] response time: no dialog steps in the last 5 min and no ST03N aggregate -- metric left absent (system idle or collector off)
2026-09-08 09:47:55,273 | INFO     | collectors.rfc_perf | [PRD] response time: SWNC_GET_STATRECS_FRAME not callable
2026-09-08 09:47:55,274 | INFO     | collectors.rfc_perf | [PRD] SQLMD: no field info returned -- table absent or not readable
2026-09-08 09:47:55,282 | INFO     | collectors.rfc_perf | [PRD] STAT read returned 0 records in the last 5 minutes
2026-09-08 09:47:55,282 | INFO     | collectors.rfc_perf | [PRD] response time: no dialog steps in the last 5 min and no ST03N aggregate -- metric left absent (system idle or collector off)
2026-09-08 09:47:55,283 | INFO     | collectors.rfc_perf | [PRD] response time: SWNC_GET_STATRECS_FRAME not callable
2026-09-08 09:47:55,301 | INFO     | collectors.rfc_perf | [PRD] STAT read returned 0 records in the last 5 minutes
2026-09-08 09:47:55,302 | INFO     | collectors.rfc_perf | [PRD] response time: no dialog steps in the last 5 min and no ST03N aggregate -- metric left absent (system idle or collector off)
2026-09-08 09:47:55,302 | INFO     | collectors.rfc_perf | [PRD] response time: SWNC_GET_STATRECS_FRAME not callable
2026-09-08 09:47:55,446 | INFO     | collectors.rfc_perf | [PRD] STAT read returned 0 records in the last 5 minutes
2026-09-08 09:47:55,447 | INFO     | collectors.rfc_perf | [PRD] response time: no dialog steps in the last 5 min and no ST03N aggregate -- metric left absent (system idle or collector off)
2026-09-08 09:47:55,448 | INFO     | collectors.rfc_perf | [PRD] response time: SWNC_GET_STATRECS_FRAME not callable
2026-09-08 09:47:55,597 | INFO     | collectors.rfc_perf | [PRD] SQLMD: no field info returned -- table absent or not readable
2026-09-08 09:47:55,601 | INFO     | collectors.rfc_perf | [PRD] STAT read returned 0 records in the last 5 minutes
2026-09-08 09:47:55,602 | INFO     | collectors.rfc_perf | [PRD] response time: STAT records unavailable, using ST03N aggregates
2026-09-08 09:47:55,697 | INFO     | collectors.rfc_perf | [PRD] SQLMD: no field info returned -- table absent or not readable
2026-09-08 09:47:55,793 | INFO     | collectors.rfc_perf | [PRD] SQLMD: no field info returned -- table absent or not readable
2026-09-08 09:47:55,797 | INFO     | collectors.rfc_perf | [PRD] STAT read returned 0 records in the last 5 minutes
2026-09-08 09:47:55,798 | INFO     | collectors.rfc_perf | [PRD] response time: STAT records unavailable, using ST03N aggregates
2026-09-08 09:47:55,894 | INFO     | collectors.rfc_perf | [PRD] SQLMD: no field info returned -- table absent or not readable
2026-09-08 09:47:55,898 | INFO     | collectors.rfc_perf | [PRD] 1 STAT records, 0 dialog steps in the window (task mix: BTC) -- no GUI activity, metric left absent
2026-09-08 09:47:55,899 | INFO     | collectors.rfc_perf | [PRD] response time: no dialog steps in the last 5 min and no ST03N aggregate -- metric left absent (system idle or collector off)
2026-09-08 09:47:55,976 | INFO     | collectors.rfc_perf | [PRD] SQLMD: no field info returned -- table absent or not readable
2026-09-08 09:47:55,978 | INFO     | collectors.rfc_perf | [PRD] STAT read returned 0 records in the last 5 minutes
2026-09-08 09:47:55,980 | INFO     | collectors.rfc_perf | [PRD] response time: no dialog steps in the last 5 min and no ST03N aggregate -- metric left absent (system idle or collector off)
2026-09-08 09:47:55,980 | INFO     | collectors.rfc_perf | [PRD] response time: SWNC_GET_STATRECS_FRAME not callable
2026-09-08 09:47:56,057 | INFO     | collectors.rfc_perf | [PRD] SQLMD: no field info returned -- table absent or not readable
2026-09-08 09:47:56,060 | INFO     | collectors.rfc_perf | [PRD] STAT read returned 0 records in the last 5 minutes
2026-09-08 09:47:56,061 | INFO     | collectors.rfc_perf | [PRD] response time: no dialog steps in the last 5 min and no ST03N aggregate -- metric left absent (system idle or collector off)
2026-09-08 09:47:56,061 | INFO     | collectors.rfc_perf | [PRD] response time: SWNC_GET_STATRECS_FRAME not callable
2026-09-08 09:47:56,062 | WARNING  | collectors.rfc_perf | [PRD] lock owner stamps run 330 min ahead of SAP system time -- OS time zone on the app server differs from the SAP time zone. Ages corrected; tell Basis.
2026-09-08 09:47:56,141 | INFO     | collectors.rfc_perf | [PRD] STAT read returned 0 records in the last 5 minutes
2026-09-08 09:47:56,143 | INFO     | collectors.rfc_perf | [PRD] response time: no dialog steps in the last 5 min and no ST03N aggregate -- metric left absent (system idle or collector off)
2026-09-08 09:47:56,143 | INFO     | collectors.rfc_perf | [PRD] response time: SWNC_GET_STATRECS_FRAME not callable
2026-09-08 09:48:10,548 | INFO     | collectors.rfc_perf | [CENTOR_QAS] 44 STAT records, 0 dialog steps in the window (task mix: 0x12, 0xb, 0xe, 0xf, AUTOABAP, BTC, BUF.SYNC, OTHER, SPOOL) -- no GUI activity, metric left absent
2026-09-08 09:48:11,911 | INFO     | collectors.rfc_perf | [CENTOR_QAS] response time: no dialog steps in the last 5 min and no ST03N aggregate -- metric left absent (system idle or collector off)
2026-09-08 09:48:12,697 | INFO     | collectors.rfc_perf | [CENTOR_QAS] SQLMD readable but 0 rows matched DDATE >= '20260901' -- is SQL Monitor (transaction SQLM) activated on this system?
2026-09-08 09:48:13,189 | INFO     | collectors.rfc_perf | [CENTOR_QAS] 49 STAT records, 0 dialog steps in the window (task mix: 0x12, 0xb, 0xe, 0xf, AUTOABAP, BTC, BUF.SYNC, OTHER, SPOOL) -- no GUI activity, metric left absent
2026-09-08 09:48:13,190 | INFO     | collectors.rfc_perf | [CENTOR_QAS] 49 STAT records, 0 dialog steps in the window (task mix: 0x12, 0xb, 0xe, 0xf, AUTOABAP, BTC, BUF.SYNC, OTHER, SPOOL) -- no GUI activity, metric left absent
2026-09-08 09:48:13,268 | INFO     | collectors.rfc_perf | [CENTOR_QAS] response time: no dialog steps in the last 5 min and no ST03N aggregate -- metric left absent (system idle or collector off)
2026-09-08 09:48:13,268 | INFO     | collectors.rfc_perf | [CENTOR_QAS] response time: no dialog steps in the last 5 min and no ST03N aggregate -- metric left absent (system idle or collector off)
2026-09-08 09:48:13,801 | INFO     | collectors.rfc_perf | [CENTOR_QAS] SQLMD readable but 0 rows matched DDATE >= '20260901' -- is SQL Monitor (transaction SQLM) activated on this system?
2026-09-08 09:48:13,853 | INFO     | collectors.rfc_perf | [CENTOR_QAS] SQLMD readable but 0 rows matched DDATE >= '20260901' -- is SQL Monitor (transaction SQLM) activated on this system?
2026-09-08 09:48:17,413 | INFO     | collectors.rfc_perf | [PRD] 109 STAT records, 0 dialog steps in the window (task mix: 0x12, 0x21, 0xb, 0xe, AUTOABAP, BTC, BUF.SYNC, OTHER, SPOOL) -- no GUI activity, metric left absent
2026-09-08 09:48:18,347 | INFO     | collectors.rfc_perf | [PRD] response time: STAT records unavailable, using ST03N aggregates
2026-09-08 09:48:18,716 | WARNING  | collectors.rfc_perf | [PRD] lock owner stamps run 315 min ahead of SAP system time -- OS time zone on the app server differs from the SAP time zone. Ages corrected; tell Basis.
2026-09-08 09:48:18,718 | INFO     | collectors.rfc_perf | [PRD] 109 STAT records, 0 dialog steps in the window (task mix: 0x12, 0x21, 0xb, 0xe, AUTOABAP, BTC, BUF.SYNC, OTHER, SPOOL) -- no GUI activity, metric left absent
2026-09-08 09:48:18,767 | INFO     | collectors.rfc_perf | [PRD] 109 STAT records, 0 dialog steps in the window (task mix: 0x12, 0x21, 0xb, 0xe, AUTOABAP, BTC, BUF.SYNC, OTHER, SPOOL) -- no GUI activity, metric left absent
2026-09-08 09:48:19,128 | INFO     | collectors.rfc_perf | [PRD] response time: STAT records unavailable, using ST03N aggregates
2026-09-08 09:48:19,356 | INFO     | collectors.rfc_perf | [PRD] response time: STAT records unavailable, using ST03N aggregates
2026-09-08 09:48:19,759 | INFO     | collectors.rfc_perf | [PRD] SQLMD readable but 0 rows matched DDATE >= '20260901' -- is SQL Monitor (transaction SQLM) activated on this system?
2026-09-08 09:48:20,036 | INFO     | collectors.rfc_perf | [PRD] SQLMD readable but 0 rows matched DDATE >= '20260901' -- is SQL Monitor (transaction SQLM) activated on this system?
2026-09-08 09:48:20,043 | INFO     | collectors.rfc_perf | [PRD] SQLMD readable but 0 rows matched DDATE >= '20260901' -- is SQL Monitor (transaction SQLM) activated on this system?
2026-09-08 09:49:16,844 | INFO     | collectors.rfc_perf | [CENTOR_QAS] 51 STAT records, 0 dialog steps in the window (task mix: 0x12, 0xb, 0xe, 0xf, AUTOABAP, BTC, BUF.SYNC, OTHER, SPOOL) -- no GUI activity, metric left absent
2026-09-08 09:49:16,931 | INFO     | collectors.rfc_perf | [CENTOR_QAS] response time: no dialog steps in the last 5 min and no ST03N aggregate -- metric left absent (system idle or collector off)
2026-09-08 09:49:17,072 | INFO     | collectors.rfc_perf | [CENTOR_QAS] SQLMD readable but 0 rows matched DDATE >= '20260901' -- is SQL Monitor (transaction SQLM) activated on this system?
2026-09-08 09:49:33,559 | INFO     | collectors.rfc_perf | [PRD] 105 STAT records, 0 dialog steps in the window (task mix: 0x12, 0x21, 0xb, 0xe, AUTOABAP, BTC, BUF.SYNC, OTHER, SPOOL) -- no GUI activity, metric left absent
2026-09-08 09:49:34,154 | INFO     | collectors.rfc_perf | [PRD] response time: STAT records unavailable, using ST03N aggregates
2026-09-08 09:49:34,431 | INFO     | collectors.rfc_perf | [PRD] SQLMD readable but 0 rows matched DDATE >= '20260901' -- is SQL Monitor (transaction SQLM) activated on this system?
2026-09-08 09:50:25,089 | INFO     | collectors.rfc_perf | [CENTOR_QAS] 59 STAT records, 0 dialog steps in the window (task mix: 0x12, 0xb, 0xe, 0xf, AUTOABAP, BTC, BUF.SYNC, OTHER, SPOOL) -- no GUI activity, metric left absent
2026-09-08 09:50:25,166 | INFO     | collectors.rfc_perf | [CENTOR_QAS] response time: no dialog steps in the last 5 min and no ST03N aggregate -- metric left absent (system idle or collector off)
2026-09-08 09:50:25,338 | INFO     | collectors.rfc_perf | [CENTOR_QAS] SQLMD readable but 0 rows matched DDATE >= '20260901' -- is SQL Monitor (transaction SQLM) activated on this system?
2026-09-08 09:50:35,040 | INFO     | collectors.rfc_perf | [PRD] 107 STAT records, 0 dialog steps in the window (task mix: 0x12, 0x21, 0xb, 0xe, AUTOABAP, BTC, BUF.SYNC, OTHER, SPOOL) -- no GUI activity, metric left absent
2026-09-08 09:50:35,366 | INFO     | collectors.rfc_perf | [PRD] response time: STAT records unavailable, using ST03N aggregates
2026-09-08 09:50:35,569 | INFO     | collectors.rfc_perf | [PRD] SQLMD readable but 0 rows matched DDATE >= '20260901' -- is SQL Monitor (transaction SQLM) activated on this system?
2026-09-08 09:51:35,807 | INFO     | collectors.rfc_perf | [CENTOR_QAS] 61 STAT records, 0 dialog steps in the window (task mix: 0x12, 0xb, 0xe, 0xf, AUTOABAP, BTC, BUF.SYNC, OTHER, SPOOL) -- no GUI activity, metric left absent
2026-09-08 09:51:35,905 | INFO     | collectors.rfc_perf | [CENTOR_QAS] response time: no dialog steps in the last 5 min and no ST03N aggregate -- metric left absent (system idle or collector off)
2026-09-08 09:51:36,019 | INFO     | collectors.rfc_perf | [CENTOR_QAS] SQLMD readable but 0 rows matched DDATE >= '20260901' -- is SQL Monitor (transaction SQLM) activated on this system?
2026-09-08 09:51:36,413 | INFO     | collectors.rfc_perf | [PRD] 105 STAT records, 0 dialog steps in the window (task mix: 0x12, 0x21, 0xb, 0xe, AUTOABAP, BTC, BUF.SYNC, OTHER, SPOOL) -- no GUI activity, metric left absent
2026-09-08 09:51:36,914 | INFO     | collectors.rfc_perf | [PRD] response time: STAT records unavailable, using ST03N aggregates
2026-09-08 09:51:37,102 | INFO     | collectors.rfc_perf | [PRD] SQLMD readable but 0 rows matched DDATE >= '20260901' -- is SQL Monitor (transaction SQLM) activated on this system?
2026-09-08 09:52:46,169 | INFO     | collectors.rfc_perf | [CENTOR_QAS] SQLMD readable but 0 rows matched DDATE >= '20260901' -- is SQL Monitor (transaction SQLM) activated on this system?
2026-09-08 09:53:58,563 | INFO     | collectors.rfc_perf | [CENTOR_QAS] SQLMD readable but 0 rows matched DDATE >= '20260901' -- is SQL Monitor (transaction SQLM) activated on this system?
2026-09-08 09:54:42,316 | INFO     | collectors.rfc_perf | [PRD] 125 STAT records, 0 dialog steps in the window (task mix: 0x12, 0xb, 0xe, AUTOABAP, BTC, BUF.SYNC, OTHER, SPOOL) -- no GUI activity, metric left absent
2026-09-08 09:54:43,998 | INFO     | collectors.rfc_perf | [PRD] response time: STAT records unavailable, using ST03N aggregates
2026-09-08 09:54:44,789 | INFO     | collectors.rfc_perf | [PRD] SQLMD readable but 0 rows matched DDATE >= '20260901' -- is SQL Monitor (transaction SQLM) activated on this system?
2026-09-08 09:54:45,087 | INFO     | collectors.rfc_perf | [PRD] 103 STAT records, 0 dialog steps in the window (task mix: 0x12, 0xb, 0xe, AUTOABAP, BTC, BUF.SYNC, OTHER, SPOOL) -- no GUI activity, metric left absent
2026-09-08 09:54:45,563 | INFO     | collectors.rfc_perf | [PRD] response time: STAT records unavailable, using ST03N aggregates
2026-09-08 09:54:45,917 | INFO     | collectors.rfc_perf | [PRD] SQLMD readable but 0 rows matched DDATE >= '20260901' -- is SQL Monitor (transaction SQLM) activated on this system?
2026-09-08 09:55:06,047 | INFO     | collectors.rfc_perf | [CENTOR_QAS] SQLMD readable but 0 rows matched DDATE >= '20260901' -- is SQL Monitor (transaction SQLM) activated on this system?
2026-09-08 09:55:55,725 | INFO     | collectors.rfc_perf | [PRD] 105 STAT records, 0 dialog steps in the window (task mix: 0x12, 0xb, 0xe, AUTOABAP, BTC, BUF.SYNC, OTHER, SPOOL) -- no GUI activity, metric left absent
2026-09-08 09:55:55,987 | INFO     | collectors.rfc_perf | [PRD] response time: STAT records unavailable, using ST03N aggregates
2026-09-08 09:55:56,178 | INFO     | collectors.rfc_perf | [PRD] SQLMD readable but 0 rows matched DDATE >= '20260901' -- is SQL Monitor (transaction SQLM) activated on this system?
2026-09-08 09:56:15,184 | INFO     | collectors.rfc_perf | [CENTOR_QAS] SQLMD readable but 0 rows matched DDATE >= '20260901' -- is SQL Monitor (transaction SQLM) activated on this system?
2026-09-08 09:57:05,697 | INFO     | collectors.rfc_perf | [PRD] 103 STAT records, 0 dialog steps in the window (task mix: 0x12, 0xb, 0xe, AUTOABAP, BTC, BUF.SYNC, OTHER, SPOOL) -- no GUI activity, metric left absent
2026-09-08 09:57:06,094 | INFO     | collectors.rfc_perf | [PRD] response time: STAT records unavailable, using ST03N aggregates
2026-09-08 09:57:06,286 | INFO     | collectors.rfc_perf | [PRD] SQLMD readable but 0 rows matched DDATE >= '20260901' -- is SQL Monitor (transaction SQLM) activated on this system?
2026-09-08 09:57:16,026 | INFO     | collectors.rfc_perf | [CENTOR_QAS] SQLMD readable but 0 rows matched DDATE >= '20260901' -- is SQL Monitor (transaction SQLM) activated on this system?
2026-09-08 09:58:16,548 | INFO     | collectors.rfc_perf | [PRD] 108 STAT records, 0 dialog steps in the window (task mix: 0x12, 0xb, 0xe, AUTOABAP, BTC, BUF.SYNC, OTHER, SPOOL) -- no GUI activity, metric left absent
2026-09-08 09:58:16,922 | INFO     | collectors.rfc_perf | [PRD] response time: STAT records unavailable, using ST03N aggregates
2026-09-08 09:58:17,095 | INFO     | collectors.rfc_perf | [PRD] SQLMD readable but 0 rows matched DDATE >= '20260901' -- is SQL Monitor (transaction SQLM) activated on this system?
2026-09-08 09:59:16,259 | INFO     | collectors.rfc_perf | [CENTOR_QAS] SQLMD readable but 0 rows matched DDATE >= '20260901' -- is SQL Monitor (transaction SQLM) activated on this system?
2026-09-08 10:00:16,371 | INFO     | collectors.rfc_perf | [PRD] 108 STAT records, 0 dialog steps in the window (task mix: 0x12, 0xb, 0xe, AUTOABAP, BTC, BUF.SYNC, OTHER, SPOOL) -- no GUI activity, metric left absent
2026-09-08 10:00:16,668 | INFO     | collectors.rfc_perf | [PRD] response time: STAT records unavailable, using ST03N aggregates
2026-09-08 10:00:16,840 | INFO     | collectors.rfc_perf | [PRD] SQLMD readable but 0 rows matched DDATE >= '20260901' -- is SQL Monitor (transaction SQLM) activated on this system?
2026-09-08 10:01:15,666 | INFO     | collectors.rfc_perf | [CENTOR_QAS] 48 STAT records, 0 dialog steps in the window (task mix: 0x12, 0xb, 0xe, 0xf, AUTOABAP, BTC, BUF.SYNC, OTHER, SPOOL) -- no GUI activity, metric left absent
2026-09-08 10:01:15,741 | INFO     | collectors.rfc_perf | [CENTOR_QAS] response time: no dialog steps in the last 5 min and no ST03N aggregate -- metric left absent (system idle or collector off)
2026-09-08 10:01:15,866 | INFO     | collectors.rfc_perf | [CENTOR_QAS] SQLMD readable but 0 rows matched DDATE >= '20260901' -- is SQL Monitor (transaction SQLM) activated on this system?
2026-09-08 10:01:56,828 | INFO     | collectors.rfc_perf | [PRD] 116 STAT records, 0 dialog steps in the window (task mix: 0x12, 0xb, 0xe, 0xf7, AUTOABAP, BTC, BUF.SYNC, OTHER, SPOOL) -- no GUI activity, metric left absent
2026-09-08 10:01:57,281 | INFO     | collectors.rfc_perf | [PRD] response time: STAT records unavailable, using ST03N aggregates
2026-09-08 10:01:57,640 | INFO     | collectors.rfc_perf | [PRD] SQLMD readable but 0 rows matched DDATE >= '20260901' -- is SQL Monitor (transaction SQLM) activated on this system?
2026-09-08 10:02:21,662 | INFO     | collectors.rfc_perf | [CENTOR_QAS] SQLMD readable but 0 rows matched DDATE >= '20260901' -- is SQL Monitor (transaction SQLM) activated on this system?
2026-09-08 10:03:03,062 | INFO     | collectors.rfc_perf | [PRD] 111 STAT records, 0 dialog steps in the window (task mix: 0x12, 0xb, 0xe, 0xf7, AUTOABAP, BTC, BUF.SYNC, OTHER, SPOOL) -- no GUI activity, metric left absent
2026-09-08 10:03:03,445 | INFO     | collectors.rfc_perf | [PRD] response time: STAT records unavailable, using ST03N aggregates
2026-09-08 10:03:03,765 | INFO     | collectors.rfc_perf | [PRD] SQLMD readable but 0 rows matched DDATE >= '20260901' -- is SQL Monitor (transaction SQLM) activated on this system?
2026-09-08 10:03:23,491 | INFO     | collectors.rfc_perf | [CENTOR_QAS] SQLMD readable but 0 rows matched DDATE >= '20260901' -- is SQL Monitor (transaction SQLM) activated on this system?
2026-09-08 10:03:33,116 | INFO     | collectors.ccms_os | [QAS] CCMS OS read unavailable -- XMI logon: XM004: No authorization for XAL
2026-09-08 10:03:33,119 | INFO     | collectors.ccms_os | [QAS] CCMS OS read unavailable -- XMI logon: BAPI_XMI_LOGON not callable -- RFC user lacks S_XMI_PROD, or the BAPI is not remote-enabled on this release
2026-09-08 10:03:33,131 | INFO     | collectors.ccms_os | [QAS] CCMS OS monitor 'Operating System': matched cpu=2, load_5m=2, mem_free=2, mem_total=2
2026-09-08 10:03:33,145 | INFO     | collectors.ccms_os | [QAS] CCMS OS monitor 'Operating System': matched mem_free=1, mem_total=1
2026-09-08 10:03:33,150 | INFO     | collectors.ccms_os | [QAS] CCMS OS monitor 'Operating System': matched cpu_idle=1
2026-09-08 10:03:33,163 | INFO     | collectors.ccms_os | [QAS] CCMS OS monitor 'Operating System': matched cpu=1
2026-09-08 10:03:33,207 | WARNING  | collectors.rfc_live | [QAS] live perf read failed: RuntimeError: x
2026-09-08 10:03:33,262 | WARNING  | collectors.rfc_live | [PRD] live perf read failed: RuntimeError: STAT table gone
2026-09-08 10:03:33,277 | INFO     | collectors.ccms_os | [PRD] CCMS OS read unavailable -- XMI logon: BAPI_XMI_LOGON not callable -- RFC user lacks S_XMI_PROD, or the BAPI is not remote-enabled on this release
2026-09-08 10:03:33,285 | INFO     | collectors.ccms_os | [PRD] CCMS OS read unavailable -- XMI logon: BAPI_XMI_LOGON not callable -- RFC user lacks S_XMI_PROD, or the BAPI is not remote-enabled on this release
2026-09-08 10:03:33,287 | WARNING  | collectors.rfc_live | [PRD] live perf read failed: TimeoutError: STAT read timed out
2026-09-08 10:03:33,455 | INFO     | collectors.rfc_perf | [PRD] STAT read returned 0 records in the last 5 minutes
2026-09-08 10:03:33,455 | INFO     | collectors.rfc_perf | [PRD] response time: no dialog steps in the last 5 min and no ST03N aggregate -- metric left absent (system idle or collector off)
2026-09-08 10:03:33,455 | INFO     | collectors.rfc_perf | [PRD] response time: SWNC_GET_STATRECS_FRAME not callable
2026-09-08 10:03:33,457 | INFO     | collectors.rfc_perf | [PRD] SQLMD: no field info returned -- table absent or not readable
2026-09-08 10:03:33,538 | INFO     | collectors.rfc_perf | [PRD] STAT read returned 0 records in the last 5 minutes
2026-09-08 10:03:33,539 | INFO     | collectors.rfc_perf | [PRD] response time: no dialog steps in the last 5 min and no ST03N aggregate -- metric left absent (system idle or collector off)
2026-09-08 10:03:33,539 | INFO     | collectors.rfc_perf | [PRD] response time: SWNC_GET_STATRECS_FRAME not callable
2026-09-08 10:03:33,540 | INFO     | collectors.rfc_perf | [PRD] SQLMD: no field info returned -- table absent or not readable
2026-09-08 10:03:33,659 | INFO     | collectors.rfc_perf | [PRD] SQLMD: no field info returned -- table absent or not readable
2026-09-08 10:03:33,665 | INFO     | collectors.rfc_perf | [PRD] 1 STAT records, 0 dialog steps in the window (task mix: RFC) -- no GUI activity, metric left absent
2026-09-08 10:03:33,665 | INFO     | collectors.rfc_perf | [PRD] response time: no dialog steps in the last 5 min and no ST03N aggregate -- metric left absent (system idle or collector off)
2026-09-08 10:03:33,666 | INFO     | collectors.rfc_perf | [PRD] SQLMD: no field info returned -- table absent or not readable
2026-09-08 10:03:33,669 | INFO     | collectors.rfc_perf | [PRD] STAT read returned 0 records in the last 5 minutes
2026-09-08 10:03:33,672 | INFO     | collectors.rfc_perf | [PRD] response time: no dialog steps in the last 5 min and no ST03N aggregate -- metric left absent (system idle or collector off)
2026-09-08 10:03:33,673 | INFO     | collectors.rfc_perf | [PRD] response time: SWNC_GET_STATRECS_FRAME not callable
2026-09-08 10:03:33,769 | INFO     | collectors.rfc_perf | [PRD] SQLMD: no field info returned -- table absent or not readable
2026-09-08 10:03:33,772 | INFO     | collectors.rfc_perf | [PRD] STAT read returned 0 records in the last 5 minutes
2026-09-08 10:03:33,773 | INFO     | collectors.rfc_perf | [PRD] response time: no dialog steps in the last 5 min and no ST03N aggregate -- metric left absent (system idle or collector off)
2026-09-08 10:03:33,774 | INFO     | collectors.rfc_perf | [PRD] response time: SWNC_GET_STATRECS_FRAME not callable
2026-09-08 10:03:33,835 | INFO     | collectors.rfc_perf | [PRD] STAT read returned 0 records in the last 5 minutes
2026-09-08 10:03:33,836 | INFO     | collectors.rfc_perf | [PRD] response time: no dialog steps in the last 5 min and no ST03N aggregate -- metric left absent (system idle or collector off)
2026-09-08 10:03:33,836 | INFO     | collectors.rfc_perf | [PRD] response time: SWNC_GET_STATRECS_FRAME not callable
2026-09-08 10:03:33,837 | INFO     | collectors.rfc_perf | [PRD] SQLMD readable but 0 rows matched DDATE >= '20260901' -- is SQL Monitor (transaction SQLM) activated on this system?
2026-09-08 10:03:33,841 | INFO     | collectors.rfc_perf | [PRD] STAT read returned 0 records in the last 5 minutes
2026-09-08 10:03:33,842 | INFO     | collectors.rfc_perf | [PRD] response time: no dialog steps in the last 5 min and no ST03N aggregate -- metric left absent (system idle or collector off)
2026-09-08 10:03:33,844 | INFO     | collectors.rfc_perf | [PRD] response time: SWNC_GET_STATRECS_FRAME not callable
2026-09-08 10:03:33,907 | INFO     | collectors.rfc_perf | [PRD] STAT read returned 0 records in the last 5 minutes
2026-09-08 10:03:33,908 | INFO     | collectors.rfc_perf | [PRD] response time: no dialog steps in the last 5 min and no ST03N aggregate -- metric left absent (system idle or collector off)
2026-09-08 10:03:33,908 | INFO     | collectors.rfc_perf | [PRD] response time: SWNC_GET_STATRECS_FRAME not callable
2026-09-08 10:03:33,909 | WARNING  | collectors.rfc_perf | [PRD] SQLMD present but essential columns not matched. Have: ['SOMETHING', 'ELSE']. Looked for program in ['PROGNAME', 'PROGRAM_NAME', 'PROGRAM', 'ENTRY_PROGRAM'] and time in ['DBSUM', 'TOTAL_DB_TIME', 'TOTAL_TIME', 'SUM_TIME'].
2026-09-08 10:03:33,914 | INFO     | collectors.rfc_perf | [PRD] STAT read returned 0 records in the last 5 minutes
2026-09-08 10:03:33,915 | INFO     | collectors.rfc_perf | [PRD] response time: no dialog steps in the last 5 min and no ST03N aggregate -- metric left absent (system idle or collector off)
2026-09-08 10:03:33,915 | INFO     | collectors.rfc_perf | [PRD] response time: SWNC_GET_STATRECS_FRAME not callable
2026-09-08 10:03:33,916 | INFO     | collectors.rfc_perf | [PRD] SQLMD: no field info returned -- table absent or not readable
2026-09-08 10:03:33,919 | INFO     | collectors.rfc_perf | [PRD] STAT read returned 0 records in the last 5 minutes
2026-09-08 10:03:33,923 | INFO     | collectors.rfc_perf | [PRD] response time: no dialog steps in the last 5 min and no ST03N aggregate -- metric left absent (system idle or collector off)
2026-09-08 10:03:33,926 | INFO     | collectors.rfc_perf | [PRD] response time: SWNC_GET_STATRECS_FRAME not callable
2026-09-08 10:03:33,932 | INFO     | collectors.rfc_perf | [PRD] STAT read returned 0 records in the last 5 minutes
2026-09-08 10:03:33,933 | INFO     | collectors.rfc_perf | [PRD] response time: no dialog steps in the last 5 min and no ST03N aggregate -- metric left absent (system idle or collector off)
2026-09-08 10:03:33,933 | INFO     | collectors.rfc_perf | [PRD] response time: SWNC_GET_STATRECS_FRAME not callable
2026-09-08 10:03:34,023 | INFO     | collectors.rfc_perf | [PRD] STAT read returned 0 records in the last 5 minutes
2026-09-08 10:03:34,025 | INFO     | collectors.rfc_perf | [PRD] response time: no dialog steps in the last 5 min and no ST03N aggregate -- metric left absent (system idle or collector off)
2026-09-08 10:03:34,025 | INFO     | collectors.rfc_perf | [PRD] response time: SWNC_GET_STATRECS_FRAME not callable
2026-09-08 10:03:34,105 | INFO     | collectors.rfc_perf | [PRD] SQLMD: no field info returned -- table absent or not readable
2026-09-08 10:03:34,109 | INFO     | collectors.rfc_perf | [PRD] STAT read returned 0 records in the last 5 minutes
2026-09-08 10:03:34,110 | INFO     | collectors.rfc_perf | [PRD] response time: STAT records unavailable, using ST03N aggregates
2026-09-08 10:03:34,188 | INFO     | collectors.rfc_perf | [PRD] SQLMD: no field info returned -- table absent or not readable
2026-09-08 10:03:34,242 | INFO     | collectors.rfc_perf | [PRD] SQLMD: no field info returned -- table absent or not readable
2026-09-08 10:03:34,246 | INFO     | collectors.rfc_perf | [PRD] STAT read returned 0 records in the last 5 minutes
2026-09-08 10:03:34,246 | INFO     | collectors.rfc_perf | [PRD] response time: STAT records unavailable, using ST03N aggregates
2026-09-08 10:03:34,423 | INFO     | collectors.rfc_perf | [PRD] SQLMD: no field info returned -- table absent or not readable
2026-09-08 10:03:34,426 | INFO     | collectors.rfc_perf | [PRD] 1 STAT records, 0 dialog steps in the window (task mix: BTC) -- no GUI activity, metric left absent
2026-09-08 10:03:34,426 | INFO     | collectors.rfc_perf | [PRD] response time: no dialog steps in the last 5 min and no ST03N aggregate -- metric left absent (system idle or collector off)
2026-09-08 10:03:34,504 | INFO     | collectors.rfc_perf | [PRD] SQLMD: no field info returned -- table absent or not readable
2026-09-08 10:03:34,508 | INFO     | collectors.rfc_perf | [PRD] STAT read returned 0 records in the last 5 minutes
2026-09-08 10:03:34,508 | INFO     | collectors.rfc_perf | [PRD] response time: no dialog steps in the last 5 min and no ST03N aggregate -- metric left absent (system idle or collector off)
2026-09-08 10:03:34,508 | INFO     | collectors.rfc_perf | [PRD] response time: SWNC_GET_STATRECS_FRAME not callable
2026-09-08 10:03:34,582 | INFO     | collectors.rfc_perf | [PRD] SQLMD: no field info returned -- table absent or not readable
2026-09-08 10:03:34,585 | INFO     | collectors.rfc_perf | [PRD] STAT read returned 0 records in the last 5 minutes
2026-09-08 10:03:34,585 | INFO     | collectors.rfc_perf | [PRD] response time: no dialog steps in the last 5 min and no ST03N aggregate -- metric left absent (system idle or collector off)
2026-09-08 10:03:34,586 | INFO     | collectors.rfc_perf | [PRD] response time: SWNC_GET_STATRECS_FRAME not callable
2026-09-08 10:03:34,586 | WARNING  | collectors.rfc_perf | [PRD] lock owner stamps run 330 min ahead of SAP system time -- OS time zone on the app server differs from the SAP time zone. Ages corrected; tell Basis.
2026-09-08 10:03:34,666 | INFO     | collectors.rfc_perf | [PRD] STAT read returned 0 records in the last 5 minutes
2026-09-08 10:03:34,667 | INFO     | collectors.rfc_perf | [PRD] response time: no dialog steps in the last 5 min and no ST03N aggregate -- metric left absent (system idle or collector off)
2026-09-08 10:03:34,667 | INFO     | collectors.rfc_perf | [PRD] response time: SWNC_GET_STATRECS_FRAME not callable
2026-09-08 10:03:42,638 | INFO     | collectors.ccms_os | [CENTOR_QAS] CCMS OS monitor 'Operating System': matched cpu=1, load_5m=1, mem_free=1, mem_total=1, swap_free=1
2026-09-08 10:04:58,666 | INFO     | collectors.ccms_os | [CENTOR_QAS] CCMS OS monitor 'Operating System': matched cpu=1, load_5m=1, mem_free=1, mem_total=1, swap_free=1
2026-09-08 10:08:48,504 | INFO     | collectors.ccms_os | [QAS] CCMS OS read unavailable -- XMI logon: XM004: No authorization for XAL
2026-09-08 10:08:48,508 | INFO     | collectors.ccms_os | [QAS] CCMS OS read unavailable -- XMI logon: BAPI_XMI_LOGON not callable -- RFC user lacks S_XMI_PROD, or the BAPI is not remote-enabled on this release
2026-09-08 10:08:48,529 | INFO     | collectors.ccms_os | [QAS] CCMS OS monitor 'Operating System': matched cpu=2, load_5m=2, mem_free=2, mem_total=2
2026-09-08 10:08:48,539 | INFO     | collectors.ccms_os | [QAS] CCMS OS monitor 'Operating System': matched mem_free=1, mem_total=1
2026-09-08 10:08:48,544 | INFO     | collectors.ccms_os | [QAS] CCMS OS monitor 'Operating System': matched cpu_idle=1
2026-09-08 10:08:48,563 | INFO     | collectors.ccms_os | [QAS] CCMS OS monitor 'Operating System': matched cpu=1
2026-09-08 10:08:48,624 | WARNING  | collectors.rfc_live | [QAS] live perf read failed: RuntimeError: x
2026-09-08 10:08:48,685 | WARNING  | collectors.rfc_live | [PRD] live perf read failed: RuntimeError: STAT table gone
2026-09-08 10:08:48,698 | INFO     | collectors.ccms_os | [PRD] CCMS OS read unavailable -- XMI logon: BAPI_XMI_LOGON not callable -- RFC user lacks S_XMI_PROD, or the BAPI is not remote-enabled on this release
2026-09-08 10:08:48,706 | INFO     | collectors.ccms_os | [PRD] CCMS OS read unavailable -- XMI logon: BAPI_XMI_LOGON not callable -- RFC user lacks S_XMI_PROD, or the BAPI is not remote-enabled on this release
2026-09-08 10:08:48,707 | WARNING  | collectors.rfc_live | [PRD] live perf read failed: TimeoutError: STAT read timed out
2026-09-08 10:08:48,967 | INFO     | collectors.rfc_perf | [PRD] STAT read returned 0 records in the last 5 minutes
2026-09-08 10:08:48,967 | INFO     | collectors.rfc_perf | [PRD] response time: no dialog steps in the last 5 min and no ST03N aggregate -- metric left absent (system idle or collector off)
2026-09-08 10:08:48,967 | INFO     | collectors.rfc_perf | [PRD] response time: SWNC_GET_STATRECS_FRAME not callable
2026-09-08 10:08:48,969 | INFO     | collectors.rfc_perf | [PRD] SQLMD: no field info returned -- table absent or not readable
2026-09-08 10:08:49,044 | INFO     | collectors.rfc_perf | [PRD] STAT read returned 0 records in the last 5 minutes
2026-09-08 10:08:49,044 | INFO     | collectors.rfc_perf | [PRD] response time: no dialog steps in the last 5 min and no ST03N aggregate -- metric left absent (system idle or collector off)
2026-09-08 10:08:49,046 | INFO     | collectors.rfc_perf | [PRD] response time: SWNC_GET_STATRECS_FRAME not callable
2026-09-08 10:08:49,046 | INFO     | collectors.rfc_perf | [PRD] SQLMD: no field info returned -- table absent or not readable
2026-09-08 10:08:49,185 | INFO     | collectors.rfc_perf | [PRD] SQLMD: no field info returned -- table absent or not readable
2026-09-08 10:08:49,190 | INFO     | collectors.rfc_perf | [PRD] 1 STAT records, 0 dialog steps in the window (task mix: RFC) -- no GUI activity, metric left absent
2026-09-08 10:08:49,192 | INFO     | collectors.rfc_perf | [PRD] response time: no dialog steps in the last 5 min and no ST03N aggregate -- metric left absent (system idle or collector off)
2026-09-08 10:08:49,192 | INFO     | collectors.rfc_perf | [PRD] SQLMD: no field info returned -- table absent or not readable
2026-09-08 10:08:49,196 | INFO     | collectors.rfc_perf | [PRD] STAT read returned 0 records in the last 5 minutes
2026-09-08 10:08:49,197 | INFO     | collectors.rfc_perf | [PRD] response time: no dialog steps in the last 5 min and no ST03N aggregate -- metric left absent (system idle or collector off)
2026-09-08 10:08:49,198 | INFO     | collectors.rfc_perf | [PRD] response time: SWNC_GET_STATRECS_FRAME not callable
2026-09-08 10:08:49,290 | INFO     | collectors.rfc_perf | [PRD] SQLMD: no field info returned -- table absent or not readable
2026-09-08 10:08:49,293 | INFO     | collectors.rfc_perf | [PRD] STAT read returned 0 records in the last 5 minutes
2026-09-08 10:08:49,294 | INFO     | collectors.rfc_perf | [PRD] response time: no dialog steps in the last 5 min and no ST03N aggregate -- metric left absent (system idle or collector off)
2026-09-08 10:08:49,294 | INFO     | collectors.rfc_perf | [PRD] response time: SWNC_GET_STATRECS_FRAME not callable
2026-09-08 10:08:49,353 | INFO     | collectors.rfc_perf | [PRD] STAT read returned 0 records in the last 5 minutes
2026-09-08 10:08:49,354 | INFO     | collectors.rfc_perf | [PRD] response time: no dialog steps in the last 5 min and no ST03N aggregate -- metric left absent (system idle or collector off)
2026-09-08 10:08:49,354 | INFO     | collectors.rfc_perf | [PRD] response time: SWNC_GET_STATRECS_FRAME not callable
2026-09-08 10:08:49,354 | INFO     | collectors.rfc_perf | [PRD] SQLMD readable but 0 rows matched DDATE >= '20260901' -- is SQL Monitor (transaction SQLM) activated on this system?
2026-09-08 10:08:49,359 | INFO     | collectors.rfc_perf | [PRD] STAT read returned 0 records in the last 5 minutes
2026-09-08 10:08:49,359 | INFO     | collectors.rfc_perf | [PRD] response time: no dialog steps in the last 5 min and no ST03N aggregate -- metric left absent (system idle or collector off)
2026-09-08 10:08:49,359 | INFO     | collectors.rfc_perf | [PRD] response time: SWNC_GET_STATRECS_FRAME not callable
2026-09-08 10:08:49,425 | INFO     | collectors.rfc_perf | [PRD] STAT read returned 0 records in the last 5 minutes
2026-09-08 10:08:49,426 | INFO     | collectors.rfc_perf | [PRD] response time: no dialog steps in the last 5 min and no ST03N aggregate -- metric left absent (system idle or collector off)
2026-09-08 10:08:49,426 | INFO     | collectors.rfc_perf | [PRD] response time: SWNC_GET_STATRECS_FRAME not callable
2026-09-08 10:08:49,427 | WARNING  | collectors.rfc_perf | [PRD] SQLMD present but essential columns not matched. Have: ['SOMETHING', 'ELSE']. Looked for program in ['PROGNAME', 'PROGRAM_NAME', 'PROGRAM', 'ENTRY_PROGRAM'] and time in ['DBSUM', 'TOTAL_DB_TIME', 'TOTAL_TIME', 'SUM_TIME'].
2026-09-08 10:08:49,431 | INFO     | collectors.rfc_perf | [PRD] STAT read returned 0 records in the last 5 minutes
2026-09-08 10:08:49,432 | INFO     | collectors.rfc_perf | [PRD] response time: no dialog steps in the last 5 min and no ST03N aggregate -- metric left absent (system idle or collector off)
2026-09-08 10:08:49,433 | INFO     | collectors.rfc_perf | [PRD] response time: SWNC_GET_STATRECS_FRAME not callable
2026-09-08 10:08:49,434 | INFO     | collectors.rfc_perf | [PRD] SQLMD: no field info returned -- table absent or not readable
2026-09-08 10:08:49,437 | INFO     | collectors.rfc_perf | [PRD] STAT read returned 0 records in the last 5 minutes
2026-09-08 10:08:49,438 | INFO     | collectors.rfc_perf | [PRD] response time: no dialog steps in the last 5 min and no ST03N aggregate -- metric left absent (system idle or collector off)
2026-09-08 10:08:49,443 | INFO     | collectors.rfc_perf | [PRD] response time: SWNC_GET_STATRECS_FRAME not callable
2026-09-08 10:08:49,449 | INFO     | collectors.rfc_perf | [PRD] STAT read returned 0 records in the last 5 minutes
2026-09-08 10:08:49,450 | INFO     | collectors.rfc_perf | [PRD] response time: no dialog steps in the last 5 min and no ST03N aggregate -- metric left absent (system idle or collector off)
2026-09-08 10:08:49,450 | INFO     | collectors.rfc_perf | [PRD] response time: SWNC_GET_STATRECS_FRAME not callable
2026-09-08 10:08:49,539 | INFO     | collectors.rfc_perf | [PRD] STAT read returned 0 records in the last 5 minutes
2026-09-08 10:08:49,539 | INFO     | collectors.rfc_perf | [PRD] response time: no dialog steps in the last 5 min and no ST03N aggregate -- metric left absent (system idle or collector off)
2026-09-08 10:08:49,540 | INFO     | collectors.rfc_perf | [PRD] response time: SWNC_GET_STATRECS_FRAME not callable
2026-09-08 10:08:49,626 | INFO     | collectors.rfc_perf | [PRD] SQLMD: no field info returned -- table absent or not readable
2026-09-08 10:08:49,631 | INFO     | collectors.rfc_perf | [PRD] STAT read returned 0 records in the last 5 minutes
2026-09-08 10:08:49,632 | INFO     | collectors.rfc_perf | [PRD] response time: STAT records unavailable, using ST03N aggregates
2026-09-08 10:08:49,714 | INFO     | collectors.rfc_perf | [PRD] SQLMD: no field info returned -- table absent or not readable
2026-09-08 10:08:49,777 | INFO     | collectors.rfc_perf | [PRD] SQLMD: no field info returned -- table absent or not readable
2026-09-08 10:08:49,781 | INFO     | collectors.rfc_perf | [PRD] STAT read returned 0 records in the last 5 minutes
2026-09-08 10:08:49,781 | INFO     | collectors.rfc_perf | [PRD] response time: STAT records unavailable, using ST03N aggregates
2026-09-08 10:08:49,860 | INFO     | collectors.rfc_perf | [PRD] SQLMD: no field info returned -- table absent or not readable
2026-09-08 10:08:49,863 | INFO     | collectors.rfc_perf | [PRD] 1 STAT records, 0 dialog steps in the window (task mix: BTC) -- no GUI activity, metric left absent
2026-09-08 10:08:49,863 | INFO     | collectors.rfc_perf | [PRD] response time: no dialog steps in the last 5 min and no ST03N aggregate -- metric left absent (system idle or collector off)
2026-09-08 10:08:49,945 | INFO     | collectors.rfc_perf | [PRD] SQLMD: no field info returned -- table absent or not readable
2026-09-08 10:08:49,948 | INFO     | collectors.rfc_perf | [PRD] STAT read returned 0 records in the last 5 minutes
2026-09-08 10:08:49,948 | INFO     | collectors.rfc_perf | [PRD] response time: no dialog steps in the last 5 min and no ST03N aggregate -- metric left absent (system idle or collector off)
2026-09-08 10:08:49,949 | INFO     | collectors.rfc_perf | [PRD] response time: SWNC_GET_STATRECS_FRAME not callable
2026-09-08 10:08:50,028 | INFO     | collectors.rfc_perf | [PRD] SQLMD: no field info returned -- table absent or not readable
2026-09-08 10:08:50,031 | INFO     | collectors.rfc_perf | [PRD] STAT read returned 0 records in the last 5 minutes
2026-09-08 10:08:50,031 | INFO     | collectors.rfc_perf | [PRD] response time: no dialog steps in the last 5 min and no ST03N aggregate -- metric left absent (system idle or collector off)
2026-09-08 10:08:50,032 | INFO     | collectors.rfc_perf | [PRD] response time: SWNC_GET_STATRECS_FRAME not callable
2026-09-08 10:08:50,032 | WARNING  | collectors.rfc_perf | [PRD] lock owner stamps run 330 min ahead of SAP system time -- OS time zone on the app server differs from the SAP time zone. Ages corrected; tell Basis.
2026-09-08 10:08:50,116 | INFO     | collectors.rfc_perf | [PRD] STAT read returned 0 records in the last 5 minutes
2026-09-08 10:08:50,116 | INFO     | collectors.rfc_perf | [PRD] response time: no dialog steps in the last 5 min and no ST03N aggregate -- metric left absent (system idle or collector off)
2026-09-08 10:08:50,117 | INFO     | collectors.rfc_perf | [PRD] response time: SWNC_GET_STATRECS_FRAME not callable
2026-09-08 10:08:56,074 | INFO     | collectors.ccms_os | [CENTOR_QAS] CCMS OS monitor 'Operating System': matched cpu=1, load_5m=1, mem_free=1, mem_total=1, swap_free=1
2026-09-08 10:09:01,000 | INFO     | collectors.rfc_perf | [CENTOR_QAS] 36 STAT records, 0 dialog steps in the window (task mix: 0x12, 0xb, 0xe, 0xf, AUTOABAP, BTC, BUF.SYNC, OTHER, SPOOL) -- no GUI activity, metric left absent
2026-09-08 10:09:02,118 | INFO     | collectors.rfc_perf | [CENTOR_QAS] response time: no dialog steps in the last 5 min and no ST03N aggregate -- metric left absent (system idle or collector off)
2026-09-08 10:09:02,635 | INFO     | collectors.rfc_perf | [CENTOR_QAS] SQLMD readable but 0 rows matched DDATE >= '20260901' -- is SQL Monitor (transaction SQLM) activated on this system?
2026-09-08 10:09:06,509 | INFO     | collectors.rfc_perf | [PRD] 105 STAT records, 0 dialog steps in the window (task mix: 0x12, 0xb, 0xe, AUTOABAP, BTC, BUF.SYNC, OTHER, SPOOL) -- no GUI activity, metric left absent
2026-09-08 10:09:07,511 | INFO     | collectors.rfc_perf | [PRD] response time: STAT records unavailable, using ST03N aggregates
2026-09-08 10:09:07,515 | INFO     | collectors.rfc_perf | [PRD] 107 STAT records, 0 dialog steps in the window (task mix: 0x12, 0xb, 0xe, AUTOABAP, BTC, BUF.SYNC, OTHER, SPOOL) -- no GUI activity, metric left absent
2026-09-08 10:09:07,896 | INFO     | collectors.rfc_perf | [PRD] response time: STAT records unavailable, using ST03N aggregates
2026-09-08 10:09:08,000 | WARNING  | collectors.rfc_perf | [PRD] lock owner stamps run 330 min ahead of SAP system time -- OS time zone on the app server differs from the SAP time zone. Ages corrected; tell Basis.
2026-09-08 10:09:08,670 | INFO     | collectors.rfc_perf | [PRD] SQLMD readable but 0 rows matched DDATE >= '20260901' -- is SQL Monitor (transaction SQLM) activated on this system?
2026-09-08 10:09:08,708 | INFO     | collectors.rfc_perf | [PRD] SQLMD readable but 0 rows matched DDATE >= '20260901' -- is SQL Monitor (transaction SQLM) activated on this system?
2026-09-08 10:10:13,947 | INFO     | collectors.rfc_perf | [CENTOR_QAS] 49 STAT records, 0 dialog steps in the window (task mix: 0x12, 0xb, 0xe, 0xf, AUTOABAP, BTC, BUF.SYNC, OTHER, SPOOL) -- no GUI activity, metric left absent
2026-09-08 10:10:14,018 | INFO     | collectors.rfc_perf | [CENTOR_QAS] response time: no dialog steps in the last 5 min and no ST03N aggregate -- metric left absent (system idle or collector off)
2026-09-08 10:10:14,167 | INFO     | collectors.rfc_perf | [CENTOR_QAS] SQLMD readable but 0 rows matched DDATE >= '20260901' -- is SQL Monitor (transaction SQLM) activated on this system?
2026-09-08 10:10:14,622 | INFO     | collectors.rfc_perf | [PRD] 111 STAT records, 0 dialog steps in the window (task mix: 0x12, 0xb, 0xe, AUTOABAP, BTC, BUF.SYNC, OTHER, SPOOL) -- no GUI activity, metric left absent
2026-09-08 10:10:15,026 | INFO     | collectors.rfc_perf | [PRD] response time: STAT records unavailable, using ST03N aggregates
2026-09-08 10:10:15,192 | INFO     | collectors.rfc_perf | [PRD] SQLMD readable but 0 rows matched DDATE >= '20260901' -- is SQL Monitor (transaction SQLM) activated on this system?
2026-09-08 10:26:27,159 | INFO     | collectors.ccms_os | [CENTOR_QAS] CCMS OS monitor 'Operating System': matched cpu=1, load_5m=1, mem_free=1, mem_total=1, swap_free=1
2026-09-08 10:26:27,773 | INFO     | collectors.rfc_perf | [CENTOR_QAS] SQLMD readable but 0 rows matched DDATE >= '20260901' -- is SQL Monitor (transaction SQLM) activated on this system?
2026-09-08 10:26:28,300 | INFO     | collectors.rfc_perf | [PRD] 103 STAT records, 0 dialog steps in the window (task mix: 0x12, 0xb, 0xe, AUTOABAP, BTC, BUF.SYNC, OTHER, SPOOL) -- no GUI activity, metric left absent
2026-09-08 10:26:28,740 | INFO     | collectors.rfc_perf | [PRD] response time: STAT records unavailable, using ST03N aggregates
2026-09-08 10:26:29,002 | INFO     | collectors.rfc_perf | [PRD] SQLMD readable but 0 rows matched DDATE >= '20260901' -- is SQL Monitor (transaction SQLM) activated on this system?
2026-09-08 10:28:07,282 | INFO     | collectors.rfc_perf | [CENTOR_QAS] SQLMD readable but 0 rows matched DDATE >= '20260901' -- is SQL Monitor (transaction SQLM) activated on this system?
2026-09-08 10:28:07,722 | INFO     | collectors.rfc_perf | [PRD] 108 STAT records, 0 dialog steps in the window (task mix: 0x12, 0xb, 0xe, AUTOABAP, BTC, BUF.SYNC, OTHER, SPOOL) -- no GUI activity, metric left absent
2026-09-08 10:28:08,289 | INFO     | collectors.rfc_perf | [PRD] response time: STAT records unavailable, using ST03N aggregates
2026-09-08 10:28:08,504 | INFO     | collectors.rfc_perf | [PRD] SQLMD readable but 0 rows matched DDATE >= '20260901' -- is SQL Monitor (transaction SQLM) activated on this system?
2026-09-08 10:29:08,715 | INFO     | collectors.rfc_perf | [CENTOR_QAS] SQLMD readable but 0 rows matched DDATE >= '20260901' -- is SQL Monitor (transaction SQLM) activated on this system?
2026-09-08 10:29:09,154 | INFO     | collectors.rfc_perf | [PRD] 106 STAT records, 0 dialog steps in the window (task mix: 0x12, 0xb, 0xe, AUTOABAP, BTC, BUF.SYNC, OTHER, SPOOL) -- no GUI activity, metric left absent
2026-09-08 10:29:09,593 | INFO     | collectors.rfc_perf | [PRD] response time: STAT records unavailable, using ST03N aggregates
2026-09-08 10:29:09,882 | INFO     | collectors.rfc_perf | [PRD] SQLMD readable but 0 rows matched DDATE >= '20260901' -- is SQL Monitor (transaction SQLM) activated on this system?
2026-09-08 10:30:16,829 | INFO     | main | ===== Pipeline START for system SARLOHA QAS =====
2026-09-08 10:30:16,830 | INFO     | main | SARLOHA QAS: has_os_access=false -- skipping OS/SSH metrics entirely (not attempting).
2026-09-08 10:30:18,126 | INFO     | sap_gui.launcher | Launching SAP Logon: C:\Program Files (x86)\SAP\FrontEnd\SAPgui\saplogon.exe
2026-09-08 10:30:22,448 | INFO     | sap_gui.launcher | SAP Logon 800 pad is visible.
2026-09-08 10:30:23,449 | INFO     | sap_gui.launcher | Selecting connection: SARLOHA QAS
2026-09-08 10:30:29,071 | INFO     | sap_gui.launcher | Opened connection 'SARLOHA QAS' via keyboard activation.
2026-09-08 10:30:31,075 | INFO     | sap_gui.connection | Finding SAP login window...
2026-09-08 10:30:31,274 | INFO     | sap_gui.connection | SAP login window found: 'SAP' (pattern '^SAP$').
2026-09-08 10:30:32,311 | INFO     | sap_gui.connection | Moving to Client field...
2026-09-08 10:30:32,859 | INFO     | sap_gui.connection | Clearing existing Client value...
2026-09-08 10:30:33,300 | INFO     | sap_gui.connection | Entering Client: 500
2026-09-08 10:30:34,226 | INFO     | sap_gui.connection | Entering Username: basis
2026-09-08 10:30:35,167 | INFO     | sap_gui.connection | Entering Password... (masked)
2026-09-08 10:30:35,749 | INFO     | sap_gui.connection | Client, username and password populated.
2026-09-08 10:30:35,750 | INFO     | sap_gui.connection | Submitting login (ENTER)...
2026-09-08 10:30:37,815 | INFO     | sap_gui.connection | Login submitted.
2026-09-08 10:33:04,692 | INFO     | collectors.ccms_os | [CENTOR_QAS] CCMS OS monitor 'Operating System': matched cpu=1, load_5m=1, mem_free=1, mem_total=1, swap_free=1
2026-09-08 10:33:09,851 | INFO     | collectors.rfc_perf | [CENTOR_QAS] 39 STAT records, 0 dialog steps in the window (task mix: 0x12, 0xb, 0xe, 0xf, AUTOABAP, BTC, BUF.SYNC, OTHER, SPOOL) -- no GUI activity, metric left absent
2026-09-08 10:33:10,919 | INFO     | collectors.rfc_perf | [CENTOR_QAS] response time: no dialog steps in the last 5 min and no ST03N aggregate -- metric left absent (system idle or collector off)
2026-09-08 10:33:11,524 | INFO     | collectors.rfc_perf | [CENTOR_QAS] SQLMD readable but 0 rows matched DDATE >= '20260901' -- is SQL Monitor (transaction SQLM) activated on this system?
2026-09-08 10:33:16,101 | INFO     | collectors.rfc_perf | [PRD] 103 STAT records, 0 dialog steps in the window (task mix: 0x12, 0xb, 0xe, AUTOABAP, BTC, BUF.SYNC, OTHER, SPOOL) -- no GUI activity, metric left absent
2026-09-08 10:33:16,964 | INFO     | collectors.rfc_perf | [PRD] response time: STAT records unavailable, using ST03N aggregates
2026-09-08 10:33:17,332 | INFO     | collectors.rfc_perf | [PRD] 103 STAT records, 0 dialog steps in the window (task mix: 0x12, 0xb, 0xe, AUTOABAP, BTC, BUF.SYNC, OTHER, SPOOL) -- no GUI activity, metric left absent
2026-09-08 10:33:17,333 | WARNING  | collectors.rfc_perf | [PRD] lock owner stamps run 270 min ahead of SAP system time -- OS time zone on the app server differs from the SAP time zone. Ages corrected; tell Basis.
2026-09-08 10:33:17,706 | INFO     | collectors.rfc_perf | [PRD] response time: STAT records unavailable, using ST03N aggregates
2026-09-08 10:33:17,981 | INFO     | collectors.rfc_perf | [PRD] SQLMD readable but 0 rows matched DDATE >= '20260901' -- is SQL Monitor (transaction SQLM) activated on this system?
2026-09-08 10:33:18,228 | INFO     | collectors.rfc_perf | [PRD] SQLMD readable but 0 rows matched DDATE >= '20260901' -- is SQL Monitor (transaction SQLM) activated on this system?
2026-09-08 10:33:21,526 | INFO     | collectors.ccms_os | [SARLOHA QAS] CCMS OS monitor 'Operating System': matched cpu=1, load_5m=1, mem_free=1, mem_total=2, swap_free=1
2026-09-08 10:33:31,629 | INFO     | collectors.rfc_perf | [SARLOHA QAS] SQLMD readable but 0 rows matched DDATE >= '20260901' -- is SQL Monitor (transaction SQLM) activated on this system?
2026-09-08 10:33:31,629 | INFO     | collectors.rfc_perf | [SARLOHA QAS] SQLMD readable but 0 rows matched DDATE >= '20260901' -- is SQL Monitor (transaction SQLM) activated on this system?
2026-09-08 10:34:15,836 | INFO     | collectors.rfc_perf | [CENTOR_QAS] 41 STAT records, 0 dialog steps in the window (task mix: 0x12, 0xb, 0xe, 0xf, AUTOABAP, BTC, BUF.SYNC, OTHER, SPOOL) -- no GUI activity, metric left absent
2026-09-08 10:34:15,910 | INFO     | collectors.rfc_perf | [CENTOR_QAS] response time: no dialog steps in the last 5 min and no ST03N aggregate -- metric left absent (system idle or collector off)
2026-09-08 10:34:16,044 | INFO     | collectors.rfc_perf | [CENTOR_QAS] SQLMD readable but 0 rows matched DDATE >= '20260901' -- is SQL Monitor (transaction SQLM) activated on this system?
2026-09-08 10:35:15,931 | INFO     | collectors.rfc_perf | [PRD] 146 STAT records, 0 dialog steps in the window (task mix: 0x12, 0xb, 0xe, AUTOABAP, BTC, BUF.SYNC, OTHER, SPOOL) -- no GUI activity, metric left absent
2026-09-08 10:35:16,433 | INFO     | collectors.rfc_perf | [PRD] response time: STAT records unavailable, using ST03N aggregates
2026-09-08 10:35:16,528 | WARNING  | collectors.rfc_perf | [PRD] lock owner stamps run 330 min ahead of SAP system time -- OS time zone on the app server differs from the SAP time zone. Ages corrected; tell Basis.
2026-09-08 10:35:16,637 | INFO     | collectors.rfc_perf | [PRD] SQLMD readable but 0 rows matched DDATE >= '20260901' -- is SQL Monitor (transaction SQLM) activated on this system?
2026-09-08 10:35:17,530 | INFO     | collectors.rfc_perf | [SARLOHA QAS] SQLMD readable but 0 rows matched DDATE >= '20260901' -- is SQL Monitor (transaction SQLM) activated on this system?
2026-09-08 10:35:32,536 | INFO     | collectors.rfc_perf | [CENTOR_QAS] 40 STAT records, 0 dialog steps in the window (task mix: 0x12, 0xb, 0xe, 0xf, AUTOABAP, BTC, BUF.SYNC, OTHER, SPOOL) -- no GUI activity, metric left absent
2026-09-08 10:35:32,623 | INFO     | collectors.rfc_perf | [CENTOR_QAS] response time: no dialog steps in the last 5 min and no ST03N aggregate -- metric left absent (system idle or collector off)
2026-09-08 10:35:32,809 | INFO     | collectors.rfc_perf | [CENTOR_QAS] SQLMD readable but 0 rows matched DDATE >= '20260901' -- is SQL Monitor (transaction SQLM) activated on this system?
2026-09-08 10:40:17,721 | INFO     | collectors.rfc_perf | [CENTOR_QAS] 39 STAT records, 0 dialog steps in the window (task mix: 0x12, 0xb, 0xe, 0xf, AUTOABAP, BTC, BUF.SYNC, OTHER, SPOOL) -- no GUI activity, metric left absent
2026-09-08 10:40:17,795 | INFO     | collectors.rfc_perf | [CENTOR_QAS] response time: no dialog steps in the last 5 min and no ST03N aggregate -- metric left absent (system idle or collector off)
2026-09-08 10:40:18,055 | INFO     | collectors.rfc_perf | [CENTOR_QAS] SQLMD readable but 0 rows matched DDATE >= '20260901' -- is SQL Monitor (transaction SQLM) activated on this system?
2026-09-08 10:40:18,696 | INFO     | collectors.rfc_perf | [PRD] 165 STAT records, 0 dialog steps in the window (task mix: 0x12, 0x21, 0xb, 0xe, AUTOABAP, BTC, BUF.SYNC, OTHER, SPOOL) -- no GUI activity, metric left absent
2026-09-08 10:40:19,275 | INFO     | collectors.rfc_perf | [PRD] response time: STAT records unavailable, using ST03N aggregates
2026-09-08 10:40:19,474 | INFO     | collectors.rfc_perf | [PRD] SQLMD readable but 0 rows matched DDATE >= '20260901' -- is SQL Monitor (transaction SQLM) activated on this system?
2026-09-08 10:40:20,254 | INFO     | collectors.rfc_perf | [SARLOHA QAS] 28 STAT records, 0 dialog steps in the window (task mix: 0x12, 0xb, 0xe, 0xf, AUTOABAP, BTC, BUF.SYNC, SPOOL) -- no GUI activity, metric left absent
2026-09-08 10:40:22,127 | INFO     | collectors.rfc_perf | [SARLOHA QAS] response time: STAT records unavailable, using ST03N aggregates
2026-09-08 10:40:22,627 | INFO     | collectors.rfc_perf | [SARLOHA QAS] SQLMD readable but 0 rows matched DDATE >= '20260901' -- is SQL Monitor (transaction SQLM) activated on this system?
2026-09-08 10:41:27,725 | INFO     | collectors.rfc_perf | [CENTOR_QAS] 38 STAT records, 0 dialog steps in the window (task mix: 0x12, 0xb, 0xe, 0xf, AUTOABAP, BTC, BUF.SYNC, OTHER, SPOOL) -- no GUI activity, metric left absent
2026-09-08 10:41:27,799 | INFO     | collectors.rfc_perf | [CENTOR_QAS] response time: no dialog steps in the last 5 min and no ST03N aggregate -- metric left absent (system idle or collector off)
2026-09-08 10:41:28,152 | INFO     | collectors.rfc_perf | [CENTOR_QAS] SQLMD readable but 0 rows matched DDATE >= '20260901' -- is SQL Monitor (transaction SQLM) activated on this system?
2026-09-08 10:41:28,745 | INFO     | collectors.rfc_perf | [PRD] 163 STAT records, 0 dialog steps in the window (task mix: 0x12, 0x21, 0xb, 0xe, AUTOABAP, BTC, BUF.SYNC, OTHER, SPOOL) -- no GUI activity, metric left absent
2026-09-08 10:41:29,046 | INFO     | collectors.rfc_perf | [PRD] response time: STAT records unavailable, using ST03N aggregates
2026-09-08 10:41:29,241 | INFO     | collectors.rfc_perf | [PRD] SQLMD readable but 0 rows matched DDATE >= '20260901' -- is SQL Monitor (transaction SQLM) activated on this system?
2026-09-08 10:41:29,914 | INFO     | collectors.rfc_perf | [SARLOHA QAS] 34 STAT records, 0 dialog steps in the window (task mix: 0x12, 0xb, 0xe, 0xf, AUTOABAP, BTC, BUF.SYNC, OTHER, SPOOL) -- no GUI activity, metric left absent
2026-09-08 10:41:30,389 | INFO     | collectors.rfc_perf | [SARLOHA QAS] response time: STAT records unavailable, using ST03N aggregates
2026-09-08 10:41:30,743 | INFO     | collectors.rfc_perf | [SARLOHA QAS] SQLMD readable but 0 rows matched DDATE >= '20260901' -- is SQL Monitor (transaction SQLM) activated on this system?
2026-09-08 10:42:24,215 | INFO     | main | ===== Pipeline START for system SARLOHA QAS =====
2026-09-08 10:42:24,216 | INFO     | main | SARLOHA QAS: has_os_access=false -- skipping OS/SSH metrics entirely (not attempting).
2026-09-08 10:42:25,848 | INFO     | sap_gui.launcher | Launching SAP Logon: C:\Program Files (x86)\SAP\FrontEnd\SAPgui\saplogon.exe
2026-09-08 10:42:30,552 | INFO     | sap_gui.launcher | SAP Logon 800 pad is visible.
2026-09-08 10:42:31,552 | INFO     | sap_gui.launcher | Selecting connection: SARLOHA QAS
2026-09-08 10:42:37,421 | INFO     | collectors.rfc_perf | [CENTOR_QAS] 47 STAT records, 0 dialog steps in the window (task mix: 0x12, 0xb, 0xe, 0xf, AUTOABAP, BTC, BUF.SYNC, OTHER, SPOOL) -- no GUI activity, metric left absent
2026-09-08 10:42:37,504 | INFO     | collectors.rfc_perf | [CENTOR_QAS] response time: no dialog steps in the last 5 min and no ST03N aggregate -- metric left absent (system idle or collector off)
2026-09-08 10:42:37,578 | INFO     | sap_gui.launcher | Opened connection 'SARLOHA QAS' via keyboard activation.
2026-09-08 10:42:38,093 | INFO     | collectors.rfc_perf | [CENTOR_QAS] SQLMD readable but 0 rows matched DDATE >= '20260901' -- is SQL Monitor (transaction SQLM) activated on this system?
2026-09-08 10:42:39,191 | INFO     | collectors.rfc_perf | [PRD] 143 STAT records, 0 dialog steps in the window (task mix: 0x12, 0xb, 0xe, AUTOABAP, BTC, BUF.SYNC, OTHER, SPOOL) -- no GUI activity, metric left absent
2026-09-08 10:42:39,544 | INFO     | collectors.rfc_perf | [PRD] response time: STAT records unavailable, using ST03N aggregates
2026-09-08 10:42:39,622 | INFO     | sap_gui.connection | Finding SAP login window...
2026-09-08 10:42:39,825 | INFO     | collectors.rfc_perf | [PRD] SQLMD readable but 0 rows matched DDATE >= '20260901' -- is SQL Monitor (transaction SQLM) activated on this system?
2026-09-08 10:42:40,043 | INFO     | sap_gui.connection | SAP login window found: 'SAP' (pattern '^SAP$').
2026-09-08 10:42:41,085 | INFO     | sap_gui.connection | Moving to Client field...
2026-09-08 10:42:41,572 | INFO     | collectors.rfc_perf | [SARLOHA QAS] SQLMD readable but 0 rows matched DDATE >= '20260901' -- is SQL Monitor (transaction SQLM) activated on this system?
2026-09-08 10:42:41,632 | INFO     | sap_gui.connection | Clearing existing Client value...
2026-09-08 10:42:42,107 | INFO     | sap_gui.connection | Entering Client: 500
2026-09-08 10:42:43,051 | INFO     | sap_gui.connection | Entering Username: basis
2026-09-08 10:42:43,994 | INFO     | sap_gui.connection | Entering Password... (masked)
2026-09-08 10:42:44,646 | INFO     | sap_gui.connection | Client, username and password populated.
2026-09-08 10:42:44,646 | INFO     | sap_gui.connection | Submitting login (ENTER)...
2026-09-08 10:42:46,700 | INFO     | sap_gui.connection | Login submitted.
2026-09-08 10:42:47,306 | INFO     | sap_gui.connection | Login verified: SAP session window detected, login screen closed.
2026-09-08 10:42:47,429 | ERROR    | sap_gui.scripting_connection | Failed to get scripting session: SAP connection found but no sessions attached. Try fully closing SAP Logon/SAP GUI and logging in fresh.
2026-09-08 10:42:49,482 | ERROR    | sap_gui.scripting_connection | Failed to get scripting session: SAP connection found but no sessions attached. Try fully closing SAP Logon/SAP GUI and logging in fresh.
2026-09-08 10:42:51,513 | ERROR    | sap_gui.scripting_connection | Failed to get scripting session: SAP connection found but no sessions attached. Try fully closing SAP Logon/SAP GUI and logging in fresh.
2026-09-08 10:42:53,564 | ERROR    | sap_gui.scripting_connection | Failed to get scripting session: SAP connection found but no sessions attached. Try fully closing SAP Logon/SAP GUI and logging in fresh.
2026-09-08 10:42:55,607 | ERROR    | sap_gui.scripting_connection | Failed to get scripting session: SAP connection found but no sessions attached. Try fully closing SAP Logon/SAP GUI and logging in fresh.
2026-09-08 10:42:57,612 | WARNING  | main | SARLOHA QAS: no scripting session -- continuing with RFC/SSH collectors.
2026-09-08 10:42:58,604 | INFO     | collectors.rfc_perf | [SARLOHA QAS] SQLMD readable but 0 rows matched DDATE >= '20260901' -- is SQL Monitor (transaction SQLM) activated on this system?
2026-09-08 10:42:58,621 | INFO     | collectors.rfc_perf | [SARLOHA QAS] RFC perf collector: 11 metrics
2026-09-08 10:42:58,625 | INFO     | main | Skipping T-code GUI evidence for SARLOHA QAS -- GUI access disabled or no active SAP session.
2026-09-08 10:43:02,899 | INFO     | core.status_snapshot | Status snapshot saved for SARLOHA QAS: C:\infrabeatops\dashboard\snapshots\SARLOHAQAS.json
2026-09-08 10:43:03,373 | INFO     | reporting.excel_template_writer | MetroBrands Excel template filled: C:/infrabeatops/reports/2026-09-08/SARLOHA_QAS/SARLOHA_QAS_Monitoring_Sheet.xlsx
2026-09-08 10:43:07,484 | INFO     | collectors.ccms_os | [CENTOR_QAS] CCMS OS monitor 'Operating System': matched cpu=1, load_5m=1, mem_free=1, mem_total=1, swap_free=1
2026-09-08 10:43:27,485 | INFO     | collectors.ccms_os | [SARLOHA QAS] CCMS OS monitor 'Operating System': matched cpu=1, load_5m=1, mem_free=1, mem_total=2, swap_free=1
2026-09-08 10:43:30,778 | INFO     | main | ===== Pipeline COMPLETE for system SARLOHA QAS (gui_available=False) =====
2026-09-08 10:43:38,746 | INFO     | collectors.rfc_perf | [CENTOR_QAS] 51 STAT records, 0 dialog steps in the window (task mix: 0x12, 0xb, 0xe, 0xf, AUTOABAP, BTC, BUF.SYNC, OTHER, SPOOL) -- no GUI activity, metric left absent
2026-09-08 10:43:38,808 | INFO     | collectors.rfc_perf | [CENTOR_QAS] response time: no dialog steps in the last 5 min and no ST03N aggregate -- metric left absent (system idle or collector off)
2026-09-08 10:43:38,992 | INFO     | collectors.rfc_perf | [CENTOR_QAS] SQLMD readable but 0 rows matched DDATE >= '20260901' -- is SQL Monitor (transaction SQLM) activated on this system?
2026-09-08 10:43:48,644 | INFO     | collectors.rfc_perf | [PRD] 105 STAT records, 0 dialog steps in the window (task mix: 0x12, 0xb, 0xe, AUTOABAP, BTC, BUF.SYNC, OTHER, SPOOL) -- no GUI activity, metric left absent
2026-09-08 10:43:49,037 | INFO     | collectors.rfc_perf | [PRD] response time: STAT records unavailable, using ST03N aggregates
2026-09-08 10:43:49,335 | INFO     | collectors.rfc_perf | [PRD] SQLMD readable but 0 rows matched DDATE >= '20260901' -- is SQL Monitor (transaction SQLM) activated on this system?
2026-09-08 10:43:50,474 | INFO     | collectors.rfc_perf | [SARLOHA QAS] SQLMD readable but 0 rows matched DDATE >= '20260901' -- is SQL Monitor (transaction SQLM) activated on this system?
2026-09-08 10:44:46,004 | INFO     | collectors.rfc_perf | [CENTOR_QAS] 59 STAT records, 0 dialog steps in the window (task mix: 0x12, 0xb, 0xe, 0xf, AUTOABAP, BTC, BUF.SYNC, OTHER, SPOOL) -- no GUI activity, metric left absent
2026-09-08 10:44:46,068 | INFO     | collectors.rfc_perf | [CENTOR_QAS] response time: no dialog steps in the last 5 min and no ST03N aggregate -- metric left absent (system idle or collector off)
2026-09-08 10:44:46,402 | INFO     | collectors.rfc_perf | [CENTOR_QAS] SQLMD readable but 0 rows matched DDATE >= '20260901' -- is SQL Monitor (transaction SQLM) activated on this system?
2026-09-08 10:44:59,681 | INFO     | collectors.rfc_perf | [PRD] 101 STAT records, 0 dialog steps in the window (task mix: 0x12, 0xb, 0xe, AUTOABAP, BTC, BUF.SYNC, OTHER, SPOOL) -- no GUI activity, metric left absent
2026-09-08 10:45:00,204 | INFO     | collectors.rfc_perf | [PRD] response time: STAT records unavailable, using ST03N aggregates
2026-09-08 10:45:00,490 | INFO     | collectors.rfc_perf | [PRD] SQLMD readable but 0 rows matched DDATE >= '20260901' -- is SQL Monitor (transaction SQLM) activated on this system?
2026-09-08 10:45:01,500 | INFO     | collectors.rfc_perf | [SARLOHA QAS] SQLMD readable but 0 rows matched DDATE >= '20260901' -- is SQL Monitor (transaction SQLM) activated on this system?
2026-09-08 10:45:49,763 | INFO     | collectors.rfc_perf | [CENTOR_QAS] 60 STAT records, 0 dialog steps in the window (task mix: 0x12, 0xb, 0xe, 0xf, AUTOABAP, BTC, BUF.SYNC, OTHER, SPOOL) -- no GUI activity, metric left absent
2026-09-08 10:45:49,830 | INFO     | collectors.rfc_perf | [CENTOR_QAS] response time: no dialog steps in the last 5 min and no ST03N aggregate -- metric left absent (system idle or collector off)
2026-09-08 10:45:50,278 | INFO     | collectors.rfc_perf | [CENTOR_QAS] SQLMD readable but 0 rows matched DDATE >= '20260901' -- is SQL Monitor (transaction SQLM) activated on this system?
2026-09-08 10:46:02,399 | INFO     | collectors.rfc_perf | [PRD] 103 STAT records, 0 dialog steps in the window (task mix: 0x12, 0xb, 0xe, AUTOABAP, BTC, BUF.SYNC, OTHER, SPOOL) -- no GUI activity, metric left absent
2026-09-08 10:46:02,983 | INFO     | collectors.rfc_perf | [PRD] response time: STAT records unavailable, using ST03N aggregates
2026-09-08 10:46:03,509 | INFO     | collectors.rfc_perf | [PRD] SQLMD readable but 0 rows matched DDATE >= '20260901' -- is SQL Monitor (transaction SQLM) activated on this system?
2026-09-08 10:46:03,770 | INFO     | collectors.rfc_perf | [PRD] 103 STAT records, 0 dialog steps in the window (task mix: 0x12, 0xb, 0xe, AUTOABAP, BTC, BUF.SYNC, OTHER, SPOOL) -- no GUI activity, metric left absent
2026-09-08 10:46:04,292 | INFO     | collectors.rfc_perf | [PRD] response time: STAT records unavailable, using ST03N aggregates
2026-09-08 10:46:04,498 | INFO     | collectors.rfc_perf | [PRD] SQLMD readable but 0 rows matched DDATE >= '20260901' -- is SQL Monitor (transaction SQLM) activated on this system?
2026-09-08 10:46:05,642 | INFO     | collectors.rfc_perf | [SARLOHA QAS] SQLMD readable but 0 rows matched DDATE >= '20260901' -- is SQL Monitor (transaction SQLM) activated on this system?
2026-09-08 10:46:06,489 | INFO     | collectors.rfc_perf | [SARLOHA QAS] SQLMD readable but 0 rows matched DDATE >= '20260901' -- is SQL Monitor (transaction SQLM) activated on this system?
2026-09-08 10:46:52,851 | INFO     | collectors.rfc_perf | [CENTOR_QAS] 62 STAT records, 0 dialog steps in the window (task mix: 0x12, 0xb, 0xe, 0xf, AUTOABAP, BTC, BUF.SYNC, OTHER, SPOOL) -- no GUI activity, metric left absent
2026-09-08 10:46:52,919 | INFO     | collectors.rfc_perf | [CENTOR_QAS] response time: no dialog steps in the last 5 min and no ST03N aggregate -- metric left absent (system idle or collector off)
2026-09-08 10:46:53,073 | INFO     | collectors.rfc_perf | [CENTOR_QAS] SQLMD readable but 0 rows matched DDATE >= '20260901' -- is SQL Monitor (transaction SQLM) activated on this system?
2026-09-08 10:47:19,750 | INFO     | collectors.rfc_perf | [PRD] 103 STAT records, 0 dialog steps in the window (task mix: 0x12, 0xb, 0xe, AUTOABAP, BTC, BUF.SYNC, OTHER, SPOOL) -- no GUI activity, metric left absent
2026-09-08 10:47:20,260 | INFO     | collectors.rfc_perf | [PRD] response time: STAT records unavailable, using ST03N aggregates
2026-09-08 10:47:20,503 | INFO     | collectors.rfc_perf | [PRD] SQLMD readable but 0 rows matched DDATE >= '20260901' -- is SQL Monitor (transaction SQLM) activated on this system?
2026-09-08 10:47:21,526 | INFO     | collectors.rfc_perf | [SARLOHA QAS] SQLMD readable but 0 rows matched DDATE >= '20260901' -- is SQL Monitor (transaction SQLM) activated on this system?
2026-09-08 10:48:24,928 | INFO     | collectors.rfc_perf | [SARLOHA QAS] SQLMD readable but 0 rows matched DDATE >= '20260901' -- is SQL Monitor (transaction SQLM) activated on this system?
2026-09-08 10:48:29,453 | INFO     | collectors.rfc_perf | [CENTOR_QAS] 59 STAT records, 0 dialog steps in the window (task mix: 0x12, 0xb, 0xe, 0xf, AUTOABAP, BTC, BUF.SYNC, OTHER, SPOOL) -- no GUI activity, metric left absent
2026-09-08 10:48:29,517 | INFO     | collectors.rfc_perf | [CENTOR_QAS] response time: no dialog steps in the last 5 min and no ST03N aggregate -- metric left absent (system idle or collector off)
2026-09-08 10:48:29,750 | INFO     | collectors.rfc_perf | [CENTOR_QAS] SQLMD readable but 0 rows matched DDATE >= '20260901' -- is SQL Monitor (transaction SQLM) activated on this system?
2026-09-08 10:48:30,293 | INFO     | collectors.rfc_perf | [PRD] 108 STAT records, 0 dialog steps in the window (task mix: 0x12, 0xb, 0xe, AUTOABAP, BTC, BUF.SYNC, OTHER, SPOOL) -- no GUI activity, metric left absent
2026-09-08 10:48:30,787 | INFO     | collectors.rfc_perf | [PRD] response time: STAT records unavailable, using ST03N aggregates
2026-09-08 10:48:31,135 | INFO     | collectors.rfc_perf | [PRD] SQLMD readable but 0 rows matched DDATE >= '20260901' -- is SQL Monitor (transaction SQLM) activated on this system?
2026-09-08 10:49:32,841 | INFO     | collectors.rfc_perf | [SARLOHA QAS] SQLMD readable but 0 rows matched DDATE >= '20260901' -- is SQL Monitor (transaction SQLM) activated on this system?
2026-09-08 10:49:38,624 | INFO     | collectors.rfc_perf | [CENTOR_QAS] 56 STAT records, 0 dialog steps in the window (task mix: 0x12, 0xb, 0xe, 0xf, AUTOABAP, BTC, BUF.SYNC, OTHER, SPOOL) -- no GUI activity, metric left absent
2026-09-08 10:49:38,806 | INFO     | collectors.rfc_perf | [CENTOR_QAS] response time: no dialog steps in the last 5 min and no ST03N aggregate -- metric left absent (system idle or collector off)
2026-09-08 10:49:39,161 | INFO     | collectors.rfc_perf | [CENTOR_QAS] SQLMD readable but 0 rows matched DDATE >= '20260901' -- is SQL Monitor (transaction SQLM) activated on this system?
2026-09-08 10:49:39,691 | INFO     | collectors.rfc_perf | [PRD] 108 STAT records, 0 dialog steps in the window (task mix: 0x12, 0xb, 0xe, AUTOABAP, BTC, BUF.SYNC, OTHER, SPOOL) -- no GUI activity, metric left absent
2026-09-08 10:49:40,251 | INFO     | collectors.rfc_perf | [PRD] response time: STAT records unavailable, using ST03N aggregates
2026-09-08 10:49:40,504 | INFO     | collectors.rfc_perf | [PRD] SQLMD readable but 0 rows matched DDATE >= '20260901' -- is SQL Monitor (transaction SQLM) activated on this system?
2026-09-08 10:50:39,119 | INFO     | collectors.rfc_perf | [SARLOHA QAS] SQLMD readable but 0 rows matched DDATE >= '20260901' -- is SQL Monitor (transaction SQLM) activated on this system?
2026-09-08 10:52:14,097 | INFO     | collectors.rfc_perf | [CENTOR_QAS] 53 STAT records, 0 dialog steps in the window (task mix: 0x12, 0xb, 0xe, 0xf, AUTOABAP, BTC, BUF.SYNC, OTHER, SPOOL) -- no GUI activity, metric left absent
2026-09-08 10:52:14,184 | INFO     | collectors.rfc_perf | [CENTOR_QAS] response time: no dialog steps in the last 5 min and no ST03N aggregate -- metric left absent (system idle or collector off)
2026-09-08 10:52:14,353 | INFO     | collectors.rfc_perf | [CENTOR_QAS] SQLMD readable but 0 rows matched DDATE >= '20260901' -- is SQL Monitor (transaction SQLM) activated on this system?
2026-09-08 10:52:14,851 | INFO     | collectors.rfc_perf | [PRD] 106 STAT records, 0 dialog steps in the window (task mix: 0x12, 0xb, 0xe, AUTOABAP, BTC, BUF.SYNC, OTHER, SPOOL) -- no GUI activity, metric left absent
2026-09-08 10:52:15,322 | INFO     | collectors.rfc_perf | [PRD] response time: STAT records unavailable, using ST03N aggregates
2026-09-08 10:52:15,489 | INFO     | collectors.rfc_perf | [PRD] SQLMD readable but 0 rows matched DDATE >= '20260901' -- is SQL Monitor (transaction SQLM) activated on this system?
2026-09-08 10:52:16,303 | INFO     | collectors.rfc_perf | [SARLOHA QAS] 52 STAT records, 0 dialog steps in the window (task mix: 0x12, 0xb, 0xe, 0xf, 0xfa, AUTOABAP, BTC, BUF.SYNC, OTHER, SPOOL) -- no GUI activity, metric left absent
2026-09-08 10:52:16,577 | INFO     | collectors.rfc_perf | [SARLOHA QAS] response time: STAT records unavailable, using ST03N aggregates
2026-09-08 10:52:16,889 | INFO     | collectors.rfc_perf | [SARLOHA QAS] SQLMD readable but 0 rows matched DDATE >= '20260901' -- is SQL Monitor (transaction SQLM) activated on this system?
2026-09-08 10:53:41,557 | INFO     | collectors.ccms_os | [CENTOR_QAS] CCMS OS monitor 'Operating System': matched cpu=1, load_5m=1, mem_free=1, mem_total=1, swap_free=1
2026-09-08 10:53:42,146 | INFO     | collectors.rfc_perf | [CENTOR_QAS] 48 STAT records, 0 dialog steps in the window (task mix: 0x12, 0xb, 0xe, 0xf, AUTOABAP, BTC, BUF.SYNC, OTHER, SPOOL) -- no GUI activity, metric left absent
2026-09-08 10:53:42,238 | INFO     | collectors.rfc_perf | [CENTOR_QAS] response time: no dialog steps in the last 5 min and no ST03N aggregate -- metric left absent (system idle or collector off)
2026-09-08 10:53:42,426 | INFO     | collectors.rfc_perf | [CENTOR_QAS] SQLMD readable but 0 rows matched DDATE >= '20260901' -- is SQL Monitor (transaction SQLM) activated on this system?
2026-09-08 10:53:43,047 | INFO     | collectors.rfc_perf | [PRD] 115 STAT records, 0 dialog steps in the window (task mix: 0x12, 0xb, 0xe, AUTOABAP, BTC, BUF.SYNC, OTHER, SPOOL) -- no GUI activity, metric left absent
2026-09-08 10:53:43,463 | INFO     | collectors.rfc_perf | [PRD] response time: STAT records unavailable, using ST03N aggregates
2026-09-08 10:53:43,769 | INFO     | collectors.rfc_perf | [PRD] SQLMD readable but 0 rows matched DDATE >= '20260901' -- is SQL Monitor (transaction SQLM) activated on this system?
2026-09-08 10:53:44,096 | INFO     | collectors.ccms_os | [SARLOHA QAS] CCMS OS monitor 'Operating System': matched cpu=1, load_5m=1, mem_free=1, mem_total=2, swap_free=1
2026-09-08 10:53:44,586 | INFO     | collectors.rfc_perf | [SARLOHA QAS] 34 STAT records, 0 dialog steps in the window (task mix: 0x12, 0xb, 0xe, 0xf, BTC, BUF.SYNC, OTHER, SPOOL) -- no GUI activity, metric left absent
2026-09-08 10:53:44,920 | INFO     | collectors.rfc_perf | [SARLOHA QAS] response time: STAT records unavailable, using ST03N aggregates
2026-09-08 10:53:45,166 | INFO     | collectors.rfc_perf | [SARLOHA QAS] SQLMD readable but 0 rows matched DDATE >= '20260901' -- is SQL Monitor (transaction SQLM) activated on this system?
2026-09-08 10:54:51,723 | INFO     | collectors.ccms_os | [CENTOR_QAS] CCMS OS monitor 'Operating System': matched cpu=1, load_5m=1, mem_free=1, mem_total=1, swap_free=1
2026-09-08 10:54:56,984 | INFO     | collectors.rfc_perf | [CENTOR_QAS] 49 STAT records, 0 dialog steps in the window (task mix: 0x12, 0xb, 0xe, 0xf, AUTOABAP, BTC, BUF.SYNC, OTHER, SPOOL) -- no GUI activity, metric left absent
2026-09-08 10:54:58,067 | INFO     | collectors.rfc_perf | [CENTOR_QAS] response time: no dialog steps in the last 5 min and no ST03N aggregate -- metric left absent (system idle or collector off)
2026-09-08 10:54:58,690 | INFO     | collectors.rfc_perf | [CENTOR_QAS] SQLMD readable but 0 rows matched DDATE >= '20260901' -- is SQL Monitor (transaction SQLM) activated on this system?
2026-09-08 10:55:02,578 | INFO     | collectors.rfc_perf | [PRD] 103 STAT records, 0 dialog steps in the window (task mix: 0x12, 0xb, 0xe, AUTOABAP, BTC, BUF.SYNC, OTHER, SPOOL) -- no GUI activity, metric left absent
2026-09-08 10:55:03,707 | INFO     | collectors.rfc_perf | [PRD] response time: STAT records unavailable, using ST03N aggregates
2026-09-08 10:55:04,011 | INFO     | collectors.rfc_perf | [PRD] 103 STAT records, 0 dialog steps in the window (task mix: 0x12, 0xb, 0xe, AUTOABAP, BTC, BUF.SYNC, OTHER, SPOOL) -- no GUI activity, metric left absent
2026-09-08 10:55:04,427 | WARNING  | collectors.rfc_perf | [PRD] lock owner stamps run 315 min ahead of SAP system time -- OS time zone on the app server differs from the SAP time zone. Ages corrected; tell Basis.
2026-09-08 10:55:04,437 | INFO     | collectors.rfc_perf | [PRD] response time: STAT records unavailable, using ST03N aggregates
2026-09-08 10:55:04,890 | INFO     | collectors.rfc_perf | [PRD] SQLMD readable but 0 rows matched DDATE >= '20260901' -- is SQL Monitor (transaction SQLM) activated on this system?
2026-09-08 10:55:05,018 | INFO     | collectors.rfc_perf | [PRD] SQLMD readable but 0 rows matched DDATE >= '20260901' -- is SQL Monitor (transaction SQLM) activated on this system?
2026-09-08 10:55:07,523 | INFO     | collectors.ccms_os | [SARLOHA QAS] CCMS OS monitor 'Operating System': matched cpu=1, load_5m=1, mem_free=1, mem_total=2, swap_free=1
2026-09-08 10:55:07,529 | INFO     | collectors.ccms_os | [SARLOHA QAS] CCMS OS monitor 'Operating System': matched cpu=1, load_5m=1, mem_free=1, mem_total=2, swap_free=1
2026-09-08 10:55:13,963 | INFO     | collectors.rfc_perf | [SARLOHA QAS] 36 STAT records, 0 dialog steps in the window (task mix: 0x12, 0xb, 0xe, 0xf, AUTOABAP, BTC, BUF.SYNC, OTHER, SPOOL) -- no GUI activity, metric left absent
2026-09-08 10:55:15,197 | INFO     | collectors.rfc_perf | [SARLOHA QAS] 36 STAT records, 0 dialog steps in the window (task mix: 0x12, 0xb, 0xe, 0xf, AUTOABAP, BTC, BUF.SYNC, OTHER, SPOOL) -- no GUI activity, metric left absent
2026-09-08 10:55:15,499 | INFO     | collectors.rfc_perf | [SARLOHA QAS] response time: STAT records unavailable, using ST03N aggregates
2026-09-08 10:55:15,917 | INFO     | collectors.rfc_perf | [SARLOHA QAS] response time: STAT records unavailable, using ST03N aggregates
2026-09-08 10:55:17,366 | INFO     | collectors.rfc_perf | [SARLOHA QAS] SQLMD readable but 0 rows matched DDATE >= '20260901' -- is SQL Monitor (transaction SQLM) activated on this system?
2026-09-08 10:55:17,400 | INFO     | collectors.rfc_perf | [SARLOHA QAS] SQLMD readable but 0 rows matched DDATE >= '20260901' -- is SQL Monitor (transaction SQLM) activated on this system?
2026-09-08 10:55:20,805 | INFO     | collectors.ccms_os | [SARLOHA PRD] CCMS OS monitor 'Operating System': matched cpu=2, load_5m=2, mem_free=2, mem_total=4, swap_free=2
2026-09-08 10:55:38,078 | INFO     | collectors.rfc_perf | [SARLOHA PRD] SQLMD readable but 0 rows matched DDATE >= '20260901' -- is SQL Monitor (transaction SQLM) activated on this system?
2026-09-08 10:55:38,129 | INFO     | collectors.rfc_perf | [SARLOHA PRD] SQLMD readable but 0 rows matched DDATE >= '20260901' -- is SQL Monitor (transaction SQLM) activated on this system?
2026-09-08 10:55:38,294 | INFO     | collectors.rfc_perf | [SARLOHA PRD] SQLMD readable but 0 rows matched DDATE >= '20260901' -- is SQL Monitor (transaction SQLM) activated on this system?
2026-09-08 10:55:38,401 | INFO     | collectors.rfc_perf | [SARLOHA PRD] SQLMD readable but 0 rows matched DDATE >= '20260901' -- is SQL Monitor (transaction SQLM) activated on this system?
2026-09-08 10:55:39,335 | INFO     | collectors.rfc_perf | [SARLOHA PRD] SQLMD readable but 0 rows matched DDATE >= '20260901' -- is SQL Monitor (transaction SQLM) activated on this system?
2026-09-08 10:55:39,363 | INFO     | collectors.rfc_perf | [SARLOHA PRD] SQLMD readable but 0 rows matched DDATE >= '20260901' -- is SQL Monitor (transaction SQLM) activated on this system?
2026-09-08 10:56:02,374 | INFO     | collectors.rfc_perf | [CENTOR_QAS] 51 STAT records, 0 dialog steps in the window (task mix: 0x12, 0xb, 0xe, 0xf, AUTOABAP, BTC, BUF.SYNC, OTHER, SPOOL) -- no GUI activity, metric left absent
2026-09-08 10:56:02,437 | INFO     | collectors.rfc_perf | [CENTOR_QAS] response time: no dialog steps in the last 5 min and no ST03N aggregate -- metric left absent (system idle or collector off)
2026-09-08 10:56:02,548 | INFO     | collectors.rfc_perf | [CENTOR_QAS] SQLMD readable but 0 rows matched DDATE >= '20260901' -- is SQL Monitor (transaction SQLM) activated on this system?
2026-09-08 10:56:12,519 | INFO     | collectors.rfc_perf | [PRD] 105 STAT records, 0 dialog steps in the window (task mix: 0x12, 0xb, 0xe, AUTOABAP, BTC, BUF.SYNC, OTHER, SPOOL) -- no GUI activity, metric left absent
2026-09-08 10:56:12,883 | INFO     | collectors.rfc_perf | [PRD] response time: STAT records unavailable, using ST03N aggregates
2026-09-08 10:56:13,166 | INFO     | collectors.rfc_perf | [PRD] SQLMD readable but 0 rows matched DDATE >= '20260901' -- is SQL Monitor (transaction SQLM) activated on this system?
2026-09-08 10:56:22,982 | INFO     | collectors.rfc_perf | [SARLOHA QAS] 49 STAT records, 0 dialog steps in the window (task mix: 0x12, 0xb, 0xe, 0xf, AUTOABAP, BTC, BUF.SYNC, OTHER, SPOOL) -- no GUI activity, metric left absent
2026-09-08 10:56:23,447 | INFO     | collectors.rfc_perf | [SARLOHA QAS] response time: STAT records unavailable, using ST03N aggregates
2026-09-08 10:56:23,751 | INFO     | collectors.rfc_perf | [SARLOHA QAS] SQLMD readable but 0 rows matched DDATE >= '20260901' -- is SQL Monitor (transaction SQLM) activated on this system?
2026-09-08 10:56:44,870 | INFO     | collectors.rfc_perf | [SARLOHA PRD] SQLMD readable but 0 rows matched DDATE >= '20260901' -- is SQL Monitor (transaction SQLM) activated on this system?
2026-09-08 10:57:12,716 | INFO     | collectors.rfc_perf | [CENTOR_QAS] 55 STAT records, 0 dialog steps in the window (task mix: 0x12, 0xb, 0xe, 0xf, AUTOABAP, BTC, BUF.SYNC, OTHER, SPOOL) -- no GUI activity, metric left absent
2026-09-08 10:57:12,860 | INFO     | collectors.rfc_perf | [CENTOR_QAS] response time: no dialog steps in the last 5 min and no ST03N aggregate -- metric left absent (system idle or collector off)
2026-09-08 10:57:13,002 | INFO     | collectors.rfc_perf | [CENTOR_QAS] SQLMD readable but 0 rows matched DDATE >= '20260901' -- is SQL Monitor (transaction SQLM) activated on this system?
2026-09-08 10:57:14,979 | INFO     | collectors.rfc_perf | [PRD] 103 STAT records, 0 dialog steps in the window (task mix: 0x12, 0xb, 0xe, AUTOABAP, BTC, BUF.SYNC, OTHER, SPOOL) -- no GUI activity, metric left absent
2026-09-08 10:57:15,324 | INFO     | collectors.rfc_perf | [PRD] response time: STAT records unavailable, using ST03N aggregates
2026-09-08 10:57:15,605 | INFO     | collectors.rfc_perf | [PRD] SQLMD readable but 0 rows matched DDATE >= '20260901' -- is SQL Monitor (transaction SQLM) activated on this system?
2026-09-08 10:57:33,003 | INFO     | collectors.rfc_perf | [SARLOHA QAS] 55 STAT records, 0 dialog steps in the window (task mix: 0x12, 0xb, 0xe, 0xf, AUTOABAP, BTC, BUF.SYNC, OTHER, SPOOL) -- no GUI activity, metric left absent
2026-09-08 10:57:33,316 | INFO     | collectors.rfc_perf | [SARLOHA QAS] response time: STAT records unavailable, using ST03N aggregates
2026-09-08 10:57:33,541 | INFO     | collectors.rfc_perf | [SARLOHA QAS] SQLMD readable but 0 rows matched DDATE >= '20260901' -- is SQL Monitor (transaction SQLM) activated on this system?
2026-09-08 10:57:55,180 | INFO     | collectors.rfc_perf | [SARLOHA PRD] SQLMD readable but 0 rows matched DDATE >= '20260901' -- is SQL Monitor (transaction SQLM) activated on this system?
2026-09-08 10:58:35,656 | INFO     | collectors.rfc_perf | [CENTOR_QAS] 64 STAT records, 0 dialog steps in the window (task mix: 0x12, 0xb, 0xe, 0xf, AUTOABAP, BTC, BUF.SYNC, OTHER, SPOOL) -- no GUI activity, metric left absent
2026-09-08 10:58:35,718 | INFO     | collectors.rfc_perf | [CENTOR_QAS] response time: no dialog steps in the last 5 min and no ST03N aggregate -- metric left absent (system idle or collector off)
2026-09-08 10:58:35,862 | INFO     | collectors.rfc_perf | [CENTOR_QAS] SQLMD readable but 0 rows matched DDATE >= '20260901' -- is SQL Monitor (transaction SQLM) activated on this system?
2026-09-08 10:58:36,485 | INFO     | collectors.rfc_perf | [PRD] 108 STAT records, 0 dialog steps in the window (task mix: 0x12, 0xb, 0xe, AUTOABAP, BTC, BUF.SYNC, OTHER, SPOOL) -- no GUI activity, metric left absent
2026-09-08 10:58:36,912 | INFO     | collectors.rfc_perf | [PRD] response time: STAT records unavailable, using ST03N aggregates
2026-09-08 10:58:37,416 | INFO     | collectors.rfc_perf | [PRD] SQLMD readable but 0 rows matched DDATE >= '20260901' -- is SQL Monitor (transaction SQLM) activated on this system?
2026-09-08 10:58:37,599 | INFO     | collectors.rfc_perf | [PRD] 108 STAT records, 0 dialog steps in the window (task mix: 0x12, 0xb, 0xe, AUTOABAP, BTC, BUF.SYNC, OTHER, SPOOL) -- no GUI activity, metric left absent
2026-09-08 10:58:38,091 | INFO     | collectors.rfc_perf | [PRD] response time: STAT records unavailable, using ST03N aggregates
2026-09-08 10:58:38,623 | INFO     | collectors.rfc_perf | [PRD] SQLMD readable but 0 rows matched DDATE >= '20260901' -- is SQL Monitor (transaction SQLM) activated on this system?
2026-09-08 10:58:38,895 | INFO     | collectors.rfc_perf | [SARLOHA QAS] 53 STAT records, 0 dialog steps in the window (task mix: 0x12, 0xb, 0xe, 0xf, BTC, BUF.SYNC, OTHER, SPOOL) -- no GUI activity, metric left absent
2026-09-08 10:58:39,266 | INFO     | collectors.rfc_perf | [SARLOHA QAS] response time: STAT records unavailable, using ST03N aggregates
2026-09-08 10:58:39,498 | INFO     | collectors.rfc_perf | [SARLOHA QAS] SQLMD readable but 0 rows matched DDATE >= '20260901' -- is SQL Monitor (transaction SQLM) activated on this system?
2026-09-08 10:59:04,895 | INFO     | collectors.rfc_perf | [SARLOHA PRD] SQLMD readable but 0 rows matched DDATE >= '20260901' -- is SQL Monitor (transaction SQLM) activated on this system?
2026-09-08 10:59:43,157 | INFO     | collectors.rfc_perf | [CENTOR_QAS] 63 STAT records, 0 dialog steps in the window (task mix: 0x12, 0xb, 0xe, 0xf, AUTOABAP, BTC, BUF.SYNC, OTHER, SPOOL) -- no GUI activity, metric left absent
2026-09-08 10:59:43,234 | INFO     | collectors.rfc_perf | [CENTOR_QAS] response time: no dialog steps in the last 5 min and no ST03N aggregate -- metric left absent (system idle or collector off)
2026-09-08 10:59:43,411 | INFO     | collectors.rfc_perf | [CENTOR_QAS] SQLMD readable but 0 rows matched DDATE >= '20260901' -- is SQL Monitor (transaction SQLM) activated on this system?
2026-09-08 10:59:43,792 | INFO     | collectors.rfc_perf | [PRD] 108 STAT records, 0 dialog steps in the window (task mix: 0x12, 0xb, 0xe, AUTOABAP, BTC, BUF.SYNC, OTHER, SPOOL) -- no GUI activity, metric left absent
2026-09-08 10:59:44,183 | INFO     | collectors.rfc_perf | [PRD] response time: STAT records unavailable, using ST03N aggregates
2026-09-08 10:59:44,407 | INFO     | collectors.rfc_perf | [PRD] SQLMD readable but 0 rows matched DDATE >= '20260901' -- is SQL Monitor (transaction SQLM) activated on this system?
2026-09-08 10:59:46,373 | INFO     | collectors.rfc_perf | [SARLOHA QAS] SQLMD readable but 0 rows matched DDATE >= '20260901' -- is SQL Monitor (transaction SQLM) activated on this system?
2026-09-08 11:00:14,945 | INFO     | collectors.rfc_perf | [SARLOHA PRD] SQLMD readable but 0 rows matched DDATE >= '20260901' -- is SQL Monitor (transaction SQLM) activated on this system?
2026-09-08 11:00:52,946 | INFO     | collectors.rfc_perf | [CENTOR_QAS] 67 STAT records, 0 dialog steps in the window (task mix: 0x12, 0xb, 0xe, 0xf, AUTOABAP, BTC, BUF.SYNC, OTHER, SPOOL) -- no GUI activity, metric left absent
2026-09-08 11:00:53,028 | INFO     | collectors.rfc_perf | [CENTOR_QAS] response time: no dialog steps in the last 5 min and no ST03N aggregate -- metric left absent (system idle or collector off)
2026-09-08 11:00:53,176 | INFO     | collectors.rfc_perf | [CENTOR_QAS] SQLMD readable but 0 rows matched DDATE >= '20260901' -- is SQL Monitor (transaction SQLM) activated on this system?
2026-09-08 11:00:53,671 | INFO     | collectors.rfc_perf | [PRD] 114 STAT records, 0 dialog steps in the window (task mix: 0x12, 0xb, 0xe, 0xf7, AUTOABAP, BTC, BUF.SYNC, OTHER, RFC, SPOOL) -- no GUI activity, metric left absent
2026-09-08 11:00:54,416 | INFO     | collectors.rfc_perf | [PRD] response time: STAT records unavailable, using ST03N aggregates
2026-09-08 11:00:54,626 | INFO     | collectors.rfc_perf | [PRD] SQLMD readable but 0 rows matched DDATE >= '20260901' -- is SQL Monitor (transaction SQLM) activated on this system?
2026-09-08 11:00:55,750 | INFO     | collectors.rfc_perf | [SARLOHA QAS] SQLMD readable but 0 rows matched DDATE >= '20260901' -- is SQL Monitor (transaction SQLM) activated on this system?
2026-09-08 11:01:21,349 | INFO     | collectors.rfc_perf | [SARLOHA PRD] SQLMD readable but 0 rows matched DDATE >= '20260901' -- is SQL Monitor (transaction SQLM) activated on this system?
2026-09-08 11:02:59,253 | INFO     | collectors.rfc_perf | [CENTOR_QAS] 56 STAT records, 0 dialog steps in the window (task mix: 0x12, 0xb, 0xe, 0xf, AUTOABAP, BTC, BUF.SYNC, OTHER, SPOOL) -- no GUI activity, metric left absent
2026-09-08 11:02:59,325 | INFO     | collectors.rfc_perf | [CENTOR_QAS] response time: no dialog steps in the last 5 min and no ST03N aggregate -- metric left absent (system idle or collector off)
2026-09-08 11:02:59,500 | INFO     | collectors.rfc_perf | [CENTOR_QAS] SQLMD readable but 0 rows matched DDATE >= '20260901' -- is SQL Monitor (transaction SQLM) activated on this system?
2026-09-08 11:03:00,016 | INFO     | collectors.rfc_perf | [PRD] 115 STAT records, 0 dialog steps in the window (task mix: 0x12, 0x21, 0xb, 0xe, 0xf7, AUTOABAP, BTC, BUF.SYNC, OTHER, RFC, SPOOL) -- no GUI activity, metric left absent
2026-09-08 11:03:00,478 | INFO     | collectors.rfc_perf | [PRD] response time: STAT records unavailable, using ST03N aggregates
2026-09-08 11:03:00,815 | INFO     | collectors.rfc_perf | [PRD] SQLMD readable but 0 rows matched DDATE >= '20260901' -- is SQL Monitor (transaction SQLM) activated on this system?
2026-09-08 11:03:01,994 | INFO     | collectors.rfc_perf | [SARLOHA QAS] SQLMD readable but 0 rows matched DDATE >= '20260901' -- is SQL Monitor (transaction SQLM) activated on this system?
2026-09-08 11:03:04,813 | INFO     | collectors.rfc_perf | [SARLOHA PRD] SQLMD readable but 0 rows matched DDATE >= '20260901' -- is SQL Monitor (transaction SQLM) activated on this system?
2026-09-08 11:06:08,902 | INFO     | collectors.ccms_os | [CENTOR_QAS] CCMS OS monitor 'Operating System': matched cpu=1, load_5m=1, mem_free=1, mem_total=1, swap_free=1
2026-09-08 11:06:09,350 | INFO     | collectors.rfc_perf | [CENTOR_QAS] 37 STAT records, 0 dialog steps in the window (task mix: 0x12, 0xb, 0xe, 0xf, AUTOABAP, BTC, BUF.SYNC, OTHER, SPOOL) -- no GUI activity, metric left absent
2026-09-08 11:06:09,411 | INFO     | collectors.rfc_perf | [CENTOR_QAS] response time: no dialog steps in the last 5 min and no ST03N aggregate -- metric left absent (system idle or collector off)
2026-09-08 11:06:09,563 | INFO     | collectors.rfc_perf | [CENTOR_QAS] SQLMD readable but 0 rows matched DDATE >= '20260901' -- is SQL Monitor (transaction SQLM) activated on this system?
2026-09-08 11:06:10,057 | INFO     | collectors.rfc_perf | [PRD] 107 STAT records, 0 dialog steps in the window (task mix: 0x12, 0x21, 0xb, 0xe, AUTOABAP, BTC, BUF.SYNC, OTHER, SPOOL) -- no GUI activity, metric left absent
2026-09-08 11:06:10,646 | INFO     | collectors.rfc_perf | [PRD] response time: STAT records unavailable, using ST03N aggregates
2026-09-08 11:06:10,953 | INFO     | collectors.rfc_perf | [PRD] SQLMD readable but 0 rows matched DDATE >= '20260901' -- is SQL Monitor (transaction SQLM) activated on this system?
2026-09-08 11:06:11,365 | INFO     | collectors.ccms_os | [SARLOHA QAS] CCMS OS monitor 'Operating System': matched cpu=1, load_5m=1, mem_free=1, mem_total=2, swap_free=1
2026-09-08 11:06:11,768 | INFO     | collectors.rfc_perf | [SARLOHA QAS] 29 STAT records, 0 dialog steps in the window (task mix: 0x12, 0xb, 0xe, 0xf, AUTOABAP, BTC, BUF.SYNC, OTHER, SPOOL) -- no GUI activity, metric left absent
2026-09-08 11:06:12,146 | INFO     | collectors.rfc_perf | [SARLOHA QAS] response time: STAT records unavailable, using ST03N aggregates
2026-09-08 11:06:12,470 | INFO     | collectors.rfc_perf | [SARLOHA QAS] SQLMD readable but 0 rows matched DDATE >= '20260901' -- is SQL Monitor (transaction SQLM) activated on this system?
2026-09-08 11:06:12,919 | INFO     | collectors.ccms_os | [SARLOHA PRD] CCMS OS monitor 'Operating System': matched cpu=2, load_5m=2, mem_free=2, mem_total=4, swap_free=2
2026-09-08 11:06:14,855 | INFO     | collectors.rfc_perf | [SARLOHA PRD] SQLMD readable but 0 rows matched DDATE >= '20260901' -- is SQL Monitor (transaction SQLM) activated on this system?
2026-09-08 11:07:19,206 | INFO     | collectors.rfc_perf | [CENTOR_QAS] SQLMD readable but 0 rows matched DDATE >= '20260901' -- is SQL Monitor (transaction SQLM) activated on this system?
2026-09-08 11:07:19,852 | INFO     | collectors.rfc_perf | [PRD] 101 STAT records, 0 dialog steps in the window (task mix: 0x12, 0xb, 0xe, AUTOABAP, BTC, BUF.SYNC, OTHER, SPOOL) -- no GUI activity, metric left absent
2026-09-08 11:07:20,418 | INFO     | collectors.rfc_perf | [PRD] response time: STAT records unavailable, using ST03N aggregates
2026-09-08 11:07:20,773 | INFO     | collectors.rfc_perf | [PRD] SQLMD readable but 0 rows matched DDATE >= '20260901' -- is SQL Monitor (transaction SQLM) activated on this system?
2026-09-08 11:07:21,379 | INFO     | collectors.rfc_perf | [SARLOHA QAS] 29 STAT records, 0 dialog steps in the window (task mix: 0x12, 0xb, 0xe, 0xf, AUTOABAP, BTC, BUF.SYNC, OTHER, SPOOL) -- no GUI activity, metric left absent
2026-09-08 11:07:22,061 | INFO     | collectors.rfc_perf | [SARLOHA QAS] response time: STAT records unavailable, using ST03N aggregates
2026-09-08 11:07:22,623 | INFO     | collectors.rfc_perf | [SARLOHA QAS] SQLMD readable but 0 rows matched DDATE >= '20260901' -- is SQL Monitor (transaction SQLM) activated on this system?
2026-09-08 11:07:25,051 | INFO     | collectors.rfc_perf | [SARLOHA PRD] SQLMD readable but 0 rows matched DDATE >= '20260901' -- is SQL Monitor (transaction SQLM) activated on this system?
2026-09-08 11:09:25,327 | INFO     | collectors.rfc_perf | [CENTOR_QAS] SQLMD readable but 0 rows matched DDATE >= '20260901' -- is SQL Monitor (transaction SQLM) activated on this system?
2026-09-08 11:09:25,802 | INFO     | collectors.rfc_perf | [PRD] 108 STAT records, 0 dialog steps in the window (task mix: 0x12, 0x21, 0xb, 0xe, AUTOABAP, BTC, BUF.SYNC, OTHER, SPOOL) -- no GUI activity, metric left absent
2026-09-08 11:09:26,321 | INFO     | collectors.rfc_perf | [PRD] response time: STAT records unavailable, using ST03N aggregates
2026-09-08 11:09:26,602 | INFO     | collectors.rfc_perf | [PRD] SQLMD readable but 0 rows matched DDATE >= '20260901' -- is SQL Monitor (transaction SQLM) activated on this system?
2026-09-08 11:09:27,255 | INFO     | collectors.rfc_perf | [SARLOHA QAS] 31 STAT records, 0 dialog steps in the window (task mix: 0x12, 0xb, 0xe, 0xf, AUTOABAP, BTC, BUF.SYNC, OTHER, SPOOL) -- no GUI activity, metric left absent
2026-09-08 11:09:27,561 | INFO     | collectors.rfc_perf | [SARLOHA QAS] response time: STAT records unavailable, using ST03N aggregates
2026-09-08 11:09:27,741 | INFO     | collectors.rfc_perf | [SARLOHA QAS] SQLMD readable but 0 rows matched DDATE >= '20260901' -- is SQL Monitor (transaction SQLM) activated on this system?
2026-09-08 11:09:29,785 | INFO     | collectors.rfc_perf | [SARLOHA PRD] SQLMD readable but 0 rows matched DDATE >= '20260901' -- is SQL Monitor (transaction SQLM) activated on this system?
2026-09-08 11:10:53,060 | INFO     | collectors.rfc_perf | [CENTOR_QAS] SQLMD readable but 0 rows matched DDATE >= '20260901' -- is SQL Monitor (transaction SQLM) activated on this system?
2026-09-08 11:10:54,321 | INFO     | collectors.rfc_perf | [SARLOHA QAS] 35 STAT records, 0 dialog steps in the window (task mix: 0x12, 0xb, 0xe, 0xf, AUTOABAP, BTC, BUF.SYNC, OTHER, SPOOL) -- no GUI activity, metric left absent
2026-09-08 11:10:54,679 | INFO     | collectors.rfc_perf | [SARLOHA QAS] response time: STAT records unavailable, using ST03N aggregates
2026-09-08 11:10:54,908 | INFO     | collectors.rfc_perf | [SARLOHA QAS] SQLMD readable but 0 rows matched DDATE >= '20260901' -- is SQL Monitor (transaction SQLM) activated on this system?
2026-09-08 11:10:59,622 | INFO     | collectors.rfc_perf | [SARLOHA PRD] SQLMD readable but 0 rows matched DDATE >= '20260901' -- is SQL Monitor (transaction SQLM) activated on this system?
2026-09-08 11:11:01,167 | INFO     | collectors.rfc_perf | [SARLOHA PRD] SQLMD readable but 0 rows matched DDATE >= '20260901' -- is SQL Monitor (transaction SQLM) activated on this system?
2026-09-08 11:11:02,288 | INFO     | collectors.rfc_perf | [PRD] 110 STAT records, 0 dialog steps in the window (task mix: 0x12, 0x21, 0xb, 0xe, AUTOABAP, BTC, BUF.SYNC, OTHER, SPOOL) -- no GUI activity, metric left absent
2026-09-08 11:11:02,711 | INFO     | collectors.rfc_perf | [PRD] response time: STAT records unavailable, using ST03N aggregates
2026-09-08 11:11:03,041 | INFO     | collectors.rfc_perf | [PRD] SQLMD readable but 0 rows matched DDATE >= '20260901' -- is SQL Monitor (transaction SQLM) activated on this system?
2026-09-08 11:12:38,378 | INFO     | collectors.rfc_perf | [SARLOHA PRD] SQLMD readable but 0 rows matched DDATE >= '20260901' -- is SQL Monitor (transaction SQLM) activated on this system?
2026-09-08 11:13:22,566 | INFO     | collectors.rfc_perf | [CENTOR_QAS] 54 STAT records, 0 dialog steps in the window (task mix: 0x12, 0xb, 0xe, 0xf, AUTOABAP, BTC, BUF.SYNC, OTHER, SPOOL) -- no GUI activity, metric left absent
2026-09-08 11:13:22,628 | INFO     | collectors.rfc_perf | [CENTOR_QAS] response time: no dialog steps in the last 5 min and no ST03N aggregate -- metric left absent (system idle or collector off)
2026-09-08 11:13:22,791 | INFO     | collectors.rfc_perf | [CENTOR_QAS] SQLMD readable but 0 rows matched DDATE >= '20260901' -- is SQL Monitor (transaction SQLM) activated on this system?
2026-09-08 11:13:23,179 | INFO     | collectors.rfc_perf | [PRD] 103 STAT records, 0 dialog steps in the window (task mix: 0x12, 0xb, 0xe, AUTOABAP, BTC, BUF.SYNC, OTHER, SPOOL) -- no GUI activity, metric left absent
2026-09-08 11:13:23,653 | INFO     | collectors.rfc_perf | [PRD] response time: STAT records unavailable, using ST03N aggregates
2026-09-08 11:13:23,824 | INFO     | collectors.rfc_perf | [PRD] SQLMD readable but 0 rows matched DDATE >= '20260901' -- is SQL Monitor (transaction SQLM) activated on this system?
2026-09-08 11:13:24,549 | INFO     | collectors.rfc_perf | [SARLOHA QAS] 37 STAT records, 0 dialog steps in the window (task mix: 0x12, 0xb, 0xe, 0xf, BTC, BUF.SYNC, OTHER, SPOOL) -- no GUI activity, metric left absent
2026-09-08 11:13:24,892 | INFO     | collectors.rfc_perf | [SARLOHA QAS] response time: STAT records unavailable, using ST03N aggregates
2026-09-08 11:13:25,109 | INFO     | collectors.rfc_perf | [SARLOHA QAS] SQLMD readable but 0 rows matched DDATE >= '20260901' -- is SQL Monitor (transaction SQLM) activated on this system?
2026-09-08 11:14:02,835 | INFO     | collectors.rfc_perf | [SARLOHA PRD] SQLMD readable but 0 rows matched DDATE >= '20260901' -- is SQL Monitor (transaction SQLM) activated on this system?
2026-09-08 11:14:30,855 | INFO     | collectors.rfc_perf | [CENTOR_QAS] 54 STAT records, 0 dialog steps in the window (task mix: 0x12, 0xb, 0xe, 0xf, AUTOABAP, BTC, BUF.SYNC, OTHER, SPOOL) -- no GUI activity, metric left absent
2026-09-08 11:14:30,939 | INFO     | collectors.rfc_perf | [CENTOR_QAS] response time: no dialog steps in the last 5 min and no ST03N aggregate -- metric left absent (system idle or collector off)
2026-09-08 11:14:31,059 | INFO     | collectors.rfc_perf | [CENTOR_QAS] SQLMD readable but 0 rows matched DDATE >= '20260901' -- is SQL Monitor (transaction SQLM) activated on this system?
2026-09-08 11:14:31,446 | INFO     | collectors.rfc_perf | [PRD] 105 STAT records, 0 dialog steps in the window (task mix: 0x12, 0xb, 0xe, AUTOABAP, BTC, BUF.SYNC, OTHER, SPOOL) -- no GUI activity, metric left absent
2026-09-08 11:14:31,833 | INFO     | collectors.rfc_perf | [PRD] response time: STAT records unavailable, using ST03N aggregates
2026-09-08 11:14:32,134 | INFO     | collectors.rfc_perf | [PRD] SQLMD readable but 0 rows matched DDATE >= '20260901' -- is SQL Monitor (transaction SQLM) activated on this system?
2026-09-08 11:14:32,770 | INFO     | collectors.rfc_perf | [SARLOHA QAS] 40 STAT records, 0 dialog steps in the window (task mix: 0x12, 0xb, 0xe, 0xf, AUTOABAP, BTC, BUF.SYNC, OTHER, SPOOL) -- no GUI activity, metric left absent
2026-09-08 11:14:33,071 | INFO     | collectors.rfc_perf | [SARLOHA QAS] response time: STAT records unavailable, using ST03N aggregates
2026-09-08 11:14:33,363 | INFO     | collectors.rfc_perf | [SARLOHA QAS] SQLMD readable but 0 rows matched DDATE >= '20260901' -- is SQL Monitor (transaction SQLM) activated on this system?
2026-09-08 11:15:14,198 | INFO     | collectors.rfc_perf | [SARLOHA PRD] SQLMD readable but 0 rows matched DDATE >= '20260901' -- is SQL Monitor (transaction SQLM) activated on this system?
2026-09-08 11:16:17,396 | INFO     | collectors.ccms_os | [CENTOR_QAS] CCMS OS monitor 'Operating System': matched cpu=1, load_5m=1, mem_free=1, mem_total=1, swap_free=1
2026-09-08 11:16:20,060 | INFO     | collectors.rfc_perf | [CENTOR_QAS] 50 STAT records, 0 dialog steps in the window (task mix: 0x12, 0xb, 0xe, 0xf, AUTOABAP, BTC, BUF.SYNC, OTHER, SPOOL) -- no GUI activity, metric left absent
2026-09-08 11:16:20,140 | INFO     | collectors.rfc_perf | [CENTOR_QAS] response time: no dialog steps in the last 5 min and no ST03N aggregate -- metric left absent (system idle or collector off)
2026-09-08 11:16:20,353 | INFO     | collectors.rfc_perf | [CENTOR_QAS] SQLMD readable but 0 rows matched DDATE >= '20260901' -- is SQL Monitor (transaction SQLM) activated on this system?
2026-09-08 11:16:20,942 | INFO     | collectors.rfc_perf | [PRD] 105 STAT records, 0 dialog steps in the window (task mix: 0x12, 0xb, 0xe, AUTOABAP, BTC, BUF.SYNC, OTHER, SPOOL) -- no GUI activity, metric left absent
2026-09-08 11:16:21,924 | INFO     | collectors.rfc_perf | [PRD] response time: STAT records unavailable, using ST03N aggregates
2026-09-08 11:16:22,559 | INFO     | collectors.rfc_perf | [PRD] SQLMD readable but 0 rows matched DDATE >= '20260901' -- is SQL Monitor (transaction SQLM) activated on this system?
2026-09-08 11:16:22,909 | INFO     | collectors.ccms_os | [SARLOHA QAS] CCMS OS monitor 'Operating System': matched cpu=1, load_5m=1, mem_free=1, mem_total=2, swap_free=1
2026-09-08 11:16:23,454 | INFO     | collectors.rfc_perf | [SARLOHA QAS] 37 STAT records, 0 dialog steps in the window (task mix: 0x12, 0xb, 0xe, 0xf, AUTOABAP, BTC, BUF.SYNC, OTHER, SPOOL) -- no GUI activity, metric left absent
2026-09-08 11:16:23,943 | INFO     | collectors.rfc_perf | [SARLOHA QAS] response time: STAT records unavailable, using ST03N aggregates
2026-09-08 11:16:24,407 | INFO     | collectors.rfc_perf | [SARLOHA QAS] SQLMD readable but 0 rows matched DDATE >= '20260901' -- is SQL Monitor (transaction SQLM) activated on this system?
2026-09-08 11:16:25,120 | INFO     | collectors.ccms_os | [SARLOHA PRD] CCMS OS monitor 'Operating System': matched cpu=2, load_5m=2, mem_free=2, mem_total=4, swap_free=2
2026-09-08 11:16:27,854 | INFO     | collectors.rfc_perf | [SARLOHA PRD] SQLMD readable but 0 rows matched DDATE >= '20260901' -- is SQL Monitor (transaction SQLM) activated on this system?
2026-09-08 11:17:26,772 | INFO     | collectors.rfc_perf | [CENTOR_QAS] 49 STAT records, 0 dialog steps in the window (task mix: 0x12, 0xb, 0xe, 0xf, AUTOABAP, BTC, BUF.SYNC, OTHER, SPOOL) -- no GUI activity, metric left absent
2026-09-08 11:17:26,833 | INFO     | collectors.rfc_perf | [CENTOR_QAS] response time: no dialog steps in the last 5 min and no ST03N aggregate -- metric left absent (system idle or collector off)
2026-09-08 11:17:27,049 | INFO     | collectors.rfc_perf | [CENTOR_QAS] SQLMD readable but 0 rows matched DDATE >= '20260901' -- is SQL Monitor (transaction SQLM) activated on this system?
2026-09-08 11:17:27,994 | INFO     | collectors.rfc_perf | [PRD] 103 STAT records, 0 dialog steps in the window (task mix: 0x12, 0xb, 0xe, AUTOABAP, BTC, BUF.SYNC, OTHER, SPOOL) -- no GUI activity, metric left absent
2026-09-08 11:17:28,609 | INFO     | collectors.rfc_perf | [PRD] response time: STAT records unavailable, using ST03N aggregates
2026-09-08 11:17:28,958 | INFO     | collectors.rfc_perf | [PRD] SQLMD readable but 0 rows matched DDATE >= '20260901' -- is SQL Monitor (transaction SQLM) activated on this system?
2026-09-08 11:17:29,729 | INFO     | collectors.rfc_perf | [SARLOHA QAS] 40 STAT records, 0 dialog steps in the window (task mix: 0x12, 0xb, 0xe, 0xf, AUTOABAP, BTC, BUF.SYNC, OTHER, SPOOL) -- no GUI activity, metric left absent
2026-09-08 11:17:30,322 | INFO     | collectors.rfc_perf | [SARLOHA QAS] response time: STAT records unavailable, using ST03N aggregates
2026-09-08 11:17:30,759 | INFO     | collectors.rfc_perf | [SARLOHA QAS] SQLMD readable but 0 rows matched DDATE >= '20260901' -- is SQL Monitor (transaction SQLM) activated on this system?
2026-09-08 11:17:32,937 | INFO     | collectors.rfc_perf | [SARLOHA PRD] SQLMD readable but 0 rows matched DDATE >= '20260901' -- is SQL Monitor (transaction SQLM) activated on this system?
2026-09-08 11:21:08,788 | INFO     | collectors.rfc_perf | [CENTOR_QAS] SQLMD readable but 0 rows matched DDATE >= '20260901' -- is SQL Monitor (transaction SQLM) activated on this system?
2026-09-08 11:21:09,217 | INFO     | collectors.rfc_perf | [PRD] 106 STAT records, 0 dialog steps in the window (task mix: 0x12, 0xb, 0xe, AUTOABAP, BTC, BUF.SYNC, OTHER, SPOOL) -- no GUI activity, metric left absent
2026-09-08 11:21:09,630 | INFO     | collectors.rfc_perf | [PRD] response time: STAT records unavailable, using ST03N aggregates
2026-09-08 11:21:09,963 | INFO     | collectors.rfc_perf | [PRD] SQLMD readable but 0 rows matched DDATE >= '20260901' -- is SQL Monitor (transaction SQLM) activated on this system?
2026-09-08 11:21:11,107 | INFO     | collectors.rfc_perf | [SARLOHA QAS] SQLMD readable but 0 rows matched DDATE >= '20260901' -- is SQL Monitor (transaction SQLM) activated on this system?
2026-09-08 11:21:13,245 | INFO     | collectors.rfc_perf | [SARLOHA PRD] SQLMD readable but 0 rows matched DDATE >= '20260901' -- is SQL Monitor (transaction SQLM) activated on this system?
2026-09-08 11:22:17,164 | INFO     | main | ===== Pipeline START for system SARLOHA QAS =====
2026-09-08 11:22:17,165 | INFO     | main | SARLOHA QAS: has_os_access=false -- skipping OS/SSH metrics entirely (not attempting).
2026-09-08 11:22:18,445 | INFO     | sap_gui.launcher | Launching SAP Logon: C:\Program Files (x86)\SAP\FrontEnd\SAPgui\saplogon.exe
2026-09-08 11:22:19,250 | INFO     | collectors.rfc_perf | [CENTOR_QAS] SQLMD readable but 0 rows matched DDATE >= '20260901' -- is SQL Monitor (transaction SQLM) activated on this system?
2026-09-08 11:22:19,831 | INFO     | collectors.rfc_perf | [PRD] 108 STAT records, 0 dialog steps in the window (task mix: 0x12, 0xb, 0xe, AUTOABAP, BTC, BUF.SYNC, OTHER, SPOOL) -- no GUI activity, metric left absent
2026-09-08 11:22:20,506 | INFO     | collectors.rfc_perf | [PRD] response time: STAT records unavailable, using ST03N aggregates
2026-09-08 11:22:20,842 | INFO     | collectors.rfc_perf | [PRD] SQLMD readable but 0 rows matched DDATE >= '20260901' -- is SQL Monitor (transaction SQLM) activated on this system?
2026-09-08 11:22:22,315 | INFO     | collectors.rfc_perf | [SARLOHA QAS] SQLMD readable but 0 rows matched DDATE >= '20260901' -- is SQL Monitor (transaction SQLM) activated on this system?
2026-09-08 11:22:23,138 | INFO     | sap_gui.launcher | SAP Logon 800 pad is visible.
2026-09-08 11:22:24,162 | INFO     | sap_gui.launcher | Selecting connection: SARLOHA QAS
2026-09-08 11:22:24,553 | INFO     | collectors.rfc_perf | [SARLOHA PRD] SQLMD readable but 0 rows matched DDATE >= '20260901' -- is SQL Monitor (transaction SQLM) activated on this system?
2026-09-08 11:22:30,374 | INFO     | sap_gui.launcher | Opened connection 'SARLOHA QAS' via keyboard activation.
2026-09-08 11:22:32,377 | INFO     | sap_gui.connection | Finding SAP login window...
2026-09-08 11:22:32,546 | INFO     | sap_gui.connection | SAP login window found: 'SAP' (pattern '^SAP$').
2026-09-08 11:22:33,594 | INFO     | sap_gui.connection | Moving to Client field...
2026-09-08 11:22:34,142 | INFO     | sap_gui.connection | Clearing existing Client value...
2026-09-08 11:22:34,588 | INFO     | sap_gui.connection | Entering Client: 500
2026-09-08 11:22:35,501 | INFO     | sap_gui.connection | Entering Username: basis
2026-09-08 11:22:36,457 | INFO     | sap_gui.connection | Entering Password... (masked)
2026-09-08 11:22:37,096 | INFO     | sap_gui.connection | Client, username and password populated.
2026-09-08 11:22:37,096 | INFO     | sap_gui.connection | Submitting login (ENTER)...
2026-09-08 11:22:39,152 | INFO     | sap_gui.connection | Login submitted.
2026-09-08 11:22:39,774 | INFO     | sap_gui.connection | Login verified: SAP session window detected, login screen closed.
2026-09-08 11:22:39,924 | INFO     | sap_gui.scripting_connection | Scripting session acquired: System=QA1, Client=500, User=BASIS
2026-09-08 11:22:41,006 | INFO     | collectors.rfc_perf | [SARLOHA QAS] SQLMD readable but 0 rows matched DDATE >= '20260901' -- is SQL Monitor (transaction SQLM) activated on this system?
2026-09-08 11:22:41,029 | INFO     | collectors.rfc_perf | [SARLOHA QAS] RFC perf collector: 11 metrics
2026-09-08 11:22:41,105 | INFO     | sap_gui.scripting_connection | Scripting session acquired: System=QA1, Client=500, User=BASIS
2026-09-08 11:22:44,630 | INFO     | sap_gui.screenshot | Screenshot saved: C:\infrabeatops\reports\2026-09-08\SARLOHA_QAS\evidence\screenshots\AL08_112244_351554.png
2026-09-08 11:22:52,486 | INFO     | sap_gui.screenshot | Screenshot saved: C:\infrabeatops\reports\2026-09-08\SARLOHA_QAS\evidence\screenshots\DB01_112252_215356.png
2026-09-08 11:23:00,342 | INFO     | sap_gui.screenshot | Screenshot saved: C:\infrabeatops\reports\2026-09-08\SARLOHA_QAS\evidence\screenshots\DB02_112259_992008.png
2026-09-08 11:23:06,261 | INFO     | sap_gui.screenshot | Screenshot saved: C:\infrabeatops\reports\2026-09-08\SARLOHA_QAS\evidence\screenshots\DB12_112305_826117.png
2026-09-08 11:23:11,474 | WARNING  | sap_gui.tcode_actions | SCOT SMTP node navigation failed: (-2147352567, 'Exception occurred.', (0, 'SAP Frontend Server', '', None, 0, -2147467259), None)
2026-09-08 11:23:11,713 | INFO     | sap_gui.screenshot | Screenshot saved: C:\infrabeatops\reports\2026-09-08\SARLOHA_QAS\evidence\screenshots\SCOT_112311_478741.png
2026-09-08 11:23:11,717 | INFO     | sap_gui.tcode_actions | SM12: trying classic 'Select Lock Entries' variant.
2026-09-08 11:23:16,724 | INFO     | sap_gui.screenshot | Screenshot saved: C:\infrabeatops\reports\2026-09-08\SARLOHA_QAS\evidence\screenshots\SM12_112316_511221.png
2026-09-08 11:23:16,739 | DEBUG    | sap_gui.field_extractor | Could not read RowCount for wnd[0]/usr/cntlGRID1/shellcont/shell/shellcont[1]/shell: <unknown>.RowCount
2026-09-08 11:23:16,741 | INFO     | sap_gui.tcode_actions | SM12: classic 'Select Lock Entries' variant executed successfully.
2026-09-08 11:23:20,775 | INFO     | sap_gui.screenshot | Screenshot saved: C:\infrabeatops\reports\2026-09-08\SARLOHA_QAS\evidence\screenshots\SM13_112320_607871.png
2026-09-08 11:23:25,619 | DEBUG    | sap_gui.tcode_actions | Optional step skipped (SM21 select TEXT column): (-2147352567, 'Exception occurred.', (619, 'SAP Frontend Server', 'The control could not be found by id.', 'C:\\Program Files (x86)\\SAP\\FrontEnd\\SAPgui\\sapfront.HLP', 393215, 0), None)
2026-09-08 11:23:25,859 | INFO     | sap_gui.screenshot | Screenshot saved: C:\infrabeatops\reports\2026-09-08\SARLOHA_QAS\evidence\screenshots\SM21_112325_621671.png
2026-09-08 11:23:29,730 | INFO     | sap_gui.tcode_actions | SM37 active: SAP status = 'No job matches the selection criteria'
2026-09-08 11:23:29,731 | INFO     | sap_gui.tcode_actions | SM37 active: no running jobs found for 08.09.2026.
2026-09-08 11:23:29,876 | INFO     | sap_gui.screenshot | Screenshot saved: C:\infrabeatops\reports\2026-09-08\SARLOHA_QAS\evidence\screenshots\SM37_112329_734873.png
2026-09-08 11:23:31,425 | INFO     | collectors.rfc_perf | [CENTOR_QAS] 48 STAT records, 0 dialog steps in the window (task mix: 0x12, 0xb, 0xe, 0xf, AUTOABAP, BTC, BUF.SYNC, OTHER, SPOOL) -- no GUI activity, metric left absent
2026-09-08 11:23:31,496 | INFO     | collectors.rfc_perf | [CENTOR_QAS] response time: no dialog steps in the last 5 min and no ST03N aggregate -- metric left absent (system idle or collector off)
2026-09-08 11:23:31,648 | INFO     | collectors.rfc_perf | [CENTOR_QAS] SQLMD readable but 0 rows matched DDATE >= '20260901' -- is SQL Monitor (transaction SQLM) activated on this system?
2026-09-08 11:23:32,102 | INFO     | sap_gui.tcode_actions | SM37 cancelled: searching from 07.09.2026 to 08.09.2026.
2026-09-08 11:23:32,188 | INFO     | sap_gui.tcode_actions | SM37 cancelled: Canceled/ABORTED selection = True
2026-09-08 11:23:32,639 | INFO     | collectors.rfc_perf | [PRD] 103 STAT records, 0 dialog steps in the window (task mix: 0x12, 0xb, 0xe, AUTOABAP, BTC, BUF.SYNC, OTHER, SPOOL) -- no GUI activity, metric left absent
2026-09-08 11:23:33,068 | INFO     | collectors.rfc_perf | [PRD] response time: STAT records unavailable, using ST03N aggregates
2026-09-08 11:23:33,310 | INFO     | collectors.rfc_perf | [PRD] SQLMD readable but 0 rows matched DDATE >= '20260901' -- is SQL Monitor (transaction SQLM) activated on this system?
2026-09-08 11:23:33,663 | INFO     | sap_gui.tcode_actions | SM37 cancelled: SAP status = 'No job matches the selection criteria'
2026-09-08 11:23:33,855 | INFO     | sap_gui.screenshot | Screenshot saved: C:\infrabeatops\reports\2026-09-08\SARLOHA_QAS\evidence\screenshots\SM37_CANCELLED_112333_664211.png
2026-09-08 11:23:33,875 | INFO     | sap_gui.tcode_actions | SM37 cancelled: no canceled jobs found between 07.09.2026 and 08.09.2026.
2026-09-08 11:23:36,138 | INFO     | collectors.rfc_perf | [SARLOHA QAS] SQLMD readable but 0 rows matched DDATE >= '20260901' -- is SQL Monitor (transaction SQLM) activated on this system?
2026-09-08 11:23:36,956 | DEBUG    | sap_gui.tcode_actions | Optional step skipped (SM51 select all servers): (-2147352567, 'Exception occurred.', (619, 'SAP Frontend Server', 'The control could not be found by id.', 'C:\\Program Files (x86)\\SAP\\FrontEnd\\SAPgui\\sapfront.HLP', 393215, 0), None)
2026-09-08 11:23:37,175 | INFO     | sap_gui.screenshot | Screenshot saved: C:\infrabeatops\reports\2026-09-08\SARLOHA_QAS\evidence\screenshots\SM51_112336_958241.png
2026-09-08 11:23:38,736 | INFO     | collectors.rfc_perf | [SARLOHA PRD] SQLMD readable but 0 rows matched DDATE >= '20260901' -- is SQL Monitor (transaction SQLM) activated on this system?
2026-09-08 11:23:41,555 | INFO     | sap_gui.screenshot | Screenshot saved: C:\infrabeatops\reports\2026-09-08\SARLOHA_QAS\evidence\screenshots\SM58_112341_406230.png
2026-09-08 11:23:47,406 | INFO     | sap_gui.screenshot | Screenshot saved: C:\infrabeatops\reports\2026-09-08\SARLOHA_QAS\evidence\screenshots\SM50_112347_155786.png
2026-09-08 11:23:50,904 | DEBUG    | sap_gui.tcode_actions | Optional step skipped (SM66 sort column): (-2147352567, 'Exception occurred.', (619, 'SAP Frontend Server', 'The control could not be found by id.', 'C:\\Program Files (x86)\\SAP\\FrontEnd\\SAPgui\\sapfront.HLP', 393215, 0), None)
2026-09-08 11:23:51,101 | INFO     | sap_gui.screenshot | Screenshot saved: C:\infrabeatops\reports\2026-09-08\SARLOHA_QAS\evidence\screenshots\SM66_112350_905213.png
2026-09-08 11:23:55,809 | INFO     | sap_gui.screenshot | Screenshot saved: C:\infrabeatops\reports\2026-09-08\SARLOHA_QAS\evidence\screenshots\SMLG_112355_677980.png
2026-09-08 11:23:58,852 | INFO     | sap_gui.screenshot | Screenshot saved: C:\infrabeatops\reports\2026-09-08\SARLOHA_QAS\evidence\screenshots\SMQ1_112358_696892.png
2026-09-08 11:24:02,480 | INFO     | sap_gui.screenshot | Screenshot saved: C:\infrabeatops\reports\2026-09-08\SARLOHA_QAS\evidence\screenshots\SMQ2_112402_312899.png
2026-09-08 11:24:09,176 | INFO     | sap_gui.screenshot | Screenshot saved: C:\infrabeatops\reports\2026-09-08\SARLOHA_QAS\evidence\screenshots\SOST_112408_881877.png
2026-09-08 11:24:14,870 | DEBUG    | sap_gui.tcode_actions | Optional step skipped (SP01 popup select-all): (-2147352567, 'Exception occurred.', (619, 'SAP Frontend Server', 'The control could not be found by id.', 'C:\\Program Files (x86)\\SAP\\FrontEnd\\SAPgui\\sapfront.HLP', 393215, 0), None)
2026-09-08 11:24:15,702 | INFO     | sap_gui.screenshot | Screenshot saved: C:\infrabeatops\reports\2026-09-08\SARLOHA_QAS\evidence\screenshots\SP01_112415_506578.png
2026-09-08 11:24:24,744 | INFO     | sap_gui.screenshot | Screenshot saved: C:\infrabeatops\reports\2026-09-08\SARLOHA_QAS\evidence\screenshots\ST03N_112424_493833.png
2026-09-08 11:24:29,842 | INFO     | sap_gui.tcode_actions | ST22: opened ST22. Selecting TODAY only.
2026-09-08 11:24:29,845 | INFO     | sap_gui.tcode_actions | ST22: TODAY button found. Pressing it.
2026-09-08 11:24:31,460 | INFO     | sap_gui.tcode_actions | ST22: TODAY selection completed.
2026-09-08 11:24:31,652 | INFO     | sap_gui.screenshot | Screenshot saved: C:\infrabeatops\reports\2026-09-08\SARLOHA_QAS\evidence\screenshots\ST22_today_112431_461656.png
2026-09-08 11:24:31,654 | INFO     | sap_gui.tcode_actions | ST22: TODAY screenshot captured: C:\infrabeatops\reports\2026-09-08\SARLOHA_QAS\evidence\screenshots\ST22_today_112431_461656.png
2026-09-08 11:24:31,661 | INFO     | sap_gui.tcode_actions | ST22: status bar = 'No short dumps match the selection criteria'
2026-09-08 11:24:31,673 | INFO     | sap_gui.tcode_actions | ST22: TODAY ALV is not available. This can be normal when there are zero dumps. status='No short dumps match the selection criteria' error=com_error
2026-09-08 11:24:31,673 | INFO     | sap_gui.tcode_actions | ST22: No TODAY ALV detected. Treating TODAY as zero dumps.
2026-09-08 11:24:34,818 | INFO     | sap_gui.screenshot | Screenshot saved: C:\infrabeatops\reports\2026-09-08\SARLOHA_QAS\evidence\screenshots\ST06_112434_609773.png
2026-09-08 11:24:35,816 | INFO     | collectors.sap_gui_collector | Collected evidence for 22 T-codes.
2026-09-08 11:24:38,999 | INFO     | collectors.rfc_perf | [CENTOR_QAS] 57 STAT records, 0 dialog steps in the window (task mix: 0x12, 0xb, 0xe, 0xf, AUTOABAP, BTC, BUF.SYNC, OTHER, SPOOL) -- no GUI activity, metric left absent
2026-09-08 11:24:39,072 | INFO     | collectors.rfc_perf | [CENTOR_QAS] response time: no dialog steps in the last 5 min and no ST03N aggregate -- metric left absent (system idle or collector off)
2026-09-08 11:24:39,405 | INFO     | collectors.rfc_perf | [CENTOR_QAS] SQLMD readable but 0 rows matched DDATE >= '20260901' -- is SQL Monitor (transaction SQLM) activated on this system?
2026-09-08 11:24:39,831 | INFO     | collectors.rfc_perf | [PRD] 105 STAT records, 0 dialog steps in the window (task mix: 0x12, 0xb, 0xe, AUTOABAP, BTC, BUF.SYNC, OTHER, SPOOL) -- no GUI activity, metric left absent
2026-09-08 11:24:40,391 | INFO     | collectors.rfc_perf | [PRD] response time: STAT records unavailable, using ST03N aggregates
2026-09-08 11:24:40,718 | INFO     | core.status_snapshot | Status snapshot saved for SARLOHA QAS: C:\infrabeatops\dashboard\snapshots\SARLOHAQAS.json
2026-09-08 11:24:40,735 | INFO     | collectors.rfc_perf | [PRD] SQLMD readable but 0 rows matched DDATE >= '20260901' -- is SQL Monitor (transaction SQLM) activated on this system?
2026-09-08 11:24:42,622 | INFO     | collectors.rfc_perf | [SARLOHA QAS] SQLMD readable but 0 rows matched DDATE >= '20260901' -- is SQL Monitor (transaction SQLM) activated on this system?
2026-09-08 11:24:45,026 | INFO     | collectors.rfc_perf | [SARLOHA PRD] SQLMD readable but 0 rows matched DDATE >= '20260901' -- is SQL Monitor (transaction SQLM) activated on this system?
2026-09-08 11:35:28,726 | INFO     | collectors.ccms_os | [CENTOR_QAS] CCMS OS monitor 'Operating System': matched cpu=1, load_5m=1, mem_free=1, mem_total=1, swap_free=1
2026-09-08 11:35:34,330 | INFO     | collectors.rfc_perf | [CENTOR_QAS] 38 STAT records, 0 dialog steps in the window (task mix: 0x12, 0xb, 0xe, 0xf, AUTOABAP, BTC, BUF.SYNC, SPOOL) -- no GUI activity, metric left absent
2026-09-08 11:35:35,424 | INFO     | collectors.rfc_perf | [CENTOR_QAS] response time: no dialog steps in the last 5 min and no ST03N aggregate -- metric left absent (system idle or collector off)
2026-09-08 11:35:36,141 | INFO     | collectors.rfc_perf | [CENTOR_QAS] SQLMD readable but 0 rows matched DDATE >= '20260901' -- is SQL Monitor (transaction SQLM) activated on this system?
2026-09-08 11:35:41,071 | INFO     | collectors.rfc_perf | [PRD] 146 STAT records, 0 dialog steps in the window (task mix: 0x12, 0xb, 0xe, AUTOABAP, BTC, BUF.SYNC, OTHER, SPOOL) -- no GUI activity, metric left absent
2026-09-08 11:35:42,037 | INFO     | collectors.rfc_perf | [PRD] response time: STAT records unavailable, using ST03N aggregates
2026-09-08 11:35:42,302 | WARNING  | collectors.rfc_perf | [PRD] lock owner stamps run 330 min ahead of SAP system time -- OS time zone on the app server differs from the SAP time zone. Ages corrected; tell Basis.
2026-09-08 11:35:42,446 | INFO     | collectors.rfc_perf | [PRD] 159 STAT records, 0 dialog steps in the window (task mix: 0x12, 0xb, 0xe, AUTOABAP, BTC, BUF.SYNC, OTHER, SPOOL) -- no GUI activity, metric left absent
2026-09-08 11:35:42,939 | INFO     | collectors.rfc_perf | [PRD] response time: STAT records unavailable, using ST03N aggregates
2026-09-08 11:35:43,187 | INFO     | collectors.rfc_perf | [PRD] SQLMD readable but 0 rows matched DDATE >= '20260901' -- is SQL Monitor (transaction SQLM) activated on this system?
2026-09-08 11:35:43,438 | INFO     | collectors.rfc_perf | [PRD] SQLMD readable but 0 rows matched DDATE >= '20260901' -- is SQL Monitor (transaction SQLM) activated on this system?
2026-09-08 11:35:45,895 | INFO     | collectors.ccms_os | [SARLOHA QAS] CCMS OS monitor 'Operating System': matched cpu=1, load_5m=1, mem_free=1, mem_total=2, swap_free=1
2026-09-08 11:35:46,109 | INFO     | collectors.ccms_os | [SARLOHA QAS] CCMS OS monitor 'Operating System': matched cpu=1, load_5m=1, mem_free=1, mem_total=2, swap_free=1
2026-09-08 11:35:54,007 | INFO     | collectors.rfc_perf | [SARLOHA QAS] SQLMD readable but 0 rows matched DDATE >= '20260901' -- is SQL Monitor (transaction SQLM) activated on this system?
2026-09-08 11:35:54,020 | INFO     | collectors.rfc_perf | [SARLOHA QAS] SQLMD readable but 0 rows matched DDATE >= '20260901' -- is SQL Monitor (transaction SQLM) activated on this system?
2026-09-08 11:35:55,660 | INFO     | collectors.ccms_os | [SARLOHA PRD] CCMS OS monitor 'Operating System': matched cpu=2, load_5m=2, mem_free=2, mem_total=4, swap_free=2
2026-09-08 11:35:55,668 | INFO     | collectors.ccms_os | [SARLOHA PRD] CCMS OS monitor 'Operating System': matched cpu=2, load_5m=2, mem_free=2, mem_total=4, swap_free=2
2026-09-08 11:36:07,440 | INFO     | collectors.rfc_perf | [SARLOHA PRD] SQLMD readable but 0 rows matched DDATE >= '20260901' -- is SQL Monitor (transaction SQLM) activated on this system?
2026-09-08 11:36:07,441 | INFO     | collectors.rfc_perf | [SARLOHA PRD] SQLMD readable but 0 rows matched DDATE >= '20260901' -- is SQL Monitor (transaction SQLM) activated on this system?
2026-09-08 11:36:07,499 | INFO     | collectors.rfc_perf | [SARLOHA PRD] SQLMD readable but 0 rows matched DDATE >= '20260901' -- is SQL Monitor (transaction SQLM) activated on this system?
2026-09-08 11:36:08,304 | INFO     | collectors.rfc_perf | [SARLOHA PRD] SQLMD readable but 0 rows matched DDATE >= '20260901' -- is SQL Monitor (transaction SQLM) activated on this system?
2026-09-08 11:36:36,779 | INFO     | collectors.rfc_perf | [CENTOR_QAS] 41 STAT records, 0 dialog steps in the window (task mix: 0x12, 0xb, 0xe, 0xf, AUTOABAP, BTC, BUF.SYNC, OTHER, SPOOL) -- no GUI activity, metric left absent
2026-09-08 11:36:36,856 | INFO     | collectors.rfc_perf | [CENTOR_QAS] response time: no dialog steps in the last 5 min and no ST03N aggregate -- metric left absent (system idle or collector off)
2026-09-08 11:36:37,000 | INFO     | collectors.rfc_perf | [CENTOR_QAS] SQLMD readable but 0 rows matched DDATE >= '20260901' -- is SQL Monitor (transaction SQLM) activated on this system?
2026-09-08 11:36:47,066 | INFO     | collectors.rfc_perf | [PRD] 166 STAT records, 0 dialog steps in the window (task mix: 0x12, 0xb, 0xe, AUTOABAP, BTC, BUF.SYNC, OTHER, SPOOL) -- no GUI activity, metric left absent
2026-09-08 11:36:47,400 | INFO     | collectors.rfc_perf | [PRD] response time: STAT records unavailable, using ST03N aggregates
2026-09-08 11:36:47,561 | INFO     | collectors.rfc_perf | [PRD] SQLMD readable but 0 rows matched DDATE >= '20260901' -- is SQL Monitor (transaction SQLM) activated on this system?
2026-09-08 11:36:57,444 | INFO     | collectors.rfc_perf | [SARLOHA QAS] SQLMD readable but 0 rows matched DDATE >= '20260901' -- is SQL Monitor (transaction SQLM) activated on this system?
2026-09-08 11:39:58,134 | INFO     | collectors.rfc_perf | [CENTOR_QAS] SQLMD readable but 0 rows matched DDATE >= '20260901' -- is SQL Monitor (transaction SQLM) activated on this system?
2026-09-08 11:39:59,157 | INFO     | collectors.rfc_perf | [PRD] 167 STAT records, 0 dialog steps in the window (task mix: 0x12, 0xb, 0xe, AUTOABAP, BTC, BUF.SYNC, OTHER, SPOOL) -- no GUI activity, metric left absent
2026-09-08 11:39:59,623 | INFO     | collectors.rfc_perf | [PRD] response time: STAT records unavailable, using ST03N aggregates
2026-09-08 11:39:59,995 | INFO     | collectors.rfc_perf | [PRD] SQLMD readable but 0 rows matched DDATE >= '20260901' -- is SQL Monitor (transaction SQLM) activated on this system?
2026-09-08 11:40:01,297 | INFO     | collectors.rfc_perf | [SARLOHA QAS] 30 STAT records, 0 dialog steps in the window (task mix: 0x12, 0xb, 0xe, 0xf, AUTOABAP, BTC, BUF.SYNC, OTHER, SPOOL) -- no GUI activity, metric left absent
2026-09-08 11:40:03,123 | INFO     | collectors.rfc_perf | [SARLOHA QAS] response time: STAT records unavailable, using ST03N aggregates
2026-09-08 11:40:03,333 | INFO     | collectors.rfc_perf | [SARLOHA QAS] SQLMD readable but 0 rows matched DDATE >= '20260901' -- is SQL Monitor (transaction SQLM) activated on this system?
2026-09-08 11:40:05,554 | INFO     | collectors.rfc_perf | [SARLOHA PRD] SQLMD readable but 0 rows matched DDATE >= '20260901' -- is SQL Monitor (transaction SQLM) activated on this system?
2026-09-08 11:41:26,188 | INFO     | main | ===== Pipeline START for system PRD =====
2026-09-08 11:41:26,189 | INFO     | main | PRD: has_os_access=false -- skipping OS/SSH metrics entirely (not attempting).
2026-09-08 11:41:27,612 | INFO     | sap_gui.launcher | Launching SAP Logon: C:\Program Files (x86)\SAP\FrontEnd\SAPgui\saplogon.exe
2026-09-08 11:41:32,454 | INFO     | sap_gui.launcher | SAP Logon 800 pad is visible.
2026-09-08 11:41:33,456 | INFO     | sap_gui.launcher | Selecting connection: centaur system
2026-09-08 11:41:39,807 | INFO     | sap_gui.launcher | Opened connection 'centaur system' via keyboard activation.
2026-09-08 11:41:41,812 | INFO     | sap_gui.connection | Finding SAP login window...
2026-09-08 11:41:42,437 | INFO     | sap_gui.connection | SAP login window found: 'SAP' (pattern '^SAP$').
2026-09-08 11:41:43,475 | INFO     | sap_gui.connection | Moving to Client field...
2026-09-08 11:41:44,031 | INFO     | sap_gui.connection | Clearing existing Client value...
2026-09-08 11:41:44,733 | INFO     | sap_gui.connection | Entering Client: 100
2026-09-08 11:41:45,661 | INFO     | sap_gui.connection | Entering Username: basis2
2026-09-08 11:41:46,638 | INFO     | sap_gui.connection | Entering Password... (masked)
2026-09-08 11:41:47,303 | INFO     | sap_gui.connection | Client, username and password populated.
2026-09-08 11:41:47,303 | INFO     | sap_gui.connection | Submitting login (ENTER)...
2026-09-08 11:41:49,360 | INFO     | sap_gui.connection | Login submitted.
2026-09-08 11:41:49,947 | INFO     | sap_gui.connection | Login verified: SAP session window detected, login screen closed.
2026-09-08 11:41:50,084 | INFO     | sap_gui.scripting_connection | Scripting session acquired: System=PRD, Client=100, User=BASIS2
2026-09-08 11:41:50,537 | INFO     | collectors.rfc_perf | [PRD] 134 STAT records, 0 dialog steps in the window (task mix: 0x12, 0xb, 0xe, AUTOABAP, BTC, BUF.SYNC, OTHER, SPOOL) -- no GUI activity, metric left absent
2026-09-08 11:41:50,994 | INFO     | collectors.rfc_perf | [PRD] response time: STAT records unavailable, using ST03N aggregates
2026-09-08 11:41:51,280 | INFO     | collectors.rfc_perf | [PRD] SQLMD readable but 0 rows matched DDATE >= '20260901' -- is SQL Monitor (transaction SQLM) activated on this system?
2026-09-08 11:41:51,301 | INFO     | collectors.rfc_perf | [PRD] RFC perf collector: 9 metrics
2026-09-08 11:41:51,362 | INFO     | sap_gui.scripting_connection | Scripting session acquired: System=PRD, Client=100, User=BASIS2
2026-09-08 11:41:56,869 | INFO     | sap_gui.screenshot | Screenshot saved: C:\infrabeatops\reports\2026-09-08\PRD\evidence\screenshots\AL08_114156_552750.png
2026-09-08 11:42:04,447 | DEBUG    | sap_gui.tcode_actions | Optional step skipped (DB01 header width): (-2147352567, 'Exception occurred.', (619, 'SAP Frontend Server', 'The control could not be found by id.', 'C:\\Program Files (x86)\\SAP\\FrontEnd\\SAPgui\\sapfront.HLP', 393215, 0), None)
2026-09-08 11:42:04,611 | INFO     | sap_gui.screenshot | Screenshot saved: C:\infrabeatops\reports\2026-09-08\PRD\evidence\screenshots\DB01_114204_449203.png
2026-09-08 11:44:13,101 | INFO     | collectors.rfc_perf | [PRD] STAT read returned 0 records in the last 5 minutes
2026-09-08 11:44:13,102 | INFO     | collectors.rfc_perf | [PRD] response time: no dialog steps in the last 5 min and no ST03N aggregate -- metric left absent (system idle or collector off)
2026-09-08 11:44:13,102 | INFO     | collectors.rfc_perf | [PRD] response time: SWNC_GET_STATRECS_FRAME not callable
2026-09-08 11:44:13,103 | INFO     | collectors.rfc_perf | [PRD] SQLMD: no field info returned -- table absent or not readable
2026-09-08 11:44:13,181 | INFO     | collectors.rfc_perf | [PRD] STAT read returned 0 records in the last 5 minutes
2026-09-08 11:44:13,182 | INFO     | collectors.rfc_perf | [PRD] response time: no dialog steps in the last 5 min and no ST03N aggregate -- metric left absent (system idle or collector off)
2026-09-08 11:44:13,182 | INFO     | collectors.rfc_perf | [PRD] response time: SWNC_GET_STATRECS_FRAME not callable
2026-09-08 11:44:13,183 | INFO     | collectors.rfc_perf | [PRD] SQLMD: no field info returned -- table absent or not readable
2026-09-08 11:44:13,305 | INFO     | collectors.rfc_perf | [PRD] SQLMD: no field info returned -- table absent or not readable
2026-09-08 11:44:13,310 | INFO     | collectors.rfc_perf | [PRD] 1 STAT records, 0 dialog steps in the window (task mix: RFC) -- no GUI activity, metric left absent
2026-09-08 11:44:13,312 | INFO     | collectors.rfc_perf | [PRD] response time: no dialog steps in the last 5 min and no ST03N aggregate -- metric left absent (system idle or collector off)
2026-09-08 11:44:13,312 | INFO     | collectors.rfc_perf | [PRD] SQLMD: no field info returned -- table absent or not readable
2026-09-08 11:44:13,317 | INFO     | collectors.rfc_perf | [PRD] STAT read returned 0 records in the last 5 minutes
2026-09-08 11:44:13,318 | INFO     | collectors.rfc_perf | [PRD] response time: no dialog steps in the last 5 min and no ST03N aggregate -- metric left absent (system idle or collector off)
2026-09-08 11:44:13,319 | INFO     | collectors.rfc_perf | [PRD] response time: SWNC_GET_STATRECS_FRAME not callable
2026-09-08 11:44:13,412 | INFO     | collectors.rfc_perf | [PRD] SQLMD: no field info returned -- table absent or not readable
2026-09-08 11:44:13,415 | INFO     | collectors.rfc_perf | [PRD] STAT read returned 0 records in the last 5 minutes
2026-09-08 11:44:13,415 | INFO     | collectors.rfc_perf | [PRD] response time: no dialog steps in the last 5 min and no ST03N aggregate -- metric left absent (system idle or collector off)
2026-09-08 11:44:13,416 | INFO     | collectors.rfc_perf | [PRD] response time: SWNC_GET_STATRECS_FRAME not callable
2026-09-08 11:44:13,475 | INFO     | collectors.rfc_perf | [PRD] STAT read returned 0 records in the last 5 minutes
2026-09-08 11:44:13,475 | INFO     | collectors.rfc_perf | [PRD] response time: no dialog steps in the last 5 min and no ST03N aggregate -- metric left absent (system idle or collector off)
2026-09-08 11:44:13,476 | INFO     | collectors.rfc_perf | [PRD] response time: SWNC_GET_STATRECS_FRAME not callable
2026-09-08 11:44:13,476 | INFO     | collectors.rfc_perf | [PRD] SQLMD readable but 0 rows matched DDATE >= '20260901' -- is SQL Monitor (transaction SQLM) activated on this system?
2026-09-08 11:44:13,481 | INFO     | collectors.rfc_perf | [PRD] STAT read returned 0 records in the last 5 minutes
2026-09-08 11:44:13,481 | INFO     | collectors.rfc_perf | [PRD] response time: no dialog steps in the last 5 min and no ST03N aggregate -- metric left absent (system idle or collector off)
2026-09-08 11:44:13,482 | INFO     | collectors.rfc_perf | [PRD] response time: SWNC_GET_STATRECS_FRAME not callable
2026-09-08 11:44:13,671 | INFO     | collectors.rfc_perf | [PRD] STAT read returned 0 records in the last 5 minutes
2026-09-08 11:44:13,672 | INFO     | collectors.rfc_perf | [PRD] response time: no dialog steps in the last 5 min and no ST03N aggregate -- metric left absent (system idle or collector off)
2026-09-08 11:44:13,673 | INFO     | collectors.rfc_perf | [PRD] response time: SWNC_GET_STATRECS_FRAME not callable
2026-09-08 11:44:13,673 | WARNING  | collectors.rfc_perf | [PRD] SQLMD present but essential columns not matched. Have: ['SOMETHING', 'ELSE']. Looked for program in ['PROGNAME', 'PROGRAM_NAME', 'PROGRAM', 'ENTRY_PROGRAM'] and time in ['DBSUM', 'TOTAL_DB_TIME', 'TOTAL_TIME', 'SUM_TIME'].
2026-09-08 11:44:13,680 | INFO     | collectors.rfc_perf | [PRD] STAT read returned 0 records in the last 5 minutes
2026-09-08 11:44:13,681 | INFO     | collectors.rfc_perf | [PRD] response time: no dialog steps in the last 5 min and no ST03N aggregate -- metric left absent (system idle or collector off)
2026-09-08 11:44:13,684 | INFO     | collectors.rfc_perf | [PRD] response time: SWNC_GET_STATRECS_FRAME not callable
2026-09-08 11:44:13,685 | INFO     | collectors.rfc_perf | [PRD] SQLMD: no field info returned -- table absent or not readable
2026-09-08 11:44:13,696 | INFO     | collectors.rfc_perf | [PRD] STAT read returned 0 records in the last 5 minutes
2026-09-08 11:44:13,697 | INFO     | collectors.rfc_perf | [PRD] response time: no dialog steps in the last 5 min and no ST03N aggregate -- metric left absent (system idle or collector off)
2026-09-08 11:44:13,697 | INFO     | collectors.rfc_perf | [PRD] response time: SWNC_GET_STATRECS_FRAME not callable
2026-09-08 11:44:13,711 | INFO     | collectors.rfc_perf | [PRD] STAT read returned 0 records in the last 5 minutes
2026-09-08 11:44:13,712 | INFO     | collectors.rfc_perf | [PRD] response time: no dialog steps in the last 5 min and no ST03N aggregate -- metric left absent (system idle or collector off)
2026-09-08 11:44:13,713 | INFO     | collectors.rfc_perf | [PRD] response time: SWNC_GET_STATRECS_FRAME not callable
2026-09-08 11:44:13,858 | INFO     | collectors.rfc_perf | [PRD] STAT read returned 0 records in the last 5 minutes
2026-09-08 11:44:13,859 | INFO     | collectors.rfc_perf | [PRD] response time: no dialog steps in the last 5 min and no ST03N aggregate -- metric left absent (system idle or collector off)
2026-09-08 11:44:13,859 | INFO     | collectors.rfc_perf | [PRD] response time: SWNC_GET_STATRECS_FRAME not callable
2026-09-08 11:44:14,021 | INFO     | collectors.rfc_perf | [PRD] SQLMD: no field info returned -- table absent or not readable
2026-09-08 11:44:14,028 | INFO     | collectors.rfc_perf | [PRD] STAT read returned 0 records in the last 5 minutes
2026-09-08 11:44:14,029 | INFO     | collectors.rfc_perf | [PRD] response time: STAT records unavailable, using ST03N aggregates
2026-09-08 11:44:14,203 | INFO     | collectors.rfc_perf | [PRD] SQLMD: no field info returned -- table absent or not readable
2026-09-08 11:44:14,208 | INFO     | collectors.rfc_perf | [PRD] STAT read returned 0 records in the last 5 minutes
2026-09-08 11:44:14,209 | INFO     | collectors.rfc_perf | [PRD] response time: STAT records unavailable, using ST03N aggregates
2026-09-08 11:44:14,323 | INFO     | collectors.rfc_perf | [PRD] SQLMD: no field info returned -- table absent or not readable
2026-09-08 11:44:14,387 | INFO     | collectors.rfc_perf | [PRD] SQLMD: no field info returned -- table absent or not readable
2026-09-08 11:44:14,392 | INFO     | collectors.rfc_perf | [PRD] STAT read returned 0 records in the last 5 minutes
2026-09-08 11:44:14,392 | INFO     | collectors.rfc_perf | [PRD] response time: STAT records unavailable, using ST03N aggregates
2026-09-08 11:44:14,473 | INFO     | collectors.rfc_perf | [PRD] SQLMD: no field info returned -- table absent or not readable
2026-09-08 11:44:14,477 | INFO     | collectors.rfc_perf | [PRD] 1 STAT records, 0 dialog steps in the window (task mix: BTC) -- no GUI activity, metric left absent
2026-09-08 11:44:14,478 | INFO     | collectors.rfc_perf | [PRD] response time: no dialog steps in the last 5 min and no ST03N aggregate -- metric left absent (system idle or collector off)
2026-09-08 11:44:14,560 | INFO     | collectors.rfc_perf | [PRD] SQLMD: no field info returned -- table absent or not readable
2026-09-08 11:44:14,563 | INFO     | collectors.rfc_perf | [PRD] STAT read returned 0 records in the last 5 minutes
2026-09-08 11:44:14,564 | INFO     | collectors.rfc_perf | [PRD] response time: no dialog steps in the last 5 min and no ST03N aggregate -- metric left absent (system idle or collector off)
2026-09-08 11:44:14,564 | INFO     | collectors.rfc_perf | [PRD] response time: SWNC_GET_STATRECS_FRAME not callable
2026-09-08 11:44:14,652 | INFO     | collectors.rfc_perf | [PRD] SQLMD: no field info returned -- table absent or not readable
2026-09-08 11:44:14,659 | INFO     | collectors.rfc_perf | [PRD] STAT read returned 0 records in the last 5 minutes
2026-09-08 11:44:14,660 | INFO     | collectors.rfc_perf | [PRD] response time: no dialog steps in the last 5 min and no ST03N aggregate -- metric left absent (system idle or collector off)
2026-09-08 11:44:14,660 | INFO     | collectors.rfc_perf | [PRD] response time: SWNC_GET_STATRECS_FRAME not callable
2026-09-08 11:44:14,661 | WARNING  | collectors.rfc_perf | [PRD] lock owner stamps run 330 min ahead of SAP system time -- OS time zone on the app server differs from the SAP time zone. Ages corrected; tell Basis.
2026-09-08 11:44:14,800 | INFO     | collectors.rfc_perf | [PRD] STAT read returned 0 records in the last 5 minutes
2026-09-08 11:44:14,801 | INFO     | collectors.rfc_perf | [PRD] response time: no dialog steps in the last 5 min and no ST03N aggregate -- metric left absent (system idle or collector off)
2026-09-08 11:44:14,803 | INFO     | collectors.rfc_perf | [PRD] response time: SWNC_GET_STATRECS_FRAME not callable
2026-09-08 11:44:19,245 | INFO     | collectors.ccms_os | [CENTOR_QAS] CCMS OS monitor 'Operating System': matched cpu=1, load_5m=1, mem_free=1, mem_total=1, swap_free=1
2026-09-08 11:44:19,252 | INFO     | collectors.ccms_os | [CENTOR_QAS] CCMS OS monitor 'Operating System': matched cpu=1, load_5m=1, mem_free=1, mem_total=1, swap_free=1
2026-09-08 11:44:26,315 | INFO     | collectors.rfc_perf | [CENTOR_QAS] SQLMD readable but 0 rows matched DDATE >= '20260901' -- is SQL Monitor (transaction SQLM) activated on this system?
2026-09-08 11:44:26,342 | INFO     | collectors.rfc_perf | [CENTOR_QAS] SQLMD readable but 0 rows matched DDATE >= '20260901' -- is SQL Monitor (transaction SQLM) activated on this system?
2026-09-08 11:44:31,503 | INFO     | collectors.rfc_perf | [PRD] 105 STAT records, 0 dialog steps in the window (task mix: 0x12, 0xb, 0xe, AUTOABAP, BTC, BUF.SYNC, OTHER, SPOOL) -- no GUI activity, metric left absent
2026-09-08 11:44:32,366 | INFO     | collectors.rfc_perf | [PRD] 105 STAT records, 0 dialog steps in the window (task mix: 0x12, 0xb, 0xe, AUTOABAP, BTC, BUF.SYNC, OTHER, SPOOL) -- no GUI activity, metric left absent
2026-09-08 11:44:33,332 | INFO     | collectors.rfc_perf | [PRD] response time: STAT records unavailable, using ST03N aggregates
2026-09-08 11:44:33,344 | INFO     | collectors.rfc_perf | [PRD] response time: STAT records unavailable, using ST03N aggregates
2026-09-08 11:44:34,167 | WARNING  | collectors.rfc_perf | [PRD] lock owner stamps run 315 min ahead of SAP system time -- OS time zone on the app server differs from the SAP time zone. Ages corrected; tell Basis.
2026-09-08 11:44:34,309 | INFO     | collectors.rfc_perf | [PRD] 103 STAT records, 0 dialog steps in the window (task mix: 0x12, 0xb, 0xe, AUTOABAP, BTC, BUF.SYNC, OTHER, SPOOL) -- no GUI activity, metric left absent
2026-09-08 11:44:34,633 | INFO     | collectors.rfc_perf | [PRD] response time: STAT records unavailable, using ST03N aggregates
2026-09-08 11:44:34,910 | INFO     | collectors.rfc_perf | [PRD] SQLMD readable but 0 rows matched DDATE >= '20260901' -- is SQL Monitor (transaction SQLM) activated on this system?
2026-09-08 11:44:34,910 | INFO     | collectors.rfc_perf | [PRD] SQLMD readable but 0 rows matched DDATE >= '20260901' -- is SQL Monitor (transaction SQLM) activated on this system?
2026-09-08 11:44:35,183 | INFO     | collectors.rfc_perf | [PRD] SQLMD readable but 0 rows matched DDATE >= '20260901' -- is SQL Monitor (transaction SQLM) activated on this system?
2026-09-08 11:44:37,851 | INFO     | collectors.ccms_os | [SARLOHA QAS] CCMS OS monitor 'Operating System': matched cpu=1, load_5m=1, mem_free=1, mem_total=2, swap_free=1
2026-09-08 11:44:45,281 | INFO     | collectors.rfc_perf | [SARLOHA QAS] SQLMD readable but 0 rows matched DDATE >= '20260901' -- is SQL Monitor (transaction SQLM) activated on this system?
2026-09-08 11:44:45,388 | INFO     | collectors.rfc_perf | [SARLOHA QAS] SQLMD readable but 0 rows matched DDATE >= '20260901' -- is SQL Monitor (transaction SQLM) activated on this system?
2026-09-08 11:44:45,420 | INFO     | collectors.rfc_perf | [SARLOHA QAS] SQLMD readable but 0 rows matched DDATE >= '20260901' -- is SQL Monitor (transaction SQLM) activated on this system?
2026-09-08 11:44:45,702 | INFO     | collectors.rfc_perf | [SARLOHA QAS] SQLMD readable but 0 rows matched DDATE >= '20260901' -- is SQL Monitor (transaction SQLM) activated on this system?
2026-09-08 11:44:47,483 | INFO     | collectors.ccms_os | [SARLOHA PRD] CCMS OS monitor 'Operating System': matched cpu=2, load_5m=2, mem_free=2, mem_total=4, swap_free=2
2026-09-08 11:44:47,510 | INFO     | collectors.ccms_os | [SARLOHA PRD] CCMS OS monitor 'Operating System': matched cpu=2, load_5m=2, mem_free=2, mem_total=4, swap_free=2
2026-09-08 11:44:47,533 | INFO     | collectors.ccms_os | [SARLOHA PRD] CCMS OS monitor 'Operating System': matched cpu=2, load_5m=2, mem_free=2, mem_total=4, swap_free=2
2026-09-08 11:44:47,544 | INFO     | collectors.ccms_os | [SARLOHA PRD] CCMS OS monitor 'Operating System': matched cpu=2, load_5m=2, mem_free=2, mem_total=4, swap_free=2
2026-09-08 11:45:02,031 | INFO     | collectors.rfc_perf | [SARLOHA PRD] SQLMD readable but 0 rows matched DDATE >= '20260901' -- is SQL Monitor (transaction SQLM) activated on this system?
2026-09-08 11:45:02,102 | INFO     | collectors.rfc_perf | [SARLOHA PRD] SQLMD readable but 0 rows matched DDATE >= '20260901' -- is SQL Monitor (transaction SQLM) activated on this system?
2026-09-08 11:45:02,144 | INFO     | collectors.rfc_perf | [SARLOHA PRD] SQLMD readable but 0 rows matched DDATE >= '20260901' -- is SQL Monitor (transaction SQLM) activated on this system?
2026-09-08 11:45:02,144 | INFO     | collectors.rfc_perf | [SARLOHA PRD] SQLMD readable but 0 rows matched DDATE >= '20260901' -- is SQL Monitor (transaction SQLM) activated on this system?
2026-09-08 11:45:02,178 | INFO     | collectors.rfc_perf | [SARLOHA PRD] SQLMD readable but 0 rows matched DDATE >= '20260901' -- is SQL Monitor (transaction SQLM) activated on this system?
2026-09-08 11:45:37,173 | INFO     | collectors.rfc_perf | [PRD] STAT read returned 0 records in the last 5 minutes
2026-09-08 11:45:37,173 | INFO     | collectors.rfc_perf | [PRD] response time: no dialog steps in the last 5 min and no ST03N aggregate -- metric left absent (system idle or collector off)
2026-09-08 11:45:37,174 | INFO     | collectors.rfc_perf | [PRD] response time: SWNC_GET_STATRECS_FRAME not callable
2026-09-08 11:45:37,175 | INFO     | collectors.rfc_perf | [PRD] SQLMD: no field info returned -- table absent or not readable
2026-09-08 11:45:37,278 | INFO     | collectors.rfc_perf | [PRD] STAT read returned 0 records in the last 5 minutes
2026-09-08 11:45:37,279 | INFO     | collectors.rfc_perf | [PRD] response time: no dialog steps in the last 5 min and no ST03N aggregate -- metric left absent (system idle or collector off)
2026-09-08 11:45:37,279 | INFO     | collectors.rfc_perf | [PRD] response time: SWNC_GET_STATRECS_FRAME not callable
2026-09-08 11:45:37,280 | INFO     | collectors.rfc_perf | [PRD] SQLMD: no field info returned -- table absent or not readable
2026-09-08 11:45:37,552 | INFO     | collectors.rfc_perf | [PRD] SQLMD: no field info returned -- table absent or not readable
2026-09-08 11:45:37,559 | INFO     | collectors.rfc_perf | [PRD] 1 STAT records, 0 dialog steps in the window (task mix: RFC) -- no GUI activity, metric left absent
2026-09-08 11:45:37,560 | INFO     | collectors.rfc_perf | [PRD] response time: no dialog steps in the last 5 min and no ST03N aggregate -- metric left absent (system idle or collector off)
2026-09-08 11:45:37,561 | INFO     | collectors.rfc_perf | [PRD] SQLMD: no field info returned -- table absent or not readable
2026-09-08 11:45:37,568 | INFO     | collectors.rfc_perf | [PRD] STAT read returned 0 records in the last 5 minutes
2026-09-08 11:45:37,569 | INFO     | collectors.rfc_perf | [PRD] response time: no dialog steps in the last 5 min and no ST03N aggregate -- metric left absent (system idle or collector off)
2026-09-08 11:45:37,570 | INFO     | collectors.rfc_perf | [PRD] response time: SWNC_GET_STATRECS_FRAME not callable
2026-09-08 11:45:37,681 | INFO     | collectors.rfc_perf | [PRD] SQLMD: no field info returned -- table absent or not readable
2026-09-08 11:45:37,684 | INFO     | collectors.rfc_perf | [PRD] STAT read returned 0 records in the last 5 minutes
2026-09-08 11:45:37,684 | INFO     | collectors.rfc_perf | [PRD] response time: no dialog steps in the last 5 min and no ST03N aggregate -- metric left absent (system idle or collector off)
2026-09-08 11:45:37,685 | INFO     | collectors.rfc_perf | [PRD] response time: SWNC_GET_STATRECS_FRAME not callable
2026-09-08 11:45:37,746 | INFO     | collectors.rfc_perf | [PRD] STAT read returned 0 records in the last 5 minutes
2026-09-08 11:45:37,747 | INFO     | collectors.rfc_perf | [PRD] response time: no dialog steps in the last 5 min and no ST03N aggregate -- metric left absent (system idle or collector off)
2026-09-08 11:45:37,747 | INFO     | collectors.rfc_perf | [PRD] response time: SWNC_GET_STATRECS_FRAME not callable
2026-09-08 11:45:37,748 | INFO     | collectors.rfc_perf | [PRD] SQLMD readable but 0 rows matched DDATE >= '20260901' -- is SQL Monitor (transaction SQLM) activated on this system?
2026-09-08 11:45:37,751 | INFO     | collectors.rfc_perf | [PRD] STAT read returned 0 records in the last 5 minutes
2026-09-08 11:45:37,751 | INFO     | collectors.rfc_perf | [PRD] response time: no dialog steps in the last 5 min and no ST03N aggregate -- metric left absent (system idle or collector off)
2026-09-08 11:45:37,753 | INFO     | collectors.rfc_perf | [PRD] response time: SWNC_GET_STATRECS_FRAME not callable
2026-09-08 11:45:37,821 | INFO     | collectors.rfc_perf | [PRD] STAT read returned 0 records in the last 5 minutes
2026-09-08 11:45:37,822 | INFO     | collectors.rfc_perf | [PRD] response time: no dialog steps in the last 5 min and no ST03N aggregate -- metric left absent (system idle or collector off)
2026-09-08 11:45:37,822 | INFO     | collectors.rfc_perf | [PRD] response time: SWNC_GET_STATRECS_FRAME not callable
2026-09-08 11:45:37,823 | WARNING  | collectors.rfc_perf | [PRD] SQLMD present but essential columns not matched. Have: ['SOMETHING', 'ELSE']. Looked for program in ['PROGNAME', 'PROGRAM_NAME', 'PROGRAM', 'ENTRY_PROGRAM'] and time in ['DBSUM', 'TOTAL_DB_TIME', 'TOTAL_TIME', 'SUM_TIME'].
2026-09-08 11:45:37,827 | INFO     | collectors.rfc_perf | [PRD] STAT read returned 0 records in the last 5 minutes
2026-09-08 11:45:37,829 | INFO     | collectors.rfc_perf | [PRD] response time: no dialog steps in the last 5 min and no ST03N aggregate -- metric left absent (system idle or collector off)
2026-09-08 11:45:37,829 | INFO     | collectors.rfc_perf | [PRD] response time: SWNC_GET_STATRECS_FRAME not callable
2026-09-08 11:45:37,831 | INFO     | collectors.rfc_perf | [PRD] SQLMD: no field info returned -- table absent or not readable
2026-09-08 11:45:37,835 | INFO     | collectors.rfc_perf | [PRD] STAT read returned 0 records in the last 5 minutes
2026-09-08 11:45:37,836 | INFO     | collectors.rfc_perf | [PRD] response time: no dialog steps in the last 5 min and no ST03N aggregate -- metric left absent (system idle or collector off)
2026-09-08 11:45:37,836 | INFO     | collectors.rfc_perf | [PRD] response time: SWNC_GET_STATRECS_FRAME not callable
2026-09-08 11:45:37,847 | INFO     | collectors.rfc_perf | [PRD] STAT read returned 0 records in the last 5 minutes
2026-09-08 11:45:37,849 | INFO     | collectors.rfc_perf | [PRD] response time: no dialog steps in the last 5 min and no ST03N aggregate -- metric left absent (system idle or collector off)
2026-09-08 11:45:37,850 | INFO     | collectors.rfc_perf | [PRD] response time: SWNC_GET_STATRECS_FRAME not callable
2026-09-08 11:45:37,959 | INFO     | collectors.rfc_perf | [PRD] STAT read returned 0 records in the last 5 minutes
2026-09-08 11:45:37,960 | INFO     | collectors.rfc_perf | [PRD] response time: no dialog steps in the last 5 min and no ST03N aggregate -- metric left absent (system idle or collector off)
2026-09-08 11:45:37,961 | INFO     | collectors.rfc_perf | [PRD] response time: SWNC_GET_STATRECS_FRAME not callable
2026-09-08 11:45:38,050 | INFO     | collectors.rfc_perf | [PRD] SQLMD: no field info returned -- table absent or not readable
2026-09-08 11:45:38,055 | INFO     | collectors.rfc_perf | [PRD] STAT read returned 0 records in the last 5 minutes
2026-09-08 11:45:38,055 | INFO     | collectors.rfc_perf | [PRD] response time: STAT records unavailable, using ST03N aggregates
2026-09-08 11:45:38,151 | INFO     | collectors.rfc_perf | [PRD] SQLMD: no field info returned -- table absent or not readable
2026-09-08 11:45:38,155 | INFO     | collectors.rfc_perf | [PRD] STAT read returned 0 records in the last 5 minutes
2026-09-08 11:45:38,156 | INFO     | collectors.rfc_perf | [PRD] response time: STAT records unavailable, using ST03N aggregates
2026-09-08 11:45:38,251 | INFO     | collectors.rfc_perf | [PRD] SQLMD: no field info returned -- table absent or not readable
2026-09-08 11:45:38,325 | INFO     | collectors.rfc_perf | [PRD] SQLMD: no field info returned -- table absent or not readable
2026-09-08 11:45:38,329 | INFO     | collectors.rfc_perf | [PRD] STAT read returned 0 records in the last 5 minutes
2026-09-08 11:45:38,330 | INFO     | collectors.rfc_perf | [PRD] response time: STAT records unavailable, using ST03N aggregates
2026-09-08 11:45:38,421 | INFO     | collectors.rfc_perf | [PRD] SQLMD: no field info returned -- table absent or not readable
2026-09-08 11:45:38,426 | INFO     | collectors.rfc_perf | [PRD] 1 STAT records, 0 dialog steps in the window (task mix: BTC) -- no GUI activity, metric left absent
2026-09-08 11:45:38,427 | INFO     | collectors.rfc_perf | [PRD] response time: no dialog steps in the last 5 min and no ST03N aggregate -- metric left absent (system idle or collector off)
2026-09-08 11:45:38,522 | INFO     | collectors.rfc_perf | [PRD] SQLMD: no field info returned -- table absent or not readable
2026-09-08 11:45:38,525 | INFO     | collectors.rfc_perf | [PRD] STAT read returned 0 records in the last 5 minutes
2026-09-08 11:45:38,526 | INFO     | collectors.rfc_perf | [PRD] response time: no dialog steps in the last 5 min and no ST03N aggregate -- metric left absent (system idle or collector off)
2026-09-08 11:45:38,527 | INFO     | collectors.rfc_perf | [PRD] response time: SWNC_GET_STATRECS_FRAME not callable
2026-09-08 11:45:38,615 | INFO     | collectors.rfc_perf | [PRD] SQLMD: no field info returned -- table absent or not readable
2026-09-08 11:45:38,619 | INFO     | collectors.rfc_perf | [PRD] STAT read returned 0 records in the last 5 minutes
2026-09-08 11:45:38,620 | INFO     | collectors.rfc_perf | [PRD] response time: no dialog steps in the last 5 min and no ST03N aggregate -- metric left absent (system idle or collector off)
2026-09-08 11:45:38,621 | INFO     | collectors.rfc_perf | [PRD] response time: SWNC_GET_STATRECS_FRAME not callable
2026-09-08 11:45:38,621 | WARNING  | collectors.rfc_perf | [PRD] lock owner stamps run 330 min ahead of SAP system time -- OS time zone on the app server differs from the SAP time zone. Ages corrected; tell Basis.
2026-09-08 11:45:38,729 | INFO     | collectors.rfc_perf | [PRD] STAT read returned 0 records in the last 5 minutes
2026-09-08 11:45:38,729 | INFO     | collectors.rfc_perf | [PRD] response time: no dialog steps in the last 5 min and no ST03N aggregate -- metric left absent (system idle or collector off)
2026-09-08 11:45:38,730 | INFO     | collectors.rfc_perf | [PRD] response time: SWNC_GET_STATRECS_FRAME not callable
2026-09-08 11:45:45,004 | INFO     | collectors.ccms_os | [CENTOR_QAS] CCMS OS monitor 'Operating System': matched cpu=1, load_5m=1, mem_free=1, mem_total=1, swap_free=1
2026-09-08 11:45:45,289 | INFO     | collectors.ccms_os | [CENTOR_QAS] CCMS OS monitor 'Operating System': matched cpu=1, load_5m=1, mem_free=1, mem_total=1, swap_free=1
2026-09-08 11:45:51,394 | INFO     | collectors.rfc_perf | [CENTOR_QAS] SQLMD readable but 0 rows matched DDATE >= '20260901' -- is SQL Monitor (transaction SQLM) activated on this system?
2026-09-08 11:45:51,460 | INFO     | collectors.rfc_perf | [CENTOR_QAS] SQLMD readable but 0 rows matched DDATE >= '20260901' -- is SQL Monitor (transaction SQLM) activated on this system?
2026-09-08 11:45:55,686 | INFO     | collectors.rfc_perf | [PRD] 105 STAT records, 0 dialog steps in the window (task mix: 0x12, 0xb, 0xe, AUTOABAP, BTC, BUF.SYNC, OTHER, SPOOL) -- no GUI activity, metric left absent
2026-09-08 11:45:55,689 | INFO     | collectors.rfc_perf | [PRD] 105 STAT records, 0 dialog steps in the window (task mix: 0x12, 0xb, 0xe, AUTOABAP, BTC, BUF.SYNC, OTHER, SPOOL) -- no GUI activity, metric left absent
2026-09-08 11:45:57,062 | INFO     | collectors.rfc_perf | [PRD] response time: STAT records unavailable, using ST03N aggregates
2026-09-08 11:45:57,073 | INFO     | collectors.rfc_perf | [PRD] response time: STAT records unavailable, using ST03N aggregates
2026-09-08 11:45:57,386 | INFO     | collectors.rfc_perf | [PRD] 105 STAT records, 0 dialog steps in the window (task mix: 0x12, 0xb, 0xe, AUTOABAP, BTC, BUF.SYNC, OTHER, SPOOL) -- no GUI activity, metric left absent
2026-09-08 11:45:57,470 | WARNING  | collectors.rfc_perf | [PRD] lock owner stamps run 315 min ahead of SAP system time -- OS time zone on the app server differs from the SAP time zone. Ages corrected; tell Basis.
2026-09-08 11:45:57,921 | INFO     | collectors.rfc_perf | [PRD] response time: STAT records unavailable, using ST03N aggregates
2026-09-08 11:45:58,523 | INFO     | collectors.rfc_perf | [PRD] SQLMD readable but 0 rows matched DDATE >= '20260901' -- is SQL Monitor (transaction SQLM) activated on this system?
2026-09-08 11:45:58,523 | INFO     | collectors.rfc_perf | [PRD] SQLMD readable but 0 rows matched DDATE >= '20260901' -- is SQL Monitor (transaction SQLM) activated on this system?
2026-09-08 11:45:58,715 | INFO     | collectors.rfc_perf | [PRD] SQLMD readable but 0 rows matched DDATE >= '20260901' -- is SQL Monitor (transaction SQLM) activated on this system?
2026-09-08 11:46:01,613 | INFO     | collectors.ccms_os | [SARLOHA QAS] CCMS OS monitor 'Operating System': matched cpu=1, load_5m=1, mem_free=1, mem_total=2, swap_free=1
2026-09-08 11:46:01,615 | INFO     | collectors.ccms_os | [SARLOHA QAS] CCMS OS monitor 'Operating System': matched cpu=1, load_5m=1, mem_free=1, mem_total=2, swap_free=1
2026-09-08 11:46:01,618 | INFO     | collectors.ccms_os | [SARLOHA QAS] CCMS OS monitor 'Operating System': matched cpu=1, load_5m=1, mem_free=1, mem_total=2, swap_free=1
2026-09-08 11:46:12,390 | INFO     | collectors.rfc_perf | [SARLOHA QAS] SQLMD readable but 0 rows matched DDATE >= '20260901' -- is SQL Monitor (transaction SQLM) activated on this system?
2026-09-08 11:46:12,403 | INFO     | collectors.rfc_perf | [SARLOHA QAS] SQLMD readable but 0 rows matched DDATE >= '20260901' -- is SQL Monitor (transaction SQLM) activated on this system?
2026-09-08 11:46:12,544 | INFO     | collectors.rfc_perf | [SARLOHA QAS] SQLMD readable but 0 rows matched DDATE >= '20260901' -- is SQL Monitor (transaction SQLM) activated on this system?
2026-09-08 11:46:16,070 | INFO     | collectors.ccms_os | [SARLOHA PRD] CCMS OS monitor 'Operating System': matched cpu=2, load_5m=2, mem_free=2, mem_total=4, swap_free=2
2026-09-08 11:46:16,084 | INFO     | collectors.ccms_os | [SARLOHA PRD] CCMS OS monitor 'Operating System': matched cpu=2, load_5m=2, mem_free=2, mem_total=4, swap_free=2
2026-09-08 11:46:16,093 | INFO     | collectors.ccms_os | [SARLOHA PRD] CCMS OS monitor 'Operating System': matched cpu=2, load_5m=2, mem_free=2, mem_total=4, swap_free=2
2026-09-08 11:46:16,714 | INFO     | collectors.ccms_os | [SARLOHA PRD] CCMS OS monitor 'Operating System': matched cpu=2, load_5m=2, mem_free=2, mem_total=4, swap_free=2
2026-09-08 11:46:35,462 | INFO     | collectors.rfc_perf | [SARLOHA PRD] SQLMD readable but 0 rows matched DDATE >= '20260901' -- is SQL Monitor (transaction SQLM) activated on this system?
2026-09-08 11:46:35,580 | INFO     | collectors.rfc_perf | [SARLOHA PRD] SQLMD readable but 0 rows matched DDATE >= '20260901' -- is SQL Monitor (transaction SQLM) activated on this system?
2026-09-08 11:46:35,816 | INFO     | collectors.rfc_perf | [SARLOHA PRD] SQLMD readable but 0 rows matched DDATE >= '20260901' -- is SQL Monitor (transaction SQLM) activated on this system?
2026-09-08 11:46:35,880 | INFO     | collectors.rfc_perf | [SARLOHA PRD] SQLMD readable but 0 rows matched DDATE >= '20260901' -- is SQL Monitor (transaction SQLM) activated on this system?
2026-09-08 11:46:35,880 | INFO     | collectors.rfc_perf | [SARLOHA PRD] SQLMD readable but 0 rows matched DDATE >= '20260901' -- is SQL Monitor (transaction SQLM) activated on this system?
2026-09-08 11:46:39,291 | INFO     | collectors.rfc_perf | [SARLOHA PRD] SQLMD readable but 0 rows matched DDATE >= '20260901' -- is SQL Monitor (transaction SQLM) activated on this system?
2026-09-08 11:46:57,552 | INFO     | collectors.rfc_perf | [CENTOR_QAS] SQLMD readable but 0 rows matched DDATE >= '20260901' -- is SQL Monitor (transaction SQLM) activated on this system?
2026-09-08 11:47:06,820 | INFO     | collectors.rfc_perf | [PRD] 103 STAT records, 0 dialog steps in the window (task mix: 0x12, 0xb, 0xe, AUTOABAP, BTC, BUF.SYNC, OTHER, SPOOL) -- no GUI activity, metric left absent
2026-09-08 11:47:07,266 | INFO     | collectors.rfc_perf | [PRD] response time: STAT records unavailable, using ST03N aggregates
2026-09-08 11:47:07,436 | INFO     | collectors.rfc_perf | [PRD] SQLMD readable but 0 rows matched DDATE >= '20260901' -- is SQL Monitor (transaction SQLM) activated on this system?
2026-09-08 11:47:18,639 | INFO     | collectors.rfc_perf | [SARLOHA QAS] SQLMD readable but 0 rows matched DDATE >= '20260901' -- is SQL Monitor (transaction SQLM) activated on this system?
2026-09-08 11:47:50,127 | INFO     | collectors.rfc_perf | [SARLOHA PRD] SQLMD readable but 0 rows matched DDATE >= '20260901' -- is SQL Monitor (transaction SQLM) activated on this system?
2026-09-08 11:48:07,108 | INFO     | collectors.rfc_perf | [CENTOR_QAS] SQLMD readable but 0 rows matched DDATE >= '20260901' -- is SQL Monitor (transaction SQLM) activated on this system?
2026-09-08 11:48:16,678 | INFO     | collectors.rfc_perf | [PRD] 108 STAT records, 0 dialog steps in the window (task mix: 0x12, 0xb, 0xe, AUTOABAP, BTC, BUF.SYNC, OTHER, SPOOL) -- no GUI activity, metric left absent
2026-09-08 11:48:17,059 | INFO     | collectors.rfc_perf | [PRD] response time: STAT records unavailable, using ST03N aggregates
2026-09-08 11:48:17,391 | INFO     | collectors.rfc_perf | [PRD] SQLMD readable but 0 rows matched DDATE >= '20260901' -- is SQL Monitor (transaction SQLM) activated on this system?
2026-09-08 11:48:30,386 | INFO     | collectors.rfc_perf | [SARLOHA QAS] SQLMD readable but 0 rows matched DDATE >= '20260901' -- is SQL Monitor (transaction SQLM) activated on this system?
2026-09-08 11:52:49,256 | INFO     | collectors.ccms_os | [CENTOR_QAS] CCMS OS monitor 'Operating System': matched cpu=1, load_5m=1, mem_free=1, mem_total=1, swap_free=1
2026-09-08 11:52:55,435 | INFO     | collectors.rfc_perf | [CENTOR_QAS] SQLMD readable but 0 rows matched DDATE >= '20260901' -- is SQL Monitor (transaction SQLM) activated on this system?
2026-09-08 11:52:59,304 | INFO     | collectors.rfc_perf | [PRD] 104 STAT records, 0 dialog steps in the window (task mix: 0x12, 0x21, 0xb, 0xe, AUTOABAP, BTC, BUF.SYNC, OTHER, SPOOL) -- no GUI activity, metric left absent
2026-09-08 11:53:00,367 | INFO     | collectors.rfc_perf | [PRD] response time: STAT records unavailable, using ST03N aggregates
2026-09-08 11:53:00,749 | WARNING  | collectors.rfc_perf | [PRD] lock owner stamps run 315 min ahead of SAP system time -- OS time zone on the app server differs from the SAP time zone. Ages corrected; tell Basis.
2026-09-08 11:53:00,901 | INFO     | collectors.rfc_perf | [PRD] 104 STAT records, 0 dialog steps in the window (task mix: 0x12, 0x21, 0xb, 0xe, AUTOABAP, BTC, BUF.SYNC, OTHER, SPOOL) -- no GUI activity, metric left absent
2026-09-08 11:53:01,232 | INFO     | collectors.rfc_perf | [PRD] response time: STAT records unavailable, using ST03N aggregates
2026-09-08 11:53:01,464 | INFO     | collectors.rfc_perf | [PRD] SQLMD readable but 0 rows matched DDATE >= '20260901' -- is SQL Monitor (transaction SQLM) activated on this system?
2026-09-08 11:53:01,693 | INFO     | collectors.rfc_perf | [PRD] SQLMD readable but 0 rows matched DDATE >= '20260901' -- is SQL Monitor (transaction SQLM) activated on this system?
2026-09-08 11:53:04,253 | INFO     | collectors.ccms_os | [SARLOHA QAS] CCMS OS monitor 'Operating System': matched cpu=1, load_5m=1, mem_free=1, mem_total=2, swap_free=1
2026-09-08 11:53:04,255 | INFO     | collectors.ccms_os | [SARLOHA QAS] CCMS OS monitor 'Operating System': matched cpu=1, load_5m=1, mem_free=1, mem_total=2, swap_free=1
2026-09-08 11:53:14,599 | INFO     | collectors.rfc_perf | [SARLOHA QAS] SQLMD readable but 0 rows matched DDATE >= '20260901' -- is SQL Monitor (transaction SQLM) activated on this system?
2026-09-08 11:53:14,615 | INFO     | collectors.rfc_perf | [SARLOHA QAS] SQLMD readable but 0 rows matched DDATE >= '20260901' -- is SQL Monitor (transaction SQLM) activated on this system?
2026-09-08 11:53:16,185 | INFO     | collectors.ccms_os | [SARLOHA PRD] CCMS OS monitor 'Operating System': matched cpu=2, load_5m=2, mem_free=2, mem_total=4, swap_free=2
2026-09-08 11:53:16,197 | INFO     | collectors.ccms_os | [SARLOHA PRD] CCMS OS monitor 'Operating System': matched cpu=2, load_5m=2, mem_free=2, mem_total=4, swap_free=2
2026-09-08 11:53:27,510 | INFO     | collectors.rfc_perf | [SARLOHA PRD] SQLMD readable but 0 rows matched DDATE >= '20260901' -- is SQL Monitor (transaction SQLM) activated on this system?
2026-09-08 11:53:27,583 | INFO     | collectors.rfc_perf | [SARLOHA PRD] SQLMD readable but 0 rows matched DDATE >= '20260901' -- is SQL Monitor (transaction SQLM) activated on this system?
2026-09-08 11:53:27,672 | INFO     | collectors.rfc_perf | [SARLOHA PRD] SQLMD readable but 0 rows matched DDATE >= '20260901' -- is SQL Monitor (transaction SQLM) activated on this system?
2026-09-08 11:53:28,795 | INFO     | collectors.rfc_perf | [SARLOHA PRD] SQLMD readable but 0 rows matched DDATE >= '20260901' -- is SQL Monitor (transaction SQLM) activated on this system?
2026-09-08 11:56:05,429 | INFO     | collectors.rfc_perf | [SARLOHA QAS] SQLMD readable but 0 rows matched DDATE >= '20260901' -- is SQL Monitor (transaction SQLM) activated on this system?
2026-09-08 11:56:20,784 | INFO     | collectors.rfc_perf | [PRD] 106 STAT records, 0 dialog steps in the window (task mix: 0x12, 0x21, 0xb, 0xe, AUTOABAP, BTC, BUF.SYNC, OTHER, SPOOL) -- no GUI activity, metric left absent
2026-09-08 11:56:21,114 | INFO     | collectors.rfc_perf | [PRD] response time: STAT records unavailable, using ST03N aggregates
2026-09-08 11:56:21,272 | INFO     | collectors.rfc_perf | [PRD] SQLMD readable but 0 rows matched DDATE >= '20260901' -- is SQL Monitor (transaction SQLM) activated on this system?
2026-09-08 12:01:02,730 | INFO     | collectors.ccms_os | [CENTOR_QAS] CCMS OS monitor 'Operating System': matched cpu=1, load_5m=1, mem_free=1, mem_total=1, swap_free=1
2026-09-08 12:01:02,739 | INFO     | collectors.ccms_os | [CENTOR_QAS] CCMS OS monitor 'Operating System': matched cpu=1, load_5m=1, mem_free=1, mem_total=1, swap_free=1
2026-09-08 12:01:59,694 | INFO     | collectors.ccms_os | [CENTOR_QAS] CCMS OS monitor 'Operating System': matched cpu=1, load_5m=1, mem_free=1, mem_total=1, swap_free=1
2026-09-08 12:01:59,834 | INFO     | collectors.ccms_os | [CENTOR_QAS] CCMS OS monitor 'Operating System': matched cpu=1, load_5m=1, mem_free=1, mem_total=1, swap_free=1
2026-09-08 12:01:59,855 | INFO     | collectors.ccms_os | [CENTOR_QAS] CCMS OS monitor 'Operating System': matched cpu=1, load_5m=1, mem_free=1, mem_total=1, swap_free=1
2026-09-08 12:02:17,183 | INFO     | collectors.rfc_perf | [CENTOR_QAS] SQLMD readable but 0 rows matched DDATE >= '20260901' -- is SQL Monitor (transaction SQLM) activated on this system?
2026-09-08 12:02:17,627 | INFO     | collectors.rfc_perf | [CENTOR_QAS] SQLMD readable but 0 rows matched DDATE >= '20260901' -- is SQL Monitor (transaction SQLM) activated on this system?
2026-09-08 12:02:17,627 | INFO     | collectors.rfc_perf | [CENTOR_QAS] SQLMD readable but 0 rows matched DDATE >= '20260901' -- is SQL Monitor (transaction SQLM) activated on this system?
2026-09-08 12:02:17,721 | INFO     | collectors.rfc_perf | [CENTOR_QAS] SQLMD readable but 0 rows matched DDATE >= '20260901' -- is SQL Monitor (transaction SQLM) activated on this system?
2026-09-08 12:02:18,800 | INFO     | collectors.rfc_perf | [CENTOR_QAS] SQLMD readable but 0 rows matched DDATE >= '20260901' -- is SQL Monitor (transaction SQLM) activated on this system?
2026-09-08 12:02:22,794 | INFO     | collectors.rfc_perf | [PRD] 113 STAT records, 0 dialog steps in the window (task mix: 0x12, 0xb, 0xe, 0xf7, AUTOABAP, BTC, BUF.SYNC, OTHER, SPOOL) -- no GUI activity, metric left absent
2026-09-08 12:02:22,900 | INFO     | collectors.rfc_perf | [PRD] 114 STAT records, 0 dialog steps in the window (task mix: 0x12, 0xb, 0xe, 0xf7, AUTOABAP, BTC, BUF.SYNC, OTHER, SPOOL) -- no GUI activity, metric left absent
2026-09-08 12:02:23,993 | INFO     | collectors.rfc_perf | [PRD] 114 STAT records, 0 dialog steps in the window (task mix: 0x12, 0xb, 0xe, 0xf7, AUTOABAP, BTC, BUF.SYNC, OTHER, SPOOL) -- no GUI activity, metric left absent
2026-09-08 12:02:24,014 | INFO     | collectors.rfc_perf | [PRD] response time: STAT records unavailable, using ST03N aggregates
2026-09-08 12:02:24,786 | WARNING  | collectors.rfc_perf | [PRD] lock owner stamps run 300 min ahead of SAP system time -- OS time zone on the app server differs from the SAP time zone. Ages corrected; tell Basis.
2026-09-08 12:02:25,141 | INFO     | collectors.rfc_perf | [PRD] response time: STAT records unavailable, using ST03N aggregates
2026-09-08 12:02:25,151 | INFO     | collectors.rfc_perf | [PRD] response time: STAT records unavailable, using ST03N aggregates
2026-09-08 12:02:25,196 | INFO     | collectors.rfc_perf | [PRD] 113 STAT records, 0 dialog steps in the window (task mix: 0x12, 0xb, 0xe, 0xf7, AUTOABAP, BTC, BUF.SYNC, OTHER, SPOOL) -- no GUI activity, metric left absent
2026-09-08 12:02:25,237 | INFO     | collectors.rfc_perf | [PRD] 113 STAT records, 0 dialog steps in the window (task mix: 0x12, 0xb, 0xe, 0xf7, AUTOABAP, BTC, BUF.SYNC, OTHER, SPOOL) -- no GUI activity, metric left absent
2026-09-08 12:02:26,557 | INFO     | collectors.rfc_perf | [PRD] response time: STAT records unavailable, using ST03N aggregates
2026-09-08 12:02:26,582 | INFO     | collectors.rfc_perf | [PRD] response time: STAT records unavailable, using ST03N aggregates
2026-09-08 12:02:27,048 | INFO     | collectors.rfc_perf | [PRD] SQLMD readable but 0 rows matched DDATE >= '20260901' -- is SQL Monitor (transaction SQLM) activated on this system?
2026-09-08 12:02:27,306 | INFO     | collectors.rfc_perf | [PRD] 113 STAT records, 0 dialog steps in the window (task mix: 0x12, 0xb, 0xe, 0xf7, AUTOABAP, BTC, BUF.SYNC, OTHER, SPOOL) -- no GUI activity, metric left absent
2026-09-08 12:02:27,928 | INFO     | collectors.rfc_perf | [PRD] response time: STAT records unavailable, using ST03N aggregates
2026-09-08 12:02:28,083 | INFO     | collectors.rfc_perf | [PRD] SQLMD readable but 0 rows matched DDATE >= '20260901' -- is SQL Monitor (transaction SQLM) activated on this system?
2026-09-08 12:02:28,121 | INFO     | collectors.rfc_perf | [PRD] SQLMD readable but 0 rows matched DDATE >= '20260901' -- is SQL Monitor (transaction SQLM) activated on this system?
2026-09-08 12:02:28,379 | INFO     | collectors.rfc_perf | [PRD] SQLMD readable but 0 rows matched DDATE >= '20260901' -- is SQL Monitor (transaction SQLM) activated on this system?
2026-09-08 12:02:28,462 | INFO     | collectors.rfc_perf | [PRD] SQLMD readable but 0 rows matched DDATE >= '20260901' -- is SQL Monitor (transaction SQLM) activated on this system?
2026-09-08 12:02:28,644 | INFO     | collectors.rfc_perf | [PRD] SQLMD readable but 0 rows matched DDATE >= '20260901' -- is SQL Monitor (transaction SQLM) activated on this system?
2026-09-08 12:02:29,731 | INFO     | collectors.ccms_os | [SARLOHA QAS] CCMS OS monitor 'Operating System': matched cpu=1, load_5m=1, mem_free=1, mem_total=2, swap_free=1
2026-09-08 12:02:29,733 | INFO     | collectors.ccms_os | [SARLOHA QAS] CCMS OS monitor 'Operating System': matched cpu=1, load_5m=1, mem_free=1, mem_total=2, swap_free=1
2026-09-08 12:02:38,630 | INFO     | collectors.rfc_perf | [SARLOHA QAS] SQLMD readable but 0 rows matched DDATE >= '20260901' -- is SQL Monitor (transaction SQLM) activated on this system?
2026-09-08 12:02:38,897 | INFO     | collectors.rfc_perf | [SARLOHA QAS] SQLMD readable but 0 rows matched DDATE >= '20260901' -- is SQL Monitor (transaction SQLM) activated on this system?
2026-09-08 12:02:40,147 | INFO     | collectors.rfc_perf | [SARLOHA QAS] SQLMD readable but 0 rows matched DDATE >= '20260901' -- is SQL Monitor (transaction SQLM) activated on this system?
2026-09-08 12:02:40,238 | INFO     | collectors.rfc_perf | [SARLOHA QAS] SQLMD readable but 0 rows matched DDATE >= '20260901' -- is SQL Monitor (transaction SQLM) activated on this system?
2026-09-08 12:02:40,906 | INFO     | collectors.ccms_os | [SARLOHA PRD] CCMS OS monitor 'Operating System': matched cpu=2, load_5m=2, mem_free=2, mem_total=4, swap_free=2
2026-09-08 12:02:40,921 | INFO     | collectors.ccms_os | [SARLOHA PRD] CCMS OS monitor 'Operating System': matched cpu=2, load_5m=2, mem_free=2, mem_total=4, swap_free=2
2026-09-08 12:02:41,228 | INFO     | collectors.rfc_perf | [SARLOHA QAS] SQLMD readable but 0 rows matched DDATE >= '20260901' -- is SQL Monitor (transaction SQLM) activated on this system?
2026-09-08 12:02:41,444 | INFO     | collectors.rfc_perf | [SARLOHA QAS] SQLMD readable but 0 rows matched DDATE >= '20260901' -- is SQL Monitor (transaction SQLM) activated on this system?
2026-09-08 12:02:42,805 | INFO     | collectors.rfc_perf | [SARLOHA QAS] SQLMD readable but 0 rows matched DDATE >= '20260901' -- is SQL Monitor (transaction SQLM) activated on this system?
2026-09-08 12:02:58,046 | INFO     | collectors.rfc_perf | [SARLOHA PRD] SQLMD readable but 0 rows matched DDATE >= '20260901' -- is SQL Monitor (transaction SQLM) activated on this system?
2026-09-08 12:02:58,092 | INFO     | collectors.rfc_perf | [SARLOHA PRD] SQLMD readable but 0 rows matched DDATE >= '20260901' -- is SQL Monitor (transaction SQLM) activated on this system?
2026-09-08 12:02:58,292 | INFO     | collectors.rfc_perf | [SARLOHA PRD] SQLMD readable but 0 rows matched DDATE >= '20260901' -- is SQL Monitor (transaction SQLM) activated on this system?
2026-09-08 12:02:58,332 | INFO     | collectors.rfc_perf | [SARLOHA PRD] SQLMD readable but 0 rows matched DDATE >= '20260901' -- is SQL Monitor (transaction SQLM) activated on this system?
2026-09-08 12:02:58,332 | INFO     | collectors.rfc_perf | [SARLOHA PRD] SQLMD readable but 0 rows matched DDATE >= '20260901' -- is SQL Monitor (transaction SQLM) activated on this system?
2026-09-08 12:02:58,647 | INFO     | collectors.rfc_perf | [SARLOHA PRD] SQLMD readable but 0 rows matched DDATE >= '20260901' -- is SQL Monitor (transaction SQLM) activated on this system?
2026-09-08 12:02:58,684 | INFO     | collectors.rfc_perf | [SARLOHA PRD] SQLMD readable but 0 rows matched DDATE >= '20260901' -- is SQL Monitor (transaction SQLM) activated on this system?
2026-09-08 12:09:43,659 | INFO     | collectors.rfc_perf | [PRD] STAT read returned 0 records in the last 5 minutes
2026-09-08 12:09:43,660 | INFO     | collectors.rfc_perf | [PRD] response time: no dialog steps in the last 5 min and no ST03N aggregate -- metric left absent (system idle or collector off)
2026-09-08 12:09:43,660 | INFO     | collectors.rfc_perf | [PRD] response time: SWNC_GET_STATRECS_FRAME not callable
2026-09-08 12:09:43,661 | INFO     | collectors.rfc_perf | [PRD] SQLMD: no field info returned -- table absent or not readable
2026-09-08 12:09:43,746 | INFO     | collectors.rfc_perf | [PRD] STAT read returned 0 records in the last 5 minutes
2026-09-08 12:09:43,747 | INFO     | collectors.rfc_perf | [PRD] response time: no dialog steps in the last 5 min and no ST03N aggregate -- metric left absent (system idle or collector off)
2026-09-08 12:09:43,747 | INFO     | collectors.rfc_perf | [PRD] response time: SWNC_GET_STATRECS_FRAME not callable
2026-09-08 12:09:43,748 | INFO     | collectors.rfc_perf | [PRD] SQLMD: no field info returned -- table absent or not readable
2026-09-08 12:09:43,891 | INFO     | collectors.rfc_perf | [PRD] SQLMD: no field info returned -- table absent or not readable
2026-09-08 12:09:43,897 | INFO     | collectors.rfc_perf | [PRD] 1 STAT records, 0 dialog steps in the window (task mix: RFC) -- no GUI activity, metric left absent
2026-09-08 12:09:43,898 | INFO     | collectors.rfc_perf | [PRD] response time: no dialog steps in the last 5 min and no ST03N aggregate -- metric left absent (system idle or collector off)
2026-09-08 12:09:43,900 | INFO     | collectors.rfc_perf | [PRD] SQLMD: no field info returned -- table absent or not readable
2026-09-08 12:09:43,906 | INFO     | collectors.rfc_perf | [PRD] STAT read returned 0 records in the last 5 minutes
2026-09-08 12:09:43,907 | INFO     | collectors.rfc_perf | [PRD] response time: no dialog steps in the last 5 min and no ST03N aggregate -- metric left absent (system idle or collector off)
2026-09-08 12:09:43,908 | INFO     | collectors.rfc_perf | [PRD] response time: SWNC_GET_STATRECS_FRAME not callable
2026-09-08 12:09:44,026 | INFO     | collectors.rfc_perf | [PRD] SQLMD: no field info returned -- table absent or not readable
2026-09-08 12:09:44,029 | INFO     | collectors.rfc_perf | [PRD] STAT read returned 0 records in the last 5 minutes
2026-09-08 12:09:44,030 | INFO     | collectors.rfc_perf | [PRD] response time: no dialog steps in the last 5 min and no ST03N aggregate -- metric left absent (system idle or collector off)
2026-09-08 12:09:44,030 | INFO     | collectors.rfc_perf | [PRD] response time: SWNC_GET_STATRECS_FRAME not callable
2026-09-08 12:09:44,142 | INFO     | collectors.rfc_perf | [PRD] STAT read returned 0 records in the last 5 minutes
2026-09-08 12:09:44,142 | INFO     | collectors.rfc_perf | [PRD] response time: no dialog steps in the last 5 min and no ST03N aggregate -- metric left absent (system idle or collector off)
2026-09-08 12:09:44,143 | INFO     | collectors.rfc_perf | [PRD] response time: SWNC_GET_STATRECS_FRAME not callable
2026-09-08 12:09:44,143 | INFO     | collectors.rfc_perf | [PRD] SQLMD readable but 0 rows matched DDATE >= '20260901' -- is SQL Monitor (transaction SQLM) activated on this system?
2026-09-08 12:09:44,149 | INFO     | collectors.rfc_perf | [PRD] STAT read returned 0 records in the last 5 minutes
2026-09-08 12:09:44,151 | INFO     | collectors.rfc_perf | [PRD] response time: no dialog steps in the last 5 min and no ST03N aggregate -- metric left absent (system idle or collector off)
2026-09-08 12:09:44,152 | INFO     | collectors.rfc_perf | [PRD] response time: SWNC_GET_STATRECS_FRAME not callable
2026-09-08 12:09:44,357 | INFO     | collectors.rfc_perf | [PRD] STAT read returned 0 records in the last 5 minutes
2026-09-08 12:09:44,358 | INFO     | collectors.rfc_perf | [PRD] response time: no dialog steps in the last 5 min and no ST03N aggregate -- metric left absent (system idle or collector off)
2026-09-08 12:09:44,358 | INFO     | collectors.rfc_perf | [PRD] response time: SWNC_GET_STATRECS_FRAME not callable
2026-09-08 12:09:44,360 | WARNING  | collectors.rfc_perf | [PRD] SQLMD present but essential columns not matched. Have: ['SOMETHING', 'ELSE']. Looked for program in ['PROGNAME', 'PROGRAM_NAME', 'PROGRAM', 'ENTRY_PROGRAM'] and time in ['DBSUM', 'TOTAL_DB_TIME', 'TOTAL_TIME', 'SUM_TIME'].
2026-09-08 12:09:44,364 | INFO     | collectors.rfc_perf | [PRD] STAT read returned 0 records in the last 5 minutes
2026-09-08 12:09:44,365 | INFO     | collectors.rfc_perf | [PRD] response time: no dialog steps in the last 5 min and no ST03N aggregate -- metric left absent (system idle or collector off)
2026-09-08 12:09:44,367 | INFO     | collectors.rfc_perf | [PRD] response time: SWNC_GET_STATRECS_FRAME not callable
2026-09-08 12:09:44,367 | INFO     | collectors.rfc_perf | [PRD] SQLMD: no field info returned -- table absent or not readable
2026-09-08 12:09:44,373 | INFO     | collectors.rfc_perf | [PRD] STAT read returned 0 records in the last 5 minutes
2026-09-08 12:09:44,373 | INFO     | collectors.rfc_perf | [PRD] response time: no dialog steps in the last 5 min and no ST03N aggregate -- metric left absent (system idle or collector off)
2026-09-08 12:09:44,374 | INFO     | collectors.rfc_perf | [PRD] response time: SWNC_GET_STATRECS_FRAME not callable
2026-09-08 12:09:44,391 | INFO     | collectors.rfc_perf | [PRD] STAT read returned 0 records in the last 5 minutes
2026-09-08 12:09:44,391 | INFO     | collectors.rfc_perf | [PRD] response time: no dialog steps in the last 5 min and no ST03N aggregate -- metric left absent (system idle or collector off)
2026-09-08 12:09:44,392 | INFO     | collectors.rfc_perf | [PRD] response time: SWNC_GET_STATRECS_FRAME not callable
2026-09-08 12:09:44,520 | INFO     | collectors.rfc_perf | [PRD] STAT read returned 0 records in the last 5 minutes
2026-09-08 12:09:44,520 | INFO     | collectors.rfc_perf | [PRD] response time: no dialog steps in the last 5 min and no ST03N aggregate -- metric left absent (system idle or collector off)
2026-09-08 12:09:44,521 | INFO     | collectors.rfc_perf | [PRD] response time: SWNC_GET_STATRECS_FRAME not callable
2026-09-08 12:09:44,626 | INFO     | collectors.rfc_perf | [PRD] SQLMD: no field info returned -- table absent or not readable
2026-09-08 12:09:44,630 | INFO     | collectors.rfc_perf | [PRD] STAT read returned 0 records in the last 5 minutes
2026-09-08 12:09:44,631 | INFO     | collectors.rfc_perf | [PRD] response time: STAT records unavailable, using ST03N aggregates
2026-09-08 12:09:44,740 | INFO     | collectors.rfc_perf | [PRD] SQLMD: no field info returned -- table absent or not readable
2026-09-08 12:09:44,791 | INFO     | collectors.rfc_perf | [PRD] SQLMD: no field info returned -- table absent or not readable
2026-09-08 12:09:44,882 | INFO     | collectors.rfc_perf | [PRD] SQLMD: no field info returned -- table absent or not readable
2026-09-08 12:09:44,921 | INFO     | collectors.rfc_perf | [PRD] SQLMD: no field info returned -- table absent or not readable
2026-09-08 12:09:44,925 | INFO     | collectors.rfc_perf | [PRD] STAT read returned 0 records in the last 5 minutes
2026-09-08 12:09:44,925 | INFO     | collectors.rfc_perf | [PRD] response time: STAT records unavailable, using ST03N aggregates
2026-09-08 12:09:45,006 | INFO     | collectors.rfc_perf | [PRD] SQLMD: no field info returned -- table absent or not readable
2026-09-08 12:09:45,008 | INFO     | collectors.rfc_perf | [PRD] 1 STAT records, 0 dialog steps in the window (task mix: BTC) -- no GUI activity, metric left absent
2026-09-08 12:09:45,009 | INFO     | collectors.rfc_perf | [PRD] response time: no dialog steps in the last 5 min and no ST03N aggregate -- metric left absent (system idle or collector off)
2026-09-08 12:09:45,118 | INFO     | collectors.rfc_perf | [PRD] SQLMD: no field info returned -- table absent or not readable
2026-09-08 12:09:45,121 | INFO     | collectors.rfc_perf | [PRD] STAT read returned 0 records in the last 5 minutes
2026-09-08 12:09:45,122 | INFO     | collectors.rfc_perf | [PRD] response time: no dialog steps in the last 5 min and no ST03N aggregate -- metric left absent (system idle or collector off)
2026-09-08 12:09:45,122 | INFO     | collectors.rfc_perf | [PRD] response time: SWNC_GET_STATRECS_FRAME not callable
2026-09-08 12:09:45,229 | INFO     | collectors.rfc_perf | [PRD] SQLMD: no field info returned -- table absent or not readable
2026-09-08 12:09:45,234 | INFO     | collectors.rfc_perf | [PRD] STAT read returned 0 records in the last 5 minutes
2026-09-08 12:09:45,235 | INFO     | collectors.rfc_perf | [PRD] response time: no dialog steps in the last 5 min and no ST03N aggregate -- metric left absent (system idle or collector off)
2026-09-08 12:09:45,236 | INFO     | collectors.rfc_perf | [PRD] response time: SWNC_GET_STATRECS_FRAME not callable
2026-09-08 12:09:45,236 | WARNING  | collectors.rfc_perf | [PRD] lock owner stamps run 330 min ahead of SAP system time -- OS time zone on the app server differs from the SAP time zone. Ages corrected; tell Basis.
2026-09-08 12:09:45,359 | INFO     | collectors.rfc_perf | [PRD] STAT read returned 0 records in the last 5 minutes
2026-09-08 12:09:45,361 | INFO     | collectors.rfc_perf | [PRD] response time: no dialog steps in the last 5 min and no ST03N aggregate -- metric left absent (system idle or collector off)
2026-09-08 12:09:45,361 | INFO     | collectors.rfc_perf | [PRD] response time: SWNC_GET_STATRECS_FRAME not callable
2026-09-08 12:10:08,885 | INFO     | collectors.ccms_os | [CENTOR_QAS] CCMS OS monitor 'Operating System': matched cpu=1, load_5m=1, mem_free=1, mem_total=1, swap_free=1
2026-09-08 12:10:15,467 | INFO     | collectors.rfc_perf | [CENTOR_QAS] 45 STAT records, 0 dialog steps in the window (task mix: 0x12, 0xb, 0xe, 0xf, AUTOABAP, BTC, BUF.SYNC, OTHER, SPOOL) -- no GUI activity, metric left absent
2026-09-08 12:10:16,898 | INFO     | collectors.rfc_perf | [CENTOR_QAS] response time: no dialog steps in the last 5 min and no ST03N aggregate -- metric left absent (system idle or collector off)
2026-09-08 12:10:17,525 | INFO     | collectors.rfc_perf | [CENTOR_QAS] SQLMD readable but 0 rows matched DDATE >= '20260901' -- is SQL Monitor (transaction SQLM) activated on this system?
2026-09-08 12:10:21,713 | INFO     | collectors.rfc_perf | [PRD] 110 STAT records, 0 dialog steps in the window (task mix: 0x12, 0x21, 0xb, 0xe, AUTOABAP, BTC, BUF.SYNC, OTHER, SPOOL) -- no GUI activity, metric left absent
2026-09-08 12:10:22,283 | INFO     | collectors.rfc_perf | [PRD] 110 STAT records, 0 dialog steps in the window (task mix: 0x12, 0x21, 0xb, 0xe, AUTOABAP, BTC, BUF.SYNC, OTHER, SPOOL) -- no GUI activity, metric left absent
2026-09-08 12:10:23,065 | INFO     | collectors.rfc_perf | [PRD] response time: STAT records unavailable, using ST03N aggregates
2026-09-08 12:10:23,075 | INFO     | collectors.rfc_perf | [PRD] response time: STAT records unavailable, using ST03N aggregates
2026-09-08 12:10:23,384 | WARNING  | collectors.rfc_perf | [PRD] lock owner stamps run 300 min ahead of SAP system time -- OS time zone on the app server differs from the SAP time zone. Ages corrected; tell Basis.
2026-09-08 12:10:23,907 | INFO     | collectors.rfc_perf | [PRD] SQLMD readable but 0 rows matched DDATE >= '20260901' -- is SQL Monitor (transaction SQLM) activated on this system?
2026-09-08 12:10:23,920 | INFO     | collectors.rfc_perf | [PRD] SQLMD readable but 0 rows matched DDATE >= '20260901' -- is SQL Monitor (transaction SQLM) activated on this system?
2026-09-08 12:10:26,658 | INFO     | collectors.ccms_os | [SARLOHA QAS] CCMS OS monitor 'Operating System': matched cpu=1, load_5m=1, mem_free=1, mem_total=2, swap_free=1
2026-09-08 12:10:26,660 | INFO     | collectors.ccms_os | [SARLOHA QAS] CCMS OS monitor 'Operating System': matched cpu=1, load_5m=1, mem_free=1, mem_total=2, swap_free=1
2026-09-08 12:10:34,163 | INFO     | collectors.rfc_perf | [SARLOHA QAS] SQLMD readable but 0 rows matched DDATE >= '20260901' -- is SQL Monitor (transaction SQLM) activated on this system?
2026-09-08 12:10:34,185 | INFO     | collectors.rfc_perf | [SARLOHA QAS] SQLMD readable but 0 rows matched DDATE >= '20260901' -- is SQL Monitor (transaction SQLM) activated on this system?
2026-09-08 12:10:35,832 | INFO     | collectors.ccms_os | [SARLOHA PRD] CCMS OS monitor 'Operating System': matched cpu=2, load_5m=2, mem_free=2, mem_total=4, swap_free=2
2026-09-08 12:10:46,315 | INFO     | collectors.rfc_perf | [SARLOHA PRD] SQLMD readable but 0 rows matched DDATE >= '20260901' -- is SQL Monitor (transaction SQLM) activated on this system?
2026-09-08 12:10:46,414 | INFO     | collectors.rfc_perf | [SARLOHA PRD] SQLMD readable but 0 rows matched DDATE >= '20260901' -- is SQL Monitor (transaction SQLM) activated on this system?
2026-09-08 12:10:47,438 | INFO     | collectors.rfc_perf | [SARLOHA PRD] SQLMD readable but 0 rows matched DDATE >= '20260901' -- is SQL Monitor (transaction SQLM) activated on this system?
2026-09-08 12:10:48,034 | INFO     | collectors.rfc_perf | [SARLOHA PRD] SQLMD readable but 0 rows matched DDATE >= '20260901' -- is SQL Monitor (transaction SQLM) activated on this system?
2026-09-08 12:11:18,639 | INFO     | collectors.rfc_perf | [CENTOR_QAS] 49 STAT records, 0 dialog steps in the window (task mix: 0x12, 0xb, 0xe, 0xf, AUTOABAP, BTC, BUF.SYNC, OTHER, SPOOL) -- no GUI activity, metric left absent
2026-09-08 12:11:18,736 | INFO     | collectors.rfc_perf | [CENTOR_QAS] response time: no dialog steps in the last 5 min and no ST03N aggregate -- metric left absent (system idle or collector off)
2026-09-08 12:11:18,913 | INFO     | collectors.rfc_perf | [CENTOR_QAS] SQLMD readable but 0 rows matched DDATE >= '20260901' -- is SQL Monitor (transaction SQLM) activated on this system?
2026-09-08 12:11:28,522 | INFO     | collectors.rfc_perf | [PRD] 109 STAT records, 0 dialog steps in the window (task mix: 0x12, 0xb, 0xe, AUTOABAP, BTC, BUF.SYNC, OTHER, SPOOL) -- no GUI activity, metric left absent
2026-09-08 12:11:29,018 | INFO     | collectors.rfc_perf | [PRD] response time: STAT records unavailable, using ST03N aggregates
2026-09-08 12:11:29,310 | INFO     | collectors.rfc_perf | [PRD] SQLMD readable but 0 rows matched DDATE >= '20260901' -- is SQL Monitor (transaction SQLM) activated on this system?
2026-09-08 12:11:39,441 | INFO     | collectors.rfc_perf | [SARLOHA QAS] 38 STAT records, 0 dialog steps in the window (task mix: 0x12, 0xb, 0xe, 0xf, AUTOABAP, BTC, BUF.SYNC, OTHER, SPOOL) -- no GUI activity, metric left absent
2026-09-08 12:11:41,404 | INFO     | collectors.rfc_perf | [SARLOHA QAS] response time: STAT records unavailable, using ST03N aggregates
2026-09-08 12:11:41,779 | INFO     | collectors.rfc_perf | [SARLOHA QAS] SQLMD readable but 0 rows matched DDATE >= '20260901' -- is SQL Monitor (transaction SQLM) activated on this system?
2026-09-08 12:12:53,222 | INFO     | collectors.rfc_perf | [CENTOR_QAS] SQLMD readable but 0 rows matched DDATE >= '20260901' -- is SQL Monitor (transaction SQLM) activated on this system?
2026-09-08 12:12:53,791 | INFO     | collectors.rfc_perf | [PRD] 103 STAT records, 0 dialog steps in the window (task mix: 0x12, 0xb, 0xe, AUTOABAP, BTC, BUF.SYNC, OTHER, SPOOL) -- no GUI activity, metric left absent
2026-09-08 12:12:54,289 | INFO     | collectors.rfc_perf | [PRD] response time: STAT records unavailable, using ST03N aggregates
2026-09-08 12:12:54,625 | INFO     | collectors.rfc_perf | [PRD] SQLMD readable but 0 rows matched DDATE >= '20260901' -- is SQL Monitor (transaction SQLM) activated on this system?
2026-09-08 12:12:55,263 | INFO     | collectors.rfc_perf | [SARLOHA QAS] 40 STAT records, 0 dialog steps in the window (task mix: 0x12, 0xb, 0xe, 0xf, AUTOABAP, BTC, BUF.SYNC, OTHER, SPOOL) -- no GUI activity, metric left absent
2026-09-08 12:12:55,649 | INFO     | collectors.rfc_perf | [SARLOHA QAS] response time: STAT records unavailable, using ST03N aggregates
2026-09-08 12:12:55,917 | INFO     | collectors.rfc_perf | [SARLOHA QAS] SQLMD readable but 0 rows matched DDATE >= '20260901' -- is SQL Monitor (transaction SQLM) activated on this system?
2026-09-08 12:12:58,557 | INFO     | collectors.rfc_perf | [SARLOHA PRD] SQLMD readable but 0 rows matched DDATE >= '20260901' -- is SQL Monitor (transaction SQLM) activated on this system?
2026-09-08 12:14:06,558 | INFO     | collectors.rfc_perf | [SARLOHA PRD] SQLMD readable but 0 rows matched DDATE >= '20260901' -- is SQL Monitor (transaction SQLM) activated on this system?
2026-09-08 12:15:17,429 | INFO     | collectors.rfc_perf | [SARLOHA PRD] SQLMD readable but 0 rows matched DDATE >= '20260901' -- is SQL Monitor (transaction SQLM) activated on this system?
2026-09-08 12:18:50,997 | INFO     | collectors.ccms_os | [SARLOHA PRD] CCMS OS monitor 'Operating System': matched cpu=2, load_5m=2, mem_free=2, mem_total=4, swap_free=2
2026-09-08 12:19:01,348 | INFO     | collectors.ccms_os | [CENTOR_QAS] CCMS OS monitor 'Operating System': matched cpu=1, load_5m=1, mem_free=1, mem_total=1, swap_free=1
2026-09-08 12:19:03,455 | INFO     | collectors.rfc_perf | [SARLOHA PRD] SQLMD readable but 0 rows matched DDATE >= '20260901' -- is SQL Monitor (transaction SQLM) activated on this system?
2026-09-08 12:19:07,873 | INFO     | collectors.rfc_perf | [SARLOHA PRD] SQLMD readable but 0 rows matched DDATE >= '20260901' -- is SQL Monitor (transaction SQLM) activated on this system?
2026-09-08 12:19:07,875 | INFO     | collectors.rfc_perf | [CENTOR_QAS] 43 STAT records, 0 dialog steps in the window (task mix: 0x12, 0xb, 0xe, 0xf, AUTOABAP, BTC, BUF.SYNC, OTHER, SPOOL) -- no GUI activity, metric left absent
2026-09-08 12:19:09,350 | INFO     | collectors.rfc_perf | [CENTOR_QAS] response time: no dialog steps in the last 5 min and no ST03N aggregate -- metric left absent (system idle or collector off)
2026-09-08 12:19:10,150 | INFO     | collectors.rfc_perf | [CENTOR_QAS] 45 STAT records, 0 dialog steps in the window (task mix: 0x12, 0xb, 0xe, 0xf, AUTOABAP, BTC, BUF.SYNC, OTHER, SPOOL) -- no GUI activity, metric left absent
2026-09-08 12:19:10,169 | INFO     | collectors.rfc_perf | [CENTOR_QAS] SQLMD readable but 0 rows matched DDATE >= '20260901' -- is SQL Monitor (transaction SQLM) activated on this system?
2026-09-08 12:19:10,234 | INFO     | collectors.rfc_perf | [CENTOR_QAS] response time: no dialog steps in the last 5 min and no ST03N aggregate -- metric left absent (system idle or collector off)
2026-09-08 12:19:10,410 | INFO     | collectors.rfc_perf | [CENTOR_QAS] SQLMD readable but 0 rows matched DDATE >= '20260901' -- is SQL Monitor (transaction SQLM) activated on this system?
2026-09-08 12:19:15,663 | INFO     | collectors.rfc_perf | [PRD] 107 STAT records, 0 dialog steps in the window (task mix: 0x12, 0x21, 0xb, 0xe, AUTOABAP, BTC, BUF.SYNC, OTHER, SPOOL) -- no GUI activity, metric left absent
2026-09-08 12:19:16,294 | INFO     | collectors.rfc_perf | [PRD] 107 STAT records, 0 dialog steps in the window (task mix: 0x12, 0x21, 0xb, 0xe, AUTOABAP, BTC, BUF.SYNC, OTHER, SPOOL) -- no GUI activity, metric left absent
2026-09-08 12:19:17,129 | INFO     | collectors.rfc_perf | [PRD] response time: STAT records unavailable, using ST03N aggregates
2026-09-08 12:19:17,144 | INFO     | collectors.rfc_perf | [PRD] response time: STAT records unavailable, using ST03N aggregates
2026-09-08 12:19:17,544 | WARNING  | collectors.rfc_perf | [PRD] lock owner stamps run 285 min ahead of SAP system time -- OS time zone on the app server differs from the SAP time zone. Ages corrected; tell Basis.
2026-09-08 12:19:17,671 | INFO     | collectors.rfc_perf | [PRD] 107 STAT records, 0 dialog steps in the window (task mix: 0x12, 0x21, 0xb, 0xe, AUTOABAP, BTC, BUF.SYNC, OTHER, SPOOL) -- no GUI activity, metric left absent
2026-09-08 12:19:18,159 | INFO     | collectors.rfc_perf | [PRD] response time: STAT records unavailable, using ST03N aggregates
2026-09-08 12:19:18,537 | INFO     | collectors.rfc_perf | [PRD] SQLMD readable but 0 rows matched DDATE >= '20260901' -- is SQL Monitor (transaction SQLM) activated on this system?
2026-09-08 12:19:18,553 | INFO     | collectors.rfc_perf | [PRD] SQLMD readable but 0 rows matched DDATE >= '20260901' -- is SQL Monitor (transaction SQLM) activated on this system?
2026-09-08 12:19:18,912 | INFO     | collectors.rfc_perf | [PRD] SQLMD readable but 0 rows matched DDATE >= '20260901' -- is SQL Monitor (transaction SQLM) activated on this system?
2026-09-08 12:19:21,884 | INFO     | collectors.ccms_os | [SARLOHA QAS] CCMS OS monitor 'Operating System': matched cpu=1, load_5m=1, mem_free=1, mem_total=2, swap_free=1
2026-09-08 12:19:29,518 | INFO     | collectors.rfc_perf | [SARLOHA QAS] SQLMD readable but 0 rows matched DDATE >= '20260901' -- is SQL Monitor (transaction SQLM) activated on this system?
2026-09-08 12:19:29,656 | INFO     | collectors.rfc_perf | [SARLOHA QAS] SQLMD readable but 0 rows matched DDATE >= '20260901' -- is SQL Monitor (transaction SQLM) activated on this system?
2026-09-08 12:19:29,985 | INFO     | collectors.rfc_perf | [SARLOHA QAS] SQLMD readable but 0 rows matched DDATE >= '20260901' -- is SQL Monitor (transaction SQLM) activated on this system?
2026-09-08 12:20:14,163 | INFO     | collectors.rfc_perf | [CENTOR_QAS] 60 STAT records, 0 dialog steps in the window (task mix: 0x12, 0xb, 0xe, 0xf, AUTOABAP, BTC, BUF.SYNC, OTHER, SPOOL) -- no GUI activity, metric left absent
2026-09-08 12:20:14,237 | INFO     | collectors.rfc_perf | [CENTOR_QAS] response time: no dialog steps in the last 5 min and no ST03N aggregate -- metric left absent (system idle or collector off)
2026-09-08 12:20:14,419 | INFO     | collectors.rfc_perf | [CENTOR_QAS] SQLMD readable but 0 rows matched DDATE >= '20260901' -- is SQL Monitor (transaction SQLM) activated on this system?
2026-09-08 12:20:17,478 | INFO     | collectors.rfc_perf | [SARLOHA PRD] SQLMD readable but 0 rows matched DDATE >= '20260901' -- is SQL Monitor (transaction SQLM) activated on this system?
2026-09-08 12:24:02,802 | INFO     | collectors.ccms_os | [CENTOR_QAS] CCMS OS monitor 'Operating System': matched cpu=1, load_5m=1, mem_free=1, mem_total=1, swap_free=1
2026-09-08 12:24:11,055 | INFO     | collectors.rfc_perf | [CENTOR_QAS] 67 STAT records, 0 dialog steps in the window (task mix: 0x12, 0xb, 0xe, 0xf, AUTOABAP, BTC, BUF.SYNC, OTHER, SPOOL) -- no GUI activity, metric left absent
2026-09-08 12:24:12,373 | INFO     | collectors.rfc_perf | [CENTOR_QAS] response time: no dialog steps in the last 5 min and no ST03N aggregate -- metric left absent (system idle or collector off)
2026-09-08 12:24:13,200 | INFO     | collectors.rfc_perf | [CENTOR_QAS] SQLMD readable but 0 rows matched DDATE >= '20260901' -- is SQL Monitor (transaction SQLM) activated on this system?
2026-09-08 12:24:13,784 | INFO     | collectors.rfc_perf | [CENTOR_QAS] 62 STAT records, 0 dialog steps in the window (task mix: 0x12, 0xb, 0xe, 0xf, AUTOABAP, BTC, BUF.SYNC, OTHER, SPOOL) -- no GUI activity, metric left absent
2026-09-08 12:24:14,123 | INFO     | collectors.rfc_perf | [CENTOR_QAS] response time: no dialog steps in the last 5 min and no ST03N aggregate -- metric left absent (system idle or collector off)
2026-09-08 12:24:14,362 | INFO     | collectors.rfc_perf | [CENTOR_QAS] SQLMD readable but 0 rows matched DDATE >= '20260901' -- is SQL Monitor (transaction SQLM) activated on this system?
2026-09-08 12:24:21,116 | INFO     | collectors.rfc_perf | [PRD] 105 STAT records, 0 dialog steps in the window (task mix: 0x12, 0xb, 0xe, AUTOABAP, BTC, BUF.SYNC, OTHER, SPOOL) -- no GUI activity, metric left absent
2026-09-08 12:24:22,439 | INFO     | collectors.rfc_perf | [PRD] response time: STAT records unavailable, using ST03N aggregates
2026-09-08 12:24:23,258 | WARNING  | collectors.rfc_perf | [PRD] lock owner stamps run 285 min ahead of SAP system time -- OS time zone on the app server differs from the SAP time zone. Ages corrected; tell Basis.
2026-09-08 12:24:25,349 | INFO     | collectors.rfc_perf | [PRD] SQLMD readable but 0 rows matched DDATE >= '20260901' -- is SQL Monitor (transaction SQLM) activated on this system?
2026-09-08 12:24:25,351 | INFO     | collectors.rfc_perf | [PRD] 105 STAT records, 0 dialog steps in the window (task mix: 0x12, 0xb, 0xe, AUTOABAP, BTC, BUF.SYNC, OTHER, SPOOL) -- no GUI activity, metric left absent
2026-09-08 12:24:25,352 | INFO     | collectors.rfc_perf | [PRD] 106 STAT records, 0 dialog steps in the window (task mix: 0x12, 0xb, 0xe, AUTOABAP, BTC, BUF.SYNC, OTHER, SPOOL) -- no GUI activity, metric left absent
2026-09-08 12:24:26,617 | INFO     | collectors.rfc_perf | [PRD] response time: STAT records unavailable, using ST03N aggregates
2026-09-08 12:24:26,617 | INFO     | collectors.rfc_perf | [PRD] response time: STAT records unavailable, using ST03N aggregates
2026-09-08 12:24:27,272 | INFO     | collectors.rfc_perf | [PRD] SQLMD readable but 0 rows matched DDATE >= '20260901' -- is SQL Monitor (transaction SQLM) activated on this system?
2026-09-08 12:24:27,274 | INFO     | collectors.rfc_perf | [PRD] SQLMD readable but 0 rows matched DDATE >= '20260901' -- is SQL Monitor (transaction SQLM) activated on this system?
2026-09-08 12:24:28,338 | INFO     | collectors.ccms_os | [SARLOHA QAS] CCMS OS monitor 'Operating System': matched cpu=1, load_5m=1, mem_free=1, mem_total=2, swap_free=1
2026-09-08 12:24:28,340 | INFO     | collectors.ccms_os | [SARLOHA QAS] CCMS OS monitor 'Operating System': matched cpu=1, load_5m=1, mem_free=1, mem_total=2, swap_free=1
2026-09-08 12:24:28,727 | INFO     | collectors.ccms_os | [SARLOHA QAS] CCMS OS monitor 'Operating System': matched cpu=1, load_5m=1, mem_free=1, mem_total=2, swap_free=1
2026-09-08 12:24:41,690 | INFO     | collectors.rfc_perf | [SARLOHA QAS] 97 STAT records, 0 dialog steps in the window (task mix: 0x12, 0xb, 0xe, 0xf, AUTOABAP, BTC, BUF.SYNC, OTHER, SPOOL) -- no GUI activity, metric left absent
2026-09-08 12:24:42,985 | INFO     | collectors.rfc_perf | [SARLOHA QAS] 96 STAT records, 0 dialog steps in the window (task mix: 0x12, 0xb, 0xe, 0xf, AUTOABAP, BTC, BUF.SYNC, OTHER, SPOOL) -- no GUI activity, metric left absent
2026-09-08 12:24:43,404 | INFO     | collectors.rfc_perf | [SARLOHA QAS] response time: STAT records unavailable, using ST03N aggregates
2026-09-08 12:24:43,452 | INFO     | collectors.rfc_perf | [SARLOHA QAS] 99 STAT records, 0 dialog steps in the window (task mix: 0x12, 0xb, 0xe, 0xf, AUTOABAP, BTC, BUF.SYNC, OTHER, SPOOL) -- no GUI activity, metric left absent
2026-09-08 12:24:43,793 | INFO     | collectors.rfc_perf | [SARLOHA QAS] response time: STAT records unavailable, using ST03N aggregates
2026-09-08 12:24:44,311 | INFO     | collectors.rfc_perf | [SARLOHA QAS] response time: STAT records unavailable, using ST03N aggregates
2026-09-08 12:24:45,647 | INFO     | collectors.rfc_perf | [SARLOHA QAS] SQLMD readable but 0 rows matched DDATE >= '20260901' -- is SQL Monitor (transaction SQLM) activated on this system?
2026-09-08 12:24:46,067 | INFO     | collectors.rfc_perf | [SARLOHA QAS] SQLMD readable but 0 rows matched DDATE >= '20260901' -- is SQL Monitor (transaction SQLM) activated on this system?
2026-09-08 12:24:46,067 | INFO     | collectors.rfc_perf | [SARLOHA QAS] SQLMD readable but 0 rows matched DDATE >= '20260901' -- is SQL Monitor (transaction SQLM) activated on this system?
2026-09-08 12:24:47,358 | INFO     | collectors.ccms_os | [SARLOHA PRD] CCMS OS monitor 'Operating System': matched cpu=2, load_5m=2, mem_free=2, mem_total=4, swap_free=2
2026-09-08 12:24:47,363 | INFO     | collectors.ccms_os | [SARLOHA PRD] CCMS OS monitor 'Operating System': matched cpu=2, load_5m=2, mem_free=2, mem_total=4, swap_free=2
2026-09-08 12:24:47,438 | INFO     | collectors.ccms_os | [SARLOHA PRD] CCMS OS monitor 'Operating System': matched cpu=2, load_5m=2, mem_free=2, mem_total=4, swap_free=2
2026-09-08 12:24:47,443 | INFO     | collectors.ccms_os | [SARLOHA PRD] CCMS OS monitor 'Operating System': matched cpu=2, load_5m=2, mem_free=2, mem_total=4, swap_free=2
2026-09-08 12:24:47,447 | INFO     | collectors.ccms_os | [SARLOHA PRD] CCMS OS monitor 'Operating System': matched cpu=2, load_5m=2, mem_free=2, mem_total=4, swap_free=2
2026-09-08 12:25:18,011 | INFO     | collectors.rfc_perf | [SARLOHA PRD] SQLMD readable but 0 rows matched DDATE >= '20260901' -- is SQL Monitor (transaction SQLM) activated on this system?
2026-09-08 12:25:18,120 | INFO     | collectors.rfc_perf | [SARLOHA PRD] SQLMD readable but 0 rows matched DDATE >= '20260901' -- is SQL Monitor (transaction SQLM) activated on this system?
2026-09-08 12:25:18,121 | INFO     | collectors.rfc_perf | [SARLOHA PRD] SQLMD readable but 0 rows matched DDATE >= '20260901' -- is SQL Monitor (transaction SQLM) activated on this system?
2026-09-08 12:25:18,564 | INFO     | collectors.rfc_perf | [SARLOHA PRD] SQLMD readable but 0 rows matched DDATE >= '20260901' -- is SQL Monitor (transaction SQLM) activated on this system?
2026-09-08 12:25:18,566 | INFO     | collectors.rfc_perf | [SARLOHA PRD] SQLMD readable but 0 rows matched DDATE >= '20260901' -- is SQL Monitor (transaction SQLM) activated on this system?
2026-09-08 12:25:21,206 | INFO     | collectors.rfc_perf | [SARLOHA PRD] SQLMD readable but 0 rows matched DDATE >= '20260901' -- is SQL Monitor (transaction SQLM) activated on this system?
2026-09-08 12:25:21,819 | INFO     | collectors.rfc_perf | [CENTOR_QAS] 62 STAT records, 0 dialog steps in the window (task mix: 0x12, 0xb, 0xe, 0xf, AUTOABAP, BTC, BUF.SYNC, OTHER, SPOOL) -- no GUI activity, metric left absent
2026-09-08 12:25:21,866 | INFO     | collectors.rfc_perf | [CENTOR_QAS] 62 STAT records, 0 dialog steps in the window (task mix: 0x12, 0xb, 0xe, 0xf, AUTOABAP, BTC, BUF.SYNC, OTHER, SPOOL) -- no GUI activity, metric left absent
2026-09-08 12:25:21,868 | INFO     | collectors.rfc_perf | [CENTOR_QAS] 62 STAT records, 0 dialog steps in the window (task mix: 0x12, 0xb, 0xe, 0xf, AUTOABAP, BTC, BUF.SYNC, OTHER, SPOOL) -- no GUI activity, metric left absent
2026-09-08 12:25:21,942 | INFO     | collectors.rfc_perf | [CENTOR_QAS] response time: no dialog steps in the last 5 min and no ST03N aggregate -- metric left absent (system idle or collector off)
2026-09-08 12:25:21,942 | INFO     | collectors.rfc_perf | [CENTOR_QAS] response time: no dialog steps in the last 5 min and no ST03N aggregate -- metric left absent (system idle or collector off)
2026-09-08 12:25:21,942 | INFO     | collectors.rfc_perf | [CENTOR_QAS] response time: no dialog steps in the last 5 min and no ST03N aggregate -- metric left absent (system idle or collector off)
2026-09-08 12:25:22,456 | INFO     | collectors.rfc_perf | [CENTOR_QAS] SQLMD readable but 0 rows matched DDATE >= '20260901' -- is SQL Monitor (transaction SQLM) activated on this system?
2026-09-08 12:25:22,456 | INFO     | collectors.rfc_perf | [CENTOR_QAS] SQLMD readable but 0 rows matched DDATE >= '20260901' -- is SQL Monitor (transaction SQLM) activated on this system?
2026-09-08 12:25:22,469 | INFO     | collectors.rfc_perf | [CENTOR_QAS] SQLMD readable but 0 rows matched DDATE >= '20260901' -- is SQL Monitor (transaction SQLM) activated on this system?
2026-09-08 12:25:32,910 | INFO     | collectors.rfc_perf | [PRD] 108 STAT records, 0 dialog steps in the window (task mix: 0x12, 0xb, 0xe, AUTOABAP, BTC, BUF.SYNC, OTHER, SPOOL) -- no GUI activity, metric left absent
2026-09-08 12:25:33,340 | INFO     | collectors.rfc_perf | [PRD] response time: STAT records unavailable, using ST03N aggregates
2026-09-08 12:25:33,600 | INFO     | collectors.rfc_perf | [PRD] SQLMD readable but 0 rows matched DDATE >= '20260901' -- is SQL Monitor (transaction SQLM) activated on this system?
2026-09-08 12:25:53,319 | INFO     | collectors.rfc_perf | [SARLOHA QAS] SQLMD readable but 0 rows matched DDATE >= '20260901' -- is SQL Monitor (transaction SQLM) activated on this system?
2026-09-08 12:26:26,455 | INFO     | collectors.rfc_perf | [SARLOHA PRD] SQLMD readable but 0 rows matched DDATE >= '20260901' -- is SQL Monitor (transaction SQLM) activated on this system?
2026-09-08 12:30:35,632 | INFO     | collectors.ccms_os | [SARLOHA QAS] CCMS OS monitor 'Operating System': matched cpu=1, load_5m=1, mem_free=1, mem_total=2, swap_free=1
2026-09-08 12:30:41,608 | INFO     | collectors.rfc_perf | [SARLOHA QAS] SQLMD readable but 0 rows matched DDATE >= '20260901' -- is SQL Monitor (transaction SQLM) activated on this system?
2026-09-08 12:32:20,791 | INFO     | collectors.ccms_os | [CENTOR_QAS] CCMS OS monitor 'Operating System': matched cpu=1, load_5m=1, mem_free=1, mem_total=1, swap_free=1
2026-09-08 12:32:26,714 | INFO     | collectors.rfc_perf | [CENTOR_QAS] SQLMD readable but 0 rows matched DDATE >= '20260901' -- is SQL Monitor (transaction SQLM) activated on this system?
2026-09-08 12:33:31,102 | INFO     | collectors.rfc_perf | [CENTOR_QAS] SQLMD readable but 0 rows matched DDATE >= '20260901' -- is SQL Monitor (transaction SQLM) activated on this system?
2026-09-08 12:33:34,323 | INFO     | collectors.rfc_perf | [PRD] 103 STAT records, 0 dialog steps in the window (task mix: 0x12, 0xb, 0xe, AUTOABAP, BTC, BUF.SYNC, OTHER, SPOOL) -- no GUI activity, metric left absent
2026-09-08 12:33:35,191 | INFO     | collectors.rfc_perf | [PRD] response time: STAT records unavailable, using ST03N aggregates
2026-09-08 12:33:35,412 | WARNING  | collectors.rfc_perf | [PRD] lock owner stamps run 270 min ahead of SAP system time -- OS time zone on the app server differs from the SAP time zone. Ages corrected; tell Basis.
2026-09-08 12:33:35,773 | INFO     | collectors.rfc_perf | [PRD] SQLMD readable but 0 rows matched DDATE >= '20260901' -- is SQL Monitor (transaction SQLM) activated on this system?
2026-09-08 12:33:37,904 | INFO     | collectors.rfc_perf | [SARLOHA QAS] 27 STAT records, 0 dialog steps in the window (task mix: 0x12, 0xb, 0xe, 0xf, BTC, BUF.SYNC, OTHER, SPOOL) -- no GUI activity, metric left absent
2026-09-08 12:33:39,681 | INFO     | collectors.rfc_perf | [SARLOHA QAS] response time: STAT records unavailable, using ST03N aggregates
2026-09-08 12:33:40,096 | INFO     | collectors.rfc_perf | [SARLOHA QAS] SQLMD readable but 0 rows matched DDATE >= '20260901' -- is SQL Monitor (transaction SQLM) activated on this system?
2026-09-08 12:33:41,536 | INFO     | collectors.ccms_os | [SARLOHA PRD] CCMS OS monitor 'Operating System': matched cpu=2, load_5m=2, mem_free=2, mem_total=4, swap_free=2
2026-09-08 12:33:41,543 | INFO     | collectors.ccms_os | [SARLOHA PRD] CCMS OS monitor 'Operating System': matched cpu=2, load_5m=2, mem_free=2, mem_total=4, swap_free=2
2026-09-08 12:33:50,705 | INFO     | collectors.rfc_perf | [SARLOHA PRD] SQLMD readable but 0 rows matched DDATE >= '20260901' -- is SQL Monitor (transaction SQLM) activated on this system?
2026-09-08 12:33:50,709 | INFO     | collectors.rfc_perf | [SARLOHA PRD] SQLMD readable but 0 rows matched DDATE >= '20260901' -- is SQL Monitor (transaction SQLM) activated on this system?
2026-09-08 12:35:41,524 | INFO     | collectors.rfc_perf | [CENTOR_QAS] SQLMD readable but 0 rows matched DDATE >= '20260901' -- is SQL Monitor (transaction SQLM) activated on this system?
2026-09-08 12:35:42,984 | INFO     | collectors.rfc_perf | [PRD] 159 STAT records, 0 dialog steps in the window (task mix: 0x12, 0xb, 0xe, AUTOABAP, BTC, BUF.SYNC, OTHER, SPOOL) -- no GUI activity, metric left absent
2026-09-08 12:35:43,693 | INFO     | collectors.rfc_perf | [PRD] response time: STAT records unavailable, using ST03N aggregates
2026-09-08 12:35:43,845 | WARNING  | collectors.rfc_perf | [PRD] lock owner stamps run 330 min ahead of SAP system time -- OS time zone on the app server differs from the SAP time zone. Ages corrected; tell Basis.
2026-09-08 12:35:44,016 | INFO     | collectors.rfc_perf | [PRD] SQLMD readable but 0 rows matched DDATE >= '20260901' -- is SQL Monitor (transaction SQLM) activated on this system?
2026-09-08 12:35:44,671 | INFO     | collectors.rfc_perf | [SARLOHA QAS] 30 STAT records, 0 dialog steps in the window (task mix: 0x12, 0xb, 0xe, 0xf, AUTOABAP, BTC, BUF.SYNC, OTHER, SPOOL) -- no GUI activity, metric left absent
2026-09-08 12:35:45,016 | INFO     | collectors.rfc_perf | [SARLOHA QAS] response time: STAT records unavailable, using ST03N aggregates
2026-09-08 12:35:45,260 | INFO     | collectors.rfc_perf | [SARLOHA QAS] SQLMD readable but 0 rows matched DDATE >= '20260901' -- is SQL Monitor (transaction SQLM) activated on this system?
2026-09-08 12:35:47,302 | INFO     | collectors.rfc_perf | [SARLOHA PRD] SQLMD readable but 0 rows matched DDATE >= '20260901' -- is SQL Monitor (transaction SQLM) activated on this system?
2026-09-08 12:36:50,183 | INFO     | collectors.rfc_perf | [CENTOR_QAS] SQLMD readable but 0 rows matched DDATE >= '20260901' -- is SQL Monitor (transaction SQLM) activated on this system?
2026-09-08 12:36:50,804 | INFO     | collectors.rfc_perf | [PRD] 166 STAT records, 0 dialog steps in the window (task mix: 0x12, 0xb, 0xe, AUTOABAP, BTC, BUF.SYNC, OTHER, SPOOL) -- no GUI activity, metric left absent
2026-09-08 12:36:51,245 | INFO     | collectors.rfc_perf | [PRD] response time: STAT records unavailable, using ST03N aggregates
2026-09-08 12:36:51,723 | INFO     | collectors.rfc_perf | [PRD] SQLMD readable but 0 rows matched DDATE >= '20260901' -- is SQL Monitor (transaction SQLM) activated on this system?
2026-09-08 12:36:54,474 | INFO     | collectors.rfc_perf | [SARLOHA QAS] 37 STAT records, 0 dialog steps in the window (task mix: 0x12, 0xb, 0xe, 0xf, AUTOABAP, BTC, BUF.SYNC, OTHER, SPOOL) -- no GUI activity, metric left absent
2026-09-08 12:36:58,730 | INFO     | collectors.rfc_perf | [SARLOHA QAS] response time: STAT records unavailable, using ST03N aggregates
2026-09-08 12:37:00,534 | INFO     | collectors.rfc_perf | [SARLOHA QAS] SQLMD readable but 0 rows matched DDATE >= '20260901' -- is SQL Monitor (transaction SQLM) activated on this system?
2026-09-08 12:37:09,285 | INFO     | collectors.rfc_perf | [SARLOHA PRD] SQLMD readable but 0 rows matched DDATE >= '20260901' -- is SQL Monitor (transaction SQLM) activated on this system?
2026-09-08 12:37:09,369 | INFO     | collectors.rfc_perf | [SARLOHA PRD] SQLMD readable but 0 rows matched DDATE >= '20260901' -- is SQL Monitor (transaction SQLM) activated on this system?
2026-09-08 12:38:15,918 | INFO     | collectors.rfc_perf | [CENTOR_QAS] SQLMD readable but 0 rows matched DDATE >= '20260901' -- is SQL Monitor (transaction SQLM) activated on this system?
2026-09-08 12:38:16,517 | INFO     | collectors.rfc_perf | [PRD] 187 STAT records, 0 dialog steps in the window (task mix: 0x12, 0xb, 0xe, AUTOABAP, BTC, BUF.SYNC, OTHER, SPOOL) -- no GUI activity, metric left absent
2026-09-08 12:38:17,107 | INFO     | collectors.rfc_perf | [PRD] response time: STAT records unavailable, using ST03N aggregates
2026-09-08 12:38:17,311 | INFO     | collectors.rfc_perf | [PRD] SQLMD readable but 0 rows matched DDATE >= '20260901' -- is SQL Monitor (transaction SQLM) activated on this system?
2026-09-08 12:38:18,315 | INFO     | collectors.rfc_perf | [SARLOHA QAS] SQLMD readable but 0 rows matched DDATE >= '20260901' -- is SQL Monitor (transaction SQLM) activated on this system?
2026-09-08 12:38:21,308 | INFO     | collectors.rfc_perf | [SARLOHA PRD] SQLMD readable but 0 rows matched DDATE >= '20260901' -- is SQL Monitor (transaction SQLM) activated on this system?
2026-09-08 12:40:15,830 | INFO     | collectors.rfc_perf | [CENTOR_QAS] SQLMD readable but 0 rows matched DDATE >= '20260901' -- is SQL Monitor (transaction SQLM) activated on this system?
2026-09-08 12:40:16,384 | INFO     | collectors.rfc_perf | [PRD] 167 STAT records, 0 dialog steps in the window (task mix: 0x12, 0xb, 0xe, AUTOABAP, BTC, BUF.SYNC, OTHER, SPOOL) -- no GUI activity, metric left absent
2026-09-08 12:40:16,743 | INFO     | collectors.rfc_perf | [PRD] response time: STAT records unavailable, using ST03N aggregates
2026-09-08 12:40:16,926 | INFO     | collectors.rfc_perf | [PRD] SQLMD readable but 0 rows matched DDATE >= '20260901' -- is SQL Monitor (transaction SQLM) activated on this system?
2026-09-08 12:40:18,108 | INFO     | collectors.rfc_perf | [SARLOHA QAS] SQLMD readable but 0 rows matched DDATE >= '20260901' -- is SQL Monitor (transaction SQLM) activated on this system?
2026-09-08 12:40:20,604 | INFO     | collectors.rfc_perf | [SARLOHA PRD] SQLMD readable but 0 rows matched DDATE >= '20260901' -- is SQL Monitor (transaction SQLM) activated on this system?
2026-09-08 12:41:15,884 | INFO     | collectors.ccms_os | [SARLOHA QAS] CCMS OS monitor 'Operating System': matched cpu=1, load_5m=1, mem_free=1, mem_total=2, swap_free=1
2026-09-08 12:42:16,212 | INFO     | collectors.rfc_perf | [CENTOR_QAS] SQLMD readable but 0 rows matched DDATE >= '20260901' -- is SQL Monitor (transaction SQLM) activated on this system?
2026-09-08 12:42:16,783 | INFO     | collectors.rfc_perf | [PRD] 147 STAT records, 0 dialog steps in the window (task mix: 0x12, 0x21, 0xb, 0xe, AUTOABAP, BTC, BUF.SYNC, OTHER, SPOOL) -- no GUI activity, metric left absent
2026-09-08 12:42:17,249 | INFO     | collectors.rfc_perf | [PRD] response time: STAT records unavailable, using ST03N aggregates
2026-09-08 12:42:17,487 | INFO     | collectors.rfc_perf | [PRD] SQLMD readable but 0 rows matched DDATE >= '20260901' -- is SQL Monitor (transaction SQLM) activated on this system?
2026-09-08 12:42:18,207 | INFO     | collectors.rfc_perf | [SARLOHA QAS] 31 STAT records, 0 dialog steps in the window (task mix: 0x12, 0xb, 0xe, 0xf, AUTOABAP, BTC, BUF.SYNC, OTHER, SPOOL) -- no GUI activity, metric left absent
2026-09-08 12:42:18,753 | INFO     | collectors.rfc_perf | [SARLOHA QAS] response time: STAT records unavailable, using ST03N aggregates
2026-09-08 12:42:19,198 | INFO     | collectors.rfc_perf | [SARLOHA QAS] SQLMD readable but 0 rows matched DDATE >= '20260901' -- is SQL Monitor (transaction SQLM) activated on this system?
2026-09-08 12:42:21,431 | INFO     | collectors.rfc_perf | [SARLOHA PRD] SQLMD readable but 0 rows matched DDATE >= '20260901' -- is SQL Monitor (transaction SQLM) activated on this system?
2026-09-08 12:43:15,147 | INFO     | collectors.ccms_os | [CENTOR_QAS] CCMS OS monitor 'Operating System': matched cpu=1, load_5m=1, mem_free=1, mem_total=1, swap_free=1
2026-09-08 12:44:15,677 | INFO     | collectors.rfc_perf | [CENTOR_QAS] 49 STAT records, 0 dialog steps in the window (task mix: 0x12, 0xb, 0xe, 0xf, AUTOABAP, BTC, BUF.SYNC, OTHER, SPOOL) -- no GUI activity, metric left absent
2026-09-08 12:44:17,023 | INFO     | collectors.rfc_perf | [CENTOR_QAS] response time: no dialog steps in the last 5 min and no ST03N aggregate -- metric left absent (system idle or collector off)
2026-09-08 12:44:17,192 | INFO     | collectors.rfc_perf | [CENTOR_QAS] SQLMD readable but 0 rows matched DDATE >= '20260901' -- is SQL Monitor (transaction SQLM) activated on this system?
2026-09-08 12:44:17,779 | INFO     | collectors.rfc_perf | [PRD] 111 STAT records, 0 dialog steps in the window (task mix: 0x12, 0x21, 0xb, 0xe, AUTOABAP, BTC, BUF.SYNC, OTHER, SPOOL) -- no GUI activity, metric left absent
2026-09-08 12:44:18,133 | INFO     | collectors.rfc_perf | [PRD] response time: STAT records unavailable, using ST03N aggregates
2026-09-08 12:44:18,290 | INFO     | collectors.rfc_perf | [PRD] SQLMD readable but 0 rows matched DDATE >= '20260901' -- is SQL Monitor (transaction SQLM) activated on this system?
2026-09-08 12:44:19,019 | INFO     | collectors.rfc_perf | [SARLOHA QAS] 32 STAT records, 0 dialog steps in the window (task mix: 0x12, 0xb, 0xe, 0xf, AUTOABAP, BTC, BUF.SYNC, OTHER, SPOOL) -- no GUI activity, metric left absent
2026-09-08 12:44:19,457 | INFO     | collectors.rfc_perf | [SARLOHA QAS] response time: STAT records unavailable, using ST03N aggregates
2026-09-08 12:44:19,999 | INFO     | collectors.rfc_perf | [SARLOHA QAS] SQLMD readable but 0 rows matched DDATE >= '20260901' -- is SQL Monitor (transaction SQLM) activated on this system?
2026-09-08 12:44:20,731 | INFO     | collectors.ccms_os | [SARLOHA PRD] CCMS OS monitor 'Operating System': matched cpu=2, load_5m=2, mem_free=2, mem_total=4, swap_free=2
2026-09-08 12:44:23,019 | INFO     | collectors.rfc_perf | [SARLOHA PRD] SQLMD readable but 0 rows matched DDATE >= '20260901' -- is SQL Monitor (transaction SQLM) activated on this system?
2026-09-08 12:46:16,143 | INFO     | collectors.rfc_perf | [CENTOR_QAS] 47 STAT records, 0 dialog steps in the window (task mix: 0x12, 0xb, 0xe, 0xf, AUTOABAP, BTC, BUF.SYNC, OTHER, SPOOL) -- no GUI activity, metric left absent
2026-09-08 12:46:16,500 | INFO     | collectors.rfc_perf | [CENTOR_QAS] response time: no dialog steps in the last 5 min and no ST03N aggregate -- metric left absent (system idle or collector off)
2026-09-08 12:46:16,606 | INFO     | collectors.rfc_perf | [CENTOR_QAS] SQLMD readable but 0 rows matched DDATE >= '20260901' -- is SQL Monitor (transaction SQLM) activated on this system?
2026-09-08 12:46:17,504 | INFO     | collectors.rfc_perf | [PRD] 104 STAT records, 0 dialog steps in the window (task mix: 0x12, 0x21, 0xb, 0xe, AUTOABAP, BTC, BUF.SYNC, OTHER, SPOOL) -- no GUI activity, metric left absent
2026-09-08 12:46:18,005 | INFO     | collectors.rfc_perf | [PRD] response time: STAT records unavailable, using ST03N aggregates
2026-09-08 12:46:18,280 | INFO     | collectors.rfc_perf | [PRD] SQLMD readable but 0 rows matched DDATE >= '20260901' -- is SQL Monitor (transaction SQLM) activated on this system?
2026-09-08 12:46:19,040 | INFO     | collectors.rfc_perf | [SARLOHA QAS] 32 STAT records, 0 dialog steps in the window (task mix: 0x12, 0xb, 0xe, 0xf, AUTOABAP, BTC, BUF.SYNC, OTHER, SPOOL) -- no GUI activity, metric left absent
2026-09-08 12:46:19,508 | INFO     | collectors.rfc_perf | [SARLOHA QAS] response time: STAT records unavailable, using ST03N aggregates
2026-09-08 12:46:19,807 | INFO     | collectors.rfc_perf | [SARLOHA QAS] SQLMD readable but 0 rows matched DDATE >= '20260901' -- is SQL Monitor (transaction SQLM) activated on this system?
2026-09-08 12:46:22,369 | INFO     | collectors.rfc_perf | [SARLOHA PRD] SQLMD readable but 0 rows matched DDATE >= '20260901' -- is SQL Monitor (transaction SQLM) activated on this system?
2026-09-08 12:48:15,762 | INFO     | collectors.rfc_perf | [CENTOR_QAS] SQLMD readable but 0 rows matched DDATE >= '20260901' -- is SQL Monitor (transaction SQLM) activated on this system?
2026-09-08 12:48:16,275 | INFO     | collectors.rfc_perf | [PRD] 106 STAT records, 0 dialog steps in the window (task mix: 0x12, 0xb, 0xe, AUTOABAP, BTC, BUF.SYNC, OTHER, SPOOL) -- no GUI activity, metric left absent
2026-09-08 12:48:16,714 | INFO     | collectors.rfc_perf | [PRD] response time: STAT records unavailable, using ST03N aggregates
2026-09-08 12:48:16,999 | INFO     | collectors.rfc_perf | [PRD] SQLMD readable but 0 rows matched DDATE >= '20260901' -- is SQL Monitor (transaction SQLM) activated on this system?
2026-09-08 12:48:17,657 | INFO     | collectors.rfc_perf | [SARLOHA QAS] 30 STAT records, 0 dialog steps in the window (task mix: 0x12, 0xb, 0xe, 0xf, BTC, BUF.SYNC, OTHER, SPOOL) -- no GUI activity, metric left absent
2026-09-08 12:48:18,129 | INFO     | collectors.rfc_perf | [SARLOHA QAS] response time: STAT records unavailable, using ST03N aggregates
2026-09-08 12:48:18,545 | INFO     | collectors.rfc_perf | [SARLOHA QAS] SQLMD readable but 0 rows matched DDATE >= '20260901' -- is SQL Monitor (transaction SQLM) activated on this system?
2026-09-08 12:48:20,623 | INFO     | collectors.rfc_perf | [SARLOHA PRD] SQLMD readable but 0 rows matched DDATE >= '20260901' -- is SQL Monitor (transaction SQLM) activated on this system?
2026-09-08 12:50:16,134 | INFO     | collectors.rfc_perf | [CENTOR_QAS] SQLMD readable but 0 rows matched DDATE >= '20260901' -- is SQL Monitor (transaction SQLM) activated on this system?
2026-09-08 12:50:16,585 | INFO     | collectors.rfc_perf | [PRD] 108 STAT records, 0 dialog steps in the window (task mix: 0x12, 0xb, 0xe, AUTOABAP, BTC, BUF.SYNC, OTHER, SPOOL) -- no GUI activity, metric left absent
2026-09-08 12:50:16,976 | INFO     | collectors.rfc_perf | [PRD] response time: STAT records unavailable, using ST03N aggregates
2026-09-08 12:50:17,188 | INFO     | collectors.rfc_perf | [PRD] SQLMD readable but 0 rows matched DDATE >= '20260901' -- is SQL Monitor (transaction SQLM) activated on this system?
2026-09-08 12:50:17,965 | INFO     | collectors.rfc_perf | [SARLOHA QAS] 42 STAT records, 0 dialog steps in the window (task mix: 0x12, 0xb, 0xe, 0xf, 0xfa, AUTOABAP, BTC, BUF.SYNC, OTHER, SPOOL) -- no GUI activity, metric left absent
2026-09-08 12:50:18,309 | INFO     | collectors.rfc_perf | [SARLOHA QAS] response time: STAT records unavailable, using ST03N aggregates
2026-09-08 12:50:18,547 | INFO     | collectors.rfc_perf | [SARLOHA QAS] SQLMD readable but 0 rows matched DDATE >= '20260901' -- is SQL Monitor (transaction SQLM) activated on this system?
2026-09-08 12:50:20,502 | INFO     | collectors.rfc_perf | [SARLOHA PRD] SQLMD readable but 0 rows matched DDATE >= '20260901' -- is SQL Monitor (transaction SQLM) activated on this system?
2026-09-08 12:53:04,039 | INFO     | collectors.ccms_os | [CENTOR_QAS] CCMS OS monitor 'Operating System': matched cpu=1, load_5m=1, mem_free=1, mem_total=1, swap_free=1
2026-09-08 12:53:13,661 | INFO     | collectors.rfc_perf | [CENTOR_QAS] SQLMD readable but 0 rows matched DDATE >= '20260901' -- is SQL Monitor (transaction SQLM) activated on this system?
2026-09-08 12:53:14,326 | INFO     | collectors.rfc_perf | [CENTOR_QAS] SQLMD readable but 0 rows matched DDATE >= '20260901' -- is SQL Monitor (transaction SQLM) activated on this system?
2026-09-08 12:53:18,243 | INFO     | collectors.rfc_perf | [PRD] 103 STAT records, 0 dialog steps in the window (task mix: 0x12, 0xb, 0xe, AUTOABAP, BTC, BUF.SYNC, OTHER, SPOOL) -- no GUI activity, metric left absent
2026-09-08 12:53:18,253 | INFO     | collectors.rfc_perf | [PRD] 103 STAT records, 0 dialog steps in the window (task mix: 0x12, 0xb, 0xe, AUTOABAP, BTC, BUF.SYNC, OTHER, SPOOL) -- no GUI activity, metric left absent
2026-09-08 12:53:19,379 | INFO     | collectors.rfc_perf | [PRD] response time: STAT records unavailable, using ST03N aggregates
2026-09-08 12:53:19,901 | INFO     | collectors.rfc_perf | [PRD] response time: STAT records unavailable, using ST03N aggregates
2026-09-08 12:53:20,424 | WARNING  | collectors.rfc_perf | [PRD] lock owner stamps run 315 min ahead of SAP system time -- OS time zone on the app server differs from the SAP time zone. Ages corrected; tell Basis.
2026-09-08 12:53:20,699 | INFO     | collectors.rfc_perf | [PRD] 103 STAT records, 0 dialog steps in the window (task mix: 0x12, 0xb, 0xe, AUTOABAP, BTC, BUF.SYNC, OTHER, SPOOL) -- no GUI activity, metric left absent
2026-09-08 12:53:20,704 | INFO     | collectors.rfc_perf | [PRD] 103 STAT records, 0 dialog steps in the window (task mix: 0x12, 0xb, 0xe, AUTOABAP, BTC, BUF.SYNC, OTHER, SPOOL) -- no GUI activity, metric left absent
2026-09-08 12:53:21,172 | INFO     | collectors.rfc_perf | [PRD] response time: STAT records unavailable, using ST03N aggregates
2026-09-08 12:53:21,538 | INFO     | collectors.rfc_perf | [PRD] response time: STAT records unavailable, using ST03N aggregates
2026-09-08 12:53:21,898 | INFO     | collectors.rfc_perf | [PRD] SQLMD readable but 0 rows matched DDATE >= '20260901' -- is SQL Monitor (transaction SQLM) activated on this system?
2026-09-08 12:53:22,102 | INFO     | collectors.rfc_perf | [PRD] SQLMD readable but 0 rows matched DDATE >= '20260901' -- is SQL Monitor (transaction SQLM) activated on this system?
2026-09-08 12:53:22,410 | INFO     | collectors.rfc_perf | [PRD] SQLMD readable but 0 rows matched DDATE >= '20260901' -- is SQL Monitor (transaction SQLM) activated on this system?
2026-09-08 12:53:22,461 | INFO     | collectors.rfc_perf | [PRD] SQLMD readable but 0 rows matched DDATE >= '20260901' -- is SQL Monitor (transaction SQLM) activated on this system?
2026-09-08 12:53:25,642 | INFO     | collectors.ccms_os | [SARLOHA QAS] CCMS OS monitor 'Operating System': matched cpu=1, load_5m=1, mem_free=1, mem_total=2, swap_free=1
2026-09-08 12:53:25,648 | INFO     | collectors.ccms_os | [SARLOHA QAS] CCMS OS monitor 'Operating System': matched cpu=1, load_5m=1, mem_free=1, mem_total=2, swap_free=1
2026-09-08 12:53:25,716 | INFO     | collectors.ccms_os | [SARLOHA QAS] CCMS OS monitor 'Operating System': matched cpu=1, load_5m=1, mem_free=1, mem_total=2, swap_free=1
2026-09-08 12:53:25,987 | INFO     | collectors.ccms_os | [SARLOHA QAS] CCMS OS monitor 'Operating System': matched cpu=1, load_5m=1, mem_free=1, mem_total=2, swap_free=1
2026-09-08 12:53:32,605 | INFO     | collectors.rfc_perf | [SARLOHA QAS] 35 STAT records, 0 dialog steps in the window (task mix: 0x12, 0xb, 0xe, 0xf, BTC, BUF.SYNC, OTHER, SPOOL) -- no GUI activity, metric left absent
2026-09-08 12:53:32,679 | INFO     | collectors.rfc_perf | [SARLOHA QAS] 35 STAT records, 0 dialog steps in the window (task mix: 0x12, 0xb, 0xe, 0xf, BTC, BUF.SYNC, OTHER, SPOOL) -- no GUI activity, metric left absent
2026-09-08 12:53:33,983 | INFO     | collectors.rfc_perf | [SARLOHA QAS] 35 STAT records, 0 dialog steps in the window (task mix: 0x12, 0xb, 0xe, 0xf, BTC, BUF.SYNC, OTHER, SPOOL) -- no GUI activity, metric left absent
2026-09-08 12:53:34,024 | INFO     | collectors.rfc_perf | [SARLOHA QAS] 35 STAT records, 0 dialog steps in the window (task mix: 0x12, 0xb, 0xe, 0xf, BTC, BUF.SYNC, OTHER, SPOOL) -- no GUI activity, metric left absent
2026-09-08 12:53:34,797 | INFO     | collectors.rfc_perf | [SARLOHA QAS] response time: STAT records unavailable, using ST03N aggregates
2026-09-08 12:53:35,126 | INFO     | collectors.rfc_perf | [SARLOHA QAS] response time: STAT records unavailable, using ST03N aggregates
2026-09-08 12:53:35,388 | INFO     | collectors.rfc_perf | [SARLOHA QAS] response time: STAT records unavailable, using ST03N aggregates
2026-09-08 12:53:35,389 | INFO     | collectors.rfc_perf | [SARLOHA QAS] response time: STAT records unavailable, using ST03N aggregates
2026-09-08 12:53:37,111 | INFO     | collectors.rfc_perf | [SARLOHA QAS] SQLMD readable but 0 rows matched DDATE >= '20260901' -- is SQL Monitor (transaction SQLM) activated on this system?
2026-09-08 12:53:37,159 | INFO     | collectors.rfc_perf | [SARLOHA QAS] SQLMD readable but 0 rows matched DDATE >= '20260901' -- is SQL Monitor (transaction SQLM) activated on this system?
2026-09-08 12:53:37,266 | INFO     | collectors.rfc_perf | [SARLOHA QAS] SQLMD readable but 0 rows matched DDATE >= '20260901' -- is SQL Monitor (transaction SQLM) activated on this system?
2026-09-08 12:53:37,266 | INFO     | collectors.rfc_perf | [SARLOHA QAS] SQLMD readable but 0 rows matched DDATE >= '20260901' -- is SQL Monitor (transaction SQLM) activated on this system?
2026-09-08 12:53:38,875 | INFO     | collectors.ccms_os | [SARLOHA PRD] CCMS OS monitor 'Operating System': matched cpu=2, load_5m=2, mem_free=2, mem_total=4, swap_free=2
2026-09-08 12:53:38,892 | INFO     | collectors.ccms_os | [SARLOHA PRD] CCMS OS monitor 'Operating System': matched cpu=2, load_5m=2, mem_free=2, mem_total=4, swap_free=2
2026-09-08 12:53:38,904 | INFO     | collectors.ccms_os | [SARLOHA PRD] CCMS OS monitor 'Operating System': matched cpu=2, load_5m=2, mem_free=2, mem_total=4, swap_free=2
2026-09-08 12:53:52,795 | INFO     | collectors.rfc_perf | [SARLOHA PRD] SQLMD readable but 0 rows matched DDATE >= '20260901' -- is SQL Monitor (transaction SQLM) activated on this system?
2026-09-08 12:53:53,631 | INFO     | collectors.rfc_perf | [SARLOHA PRD] SQLMD readable but 0 rows matched DDATE >= '20260901' -- is SQL Monitor (transaction SQLM) activated on this system?
2026-09-08 12:53:53,638 | INFO     | collectors.rfc_perf | [SARLOHA PRD] SQLMD readable but 0 rows matched DDATE >= '20260901' -- is SQL Monitor (transaction SQLM) activated on this system?
2026-09-08 12:53:53,838 | INFO     | collectors.rfc_perf | [SARLOHA PRD] SQLMD readable but 0 rows matched DDATE >= '20260901' -- is SQL Monitor (transaction SQLM) activated on this system?
2026-09-08 12:53:54,344 | INFO     | collectors.rfc_perf | [SARLOHA PRD] SQLMD readable but 0 rows matched DDATE >= '20260901' -- is SQL Monitor (transaction SQLM) activated on this system?
2026-09-08 12:54:24,257 | INFO     | collectors.rfc_perf | [PRD] 105 STAT records, 0 dialog steps in the window (task mix: 0x12, 0xb, 0xe, AUTOABAP, BTC, BUF.SYNC, OTHER, SPOOL) -- no GUI activity, metric left absent
2026-09-08 12:54:24,694 | INFO     | collectors.rfc_perf | [PRD] response time: STAT records unavailable, using ST03N aggregates
2026-09-08 12:54:24,856 | INFO     | collectors.rfc_perf | [PRD] SQLMD readable but 0 rows matched DDATE >= '20260901' -- is SQL Monitor (transaction SQLM) activated on this system?
2026-09-08 12:54:44,779 | INFO     | collectors.rfc_perf | [SARLOHA QAS] 52 STAT records, 0 dialog steps in the window (task mix: 0x12, 0xb, 0xe, 0xf, AUTOABAP, BTC, BUF.SYNC, OTHER, SPOOL) -- no GUI activity, metric left absent
2026-09-08 12:54:45,395 | INFO     | collectors.rfc_perf | [SARLOHA QAS] response time: STAT records unavailable, using ST03N aggregates
2026-09-08 12:54:45,954 | INFO     | collectors.rfc_perf | [SARLOHA QAS] SQLMD readable but 0 rows matched DDATE >= '20260901' -- is SQL Monitor (transaction SQLM) activated on this system?
2026-09-08 12:55:06,411 | INFO     | collectors.rfc_perf | [SARLOHA PRD] SQLMD readable but 0 rows matched DDATE >= '20260901' -- is SQL Monitor (transaction SQLM) activated on this system?
2026-09-08 12:56:02,978 | INFO     | collectors.rfc_perf | [SARLOHA QAS] 54 STAT records, 0 dialog steps in the window (task mix: 0x12, 0xb, 0xe, 0xf, AUTOABAP, BTC, BUF.SYNC, OTHER, SPOOL) -- no GUI activity, metric left absent
2026-09-08 12:56:03,318 | INFO     | collectors.rfc_perf | [SARLOHA QAS] response time: STAT records unavailable, using ST03N aggregates
2026-09-08 12:56:03,590 | INFO     | collectors.rfc_perf | [SARLOHA QAS] SQLMD readable but 0 rows matched DDATE >= '20260901' -- is SQL Monitor (transaction SQLM) activated on this system?
2026-09-08 14:03:48,998 | INFO     | main | ===== Pipeline START for system PRD =====
2026-09-08 14:03:49,001 | INFO     | main | PRD: has_os_access=false -- skipping OS/SSH metrics entirely (not attempting).
2026-09-08 14:03:50,916 | INFO     | sap_gui.launcher | Launching SAP Logon: C:\Program Files (x86)\SAP\FrontEnd\SAPgui\saplogon.exe
2026-09-08 14:04:22,355 | INFO     | collectors.ccms_os | [CENTOR_QAS] CCMS OS monitor 'Operating System': matched cpu=1, load_5m=1, mem_free=1, mem_total=1, swap_free=1
2026-09-08 14:04:34,332 | INFO     | collectors.rfc_perf | [CENTOR_QAS] SQLMD readable but 0 rows matched DDATE >= '20260901' -- is SQL Monitor (transaction SQLM) activated on this system?
2026-09-08 14:04:35,004 | INFO     | collectors.rfc_perf | [CENTOR_QAS] SQLMD readable but 0 rows matched DDATE >= '20260901' -- is SQL Monitor (transaction SQLM) activated on this system?
2026-09-08 14:04:42,496 | INFO     | collectors.rfc_perf | [PRD] 111 STAT records, 0 dialog steps in the window (task mix: 0x12, 0x21, 0xb, 0xe, 0xf7, AUTOABAP, BTC, BUF.SYNC, OTHER, SPOOL) -- no GUI activity, metric left absent
2026-09-08 14:04:43,316 | INFO     | collectors.rfc_perf | [PRD] 111 STAT records, 0 dialog steps in the window (task mix: 0x12, 0x21, 0xb, 0xe, 0xf7, AUTOABAP, BTC, BUF.SYNC, OTHER, SPOOL) -- no GUI activity, metric left absent
2026-09-08 14:04:46,346 | INFO     | collectors.rfc_perf | [PRD] response time: STAT records unavailable, using ST03N aggregates
2026-09-08 14:04:46,373 | INFO     | collectors.rfc_perf | [PRD] response time: STAT records unavailable, using ST03N aggregates
2026-09-08 14:04:47,548 | INFO     | collectors.rfc_perf | [PRD] 94 STAT records, 0 dialog steps in the window (task mix: 0x12, 0x21, 0xb, 0xe, 0xf7, AUTOABAP, BTC, BUF.SYNC, OTHER, SPOOL) -- no GUI activity, metric left absent
2026-09-08 14:04:49,377 | WARNING  | collectors.rfc_perf | [PRD] lock owner stamps run 300 min ahead of SAP system time -- OS time zone on the app server differs from the SAP time zone. Ages corrected; tell Basis.
2026-09-08 14:04:49,426 | INFO     | collectors.rfc_perf | [PRD] response time: STAT records unavailable, using ST03N aggregates
2026-09-08 14:04:51,070 | INFO     | collectors.rfc_perf | [PRD] SQLMD readable but 0 rows matched DDATE >= '20260901' -- is SQL Monitor (transaction SQLM) activated on this system?
2026-09-08 14:04:51,123 | INFO     | collectors.rfc_perf | [PRD] SQLMD readable but 0 rows matched DDATE >= '20260901' -- is SQL Monitor (transaction SQLM) activated on this system?
2026-09-08 14:04:53,356 | INFO     | collectors.rfc_perf | [PRD] SQLMD readable but 0 rows matched DDATE >= '20260901' -- is SQL Monitor (transaction SQLM) activated on this system?
2026-09-08 14:04:53,897 | INFO     | collectors.rfc_perf | [PRD] 94 STAT records, 0 dialog steps in the window (task mix: 0x12, 0x21, 0xb, 0xe, 0xf7, AUTOABAP, BTC, BUF.SYNC, OTHER, SPOOL) -- no GUI activity, metric left absent
2026-09-08 14:04:55,489 | INFO     | collectors.rfc_perf | [PRD] response time: STAT records unavailable, using ST03N aggregates
2026-09-08 14:04:56,527 | INFO     | collectors.rfc_perf | [PRD] SQLMD readable but 0 rows matched DDATE >= '20260901' -- is SQL Monitor (transaction SQLM) activated on this system?
2026-09-08 14:05:52,087 | INFO     | collectors.rfc_perf | [CENTOR_QAS] SQLMD readable but 0 rows matched DDATE >= '20260901' -- is SQL Monitor (transaction SQLM) activated on this system?
2026-09-08 14:05:53,358 | INFO     | collectors.rfc_perf | [CENTOR_QAS] SQLMD readable but 0 rows matched DDATE >= '20260901' -- is SQL Monitor (transaction SQLM) activated on this system?
2026-09-08 14:05:53,859 | INFO     | collectors.rfc_perf | [CENTOR_QAS] SQLMD readable but 0 rows matched DDATE >= '20260901' -- is SQL Monitor (transaction SQLM) activated on this system?
2026-09-08 14:05:59,888 | INFO     | collectors.rfc_perf | [CENTOR_QAS] SQLMD readable but 0 rows matched DDATE >= '20260901' -- is SQL Monitor (transaction SQLM) activated on this system?
2026-09-08 14:06:08,990 | INFO     | collectors.rfc_perf | [PRD] 107 STAT records, 0 dialog steps in the window (task mix: 0x12, 0x21, 0xb, 0xe, AUTOABAP, BTC, BUF.SYNC, OTHER, SPOOL) -- no GUI activity, metric left absent
2026-09-08 14:06:09,431 | INFO     | collectors.rfc_perf | [PRD] response time: STAT records unavailable, using ST03N aggregates
2026-09-08 14:06:09,768 | INFO     | collectors.rfc_perf | [PRD] SQLMD readable but 0 rows matched DDATE >= '20260901' -- is SQL Monitor (transaction SQLM) activated on this system?
2026-09-08 14:07:57,347 | INFO     | collectors.rfc_perf | [CENTOR_QAS] SQLMD readable but 0 rows matched DDATE >= '20260901' -- is SQL Monitor (transaction SQLM) activated on this system?
2026-09-08 14:07:58,307 | INFO     | collectors.rfc_perf | [CENTOR_QAS] SQLMD readable but 0 rows matched DDATE >= '20260901' -- is SQL Monitor (transaction SQLM) activated on this system?
2026-09-08 14:08:00,777 | INFO     | collectors.rfc_perf | [CENTOR_QAS] SQLMD readable but 0 rows matched DDATE >= '20260901' -- is SQL Monitor (transaction SQLM) activated on this system?
2026-09-08 14:08:01,241 | INFO     | collectors.rfc_perf | [PRD] 112 STAT records, 0 dialog steps in the window (task mix: 0x12, 0xb, 0xe, AUTOABAP, BTC, BUF.SYNC, OTHER, SPOOL) -- no GUI activity, metric left absent
2026-09-08 14:08:01,248 | INFO     | collectors.rfc_perf | [PRD] 112 STAT records, 0 dialog steps in the window (task mix: 0x12, 0xb, 0xe, AUTOABAP, BTC, BUF.SYNC, OTHER, SPOOL) -- no GUI activity, metric left absent
2026-09-08 14:08:04,596 | INFO     | collectors.rfc_perf | [PRD] response time: STAT records unavailable, using ST03N aggregates
2026-09-08 14:08:04,642 | INFO     | collectors.rfc_perf | [PRD] response time: STAT records unavailable, using ST03N aggregates
2026-09-08 14:08:07,048 | INFO     | collectors.rfc_perf | [PRD] 112 STAT records, 0 dialog steps in the window (task mix: 0x12, 0xb, 0xe, AUTOABAP, BTC, BUF.SYNC, OTHER, SPOOL) -- no GUI activity, metric left absent
2026-09-08 14:08:07,497 | INFO     | collectors.rfc_perf | [PRD] 112 STAT records, 0 dialog steps in the window (task mix: 0x12, 0xb, 0xe, AUTOABAP, BTC, BUF.SYNC, OTHER, SPOOL) -- no GUI activity, metric left absent
2026-09-08 14:08:08,938 | INFO     | collectors.rfc_perf | [PRD] response time: STAT records unavailable, using ST03N aggregates
2026-09-08 14:08:10,549 | INFO     | collectors.rfc_perf | [PRD] response time: STAT records unavailable, using ST03N aggregates
2026-09-08 14:08:10,823 | INFO     | collectors.rfc_perf | [PRD] SQLMD readable but 0 rows matched DDATE >= '20260901' -- is SQL Monitor (transaction SQLM) activated on this system?
2026-09-08 14:08:11,576 | INFO     | collectors.rfc_perf | [PRD] SQLMD readable but 0 rows matched DDATE >= '20260901' -- is SQL Monitor (transaction SQLM) activated on this system?
2026-09-08 14:08:12,861 | INFO     | collectors.ccms_os | [SARLOHA QAS] CCMS OS monitor 'Operating System': matched cpu=1, load_5m=1, mem_free=1, mem_total=2, swap_free=1
2026-09-08 14:08:16,205 | INFO     | collectors.rfc_perf | [PRD] SQLMD readable but 0 rows matched DDATE >= '20260901' -- is SQL Monitor (transaction SQLM) activated on this system?
2026-09-08 14:08:18,379 | INFO     | collectors.rfc_perf | [PRD] SQLMD readable but 0 rows matched DDATE >= '20260901' -- is SQL Monitor (transaction SQLM) activated on this system?
2026-09-08 14:08:28,610 | INFO     | collectors.rfc_perf | [SARLOHA QAS] SQLMD readable but 0 rows matched DDATE >= '20260901' -- is SQL Monitor (transaction SQLM) activated on this system?
2026-09-08 14:08:28,775 | INFO     | collectors.rfc_perf | [SARLOHA QAS] SQLMD readable but 0 rows matched DDATE >= '20260901' -- is SQL Monitor (transaction SQLM) activated on this system?
2026-09-08 14:08:31,001 | INFO     | collectors.rfc_perf | [SARLOHA QAS] SQLMD readable but 0 rows matched DDATE >= '20260901' -- is SQL Monitor (transaction SQLM) activated on this system?
2026-09-08 14:08:30,763 | INFO     | collectors.ccms_os | [SARLOHA PRD] CCMS OS monitor 'Operating System': matched cpu=2, load_5m=2, mem_free=2, mem_total=4, swap_free=2
2026-09-08 14:08:31,011 | INFO     | collectors.ccms_os | [SARLOHA PRD] CCMS OS monitor 'Operating System': matched cpu=2, load_5m=2, mem_free=2, mem_total=4, swap_free=2
2026-09-08 14:08:32,227 | INFO     | collectors.rfc_perf | [SARLOHA QAS] SQLMD readable but 0 rows matched DDATE >= '20260901' -- is SQL Monitor (transaction SQLM) activated on this system?
2026-09-08 14:08:34,098 | INFO     | collectors.rfc_perf | [SARLOHA QAS] SQLMD readable but 0 rows matched DDATE >= '20260901' -- is SQL Monitor (transaction SQLM) activated on this system?
2026-09-08 14:08:49,606 | INFO     | collectors.rfc_perf | [SARLOHA QAS] SQLMD readable but 0 rows matched DDATE >= '20260901' -- is SQL Monitor (transaction SQLM) activated on this system?
2026-09-08 14:08:55,325 | INFO     | collectors.rfc_perf | [SARLOHA PRD] SQLMD readable but 0 rows matched DDATE >= '20260901' -- is SQL Monitor (transaction SQLM) activated on this system?
2026-09-08 14:08:56,376 | INFO     | collectors.rfc_perf | [SARLOHA PRD] SQLMD readable but 0 rows matched DDATE >= '20260901' -- is SQL Monitor (transaction SQLM) activated on this system?
2026-09-08 14:08:56,440 | INFO     | collectors.rfc_perf | [SARLOHA PRD] SQLMD readable but 0 rows matched DDATE >= '20260901' -- is SQL Monitor (transaction SQLM) activated on this system?
2026-09-08 14:08:56,631 | INFO     | collectors.rfc_perf | [SARLOHA PRD] SQLMD readable but 0 rows matched DDATE >= '20260901' -- is SQL Monitor (transaction SQLM) activated on this system?
2026-09-08 14:08:57,298 | INFO     | collectors.rfc_perf | [SARLOHA PRD] SQLMD readable but 0 rows matched DDATE >= '20260901' -- is SQL Monitor (transaction SQLM) activated on this system?
2026-09-08 14:08:59,078 | INFO     | collectors.rfc_perf | [SARLOHA PRD] SQLMD readable but 0 rows matched DDATE >= '20260901' -- is SQL Monitor (transaction SQLM) activated on this system?
2026-09-08 14:09:00,678 | INFO     | collectors.rfc_perf | [SARLOHA PRD] SQLMD readable but 0 rows matched DDATE >= '20260901' -- is SQL Monitor (transaction SQLM) activated on this system?
2026-09-08 14:09:22,703 | INFO     | collectors.rfc_perf | [CENTOR_QAS] SQLMD readable but 0 rows matched DDATE >= '20260901' -- is SQL Monitor (transaction SQLM) activated on this system?
2026-09-08 14:10:10,704 | INFO     | collectors.rfc_perf | [PRD] 114 STAT records, 0 dialog steps in the window (task mix: 0x12, 0xb, 0xe, AUTOABAP, BTC, BUF.SYNC, OTHER, SPOOL) -- no GUI activity, metric left absent
2026-09-08 14:10:13,179 | INFO     | collectors.rfc_perf | [PRD] response time: STAT records unavailable, using ST03N aggregates
2026-09-08 14:10:18,412 | INFO     | collectors.rfc_perf | [PRD] SQLMD readable but 0 rows matched DDATE >= '20260901' -- is SQL Monitor (transaction SQLM) activated on this system?
2026-09-08 14:10:19,149 | INFO     | collectors.rfc_perf | [SARLOHA PRD] SQLMD readable but 0 rows matched DDATE >= '20260901' -- is SQL Monitor (transaction SQLM) activated on this system?
2026-09-08 14:10:23,815 | INFO     | collectors.rfc_perf | [SARLOHA QAS] SQLMD readable but 0 rows matched DDATE >= '20260901' -- is SQL Monitor (transaction SQLM) activated on this system?
2026-09-08 14:10:37,408 | INFO     | collectors.rfc_perf | [CENTOR_QAS] SQLMD readable but 0 rows matched DDATE >= '20260901' -- is SQL Monitor (transaction SQLM) activated on this system?
2026-09-08 14:15:49,514 | INFO     | collectors.ccms_os | [CENTOR_QAS] CCMS OS monitor 'Operating System': matched cpu=1, load_5m=1, mem_free=1, mem_total=1, swap_free=1
2026-09-08 14:15:51,565 | INFO     | collectors.rfc_perf | [CENTOR_QAS] SQLMD readable but 0 rows matched DDATE >= '20260901' -- is SQL Monitor (transaction SQLM) activated on this system?
2026-09-08 14:15:53,216 | INFO     | collectors.rfc_perf | [PRD] 105 STAT records, 0 dialog steps in the window (task mix: 0x12, 0xb, 0xe, AUTOABAP, BTC, BUF.SYNC, OTHER, SPOOL) -- no GUI activity, metric left absent
2026-09-08 14:15:54,900 | INFO     | collectors.rfc_perf | [PRD] response time: STAT records unavailable, using ST03N aggregates
2026-09-08 14:15:56,224 | INFO     | collectors.rfc_perf | [PRD] SQLMD readable but 0 rows matched DDATE >= '20260901' -- is SQL Monitor (transaction SQLM) activated on this system?
2026-09-08 14:15:57,949 | INFO     | collectors.rfc_perf | [SARLOHA QAS] SQLMD readable but 0 rows matched DDATE >= '20260901' -- is SQL Monitor (transaction SQLM) activated on this system?
2026-09-08 14:16:14,277 | INFO     | collectors.rfc_perf | [SARLOHA PRD] SQLMD readable but 0 rows matched DDATE >= '20260901' -- is SQL Monitor (transaction SQLM) activated on this system?
2026-09-08 14:16:19,304 | INFO     | collectors.rfc_perf | [SARLOHA PRD] SQLMD readable but 0 rows matched DDATE >= '20260901' -- is SQL Monitor (transaction SQLM) activated on this system?
2026-09-08 14:19:36,640 | INFO     | collectors.ccms_os | [SARLOHA PRD] CCMS OS monitor 'Operating System': matched cpu=2, load_5m=2, mem_free=2, mem_total=4, swap_free=2
2026-09-08 14:19:44,329 | INFO     | collectors.rfc_perf | [SARLOHA PRD] SQLMD readable but 0 rows matched DDATE >= '20260901' -- is SQL Monitor (transaction SQLM) activated on this system?
2026-09-08 14:19:57,899 | INFO     | collectors.rfc_perf | [CENTOR_QAS] SQLMD readable but 0 rows matched DDATE >= '20260901' -- is SQL Monitor (transaction SQLM) activated on this system?
2026-09-08 14:19:58,783 | INFO     | collectors.rfc_perf | [PRD] 109 STAT records, 0 dialog steps in the window (task mix: 0x12, 0xb, 0xe, AUTOABAP, BTC, BUF.SYNC, OTHER, SPOOL) -- no GUI activity, metric left absent
2026-09-08 14:20:00,077 | INFO     | collectors.rfc_perf | [PRD] response time: STAT records unavailable, using ST03N aggregates
2026-09-08 14:20:01,217 | INFO     | collectors.rfc_perf | [PRD] SQLMD readable but 0 rows matched DDATE >= '20260901' -- is SQL Monitor (transaction SQLM) activated on this system?
2026-09-08 14:20:01,856 | INFO     | collectors.ccms_os | [SARLOHA QAS] CCMS OS monitor 'Operating System': matched cpu=1, load_5m=1, mem_free=1, mem_total=2, swap_free=1
2026-09-08 14:20:01,865 | INFO     | collectors.ccms_os | [SARLOHA QAS] CCMS OS monitor 'Operating System': matched cpu=1, load_5m=1, mem_free=1, mem_total=2, swap_free=1
2026-09-08 14:20:04,946 | INFO     | collectors.rfc_perf | [SARLOHA QAS] SQLMD readable but 0 rows matched DDATE >= '20260901' -- is SQL Monitor (transaction SQLM) activated on this system?
2026-09-08 14:20:04,961 | INFO     | collectors.rfc_perf | [SARLOHA QAS] SQLMD readable but 0 rows matched DDATE >= '20260901' -- is SQL Monitor (transaction SQLM) activated on this system?
2026-09-08 14:21:07,443 | INFO     | collectors.rfc_perf | [SARLOHA PRD] SQLMD readable but 0 rows matched DDATE >= '20260901' -- is SQL Monitor (transaction SQLM) activated on this system?
2026-09-08 14:21:07,443 | INFO     | collectors.rfc_perf | [SARLOHA PRD] SQLMD readable but 0 rows matched DDATE >= '20260901' -- is SQL Monitor (transaction SQLM) activated on this system?
2026-09-08 14:28:25,651 | INFO     | collectors.ccms_os | [CENTOR_QAS] CCMS OS monitor 'Operating System': matched cpu=1, load_5m=1, mem_free=1, mem_total=1, swap_free=1
2026-09-08 14:28:27,370 | INFO     | collectors.rfc_perf | [CENTOR_QAS] SQLMD readable but 0 rows matched DDATE >= '20260901' -- is SQL Monitor (transaction SQLM) activated on this system?
2026-09-08 14:28:28,118 | INFO     | collectors.rfc_perf | [PRD] 108 STAT records, 0 dialog steps in the window (task mix: 0x12, 0xb, 0xe, AUTOABAP, BTC, BUF.SYNC, OTHER, SPOOL) -- no GUI activity, metric left absent
2026-09-08 14:28:29,331 | INFO     | collectors.rfc_perf | [PRD] response time: STAT records unavailable, using ST03N aggregates
2026-09-08 14:28:30,198 | INFO     | collectors.rfc_perf | [PRD] SQLMD readable but 0 rows matched DDATE >= '20260901' -- is SQL Monitor (transaction SQLM) activated on this system?
2026-09-08 14:28:32,477 | INFO     | collectors.rfc_perf | [SARLOHA QAS] SQLMD readable but 0 rows matched DDATE >= '20260901' -- is SQL Monitor (transaction SQLM) activated on this system?
2026-09-08 14:28:41,684 | INFO     | collectors.rfc_perf | [SARLOHA PRD] SQLMD readable but 0 rows matched DDATE >= '20260901' -- is SQL Monitor (transaction SQLM) activated on this system?
2026-09-08 14:28:41,782 | INFO     | collectors.rfc_perf | [SARLOHA PRD] SQLMD readable but 0 rows matched DDATE >= '20260901' -- is SQL Monitor (transaction SQLM) activated on this system?
2026-09-08 14:29:36,454 | INFO     | collectors.rfc_perf | [CENTOR_QAS] SQLMD readable but 0 rows matched DDATE >= '20260901' -- is SQL Monitor (transaction SQLM) activated on this system?
2026-09-08 14:29:36,898 | INFO     | collectors.rfc_perf | [PRD] 106 STAT records, 0 dialog steps in the window (task mix: 0x12, 0xb, 0xe, AUTOABAP, BTC, BUF.SYNC, OTHER, SPOOL) -- no GUI activity, metric left absent
2026-09-08 14:29:37,386 | INFO     | collectors.rfc_perf | [PRD] response time: STAT records unavailable, using ST03N aggregates
2026-09-08 14:29:37,643 | INFO     | collectors.rfc_perf | [PRD] SQLMD readable but 0 rows matched DDATE >= '20260901' -- is SQL Monitor (transaction SQLM) activated on this system?
2026-09-08 14:29:38,658 | INFO     | collectors.rfc_perf | [SARLOHA QAS] SQLMD readable but 0 rows matched DDATE >= '20260901' -- is SQL Monitor (transaction SQLM) activated on this system?
2026-09-08 14:29:39,368 | INFO     | collectors.ccms_os | [SARLOHA PRD] CCMS OS monitor 'Operating System': matched cpu=2, load_5m=2, mem_free=2, mem_total=4, swap_free=2
2026-09-08 14:30:15,035 | INFO     | collectors.ccms_os | [SARLOHA QAS] CCMS OS monitor 'Operating System': matched cpu=1, load_5m=1, mem_free=1, mem_total=2, swap_free=1
2026-09-08 14:30:18,481 | INFO     | collectors.rfc_perf | [SARLOHA PRD] SQLMD readable but 0 rows matched DDATE >= '20260901' -- is SQL Monitor (transaction SQLM) activated on this system?
2026-09-08 14:31:15,551 | INFO     | collectors.rfc_perf | [CENTOR_QAS] SQLMD readable but 0 rows matched DDATE >= '20260901' -- is SQL Monitor (transaction SQLM) activated on this system?
2026-09-08 14:31:15,945 | INFO     | collectors.rfc_perf | [PRD] 106 STAT records, 0 dialog steps in the window (task mix: 0x12, 0xb, 0xe, AUTOABAP, BTC, BUF.SYNC, OTHER, SPOOL) -- no GUI activity, metric left absent
2026-09-08 14:31:16,306 | INFO     | collectors.rfc_perf | [PRD] response time: STAT records unavailable, using ST03N aggregates
2026-09-08 14:31:16,562 | INFO     | collectors.rfc_perf | [PRD] SQLMD readable but 0 rows matched DDATE >= '20260901' -- is SQL Monitor (transaction SQLM) activated on this system?
2026-09-08 14:31:17,601 | INFO     | collectors.rfc_perf | [SARLOHA QAS] SQLMD readable but 0 rows matched DDATE >= '20260901' -- is SQL Monitor (transaction SQLM) activated on this system?
2026-09-08 14:32:18,125 | INFO     | collectors.rfc_perf | [SARLOHA PRD] SQLMD readable but 0 rows matched DDATE >= '20260901' -- is SQL Monitor (transaction SQLM) activated on this system?
2026-09-08 14:33:21,013 | INFO     | collectors.rfc_perf | [CENTOR_QAS] SQLMD readable but 0 rows matched DDATE >= '20260901' -- is SQL Monitor (transaction SQLM) activated on this system?
2026-09-08 14:33:23,618 | INFO     | collectors.rfc_perf | [PRD] 103 STAT records, 0 dialog steps in the window (task mix: 0x12, 0xb, 0xe, AUTOABAP, BTC, BUF.SYNC, OTHER, SPOOL) -- no GUI activity, metric left absent
2026-09-08 14:33:26,217 | INFO     | collectors.rfc_perf | [PRD] response time: STAT records unavailable, using ST03N aggregates
2026-09-08 14:33:29,134 | INFO     | collectors.rfc_perf | [PRD] SQLMD readable but 0 rows matched DDATE >= '20260901' -- is SQL Monitor (transaction SQLM) activated on this system?
2026-09-08 14:33:29,768 | INFO     | collectors.rfc_perf | [SARLOHA PRD] SQLMD readable but 0 rows matched DDATE >= '20260901' -- is SQL Monitor (transaction SQLM) activated on this system?
2026-09-08 14:33:39,949 | INFO     | collectors.rfc_perf | [SARLOHA QAS] SQLMD readable but 0 rows matched DDATE >= '20260901' -- is SQL Monitor (transaction SQLM) activated on this system?
2026-09-08 14:34:33,388 | INFO     | collectors.rfc_perf | [SARLOHA PRD] SQLMD readable but 0 rows matched DDATE >= '20260901' -- is SQL Monitor (transaction SQLM) activated on this system?
2026-09-08 14:36:16,086 | INFO     | collectors.rfc_perf | [SARLOHA PRD] SQLMD readable but 0 rows matched DDATE >= '20260901' -- is SQL Monitor (transaction SQLM) activated on this system?
2026-09-08 14:37:49,759 | INFO     | collectors.rfc_perf | [SARLOHA PRD] SQLMD readable but 0 rows matched DDATE >= '20260901' -- is SQL Monitor (transaction SQLM) activated on this system?
2026-09-08 14:37:50,010 | INFO     | collectors.rfc_perf | [SARLOHA PRD] SQLMD readable but 0 rows matched DDATE >= '20260901' -- is SQL Monitor (transaction SQLM) activated on this system?
2026-09-08 14:38:13,768 | INFO     | collectors.rfc_perf | [SARLOHA PRD] SQLMD readable but 0 rows matched DDATE >= '20260901' -- is SQL Monitor (transaction SQLM) activated on this system?
2026-09-08 14:39:35,869 | INFO     | collectors.rfc_perf | [SARLOHA QAS] SQLMD readable but 0 rows matched DDATE >= '20260901' -- is SQL Monitor (transaction SQLM) activated on this system?
2026-09-08 14:43:34,445 | INFO     | collectors.ccms_os | [CENTOR_QAS] CCMS OS monitor 'Operating System': matched cpu=1, load_5m=1, mem_free=1, mem_total=1, swap_free=1
2026-09-08 14:43:36,248 | INFO     | collectors.rfc_perf | [CENTOR_QAS] SQLMD readable but 0 rows matched DDATE >= '20260901' -- is SQL Monitor (transaction SQLM) activated on this system?
2026-09-08 14:43:37,230 | INFO     | collectors.rfc_perf | [PRD] 129 STAT records, 0 dialog steps in the window (task mix: 0x12, 0xb, 0xe, AUTOABAP, BTC, BUF.SYNC, OTHER, SPOOL) -- no GUI activity, metric left absent
2026-09-08 14:43:38,412 | INFO     | collectors.rfc_perf | [PRD] response time: STAT records unavailable, using ST03N aggregates
2026-09-08 14:43:38,830 | WARNING  | collectors.rfc_perf | [PRD] lock owner stamps run 315 min ahead of SAP system time -- OS time zone on the app server differs from the SAP time zone. Ages corrected; tell Basis.
2026-09-08 14:43:39,263 | INFO     | collectors.rfc_perf | [PRD] SQLMD readable but 0 rows matched DDATE >= '20260901' -- is SQL Monitor (transaction SQLM) activated on this system?
2026-09-08 14:43:39,719 | INFO     | collectors.ccms_os | [SARLOHA QAS] CCMS OS monitor 'Operating System': matched cpu=1, load_5m=1, mem_free=1, mem_total=2, swap_free=1
2026-09-08 14:43:41,267 | INFO     | collectors.rfc_perf | [SARLOHA QAS] SQLMD readable but 0 rows matched DDATE >= '20260901' -- is SQL Monitor (transaction SQLM) activated on this system?
2026-09-08 14:43:41,896 | INFO     | collectors.ccms_os | [SARLOHA PRD] CCMS OS monitor 'Operating System': matched cpu=2, load_5m=2, mem_free=2, mem_total=4, swap_free=2
2026-09-08 14:43:49,525 | INFO     | collectors.rfc_perf | [SARLOHA PRD] SQLMD readable but 0 rows matched DDATE >= '20260901' -- is SQL Monitor (transaction SQLM) activated on this system?
2026-09-08 14:43:49,574 | INFO     | collectors.rfc_perf | [SARLOHA PRD] SQLMD readable but 0 rows matched DDATE >= '20260901' -- is SQL Monitor (transaction SQLM) activated on this system?
2026-09-08 14:44:58,248 | INFO     | collectors.rfc_perf | [SARLOHA QAS] SQLMD readable but 0 rows matched DDATE >= '20260901' -- is SQL Monitor (transaction SQLM) activated on this system?
2026-09-08 14:44:59,609 | INFO     | collectors.rfc_perf | [CENTOR_QAS] SQLMD readable but 0 rows matched DDATE >= '20260901' -- is SQL Monitor (transaction SQLM) activated on this system?
2026-09-08 14:45:00,403 | INFO     | collectors.rfc_perf | [CENTOR_QAS] SQLMD readable but 0 rows matched DDATE >= '20260901' -- is SQL Monitor (transaction SQLM) activated on this system?
2026-09-08 14:45:07,116 | INFO     | collectors.rfc_perf | [PRD] 103 STAT records, 0 dialog steps in the window (task mix: 0x12, 0xb, 0xe, AUTOABAP, BTC, BUF.SYNC, OTHER, SPOOL) -- no GUI activity, metric left absent
2026-09-08 14:45:07,148 | INFO     | collectors.rfc_perf | [PRD] 103 STAT records, 0 dialog steps in the window (task mix: 0x12, 0xb, 0xe, AUTOABAP, BTC, BUF.SYNC, OTHER, SPOOL) -- no GUI activity, metric left absent
2026-09-08 14:45:20,313 | INFO     | collectors.rfc_perf | [PRD] response time: STAT records unavailable, using ST03N aggregates
2026-09-08 14:45:20,335 | INFO     | collectors.rfc_perf | [PRD] response time: STAT records unavailable, using ST03N aggregates
2026-09-08 14:45:28,517 | INFO     | collectors.rfc_perf | [CENTOR_QAS] SQLMD readable but 0 rows matched DDATE >= '20260901' -- is SQL Monitor (transaction SQLM) activated on this system?
2026-09-08 14:45:29,573 | INFO     | collectors.rfc_perf | [PRD] 101 STAT records, 0 dialog steps in the window (task mix: 0x12, 0xb, 0xe, AUTOABAP, BTC, BUF.SYNC, OTHER, SPOOL) -- no GUI activity, metric left absent
2026-09-08 14:45:32,714 | INFO     | collectors.rfc_perf | [PRD] response time: STAT records unavailable, using ST03N aggregates
2026-09-08 14:45:36,258 | INFO     | collectors.rfc_perf | [PRD] SQLMD readable but 0 rows matched DDATE >= '20260901' -- is SQL Monitor (transaction SQLM) activated on this system?
2026-09-08 14:45:36,278 | INFO     | collectors.rfc_perf | [PRD] 103 STAT records, 0 dialog steps in the window (task mix: 0x12, 0xb, 0xe, AUTOABAP, BTC, BUF.SYNC, OTHER, SPOOL) -- no GUI activity, metric left absent
2026-09-08 14:45:36,319 | INFO     | collectors.rfc_perf | [PRD] SQLMD readable but 0 rows matched DDATE >= '20260901' -- is SQL Monitor (transaction SQLM) activated on this system?
2026-09-08 14:45:39,747 | INFO     | collectors.rfc_perf | [PRD] response time: STAT records unavailable, using ST03N aggregates
2026-09-08 14:45:40,422 | INFO     | collectors.rfc_perf | [PRD] 103 STAT records, 0 dialog steps in the window (task mix: 0x12, 0xb, 0xe, AUTOABAP, BTC, BUF.SYNC, OTHER, SPOOL) -- no GUI activity, metric left absent
2026-09-08 14:45:46,282 | INFO     | collectors.rfc_perf | [PRD] response time: STAT records unavailable, using ST03N aggregates
2026-09-08 14:45:48,320 | INFO     | collectors.rfc_perf | [PRD] 105 STAT records, 0 dialog steps in the window (task mix: 0x12, 0xb, 0xe, AUTOABAP, BTC, BUF.SYNC, OTHER, SPOOL) -- no GUI activity, metric left absent
2026-09-08 14:45:52,006 | INFO     | collectors.rfc_perf | [PRD] response time: STAT records unavailable, using ST03N aggregates
2026-09-08 14:45:54,025 | INFO     | collectors.rfc_perf | [SARLOHA PRD] SQLMD readable but 0 rows matched DDATE >= '20260901' -- is SQL Monitor (transaction SQLM) activated on this system?
2026-09-08 14:45:57,373 | INFO     | collectors.rfc_perf | [PRD] SQLMD readable but 0 rows matched DDATE >= '20260901' -- is SQL Monitor (transaction SQLM) activated on this system?
2026-09-08 14:46:08,172 | INFO     | collectors.rfc_perf | [PRD] SQLMD readable but 0 rows matched DDATE >= '20260901' -- is SQL Monitor (transaction SQLM) activated on this system?
2026-09-08 14:46:08,448 | INFO     | collectors.rfc_perf | [PRD] SQLMD readable but 0 rows matched DDATE >= '20260901' -- is SQL Monitor (transaction SQLM) activated on this system?
2026-09-08 14:46:08,809 | INFO     | collectors.rfc_perf | [PRD] SQLMD readable but 0 rows matched DDATE >= '20260901' -- is SQL Monitor (transaction SQLM) activated on this system?
2026-09-08 14:46:41,197 | INFO     | collectors.rfc_perf | [SARLOHA QAS] SQLMD readable but 0 rows matched DDATE >= '20260901' -- is SQL Monitor (transaction SQLM) activated on this system?
2026-09-08 14:46:41,591 | INFO     | collectors.rfc_perf | [SARLOHA PRD] SQLMD readable but 0 rows matched DDATE >= '20260901' -- is SQL Monitor (transaction SQLM) activated on this system?
2026-09-08 14:46:41,809 | INFO     | collectors.rfc_perf | [SARLOHA PRD] SQLMD readable but 0 rows matched DDATE >= '20260901' -- is SQL Monitor (transaction SQLM) activated on this system?
2026-09-08 14:46:43,452 | INFO     | collectors.rfc_perf | [SARLOHA PRD] SQLMD readable but 0 rows matched DDATE >= '20260901' -- is SQL Monitor (transaction SQLM) activated on this system?
2026-09-08 14:46:44,666 | INFO     | collectors.rfc_perf | [SARLOHA QAS] SQLMD readable but 0 rows matched DDATE >= '20260901' -- is SQL Monitor (transaction SQLM) activated on this system?
2026-09-08 14:46:55,279 | INFO     | collectors.rfc_perf | [SARLOHA QAS] SQLMD readable but 0 rows matched DDATE >= '20260901' -- is SQL Monitor (transaction SQLM) activated on this system?
2026-09-08 14:47:01,387 | INFO     | collectors.rfc_perf | [SARLOHA QAS] SQLMD readable but 0 rows matched DDATE >= '20260901' -- is SQL Monitor (transaction SQLM) activated on this system?
2026-09-08 14:48:44,805 | INFO     | collectors.rfc_perf | [CENTOR_QAS] STAT read returned 0 records in the last 5 minutes
2026-09-08 14:49:05,853 | INFO     | collectors.ccms_os | [CENTOR_QAS] CCMS OS read unavailable -- XMI logon: BAPI_XMI_LOGON not callable -- RFC user lacks S_XMI_PROD, or the BAPI is not remote-enabled on this release
2026-09-08 14:48:44,805 | INFO     | collectors.rfc_perf | [CENTOR_QAS] STAT read returned 0 records in the last 5 minutes
2026-09-08 14:49:05,853 | INFO     | collectors.rfc_perf | [CENTOR_QAS] STAT read returned 0 records in the last 5 minutes
2026-09-08 14:49:05,882 | INFO     | collectors.rfc_perf | [CENTOR_QAS] response time: no dialog steps in the last 5 min and no ST03N aggregate -- metric left absent (system idle or collector off)
2026-09-08 14:49:05,902 | INFO     | collectors.rfc_perf | [CENTOR_QAS] response time: no dialog steps in the last 5 min and no ST03N aggregate -- metric left absent (system idle or collector off)
2026-09-08 14:49:05,900 | INFO     | collectors.rfc_perf | [CENTOR_QAS] STAT read returned 0 records in the last 5 minutes
2026-09-08 14:49:05,899 | INFO     | collectors.rfc_perf | [CENTOR_QAS] response time: no dialog steps in the last 5 min and no ST03N aggregate -- metric left absent (system idle or collector off)
2026-09-08 14:49:05,913 | INFO     | collectors.rfc_perf | [CENTOR_QAS] response time: SWNC_GET_STATRECS_FRAME not callable
2026-09-08 14:49:05,956 | INFO     | collectors.rfc_perf | [CENTOR_QAS] response time: SWNC_GET_STATRECS_FRAME not callable
2026-09-08 14:49:05,977 | INFO     | collectors.rfc_perf | [CENTOR_QAS] response time: no dialog steps in the last 5 min and no ST03N aggregate -- metric left absent (system idle or collector off)
2026-09-08 14:49:06,015 | INFO     | collectors.rfc_perf | [CENTOR_QAS] response time: SWNC_GET_STATRECS_FRAME not callable
2026-09-08 14:49:06,035 | WARNING  | collectors.rfc_perf | [CENTOR_QAS] SQLMD read FAILED (RFC_READ_TABLE returned no result). fields=['PROGNAME', 'PROCNAME', 'PROCLINE', 'STMTKIND', 'TABLENAME', 'ROOTNAME', 'ROOTTYPE', 'XCNT', 'DBSUM', 'RTSUM', 'DBMAX', 'RCNT', 'DDATE'] where="DDATE >= '20260901'". Try the probe with --sqlm.
2026-09-08 14:49:06,046 | WARNING  | collectors.rfc_perf | [CENTOR_QAS] SQLMD read FAILED (RFC_READ_TABLE returned no result). fields=['PROGNAME', 'PROCNAME', 'PROCLINE', 'STMTKIND', 'TABLENAME', 'ROOTNAME', 'ROOTTYPE', 'XCNT', 'DBSUM', 'RTSUM', 'DBMAX', 'RCNT', 'DDATE'] where="DDATE >= '20260901'". Try the probe with --sqlm.
2026-09-08 14:49:06,097 | INFO     | collectors.rfc_perf | [CENTOR_QAS] response time: SWNC_GET_STATRECS_FRAME not callable
2026-09-08 14:49:06,145 | WARNING  | collectors.rfc_perf | [CENTOR_QAS] SQLMD read FAILED (RFC_READ_TABLE returned no result). fields=['PROGNAME', 'PROCNAME', 'PROCLINE', 'STMTKIND', 'TABLENAME', 'ROOTNAME', 'ROOTTYPE', 'XCNT', 'DBSUM', 'RTSUM', 'DBMAX', 'RCNT', 'DDATE'] where="DDATE >= '20260901'". Try the probe with --sqlm.
2026-09-08 14:49:06,262 | WARNING  | collectors.rfc_perf | [CENTOR_QAS] SQLMD read FAILED (RFC_READ_TABLE returned no result). fields=['PROGNAME', 'PROCNAME', 'PROCLINE', 'STMTKIND', 'TABLENAME', 'ROOTNAME', 'ROOTTYPE', 'XCNT', 'DBSUM', 'RTSUM', 'DBMAX', 'RCNT', 'DDATE'] where="DDATE >= '20260901'". Try the probe with --sqlm.
2026-09-08 14:49:08,202 | INFO     | collectors.rfc_perf | [PRD] 107 STAT records, 0 dialog steps in the window (task mix: 0x12, 0x21, 0xb, 0xe, AUTOABAP, BTC, BUF.SYNC, OTHER, SPOOL) -- no GUI activity, metric left absent
2026-09-08 14:49:08,206 | INFO     | collectors.rfc_perf | [PRD] 107 STAT records, 0 dialog steps in the window (task mix: 0x12, 0x21, 0xb, 0xe, AUTOABAP, BTC, BUF.SYNC, OTHER, SPOOL) -- no GUI activity, metric left absent
2026-09-08 14:49:10,381 | INFO     | collectors.rfc_perf | [PRD] response time: STAT records unavailable, using ST03N aggregates
2026-09-08 14:49:10,391 | INFO     | collectors.rfc_perf | [PRD] response time: STAT records unavailable, using ST03N aggregates
2026-09-08 14:49:10,589 | INFO     | collectors.rfc_perf | [PRD] 107 STAT records, 0 dialog steps in the window (task mix: 0x12, 0x21, 0xb, 0xe, AUTOABAP, BTC, BUF.SYNC, OTHER, SPOOL) -- no GUI activity, metric left absent
2026-09-08 14:49:10,593 | INFO     | collectors.rfc_perf | [PRD] 107 STAT records, 0 dialog steps in the window (task mix: 0x12, 0x21, 0xb, 0xe, AUTOABAP, BTC, BUF.SYNC, OTHER, SPOOL) -- no GUI activity, metric left absent
2026-09-08 14:49:11,967 | INFO     | collectors.rfc_perf | [PRD] 107 STAT records, 0 dialog steps in the window (task mix: 0x12, 0x21, 0xb, 0xe, AUTOABAP, BTC, BUF.SYNC, OTHER, SPOOL) -- no GUI activity, metric left absent
2026-09-08 14:49:12,832 | INFO     | collectors.rfc_perf | [PRD] response time: STAT records unavailable, using ST03N aggregates
2026-09-08 14:49:13,008 | INFO     | collectors.rfc_perf | [PRD] response time: STAT records unavailable, using ST03N aggregates
2026-09-08 14:49:13,032 | INFO     | collectors.rfc_perf | [PRD] 107 STAT records, 0 dialog steps in the window (task mix: 0x12, 0x21, 0xb, 0xe, AUTOABAP, BTC, BUF.SYNC, OTHER, SPOOL) -- no GUI activity, metric left absent
2026-09-08 14:49:14,066 | INFO     | collectors.rfc_perf | [PRD] response time: STAT records unavailable, using ST03N aggregates
2026-09-08 14:49:15,063 | INFO     | collectors.rfc_perf | [PRD] response time: STAT records unavailable, using ST03N aggregates
2026-09-08 14:49:17,609 | INFO     | collectors.rfc_perf | [PRD] SQLMD readable but 0 rows matched DDATE >= '20260901' -- is SQL Monitor (transaction SQLM) activated on this system?
2026-09-08 14:49:17,794 | INFO     | collectors.rfc_perf | [PRD] SQLMD readable but 0 rows matched DDATE >= '20260901' -- is SQL Monitor (transaction SQLM) activated on this system?
2026-09-08 14:49:18,089 | INFO     | collectors.rfc_perf | [PRD] SQLMD readable but 0 rows matched DDATE >= '20260901' -- is SQL Monitor (transaction SQLM) activated on this system?
2026-09-08 14:49:18,167 | INFO     | collectors.rfc_perf | [PRD] SQLMD readable but 0 rows matched DDATE >= '20260901' -- is SQL Monitor (transaction SQLM) activated on this system?
2026-09-08 14:49:18,196 | INFO     | collectors.rfc_perf | [PRD] SQLMD readable but 0 rows matched DDATE >= '20260901' -- is SQL Monitor (transaction SQLM) activated on this system?
2026-09-08 14:49:18,353 | INFO     | collectors.rfc_perf | [PRD] SQLMD readable but 0 rows matched DDATE >= '20260901' -- is SQL Monitor (transaction SQLM) activated on this system?
2026-09-08 14:49:26,436 | INFO     | collectors.rfc_perf | [SARLOHA QAS] SQLMD readable but 0 rows matched DDATE >= '20260901' -- is SQL Monitor (transaction SQLM) activated on this system?
2026-09-08 14:49:26,490 | INFO     | collectors.rfc_perf | [SARLOHA QAS] SQLMD readable but 0 rows matched DDATE >= '20260901' -- is SQL Monitor (transaction SQLM) activated on this system?
2026-09-08 14:49:26,764 | INFO     | collectors.rfc_perf | [SARLOHA QAS] SQLMD readable but 0 rows matched DDATE >= '20260901' -- is SQL Monitor (transaction SQLM) activated on this system?
2026-09-08 14:49:26,934 | INFO     | collectors.rfc_perf | [SARLOHA QAS] SQLMD readable but 0 rows matched DDATE >= '20260901' -- is SQL Monitor (transaction SQLM) activated on this system?
2026-09-08 14:49:26,934 | INFO     | collectors.rfc_perf | [SARLOHA QAS] SQLMD readable but 0 rows matched DDATE >= '20260901' -- is SQL Monitor (transaction SQLM) activated on this system?
2026-09-08 14:49:26,998 | INFO     | collectors.rfc_perf | [SARLOHA QAS] SQLMD readable but 0 rows matched DDATE >= '20260901' -- is SQL Monitor (transaction SQLM) activated on this system?
2026-09-08 14:50:45,511 | INFO     | collectors.rfc_perf | [SARLOHA PRD] SQLMD readable but 0 rows matched DDATE >= '20260901' -- is SQL Monitor (transaction SQLM) activated on this system?
2026-09-08 14:50:45,573 | INFO     | collectors.rfc_perf | [SARLOHA PRD] SQLMD readable but 0 rows matched DDATE >= '20260901' -- is SQL Monitor (transaction SQLM) activated on this system?
2026-09-08 14:50:46,969 | INFO     | collectors.rfc_perf | [SARLOHA PRD] SQLMD readable but 0 rows matched DDATE >= '20260901' -- is SQL Monitor (transaction SQLM) activated on this system?
2026-09-08 14:50:48,039 | INFO     | collectors.rfc_perf | [SARLOHA PRD] SQLMD readable but 0 rows matched DDATE >= '20260901' -- is SQL Monitor (transaction SQLM) activated on this system?
2026-09-08 14:50:50,086 | INFO     | collectors.rfc_perf | [SARLOHA PRD] SQLMD readable but 0 rows matched DDATE >= '20260901' -- is SQL Monitor (transaction SQLM) activated on this system?
2026-09-08 14:50:51,867 | INFO     | collectors.rfc_perf | [SARLOHA PRD] SQLMD readable but 0 rows matched DDATE >= '20260901' -- is SQL Monitor (transaction SQLM) activated on this system?
2026-09-08 14:51:36,404 | INFO     | collectors.rfc_perf | [CENTOR_QAS] SQLMD readable but 0 rows matched DDATE >= '20260901' -- is SQL Monitor (transaction SQLM) activated on this system?
2026-09-08 14:51:38,494 | INFO     | collectors.rfc_perf | [CENTOR_QAS] SQLMD readable but 0 rows matched DDATE >= '20260901' -- is SQL Monitor (transaction SQLM) activated on this system?
2026-09-08 14:51:40,909 | INFO     | collectors.rfc_perf | [CENTOR_QAS] SQLMD readable but 0 rows matched DDATE >= '20260901' -- is SQL Monitor (transaction SQLM) activated on this system?
2026-09-08 14:51:46,482 | INFO     | collectors.rfc_perf | [CENTOR_QAS] SQLMD readable but 0 rows matched DDATE >= '20260901' -- is SQL Monitor (transaction SQLM) activated on this system?
2026-09-08 14:51:47,731 | INFO     | collectors.rfc_perf | [PRD] 109 STAT records, 0 dialog steps in the window (task mix: 0x12, 0xb, 0xe, AUTOABAP, BTC, BUF.SYNC, OTHER, SPOOL) -- no GUI activity, metric left absent
2026-09-08 14:51:51,612 | INFO     | collectors.rfc_perf | [PRD] response time: STAT records unavailable, using ST03N aggregates
2026-09-08 14:51:52,596 | INFO     | collectors.rfc_perf | [CENTOR_QAS] SQLMD readable but 0 rows matched DDATE >= '20260901' -- is SQL Monitor (transaction SQLM) activated on this system?
2026-09-08 14:51:53,299 | INFO     | collectors.rfc_perf | [PRD] 109 STAT records, 0 dialog steps in the window (task mix: 0x12, 0xb, 0xe, AUTOABAP, BTC, BUF.SYNC, OTHER, SPOOL) -- no GUI activity, metric left absent
2026-09-08 14:51:56,480 | INFO     | collectors.rfc_perf | [PRD] response time: STAT records unavailable, using ST03N aggregates
2026-09-08 14:51:56,922 | INFO     | collectors.rfc_perf | [PRD] 108 STAT records, 0 dialog steps in the window (task mix: 0x12, 0xb, 0xe, AUTOABAP, BTC, BUF.SYNC, OTHER, SPOOL) -- no GUI activity, metric left absent
2026-09-08 14:51:59,929 | INFO     | collectors.rfc_perf | [PRD] response time: STAT records unavailable, using ST03N aggregates
2026-09-08 14:52:02,074 | INFO     | collectors.rfc_perf | [CENTOR_QAS] SQLMD readable but 0 rows matched DDATE >= '20260901' -- is SQL Monitor (transaction SQLM) activated on this system?
2026-09-08 14:52:03,640 | INFO     | collectors.rfc_perf | [PRD] 108 STAT records, 0 dialog steps in the window (task mix: 0x12, 0xb, 0xe, AUTOABAP, BTC, BUF.SYNC, OTHER, SPOOL) -- no GUI activity, metric left absent
2026-09-08 14:52:06,600 | INFO     | collectors.rfc_perf | [PRD] response time: STAT records unavailable, using ST03N aggregates
2026-09-08 14:52:08,660 | INFO     | collectors.rfc_perf | [PRD] 108 STAT records, 0 dialog steps in the window (task mix: 0x12, 0xb, 0xe, AUTOABAP, BTC, BUF.SYNC, OTHER, SPOOL) -- no GUI activity, metric left absent
2026-09-08 14:52:13,968 | INFO     | collectors.rfc_perf | [PRD] response time: STAT records unavailable, using ST03N aggregates
2026-09-08 14:52:15,820 | INFO     | collectors.rfc_perf | [PRD] 108 STAT records, 0 dialog steps in the window (task mix: 0x12, 0xb, 0xe, AUTOABAP, BTC, BUF.SYNC, OTHER, SPOOL) -- no GUI activity, metric left absent
2026-09-08 14:52:19,002 | INFO     | collectors.rfc_perf | [PRD] response time: STAT records unavailable, using ST03N aggregates
2026-09-08 14:52:20,572 | INFO     | collectors.rfc_perf | [PRD] SQLMD readable but 0 rows matched DDATE >= '20260901' -- is SQL Monitor (transaction SQLM) activated on this system?
2026-09-08 14:52:21,760 | INFO     | collectors.rfc_perf | [PRD] SQLMD readable but 0 rows matched DDATE >= '20260901' -- is SQL Monitor (transaction SQLM) activated on this system?
2026-09-08 14:52:22,030 | INFO     | collectors.rfc_perf | [PRD] SQLMD readable but 0 rows matched DDATE >= '20260901' -- is SQL Monitor (transaction SQLM) activated on this system?
2026-09-08 14:52:27,574 | INFO     | collectors.rfc_perf | [PRD] SQLMD readable but 0 rows matched DDATE >= '20260901' -- is SQL Monitor (transaction SQLM) activated on this system?
2026-09-08 14:52:32,840 | INFO     | collectors.rfc_perf | [PRD] SQLMD readable but 0 rows matched DDATE >= '20260901' -- is SQL Monitor (transaction SQLM) activated on this system?
2026-09-08 14:52:39,641 | INFO     | collectors.rfc_perf | [PRD] SQLMD readable but 0 rows matched DDATE >= '20260901' -- is SQL Monitor (transaction SQLM) activated on this system?
2026-09-08 14:52:51,941 | INFO     | collectors.rfc_perf | [SARLOHA QAS] SQLMD readable but 0 rows matched DDATE >= '20260901' -- is SQL Monitor (transaction SQLM) activated on this system?
2026-09-08 14:52:53,855 | INFO     | collectors.rfc_perf | [SARLOHA QAS] SQLMD readable but 0 rows matched DDATE >= '20260901' -- is SQL Monitor (transaction SQLM) activated on this system?
2026-09-08 14:52:56,994 | INFO     | collectors.rfc_perf | [SARLOHA QAS] SQLMD readable but 0 rows matched DDATE >= '20260901' -- is SQL Monitor (transaction SQLM) activated on this system?
2026-09-08 14:52:57,710 | INFO     | collectors.rfc_perf | [SARLOHA QAS] SQLMD readable but 0 rows matched DDATE >= '20260901' -- is SQL Monitor (transaction SQLM) activated on this system?
2026-09-08 14:52:57,958 | INFO     | collectors.rfc_perf | [SARLOHA PRD] SQLMD readable but 0 rows matched DDATE >= '20260901' -- is SQL Monitor (transaction SQLM) activated on this system?
2026-09-08 14:52:58,432 | INFO     | collectors.rfc_perf | [SARLOHA QAS] SQLMD readable but 0 rows matched DDATE >= '20260901' -- is SQL Monitor (transaction SQLM) activated on this system?
2026-09-08 14:52:59,735 | INFO     | collectors.rfc_perf | [SARLOHA PRD] SQLMD readable but 0 rows matched DDATE >= '20260901' -- is SQL Monitor (transaction SQLM) activated on this system?
2026-09-08 14:53:05,489 | INFO     | collectors.rfc_perf | [SARLOHA PRD] SQLMD readable but 0 rows matched DDATE >= '20260901' -- is SQL Monitor (transaction SQLM) activated on this system?
2026-09-08 14:53:05,557 | INFO     | collectors.rfc_perf | [SARLOHA QAS] SQLMD readable but 0 rows matched DDATE >= '20260901' -- is SQL Monitor (transaction SQLM) activated on this system?
2026-09-08 14:53:06,295 | INFO     | collectors.rfc_perf | [SARLOHA PRD] SQLMD readable but 0 rows matched DDATE >= '20260901' -- is SQL Monitor (transaction SQLM) activated on this system?
2026-09-08 14:53:06,296 | INFO     | collectors.rfc_perf | [SARLOHA PRD] SQLMD readable but 0 rows matched DDATE >= '20260901' -- is SQL Monitor (transaction SQLM) activated on this system?
2026-09-08 14:53:07,866 | INFO     | collectors.rfc_perf | [SARLOHA PRD] SQLMD readable but 0 rows matched DDATE >= '20260901' -- is SQL Monitor (transaction SQLM) activated on this system?
2026-09-08 14:53:08,214 | INFO     | collectors.rfc_perf | [SARLOHA QAS] SQLMD readable but 0 rows matched DDATE >= '20260901' -- is SQL Monitor (transaction SQLM) activated on this system?
2026-09-08 14:53:24,119 | INFO     | collectors.rfc_perf | [SARLOHA PRD] SQLMD readable but 0 rows matched DDATE >= '20260901' -- is SQL Monitor (transaction SQLM) activated on this system?
2026-09-08 14:53:24,723 | INFO     | collectors.rfc_perf | [SARLOHA PRD] SQLMD readable but 0 rows matched DDATE >= '20260901' -- is SQL Monitor (transaction SQLM) activated on this system?
2026-09-08 14:53:52,898 | INFO     | collectors.ccms_os | [SARLOHA PRD] CCMS OS monitor 'Operating System': matched cpu=2, load_5m=2, mem_free=2, mem_total=4, swap_free=2
2026-09-08 14:58:06,876 | INFO     | collectors.rfc_perf | [SARLOHA PRD] SQLMD readable but 0 rows matched DDATE >= '20260901' -- is SQL Monitor (transaction SQLM) activated on this system?
2026-09-08 14:58:11,743 | INFO     | collectors.rfc_perf | [SARLOHA PRD] SQLMD readable but 0 rows matched DDATE >= '20260901' -- is SQL Monitor (transaction SQLM) activated on this system?
2026-09-08 14:59:03,014 | INFO     | collectors.rfc_perf | [SARLOHA PRD] SQLMD readable but 0 rows matched DDATE >= '20260901' -- is SQL Monitor (transaction SQLM) activated on this system?
2026-09-08 14:59:04,681 | INFO     | collectors.rfc_perf | [SARLOHA PRD] SQLMD readable but 0 rows matched DDATE >= '20260901' -- is SQL Monitor (transaction SQLM) activated on this system?
2026-09-08 14:59:11,326 | INFO     | collectors.rfc_perf | [SARLOHA PRD] SQLMD readable but 0 rows matched DDATE >= '20260901' -- is SQL Monitor (transaction SQLM) activated on this system?
2026-09-08 14:59:11,819 | INFO     | collectors.rfc_perf | [SARLOHA PRD] SQLMD readable but 0 rows matched DDATE >= '20260901' -- is SQL Monitor (transaction SQLM) activated on this system?
2026-09-08 15:03:30,358 | INFO     | collectors.rfc_perf | [SARLOHA PRD] SQLMD readable but 0 rows matched DDATE >= '20260901' -- is SQL Monitor (transaction SQLM) activated on this system?
2026-09-08 15:03:36,454 | INFO     | collectors.rfc_perf | [SARLOHA PRD] SQLMD readable but 0 rows matched DDATE >= '20260901' -- is SQL Monitor (transaction SQLM) activated on this system?
2026-09-08 15:03:39,680 | INFO     | collectors.rfc_perf | [SARLOHA PRD] SQLMD readable but 0 rows matched DDATE >= '20260901' -- is SQL Monitor (transaction SQLM) activated on this system?
2026-09-08 15:03:57,855 | INFO     | collectors.rfc_perf | [SARLOHA PRD] SQLMD readable but 0 rows matched DDATE >= '20260901' -- is SQL Monitor (transaction SQLM) activated on this system?
2026-09-08 15:04:03,767 | INFO     | collectors.ccms_os | [SARLOHA PRD] CCMS OS monitor 'Operating System': matched cpu=2, load_5m=2, mem_free=2, mem_total=4, swap_free=2
2026-09-08 15:04:11,881 | INFO     | collectors.rfc_perf | [SARLOHA PRD] SQLMD readable but 0 rows matched DDATE >= '20260901' -- is SQL Monitor (transaction SQLM) activated on this system?
2026-09-08 15:04:17,666 | INFO     | collectors.rfc_perf | [SARLOHA PRD] SQLMD readable but 0 rows matched DDATE >= '20260901' -- is SQL Monitor (transaction SQLM) activated on this system?
2026-09-08 15:09:15,020 | INFO     | collectors.ccms_os | [CENTOR_QAS] CCMS OS monitor 'Operating System': matched cpu=1, load_5m=1, mem_free=1, mem_total=1, swap_free=1
2026-09-08 15:09:22,494 | INFO     | collectors.rfc_perf | [CENTOR_QAS] SQLMD readable but 0 rows matched DDATE >= '20260901' -- is SQL Monitor (transaction SQLM) activated on this system?
2026-09-08 15:09:24,679 | INFO     | collectors.rfc_perf | [PRD] 108 STAT records, 0 dialog steps in the window (task mix: 0x12, 0xb, 0xe, AUTOABAP, BTC, BUF.SYNC, OTHER, SPOOL) -- no GUI activity, metric left absent
2026-09-08 15:09:26,167 | INFO     | collectors.rfc_perf | [PRD] response time: STAT records unavailable, using ST03N aggregates
2026-09-08 15:09:27,048 | INFO     | collectors.rfc_perf | [PRD] SQLMD readable but 0 rows matched DDATE >= '20260901' -- is SQL Monitor (transaction SQLM) activated on this system?
2026-09-08 15:09:27,723 | INFO     | collectors.ccms_os | [SARLOHA QAS] CCMS OS monitor 'Operating System': matched cpu=1, load_5m=1, mem_free=1, mem_total=2, swap_free=1
2026-09-08 15:09:29,464 | INFO     | collectors.rfc_perf | [SARLOHA QAS] SQLMD readable but 0 rows matched DDATE >= '20260901' -- is SQL Monitor (transaction SQLM) activated on this system?
2026-09-08 15:09:34,647 | INFO     | collectors.rfc_perf | [SARLOHA PRD] SQLMD readable but 0 rows matched DDATE >= '20260901' -- is SQL Monitor (transaction SQLM) activated on this system?
2026-09-08 15:10:51,141 | INFO     | collectors.rfc_perf | [CENTOR_QAS] SQLMD readable but 0 rows matched DDATE >= '20260901' -- is SQL Monitor (transaction SQLM) activated on this system?
2026-09-08 15:10:51,926 | INFO     | collectors.rfc_perf | [PRD] 109 STAT records, 0 dialog steps in the window (task mix: 0x12, 0xb, 0xe, AUTOABAP, BTC, BUF.SYNC, OTHER, SPOOL) -- no GUI activity, metric left absent
2026-09-08 15:10:52,969 | INFO     | collectors.rfc_perf | [PRD] response time: STAT records unavailable, using ST03N aggregates
2026-09-08 15:10:53,615 | INFO     | collectors.rfc_perf | [PRD] SQLMD readable but 0 rows matched DDATE >= '20260901' -- is SQL Monitor (transaction SQLM) activated on this system?
2026-09-08 15:10:55,640 | INFO     | collectors.rfc_perf | [SARLOHA QAS] SQLMD readable but 0 rows matched DDATE >= '20260901' -- is SQL Monitor (transaction SQLM) activated on this system?
2026-09-08 15:10:59,985 | INFO     | collectors.rfc_perf | [SARLOHA PRD] SQLMD readable but 0 rows matched DDATE >= '20260901' -- is SQL Monitor (transaction SQLM) activated on this system?
2026-09-08 15:12:21,656 | INFO     | collectors.rfc_perf | [CENTOR_QAS] SQLMD readable but 0 rows matched DDATE >= '20260901' -- is SQL Monitor (transaction SQLM) activated on this system?
2026-09-08 15:12:22,425 | INFO     | collectors.rfc_perf | [PRD] 122 STAT records, 0 dialog steps in the window (task mix: 0x12, 0x21, 0xb, 0xe, AUTOABAP, BTC, BUF.SYNC, OTHER, SPOOL) -- no GUI activity, metric left absent
2026-09-08 15:12:23,966 | INFO     | collectors.rfc_perf | [PRD] response time: STAT records unavailable, using ST03N aggregates
2026-09-08 15:12:24,601 | INFO     | collectors.rfc_perf | [PRD] SQLMD readable but 0 rows matched DDATE >= '20260901' -- is SQL Monitor (transaction SQLM) activated on this system?
2026-09-08 15:12:26,436 | INFO     | collectors.rfc_perf | [SARLOHA QAS] SQLMD readable but 0 rows matched DDATE >= '20260901' -- is SQL Monitor (transaction SQLM) activated on this system?
2026-09-08 15:12:30,847 | INFO     | collectors.rfc_perf | [SARLOHA PRD] SQLMD readable but 0 rows matched DDATE >= '20260901' -- is SQL Monitor (transaction SQLM) activated on this system?
2026-09-08 15:14:16,640 | INFO     | collectors.rfc_perf | [CENTOR_QAS] SQLMD readable but 0 rows matched DDATE >= '20260901' -- is SQL Monitor (transaction SQLM) activated on this system?
2026-09-08 15:14:17,794 | INFO     | collectors.rfc_perf | [PRD] 120 STAT records, 0 dialog steps in the window (task mix: 0x12, 0x21, 0xb, 0xe, AUTOABAP, BTC, BUF.SYNC, OTHER, SPOOL) -- no GUI activity, metric left absent
2026-09-08 15:14:19,050 | INFO     | collectors.rfc_perf | [PRD] response time: STAT records unavailable, using ST03N aggregates
2026-09-08 15:14:19,944 | INFO     | collectors.rfc_perf | [PRD] SQLMD readable but 0 rows matched DDATE >= '20260901' -- is SQL Monitor (transaction SQLM) activated on this system?
2026-09-08 15:14:22,296 | INFO     | collectors.rfc_perf | [SARLOHA QAS] SQLMD readable but 0 rows matched DDATE >= '20260901' -- is SQL Monitor (transaction SQLM) activated on this system?
2026-09-08 15:14:22,922 | INFO     | collectors.ccms_os | [SARLOHA PRD] CCMS OS monitor 'Operating System': matched cpu=2, load_5m=2, mem_free=2, mem_total=4, swap_free=2
2026-09-08 15:14:27,365 | INFO     | collectors.rfc_perf | [SARLOHA PRD] SQLMD readable but 0 rows matched DDATE >= '20260901' -- is SQL Monitor (transaction SQLM) activated on this system?
2026-09-08 15:16:16,315 | INFO     | collectors.rfc_perf | [CENTOR_QAS] SQLMD readable but 0 rows matched DDATE >= '20260901' -- is SQL Monitor (transaction SQLM) activated on this system?
2026-09-08 15:16:17,143 | INFO     | collectors.rfc_perf | [PRD] 124 STAT records, 0 dialog steps in the window (task mix: 0x12, 0x21, 0xb, 0xe, AUTOABAP, BTC, BUF.SYNC, OTHER, SPOOL) -- no GUI activity, metric left absent
2026-09-08 15:16:18,336 | INFO     | collectors.rfc_perf | [PRD] response time: STAT records unavailable, using ST03N aggregates
2026-09-08 15:16:18,999 | INFO     | collectors.rfc_perf | [PRD] SQLMD readable but 0 rows matched DDATE >= '20260901' -- is SQL Monitor (transaction SQLM) activated on this system?
2026-09-08 15:16:20,783 | INFO     | collectors.rfc_perf | [SARLOHA QAS] SQLMD readable but 0 rows matched DDATE >= '20260901' -- is SQL Monitor (transaction SQLM) activated on this system?
2026-09-08 15:16:26,159 | INFO     | collectors.rfc_perf | [SARLOHA PRD] SQLMD readable but 0 rows matched DDATE >= '20260901' -- is SQL Monitor (transaction SQLM) activated on this system?
2026-09-08 15:18:16,073 | INFO     | collectors.rfc_perf | [CENTOR_QAS] SQLMD readable but 0 rows matched DDATE >= '20260901' -- is SQL Monitor (transaction SQLM) activated on this system?
2026-09-08 15:18:17,096 | INFO     | collectors.rfc_perf | [PRD] 125 STAT records, 0 dialog steps in the window (task mix: 0x12, 0xb, 0xe, AUTOABAP, BTC, BUF.SYNC, OTHER, SPOOL) -- no GUI activity, metric left absent
2026-09-08 15:18:18,430 | INFO     | collectors.rfc_perf | [PRD] response time: STAT records unavailable, using ST03N aggregates
2026-09-08 15:18:18,962 | INFO     | collectors.rfc_perf | [PRD] SQLMD readable but 0 rows matched DDATE >= '20260901' -- is SQL Monitor (transaction SQLM) activated on this system?
2026-09-08 15:18:20,501 | INFO     | collectors.rfc_perf | [SARLOHA QAS] SQLMD readable but 0 rows matched DDATE >= '20260901' -- is SQL Monitor (transaction SQLM) activated on this system?
2026-09-08 15:18:26,350 | INFO     | collectors.rfc_perf | [SARLOHA PRD] SQLMD readable but 0 rows matched DDATE >= '20260901' -- is SQL Monitor (transaction SQLM) activated on this system?
2026-09-08 15:19:32,280 | INFO     | collectors.ccms_os | [CENTOR_QAS] CCMS OS monitor 'Operating System': matched cpu=1, load_5m=1, mem_free=1, mem_total=1, swap_free=1
2026-09-08 15:19:43,129 | INFO     | collectors.rfc_perf | [CENTOR_QAS] SQLMD readable but 0 rows matched DDATE >= '20260901' -- is SQL Monitor (transaction SQLM) activated on this system?
2026-09-08 15:19:44,173 | INFO     | collectors.rfc_perf | [CENTOR_QAS] SQLMD readable but 0 rows matched DDATE >= '20260901' -- is SQL Monitor (transaction SQLM) activated on this system?
2026-09-08 15:19:56,658 | INFO     | collectors.rfc_perf | [PRD] 130 STAT records, 0 dialog steps in the window (task mix: 0x12, 0xb, 0xe, AUTOABAP, BTC, BUF.SYNC, OTHER, SPOOL) -- no GUI activity, metric left absent
2026-09-08 15:20:02,797 | INFO     | collectors.rfc_perf | [PRD] response time: STAT records unavailable, using ST03N aggregates
2026-09-08 15:20:04,712 | INFO     | collectors.rfc_perf | [PRD] 131 STAT records, 0 dialog steps in the window (task mix: 0x12, 0xb, 0xe, AUTOABAP, BTC, BUF.SYNC, OTHER, SPOOL) -- no GUI activity, metric left absent
2026-09-08 15:20:08,300 | INFO     | collectors.rfc_perf | [PRD] response time: STAT records unavailable, using ST03N aggregates
2026-09-08 15:20:10,239 | WARNING  | collectors.rfc_perf | [PRD] lock owner stamps run 285 min ahead of SAP system time -- OS time zone on the app server differs from the SAP time zone. Ages corrected; tell Basis.
2026-09-08 15:20:16,644 | INFO     | collectors.rfc_perf | [PRD] 132 STAT records, 0 dialog steps in the window (task mix: 0x12, 0xb, 0xe, AUTOABAP, BTC, BUF.SYNC, OTHER, SPOOL) -- no GUI activity, metric left absent
2026-09-08 15:20:17,366 | INFO     | collectors.rfc_perf | [PRD] 132 STAT records, 0 dialog steps in the window (task mix: 0x12, 0xb, 0xe, AUTOABAP, BTC, BUF.SYNC, OTHER, SPOOL) -- no GUI activity, metric left absent
2026-09-08 15:20:23,844 | INFO     | collectors.rfc_perf | [PRD] response time: STAT records unavailable, using ST03N aggregates
2026-09-08 15:20:24,062 | INFO     | collectors.rfc_perf | [PRD] response time: STAT records unavailable, using ST03N aggregates
2026-09-08 15:20:25,108 | INFO     | collectors.rfc_perf | [PRD] SQLMD readable but 0 rows matched DDATE >= '20260901' -- is SQL Monitor (transaction SQLM) activated on this system?
2026-09-08 15:20:28,859 | INFO     | collectors.rfc_perf | [PRD] SQLMD readable but 0 rows matched DDATE >= '20260901' -- is SQL Monitor (transaction SQLM) activated on this system?
2026-09-08 15:20:29,951 | INFO     | collectors.ccms_os | [SARLOHA QAS] CCMS OS monitor 'Operating System': matched cpu=1, load_5m=1, mem_free=1, mem_total=2, swap_free=1
2026-09-08 15:20:39,680 | INFO     | collectors.rfc_perf | [PRD] SQLMD readable but 0 rows matched DDATE >= '20260901' -- is SQL Monitor (transaction SQLM) activated on this system?
2026-09-08 15:20:40,832 | INFO     | collectors.rfc_perf | [PRD] SQLMD readable but 0 rows matched DDATE >= '20260901' -- is SQL Monitor (transaction SQLM) activated on this system?
2026-09-08 15:20:48,833 | INFO     | collectors.rfc_perf | [SARLOHA QAS] SQLMD readable but 0 rows matched DDATE >= '20260901' -- is SQL Monitor (transaction SQLM) activated on this system?
2026-09-08 15:20:49,486 | INFO     | collectors.rfc_perf | [SARLOHA QAS] SQLMD readable but 0 rows matched DDATE >= '20260901' -- is SQL Monitor (transaction SQLM) activated on this system?
2026-09-08 15:20:50,701 | INFO     | collectors.rfc_perf | [SARLOHA QAS] SQLMD readable but 0 rows matched DDATE >= '20260901' -- is SQL Monitor (transaction SQLM) activated on this system?
2026-09-08 15:20:50,749 | INFO     | collectors.ccms_os | [SARLOHA PRD] CCMS OS monitor 'Operating System': matched cpu=2, load_5m=2, mem_free=2, mem_total=4, swap_free=2
2026-09-08 15:20:54,257 | INFO     | collectors.rfc_perf | [SARLOHA QAS] SQLMD readable but 0 rows matched DDATE >= '20260901' -- is SQL Monitor (transaction SQLM) activated on this system?
2026-09-08 15:21:17,332 | INFO     | collectors.rfc_perf | [SARLOHA QAS] SQLMD readable but 0 rows matched DDATE >= '20260901' -- is SQL Monitor (transaction SQLM) activated on this system?
2026-09-08 15:21:24,059 | INFO     | collectors.rfc_perf | [SARLOHA QAS] SQLMD readable but 0 rows matched DDATE >= '20260901' -- is SQL Monitor (transaction SQLM) activated on this system?
2026-09-08 15:21:25,644 | INFO     | collectors.rfc_perf | [SARLOHA QAS] SQLMD readable but 0 rows matched DDATE >= '20260901' -- is SQL Monitor (transaction SQLM) activated on this system?
2026-09-08 15:22:36,443 | INFO     | collectors.rfc_perf | [SARLOHA PRD] SQLMD readable but 0 rows matched DDATE >= '20260901' -- is SQL Monitor (transaction SQLM) activated on this system?
2026-09-08 15:22:36,868 | INFO     | collectors.rfc_perf | [SARLOHA PRD] SQLMD readable but 0 rows matched DDATE >= '20260901' -- is SQL Monitor (transaction SQLM) activated on this system?
2026-09-08 15:22:37,378 | INFO     | collectors.rfc_perf | [SARLOHA PRD] SQLMD readable but 0 rows matched DDATE >= '20260901' -- is SQL Monitor (transaction SQLM) activated on this system?
2026-09-08 15:22:38,421 | INFO     | collectors.rfc_perf | [SARLOHA PRD] SQLMD readable but 0 rows matched DDATE >= '20260901' -- is SQL Monitor (transaction SQLM) activated on this system?
2026-09-08 15:22:40,370 | INFO     | collectors.rfc_perf | [SARLOHA PRD] SQLMD readable but 0 rows matched DDATE >= '20260901' -- is SQL Monitor (transaction SQLM) activated on this system?
2026-09-08 15:22:41,712 | INFO     | collectors.rfc_perf | [SARLOHA PRD] SQLMD readable but 0 rows matched DDATE >= '20260901' -- is SQL Monitor (transaction SQLM) activated on this system?
2026-09-08 15:22:41,824 | INFO     | collectors.rfc_perf | [SARLOHA PRD] SQLMD readable but 0 rows matched DDATE >= '20260901' -- is SQL Monitor (transaction SQLM) activated on this system?
2026-09-08 15:22:41,987 | INFO     | collectors.rfc_perf | [SARLOHA PRD] SQLMD readable but 0 rows matched DDATE >= '20260901' -- is SQL Monitor (transaction SQLM) activated on this system?
2026-09-08 15:23:11,643 | INFO     | collectors.rfc_perf | [CENTOR_QAS] SQLMD readable but 0 rows matched DDATE >= '20260901' -- is SQL Monitor (transaction SQLM) activated on this system?
2026-09-08 15:23:15,652 | INFO     | collectors.rfc_perf | [PRD] 123 STAT records, 0 dialog steps in the window (task mix: 0x12, 0xb, 0xe, AUTOABAP, BTC, BUF.SYNC, OTHER, SPOOL) -- no GUI activity, metric left absent
2026-09-08 15:23:20,334 | INFO     | collectors.rfc_perf | [PRD] response time: STAT records unavailable, using ST03N aggregates
2026-09-08 15:23:24,131 | INFO     | collectors.rfc_perf | [PRD] SQLMD readable but 0 rows matched DDATE >= '20260901' -- is SQL Monitor (transaction SQLM) activated on this system?
2026-09-08 15:23:24,806 | INFO     | collectors.rfc_perf | [PRD] 123 STAT records, 0 dialog steps in the window (task mix: 0x12, 0xb, 0xe, AUTOABAP, BTC, BUF.SYNC, OTHER, SPOOL) -- no GUI activity, metric left absent
2026-09-08 15:23:29,942 | INFO     | collectors.rfc_perf | [PRD] response time: STAT records unavailable, using ST03N aggregates
2026-09-08 15:23:38,377 | INFO     | collectors.rfc_perf | [PRD] SQLMD readable but 0 rows matched DDATE >= '20260901' -- is SQL Monitor (transaction SQLM) activated on this system?
2026-09-08 15:23:54,392 | INFO     | collectors.rfc_perf | [SARLOHA QAS] SQLMD readable but 0 rows matched DDATE >= '20260901' -- is SQL Monitor (transaction SQLM) activated on this system?
2026-09-08 15:23:56,478 | INFO     | collectors.rfc_perf | [SARLOHA QAS] SQLMD readable but 0 rows matched DDATE >= '20260901' -- is SQL Monitor (transaction SQLM) activated on this system?
2026-09-08 15:24:22,802 | INFO     | collectors.rfc_perf | [SARLOHA QAS] SQLMD readable but 0 rows matched DDATE >= '20260901' -- is SQL Monitor (transaction SQLM) activated on this system?
2026-09-08 15:24:29,082 | INFO     | collectors.rfc_perf | [SARLOHA QAS] SQLMD readable but 0 rows matched DDATE >= '20260901' -- is SQL Monitor (transaction SQLM) activated on this system?
2026-09-08 15:24:36,523 | INFO     | collectors.rfc_perf | [SARLOHA QAS] SQLMD readable but 0 rows matched DDATE >= '20260901' -- is SQL Monitor (transaction SQLM) activated on this system?
2026-09-08 15:24:59,653 | INFO     | collectors.rfc_perf | [SARLOHA PRD] SQLMD readable but 0 rows matched DDATE >= '20260901' -- is SQL Monitor (transaction SQLM) activated on this system?
2026-09-08 15:25:00,281 | INFO     | collectors.rfc_perf | [SARLOHA PRD] SQLMD readable but 0 rows matched DDATE >= '20260901' -- is SQL Monitor (transaction SQLM) activated on this system?
2026-09-08 15:25:00,605 | INFO     | collectors.rfc_perf | [SARLOHA PRD] SQLMD readable but 0 rows matched DDATE >= '20260901' -- is SQL Monitor (transaction SQLM) activated on this system?
2026-09-08 15:25:11,777 | INFO     | collectors.rfc_perf | [SARLOHA PRD] SQLMD readable but 0 rows matched DDATE >= '20260901' -- is SQL Monitor (transaction SQLM) activated on this system?
2026-09-08 15:25:11,809 | INFO     | collectors.rfc_perf | [SARLOHA PRD] SQLMD readable but 0 rows matched DDATE >= '20260901' -- is SQL Monitor (transaction SQLM) activated on this system?
2026-09-08 15:25:22,441 | INFO     | collectors.rfc_perf | [SARLOHA PRD] SQLMD readable but 0 rows matched DDATE >= '20260901' -- is SQL Monitor (transaction SQLM) activated on this system?
2026-09-08 15:26:05,484 | INFO     | collectors.rfc_perf | [CENTOR_QAS] SQLMD readable but 0 rows matched DDATE >= '20260901' -- is SQL Monitor (transaction SQLM) activated on this system?
2026-09-08 15:26:10,349 | INFO     | collectors.rfc_perf | [CENTOR_QAS] SQLMD readable but 0 rows matched DDATE >= '20260901' -- is SQL Monitor (transaction SQLM) activated on this system?
2026-09-08 15:26:20,295 | INFO     | collectors.rfc_perf | [PRD] 123 STAT records, 0 dialog steps in the window (task mix: 0x12, 0xb, 0xe, AUTOABAP, BTC, BUF.SYNC, OTHER, SPOOL) -- no GUI activity, metric left absent
2026-09-08 15:26:25,244 | INFO     | collectors.rfc_perf | [PRD] response time: STAT records unavailable, using ST03N aggregates
2026-09-08 15:26:28,385 | INFO     | collectors.rfc_perf | [PRD] 124 STAT records, 0 dialog steps in the window (task mix: 0x12, 0xb, 0xe, AUTOABAP, BTC, BUF.SYNC, OTHER, SPOOL) -- no GUI activity, metric left absent
2026-09-08 15:26:34,765 | INFO     | collectors.rfc_perf | [PRD] response time: STAT records unavailable, using ST03N aggregates
2026-09-08 15:26:37,298 | INFO     | collectors.rfc_perf | [CENTOR_QAS] SQLMD readable but 0 rows matched DDATE >= '20260901' -- is SQL Monitor (transaction SQLM) activated on this system?
2026-09-08 15:26:37,857 | INFO     | collectors.rfc_perf | [CENTOR_QAS] SQLMD readable but 0 rows matched DDATE >= '20260901' -- is SQL Monitor (transaction SQLM) activated on this system?
2026-09-08 15:26:46,702 | INFO     | collectors.rfc_perf | [CENTOR_QAS] SQLMD readable but 0 rows matched DDATE >= '20260901' -- is SQL Monitor (transaction SQLM) activated on this system?
2026-09-08 15:26:52,858 | INFO     | collectors.rfc_perf | [CENTOR_QAS] SQLMD readable but 0 rows matched DDATE >= '20260901' -- is SQL Monitor (transaction SQLM) activated on this system?
2026-09-08 15:26:54,333 | INFO     | collectors.rfc_perf | [PRD] 123 STAT records, 0 dialog steps in the window (task mix: 0x12, 0xb, 0xe, AUTOABAP, BTC, BUF.SYNC, OTHER, SPOOL) -- no GUI activity, metric left absent
2026-09-08 15:26:54,552 | INFO     | collectors.rfc_perf | [PRD] 123 STAT records, 0 dialog steps in the window (task mix: 0x12, 0xb, 0xe, AUTOABAP, BTC, BUF.SYNC, OTHER, SPOOL) -- no GUI activity, metric left absent
2026-09-08 15:26:56,753 | INFO     | collectors.rfc_perf | [PRD] response time: STAT records unavailable, using ST03N aggregates
2026-09-08 15:26:56,790 | INFO     | collectors.rfc_perf | [PRD] response time: STAT records unavailable, using ST03N aggregates
2026-09-08 15:26:57,834 | INFO     | collectors.rfc_perf | [PRD] SQLMD readable but 0 rows matched DDATE >= '20260901' -- is SQL Monitor (transaction SQLM) activated on this system?
2026-09-08 15:26:58,287 | INFO     | collectors.rfc_perf | [PRD] 122 STAT records, 0 dialog steps in the window (task mix: 0x12, 0xb, 0xe, AUTOABAP, BTC, BUF.SYNC, OTHER, SPOOL) -- no GUI activity, metric left absent
2026-09-08 15:27:00,124 | INFO     | collectors.rfc_perf | [PRD] response time: STAT records unavailable, using ST03N aggregates
2026-09-08 15:27:00,589 | INFO     | collectors.rfc_perf | [PRD] SQLMD readable but 0 rows matched DDATE >= '20260901' -- is SQL Monitor (transaction SQLM) activated on this system?
2026-09-08 15:27:01,627 | INFO     | collectors.rfc_perf | [PRD] 122 STAT records, 0 dialog steps in the window (task mix: 0x12, 0xb, 0xe, AUTOABAP, BTC, BUF.SYNC, OTHER, SPOOL) -- no GUI activity, metric left absent
2026-09-08 15:27:02,758 | INFO     | collectors.rfc_perf | [PRD] response time: STAT records unavailable, using ST03N aggregates
2026-09-08 15:27:04,363 | INFO     | collectors.rfc_perf | [PRD] SQLMD readable but 0 rows matched DDATE >= '20260901' -- is SQL Monitor (transaction SQLM) activated on this system?
2026-09-08 15:27:04,576 | INFO     | collectors.rfc_perf | [PRD] SQLMD readable but 0 rows matched DDATE >= '20260901' -- is SQL Monitor (transaction SQLM) activated on this system?
2026-09-08 15:27:06,387 | INFO     | collectors.rfc_perf | [PRD] SQLMD readable but 0 rows matched DDATE >= '20260901' -- is SQL Monitor (transaction SQLM) activated on this system?
2026-09-08 15:27:07,060 | INFO     | collectors.rfc_perf | [PRD] SQLMD readable but 0 rows matched DDATE >= '20260901' -- is SQL Monitor (transaction SQLM) activated on this system?
2026-09-08 15:27:10,400 | INFO     | collectors.rfc_perf | [SARLOHA QAS] SQLMD readable but 0 rows matched DDATE >= '20260901' -- is SQL Monitor (transaction SQLM) activated on this system?
2026-09-08 15:27:10,756 | INFO     | collectors.rfc_perf | [SARLOHA QAS] SQLMD readable but 0 rows matched DDATE >= '20260901' -- is SQL Monitor (transaction SQLM) activated on this system?
2026-09-08 15:27:13,940 | INFO     | collectors.rfc_perf | [SARLOHA QAS] SQLMD readable but 0 rows matched DDATE >= '20260901' -- is SQL Monitor (transaction SQLM) activated on this system?
2026-09-08 15:27:14,209 | INFO     | collectors.rfc_perf | [SARLOHA QAS] SQLMD readable but 0 rows matched DDATE >= '20260901' -- is SQL Monitor (transaction SQLM) activated on this system?
2026-09-08 15:27:15,793 | INFO     | collectors.rfc_perf | [SARLOHA QAS] SQLMD readable but 0 rows matched DDATE >= '20260901' -- is SQL Monitor (transaction SQLM) activated on this system?
2026-09-08 15:27:15,794 | INFO     | collectors.rfc_perf | [SARLOHA QAS] SQLMD readable but 0 rows matched DDATE >= '20260901' -- is SQL Monitor (transaction SQLM) activated on this system?
2026-09-08 15:27:28,730 | INFO     | collectors.rfc_perf | [SARLOHA PRD] SQLMD readable but 0 rows matched DDATE >= '20260901' -- is SQL Monitor (transaction SQLM) activated on this system?
2026-09-08 15:27:33,399 | INFO     | collectors.rfc_perf | [SARLOHA PRD] SQLMD readable but 0 rows matched DDATE >= '20260901' -- is SQL Monitor (transaction SQLM) activated on this system?
2026-09-08 15:27:35,585 | INFO     | collectors.rfc_perf | [SARLOHA PRD] SQLMD readable but 0 rows matched DDATE >= '20260901' -- is SQL Monitor (transaction SQLM) activated on this system?
2026-09-08 15:27:35,834 | INFO     | collectors.rfc_perf | [SARLOHA PRD] SQLMD readable but 0 rows matched DDATE >= '20260901' -- is SQL Monitor (transaction SQLM) activated on this system?
2026-09-08 15:27:36,689 | INFO     | collectors.rfc_perf | [SARLOHA PRD] SQLMD readable but 0 rows matched DDATE >= '20260901' -- is SQL Monitor (transaction SQLM) activated on this system?
2026-09-08 15:27:36,718 | INFO     | collectors.rfc_perf | [SARLOHA PRD] SQLMD readable but 0 rows matched DDATE >= '20260901' -- is SQL Monitor (transaction SQLM) activated on this system?
2026-09-08 15:38:45,693 | INFO     | collectors.ccms_os | [SARLOHA PRD] CCMS OS monitor 'Operating System': matched cpu=2, load_5m=2, mem_free=2, mem_total=4, swap_free=2
2026-09-08 15:38:46,520 | INFO     | collectors.ccms_os | [SARLOHA QAS] CCMS OS monitor 'Operating System': matched cpu=1, load_5m=1, mem_free=1, mem_total=2, swap_free=1
2026-09-08 15:38:46,770 | INFO     | collectors.ccms_os | [CENTOR_QAS] CCMS OS monitor 'Operating System': matched cpu=1, load_5m=1, mem_free=1, mem_total=1, swap_free=1
2026-09-08 15:39:09,610 | INFO     | collectors.rfc_perf | [SARLOHA QAS] 33 STAT records, 0 dialog steps in the window (task mix: 0x12, 0xb, 0xe, 0xf, AUTOABAP, BTC, BUF.SYNC, OTHER, SPOOL) -- no GUI activity, metric left absent
2026-09-08 15:39:17,958 | INFO     | collectors.rfc_perf | [SARLOHA QAS] response time: STAT records unavailable, using ST03N aggregates
2026-09-08 15:39:25,358 | WARNING  | collectors.rfc_perf | [PRD] lock owner stamps run 330 min ahead of SAP system time -- OS time zone on the app server differs from the SAP time zone. Ages corrected; tell Basis.
2026-09-08 15:39:28,858 | INFO     | collectors.rfc_perf | [PRD] SQLMD readable but 0 rows matched DDATE >= '20260901' -- is SQL Monitor (transaction SQLM) activated on this system?
2026-09-08 15:39:33,009 | INFO     | collectors.rfc_perf | [CENTOR_QAS] SQLMD readable but 0 rows matched DDATE >= '20260901' -- is SQL Monitor (transaction SQLM) activated on this system?
2026-09-08 15:39:39,032 | INFO     | collectors.rfc_perf | [SARLOHA QAS] SQLMD readable but 0 rows matched DDATE >= '20260901' -- is SQL Monitor (transaction SQLM) activated on this system?
2026-09-08 15:39:41,847 | INFO     | collectors.rfc_perf | [SARLOHA QAS] 38 STAT records, 0 dialog steps in the window (task mix: 0x12, 0xb, 0xe, 0xf, AUTOABAP, BTC, BUF.SYNC, OTHER, SPOOL) -- no GUI activity, metric left absent
2026-09-08 15:39:55,919 | INFO     | collectors.rfc_perf | [SARLOHA QAS] response time: STAT records unavailable, using ST03N aggregates
2026-09-08 15:39:58,747 | INFO     | collectors.rfc_perf | [SARLOHA QAS] 39 STAT records, 0 dialog steps in the window (task mix: 0x12, 0xb, 0xe, 0xf, AUTOABAP, BTC, BUF.SYNC, OTHER, SPOOL) -- no GUI activity, metric left absent
2026-09-08 15:39:59,900 | INFO     | collectors.rfc_perf | [SARLOHA PRD] SQLMD readable but 0 rows matched DDATE >= '20260901' -- is SQL Monitor (transaction SQLM) activated on this system?
2026-09-08 15:40:05,657 | INFO     | collectors.rfc_perf | [SARLOHA QAS] response time: STAT records unavailable, using ST03N aggregates
2026-09-08 15:40:10,495 | INFO     | collectors.rfc_perf | [SARLOHA QAS] SQLMD readable but 0 rows matched DDATE >= '20260901' -- is SQL Monitor (transaction SQLM) activated on this system?
2026-09-08 15:40:11,274 | INFO     | collectors.rfc_perf | [SARLOHA QAS] SQLMD readable but 0 rows matched DDATE >= '20260901' -- is SQL Monitor (transaction SQLM) activated on this system?
2026-09-08 15:40:11,461 | INFO     | collectors.rfc_perf | [SARLOHA PRD] SQLMD readable but 0 rows matched DDATE >= '20260901' -- is SQL Monitor (transaction SQLM) activated on this system?
2026-09-08 15:40:11,508 | INFO     | collectors.rfc_perf | [SARLOHA PRD] SQLMD readable but 0 rows matched DDATE >= '20260901' -- is SQL Monitor (transaction SQLM) activated on this system?
2026-09-08 15:44:30,273 | INFO     | collectors.rfc_perf | [SARLOHA PRD] SQLMD readable but 0 rows matched DDATE >= '20260901' -- is SQL Monitor (transaction SQLM) activated on this system?
2026-09-08 15:47:18,847 | INFO     | collectors.rfc_perf | [PRD] 103 STAT records, 0 dialog steps in the window (task mix: 0x12, 0xb, 0xe, AUTOABAP, BTC, BUF.SYNC, OTHER, SPOOL) -- no GUI activity, metric left absent
2026-09-08 15:47:22,093 | INFO     | collectors.rfc_perf | [PRD] 103 STAT records, 0 dialog steps in the window (task mix: 0x12, 0xb, 0xe, AUTOABAP, BTC, BUF.SYNC, OTHER, SPOOL) -- no GUI activity, metric left absent
2026-09-08 15:47:22,127 | INFO     | collectors.rfc_perf | [PRD] response time: STAT records unavailable, using ST03N aggregates
2026-09-08 15:47:26,037 | INFO     | collectors.rfc_perf | [PRD] response time: STAT records unavailable, using ST03N aggregates
2026-09-08 15:47:28,895 | INFO     | collectors.rfc_perf | [SARLOHA QAS] SQLMD readable but 0 rows matched DDATE >= '20260901' -- is SQL Monitor (transaction SQLM) activated on this system?
2026-09-08 15:47:28,926 | INFO     | collectors.rfc_perf | [PRD] SQLMD readable but 0 rows matched DDATE >= '20260901' -- is SQL Monitor (transaction SQLM) activated on this system?
2026-09-08 15:47:29,372 | INFO     | collectors.rfc_perf | [SARLOHA QAS] SQLMD readable but 0 rows matched DDATE >= '20260901' -- is SQL Monitor (transaction SQLM) activated on this system?
2026-09-08 15:47:29,974 | INFO     | collectors.rfc_perf | [PRD] SQLMD readable but 0 rows matched DDATE >= '20260901' -- is SQL Monitor (transaction SQLM) activated on this system?
2026-09-08 15:47:30,009 | INFO     | collectors.rfc_perf | [CENTOR_QAS] SQLMD readable but 0 rows matched DDATE >= '20260901' -- is SQL Monitor (transaction SQLM) activated on this system?
2026-09-08 15:47:30,175 | INFO     | collectors.rfc_perf | [CENTOR_QAS] SQLMD readable but 0 rows matched DDATE >= '20260901' -- is SQL Monitor (transaction SQLM) activated on this system?
2026-09-08 15:47:30,176 | INFO     | collectors.rfc_perf | [SARLOHA PRD] SQLMD readable but 0 rows matched DDATE >= '20260901' -- is SQL Monitor (transaction SQLM) activated on this system?
2026-09-08 15:47:30,223 | INFO     | collectors.rfc_perf | [SARLOHA PRD] SQLMD readable but 0 rows matched DDATE >= '20260901' -- is SQL Monitor (transaction SQLM) activated on this system?
2026-09-08 15:48:19,365 | INFO     | collectors.ccms_os | [CENTOR_QAS] CCMS OS monitor 'Operating System': matched cpu=1, load_5m=1, mem_free=1, mem_total=1, swap_free=1
2026-09-08 15:48:19,832 | INFO     | collectors.ccms_os | [SARLOHA QAS] CCMS OS monitor 'Operating System': matched cpu=1, load_5m=1, mem_free=1, mem_total=2, swap_free=1
2026-09-08 15:48:36,493 | INFO     | collectors.rfc_perf | [PRD] 108 STAT records, 0 dialog steps in the window (task mix: 0x12, 0xb, 0xe, AUTOABAP, BTC, BUF.SYNC, OTHER, SPOOL) -- no GUI activity, metric left absent
2026-09-08 15:48:36,517 | INFO     | collectors.ccms_os | [SARLOHA PRD] CCMS OS monitor 'Operating System': matched cpu=2, load_5m=2, mem_free=2, mem_total=4, swap_free=2
2026-09-08 15:48:46,562 | INFO     | collectors.rfc_perf | [PRD] response time: STAT records unavailable, using ST03N aggregates
2026-09-08 15:49:16,322 | INFO     | collectors.rfc_perf | [SARLOHA QAS] 51 STAT records, 0 dialog steps in the window (task mix: 0x12, 0xb, 0xe, 0xf, 0xfa, AUTOABAP, BTC, BUF.SYNC, OTHER, SPOOL) -- no GUI activity, metric left absent
2026-09-08 15:49:29,171 | INFO     | collectors.rfc_perf | [SARLOHA QAS] response time: STAT records unavailable, using ST03N aggregates
2026-09-08 15:49:30,774 | WARNING  | collectors.rfc_perf | [PRD] lock owner stamps run 315 min ahead of SAP system time -- OS time zone on the app server differs from the SAP time zone. Ages corrected; tell Basis.
2026-09-08 15:49:39,305 | INFO     | collectors.rfc_perf | [PRD] SQLMD readable but 0 rows matched DDATE >= '20260901' -- is SQL Monitor (transaction SQLM) activated on this system?
2026-09-08 15:49:44,351 | INFO     | collectors.rfc_perf | [SARLOHA QAS] SQLMD readable but 0 rows matched DDATE >= '20260901' -- is SQL Monitor (transaction SQLM) activated on this system?
2026-09-08 15:49:48,245 | INFO     | collectors.rfc_perf | [CENTOR_QAS] SQLMD readable but 0 rows matched DDATE >= '20260901' -- is SQL Monitor (transaction SQLM) activated on this system?
2026-09-08 15:49:49,268 | INFO     | collectors.rfc_perf | [SARLOHA PRD] SQLMD readable but 0 rows matched DDATE >= '20260901' -- is SQL Monitor (transaction SQLM) activated on this system?
2026-09-08 15:50:47,168 | INFO     | collectors.rfc_perf | [PRD] 106 STAT records, 0 dialog steps in the window (task mix: 0x12, 0xb, 0xe, AUTOABAP, BTC, BUF.SYNC, OTHER, SPOOL) -- no GUI activity, metric left absent
2026-09-08 15:50:51,410 | INFO     | collectors.rfc_perf | [PRD] response time: STAT records unavailable, using ST03N aggregates
2026-09-08 15:50:54,645 | INFO     | collectors.rfc_perf | [PRD] SQLMD readable but 0 rows matched DDATE >= '20260901' -- is SQL Monitor (transaction SQLM) activated on this system?
2026-09-08 15:51:18,519 | INFO     | collectors.rfc_perf | [SARLOHA PRD] SQLMD readable but 0 rows matched DDATE >= '20260901' -- is SQL Monitor (transaction SQLM) activated on this system?
2026-09-08 15:51:30,724 | INFO     | collectors.rfc_perf | [SARLOHA QAS] SQLMD readable but 0 rows matched DDATE >= '20260901' -- is SQL Monitor (transaction SQLM) activated on this system?
2026-09-08 15:51:31,086 | INFO     | collectors.rfc_perf | [CENTOR_QAS] SQLMD readable but 0 rows matched DDATE >= '20260901' -- is SQL Monitor (transaction SQLM) activated on this system?
2026-09-08 15:51:34,307 | INFO     | collectors.rfc_perf | [SARLOHA PRD] SQLMD readable but 0 rows matched DDATE >= '20260901' -- is SQL Monitor (transaction SQLM) activated on this system?
2026-09-08 15:52:14,731 | INFO     | collectors.rfc_perf | [PRD] 108 STAT records, 0 dialog steps in the window (task mix: 0x12, 0xb, 0xe, AUTOABAP, BTC, BUF.SYNC, OTHER, SPOOL) -- no GUI activity, metric left absent
2026-09-08 15:52:30,842 | INFO     | collectors.rfc_perf | [PRD] response time: STAT records unavailable, using ST03N aggregates
2026-09-08 15:52:53,918 | INFO     | collectors.rfc_perf | [PRD] SQLMD readable but 0 rows matched DDATE >= '20260901' -- is SQL Monitor (transaction SQLM) activated on this system?
2026-09-08 15:54:18,368 | INFO     | collectors.rfc_perf | [CENTOR_QAS] SQLMD readable but 0 rows matched DDATE >= '20260901' -- is SQL Monitor (transaction SQLM) activated on this system?
2026-09-08 15:54:20,043 | INFO     | collectors.rfc_perf | [SARLOHA QAS] SQLMD readable but 0 rows matched DDATE >= '20260901' -- is SQL Monitor (transaction SQLM) activated on this system?
2026-09-08 15:54:33,831 | INFO     | collectors.rfc_perf | [SARLOHA PRD] SQLMD readable but 0 rows matched DDATE >= '20260901' -- is SQL Monitor (transaction SQLM) activated on this system?
2026-09-08 15:54:54,533 | INFO     | collectors.rfc_perf | [PRD] 103 STAT records, 0 dialog steps in the window (task mix: 0x12, 0xb, 0xe, AUTOABAP, BTC, BUF.SYNC, OTHER, SPOOL) -- no GUI activity, metric left absent
2026-09-08 15:55:05,888 | INFO     | collectors.rfc_perf | [PRD] response time: STAT records unavailable, using ST03N aggregates
2026-09-08 15:55:23,485 | INFO     | collectors.rfc_perf | [PRD] SQLMD readable but 0 rows matched DDATE >= '20260901' -- is SQL Monitor (transaction SQLM) activated on this system?
2026-09-08 15:56:08,388 | INFO     | collectors.rfc_perf | [SARLOHA QAS] 35 STAT records, 0 dialog steps in the window (task mix: 0x12, 0xb, 0xe, 0xf, AUTOABAP, BTC, BUF.SYNC, OTHER, SPOOL) -- no GUI activity, metric left absent
2026-09-08 15:56:25,934 | INFO     | collectors.rfc_perf | [SARLOHA QAS] response time: STAT records unavailable, using ST03N aggregates
2026-09-08 15:56:39,231 | INFO     | collectors.rfc_perf | [SARLOHA QAS] SQLMD readable but 0 rows matched DDATE >= '20260901' -- is SQL Monitor (transaction SQLM) activated on this system?
2026-09-08 15:56:40,730 | INFO     | collectors.rfc_perf | [CENTOR_QAS] SQLMD readable but 0 rows matched DDATE >= '20260901' -- is SQL Monitor (transaction SQLM) activated on this system?
2026-09-08 15:56:42,085 | INFO     | collectors.rfc_perf | [SARLOHA PRD] SQLMD readable but 0 rows matched DDATE >= '20260901' -- is SQL Monitor (transaction SQLM) activated on this system?
2026-09-08 15:56:54,666 | INFO     | collectors.rfc_perf | [PRD] 109 STAT records, 0 dialog steps in the window (task mix: 0x12, 0x21, 0xb, 0xe, AUTOABAP, BTC, BUF.SYNC, OTHER, SPOOL) -- no GUI activity, metric left absent
2026-09-08 15:56:58,604 | INFO     | collectors.rfc_perf | [PRD] response time: STAT records unavailable, using ST03N aggregates
2026-09-08 15:57:02,854 | INFO     | collectors.rfc_perf | [PRD] SQLMD readable but 0 rows matched DDATE >= '20260901' -- is SQL Monitor (transaction SQLM) activated on this system?
2026-09-08 15:57:44,427 | INFO     | collectors.rfc_perf | [SARLOHA QAS] 43 STAT records, 0 dialog steps in the window (task mix: 0x12, 0xb, 0xe, 0xf, AUTOABAP, BTC, BUF.SYNC, OTHER, SPOOL) -- no GUI activity, metric left absent
2026-09-08 15:57:52,857 | INFO     | collectors.rfc_perf | [SARLOHA QAS] response time: STAT records unavailable, using ST03N aggregates
2026-09-08 15:58:13,818 | INFO     | collectors.rfc_perf | [CENTOR_QAS] SQLMD readable but 0 rows matched DDATE >= '20260901' -- is SQL Monitor (transaction SQLM) activated on this system?
2026-09-08 15:58:13,820 | INFO     | collectors.rfc_perf | [SARLOHA QAS] SQLMD readable but 0 rows matched DDATE >= '20260901' -- is SQL Monitor (transaction SQLM) activated on this system?
2026-09-08 15:58:24,299 | INFO     | collectors.ccms_os | [SARLOHA QAS] CCMS OS monitor 'Operating System': matched cpu=1, load_5m=1, mem_free=1, mem_total=2, swap_free=1
2026-09-08 15:58:24,376 | INFO     | collectors.ccms_os | [CENTOR_QAS] CCMS OS monitor 'Operating System': matched cpu=1, load_5m=1, mem_free=1, mem_total=1, swap_free=1
2026-09-08 15:58:30,739 | INFO     | collectors.rfc_perf | [PRD] SQLMD readable but 0 rows matched DDATE >= '20260901' -- is SQL Monitor (transaction SQLM) activated on this system?
2026-09-08 15:58:42,593 | INFO     | collectors.rfc_perf | [SARLOHA PRD] SQLMD readable but 0 rows matched DDATE >= '20260901' -- is SQL Monitor (transaction SQLM) activated on this system?
2026-09-08 15:58:52,289 | INFO     | collectors.ccms_os | [SARLOHA PRD] CCMS OS monitor 'Operating System': matched cpu=2, load_5m=2, mem_free=2, mem_total=4, swap_free=2
2026-09-08 15:59:23,871 | INFO     | collectors.rfc_perf | [SARLOHA QAS] 49 STAT records, 0 dialog steps in the window (task mix: 0x12, 0xb, 0xe, 0xf, AUTOABAP, BTC, BUF.SYNC, OTHER, SPOOL) -- no GUI activity, metric left absent
2026-09-08 15:59:23,876 | INFO     | collectors.rfc_perf | [CENTOR_QAS] 53 STAT records, 0 dialog steps in the window (task mix: 0x12, 0xb, 0xe, 0xf, AUTOABAP, BTC, BUF.SYNC, OTHER, SPOOL) -- no GUI activity, metric left absent
2026-09-08 15:59:28,112 | INFO     | collectors.rfc_perf | [SARLOHA QAS] response time: STAT records unavailable, using ST03N aggregates
2026-09-08 15:59:28,198 | INFO     | collectors.rfc_perf | [CENTOR_QAS] response time: no dialog steps in the last 5 min and no ST03N aggregate -- metric left absent (system idle or collector off)
2026-09-08 15:59:29,962 | INFO     | collectors.rfc_perf | [CENTOR_QAS] SQLMD readable but 0 rows matched DDATE >= '20260901' -- is SQL Monitor (transaction SQLM) activated on this system?
2026-09-08 15:59:30,674 | INFO     | collectors.rfc_perf | [SARLOHA QAS] SQLMD readable but 0 rows matched DDATE >= '20260901' -- is SQL Monitor (transaction SQLM) activated on this system?
2026-09-08 15:59:43,944 | INFO     | collectors.rfc_perf | [PRD] SQLMD readable but 0 rows matched DDATE >= '20260901' -- is SQL Monitor (transaction SQLM) activated on this system?
2026-09-08 16:00:06,198 | INFO     | collectors.rfc_perf | [SARLOHA PRD] SQLMD readable but 0 rows matched DDATE >= '20260901' -- is SQL Monitor (transaction SQLM) activated on this system?
2026-09-08 16:00:36,006 | INFO     | collectors.rfc_perf | [CENTOR_QAS] 63 STAT records, 0 dialog steps in the window (task mix: 0x12, 0xb, 0xe, 0xf, AUTOABAP, BTC, BUF.SYNC, OTHER, SPOOL) -- no GUI activity, metric left absent
2026-09-08 16:00:36,008 | INFO     | collectors.rfc_perf | [SARLOHA QAS] 56 STAT records, 0 dialog steps in the window (task mix: 0x12, 0xb, 0xe, 0xf, AUTOABAP, BTC, BUF.SYNC, OTHER, SPOOL) -- no GUI activity, metric left absent
2026-09-08 16:00:36,093 | INFO     | collectors.rfc_perf | [CENTOR_QAS] response time: no dialog steps in the last 5 min and no ST03N aggregate -- metric left absent (system idle or collector off)
2026-09-08 16:00:36,782 | INFO     | collectors.rfc_perf | [SARLOHA QAS] response time: STAT records unavailable, using ST03N aggregates
2026-09-08 16:00:37,705 | INFO     | collectors.rfc_perf | [CENTOR_QAS] SQLMD readable but 0 rows matched DDATE >= '20260901' -- is SQL Monitor (transaction SQLM) activated on this system?
2026-09-08 16:00:37,990 | INFO     | collectors.rfc_perf | [SARLOHA QAS] SQLMD readable but 0 rows matched DDATE >= '20260901' -- is SQL Monitor (transaction SQLM) activated on this system?
2026-09-08 16:00:47,870 | INFO     | collectors.rfc_perf | [PRD] SQLMD readable but 0 rows matched DDATE >= '20260901' -- is SQL Monitor (transaction SQLM) activated on this system?
2026-09-08 16:01:17,843 | INFO     | collectors.rfc_perf | [SARLOHA PRD] SQLMD readable but 0 rows matched DDATE >= '20260901' -- is SQL Monitor (transaction SQLM) activated on this system?
2026-09-08 16:01:45,145 | INFO     | collectors.rfc_perf | [CENTOR_QAS] 66 STAT records, 0 dialog steps in the window (task mix: 0x12, 0xb, 0xe, 0xf, AUTOABAP, BTC, BUF.SYNC, OTHER, SPOOL) -- no GUI activity, metric left absent
2026-09-08 16:01:45,531 | INFO     | collectors.rfc_perf | [CENTOR_QAS] response time: no dialog steps in the last 5 min and no ST03N aggregate -- metric left absent (system idle or collector off)
2026-09-08 16:01:46,102 | INFO     | collectors.rfc_perf | [CENTOR_QAS] SQLMD readable but 0 rows matched DDATE >= '20260901' -- is SQL Monitor (transaction SQLM) activated on this system?
2026-09-08 16:01:46,388 | INFO     | collectors.rfc_perf | [SARLOHA QAS] SQLMD readable but 0 rows matched DDATE >= '20260901' -- is SQL Monitor (transaction SQLM) activated on this system?
2026-09-08 16:01:56,645 | INFO     | collectors.rfc_perf | [PRD] SQLMD readable but 0 rows matched DDATE >= '20260901' -- is SQL Monitor (transaction SQLM) activated on this system?
2026-09-08 16:02:51,697 | INFO     | collectors.rfc_perf | [SARLOHA PRD] SQLMD readable but 0 rows matched DDATE >= '20260901' -- is SQL Monitor (transaction SQLM) activated on this system?
2026-09-08 16:03:07,246 | INFO     | collectors.rfc_perf | [CENTOR_QAS] 67 STAT records, 0 dialog steps in the window (task mix: 0x12, 0xb, 0xe, 0xf, AUTOABAP, BTC, BUF.SYNC, OTHER, SPOOL) -- no GUI activity, metric left absent
2026-09-08 16:03:07,533 | INFO     | collectors.rfc_perf | [CENTOR_QAS] response time: no dialog steps in the last 5 min and no ST03N aggregate -- metric left absent (system idle or collector off)
2026-09-08 16:03:08,540 | INFO     | collectors.rfc_perf | [CENTOR_QAS] SQLMD readable but 0 rows matched DDATE >= '20260901' -- is SQL Monitor (transaction SQLM) activated on this system?
2026-09-08 16:03:09,136 | INFO     | collectors.rfc_perf | [PRD] SQLMD readable but 0 rows matched DDATE >= '20260901' -- is SQL Monitor (transaction SQLM) activated on this system?
2026-09-08 16:03:09,321 | INFO     | collectors.rfc_perf | [SARLOHA QAS] SQLMD readable but 0 rows matched DDATE >= '20260901' -- is SQL Monitor (transaction SQLM) activated on this system?
2026-09-08 16:07:55,854 | INFO     | collectors.ccms_os | [SARLOHA PRD] CCMS OS monitor 'Operating System': matched cpu=2, load_5m=2, mem_free=2, mem_total=4, swap_free=2
2026-09-08 16:07:55,879 | INFO     | collectors.ccms_os | [SARLOHA QAS] CCMS OS monitor 'Operating System': matched cpu=1, load_5m=1, mem_free=1, mem_total=2, swap_free=1
2026-09-08 16:07:56,350 | INFO     | collectors.ccms_os | [CENTOR_QAS] CCMS OS monitor 'Operating System': matched cpu=1, load_5m=1, mem_free=1, mem_total=1, swap_free=1
2026-09-08 16:08:21,024 | INFO     | collectors.rfc_perf | [CENTOR_QAS] 44 STAT records, 0 dialog steps in the window (task mix: 0x12, 0xb, 0xe, 0xf, AUTOABAP, BTC, BUF.SYNC, OTHER, SPOOL) -- no GUI activity, metric left absent
2026-09-08 16:08:30,411 | INFO     | collectors.rfc_perf | [CENTOR_QAS] response time: no dialog steps in the last 5 min and no ST03N aggregate -- metric left absent (system idle or collector off)
2026-09-08 16:08:31,389 | INFO     | collectors.rfc_perf | [PRD] 119 STAT records, 0 dialog steps in the window (task mix: 0x12, 0xb, 0xe, AUTOABAP, BTC, BUF.SYNC, OTHER, SPOOL) -- no GUI activity, metric left absent
2026-09-08 16:08:45,678 | INFO     | collectors.rfc_perf | [PRD] response time: STAT records unavailable, using ST03N aggregates
2026-09-08 16:08:54,148 | INFO     | collectors.rfc_perf | [CENTOR_QAS] SQLMD readable but 0 rows matched DDATE >= '20260901' -- is SQL Monitor (transaction SQLM) activated on this system?
2026-09-08 16:08:58,906 | WARNING  | collectors.rfc_perf | [PRD] lock owner stamps run 300 min ahead of SAP system time -- OS time zone on the app server differs from the SAP time zone. Ages corrected; tell Basis.
2026-09-08 16:09:02,465 | INFO     | collectors.rfc_perf | [SARLOHA QAS] SQLMD readable but 0 rows matched DDATE >= '20260901' -- is SQL Monitor (transaction SQLM) activated on this system?
2026-09-08 16:09:05,284 | INFO     | collectors.rfc_perf | [PRD] SQLMD readable but 0 rows matched DDATE >= '20260901' -- is SQL Monitor (transaction SQLM) activated on this system?
2026-09-08 16:09:09,666 | INFO     | collectors.rfc_perf | [SARLOHA PRD] SQLMD readable but 0 rows matched DDATE >= '20260901' -- is SQL Monitor (transaction SQLM) activated on this system?
2026-09-08 16:10:01,382 | INFO     | collectors.rfc_perf | [CENTOR_QAS] 57 STAT records, 0 dialog steps in the window (task mix: 0x12, 0xb, 0xe, 0xf, AUTOABAP, BTC, BUF.SYNC, OTHER, SPOOL) -- no GUI activity, metric left absent
2026-09-08 16:10:01,482 | INFO     | collectors.rfc_perf | [CENTOR_QAS] response time: no dialog steps in the last 5 min and no ST03N aggregate -- metric left absent (system idle or collector off)
2026-09-08 16:10:02,583 | INFO     | collectors.rfc_perf | [CENTOR_QAS] SQLMD readable but 0 rows matched DDATE >= '20260901' -- is SQL Monitor (transaction SQLM) activated on this system?
2026-09-08 16:10:18,443 | INFO     | collectors.rfc_perf | [PRD] 117 STAT records, 0 dialog steps in the window (task mix: 0x12, 0xb, 0xe, AUTOABAP, BTC, BUF.SYNC, OTHER, SPOOL) -- no GUI activity, metric left absent
2026-09-08 16:10:18,598 | INFO     | collectors.rfc_perf | [SARLOHA QAS] 41 STAT records, 0 dialog steps in the window (task mix: 0x12, 0xb, 0xe, 0xf, AUTOABAP, BTC, BUF.SYNC, OTHER, SPOOL) -- no GUI activity, metric left absent
2026-09-08 16:10:24,116 | INFO     | collectors.rfc_perf | [PRD] response time: STAT records unavailable, using ST03N aggregates
2026-09-08 16:10:26,729 | INFO     | collectors.rfc_perf | [SARLOHA QAS] response time: STAT records unavailable, using ST03N aggregates
2026-09-08 16:10:37,553 | INFO     | collectors.rfc_perf | [PRD] SQLMD readable but 0 rows matched DDATE >= '20260901' -- is SQL Monitor (transaction SQLM) activated on this system?
2026-09-08 16:10:46,156 | INFO     | collectors.rfc_perf | [SARLOHA QAS] SQLMD readable but 0 rows matched DDATE >= '20260901' -- is SQL Monitor (transaction SQLM) activated on this system?
2026-09-08 16:10:53,405 | INFO     | collectors.rfc_perf | [SARLOHA PRD] SQLMD readable but 0 rows matched DDATE >= '20260901' -- is SQL Monitor (transaction SQLM) activated on this system?
2026-09-08 16:10:53,829 | INFO     | collectors.rfc_perf | [SARLOHA PRD] SQLMD readable but 0 rows matched DDATE >= '20260901' -- is SQL Monitor (transaction SQLM) activated on this system?
2026-09-08 16:11:16,102 | INFO     | collectors.rfc_perf | [CENTOR_QAS] 62 STAT records, 0 dialog steps in the window (task mix: 0x12, 0xb, 0xe, 0xf, AUTOABAP, BTC, BUF.SYNC, OTHER, SPOOL) -- no GUI activity, metric left absent
2026-09-08 16:11:16,207 | INFO     | collectors.rfc_perf | [CENTOR_QAS] response time: no dialog steps in the last 5 min and no ST03N aggregate -- metric left absent (system idle or collector off)
2026-09-08 16:11:18,185 | INFO     | collectors.rfc_perf | [CENTOR_QAS] SQLMD readable but 0 rows matched DDATE >= '20260901' -- is SQL Monitor (transaction SQLM) activated on this system?
2026-09-08 16:11:51,334 | INFO     | collectors.rfc_perf | [SARLOHA QAS] 49 STAT records, 0 dialog steps in the window (task mix: 0x12, 0xb, 0xe, 0xf, AUTOABAP, BTC, BUF.SYNC, OTHER, SPOOL) -- no GUI activity, metric left absent
2026-09-08 16:11:57,708 | INFO     | collectors.rfc_perf | [SARLOHA QAS] response time: STAT records unavailable, using ST03N aggregates
2026-09-08 16:12:06,671 | INFO     | collectors.rfc_perf | [SARLOHA QAS] SQLMD readable but 0 rows matched DDATE >= '20260901' -- is SQL Monitor (transaction SQLM) activated on this system?
2026-09-08 16:12:07,202 | INFO     | collectors.rfc_perf | [PRD] SQLMD readable but 0 rows matched DDATE >= '20260901' -- is SQL Monitor (transaction SQLM) activated on this system?
2026-09-08 16:12:43,424 | INFO     | collectors.rfc_perf | [SARLOHA PRD] SQLMD readable but 0 rows matched DDATE >= '20260901' -- is SQL Monitor (transaction SQLM) activated on this system?
2026-09-08 16:12:56,650 | INFO     | collectors.rfc_perf | [CENTOR_QAS] 71 STAT records, 0 dialog steps in the window (task mix: 0x12, 0xb, 0xe, 0xf, AUTOABAP, BTC, BUF.SYNC, OTHER, SPOOL) -- no GUI activity, metric left absent
2026-09-08 16:12:56,976 | INFO     | collectors.rfc_perf | [CENTOR_QAS] response time: no dialog steps in the last 5 min and no ST03N aggregate -- metric left absent (system idle or collector off)
2026-09-08 16:12:59,284 | INFO     | collectors.rfc_perf | [CENTOR_QAS] SQLMD readable but 0 rows matched DDATE >= '20260901' -- is SQL Monitor (transaction SQLM) activated on this system?
2026-09-08 16:13:16,096 | INFO     | collectors.rfc_perf | [SARLOHA QAS] 48 STAT records, 0 dialog steps in the window (task mix: 0x12, 0xb, 0xe, 0xf, BTC, BUF.SYNC, OTHER, SPOOL) -- no GUI activity, metric left absent
2026-09-08 16:13:21,740 | INFO     | collectors.rfc_perf | [SARLOHA QAS] response time: STAT records unavailable, using ST03N aggregates
2026-09-08 16:13:28,682 | INFO     | collectors.rfc_perf | [PRD] SQLMD readable but 0 rows matched DDATE >= '20260901' -- is SQL Monitor (transaction SQLM) activated on this system?
2026-09-08 16:13:29,801 | INFO     | collectors.rfc_perf | [SARLOHA QAS] SQLMD readable but 0 rows matched DDATE >= '20260901' -- is SQL Monitor (transaction SQLM) activated on this system?
2026-09-08 16:14:15,517 | INFO     | collectors.rfc_perf | [SARLOHA PRD] SQLMD readable but 0 rows matched DDATE >= '20260901' -- is SQL Monitor (transaction SQLM) activated on this system?
2026-09-08 16:14:28,322 | INFO     | collectors.rfc_perf | [CENTOR_QAS] 69 STAT records, 0 dialog steps in the window (task mix: 0x12, 0xb, 0xe, 0xf, AUTOABAP, BTC, BUF.SYNC, OTHER, SPOOL) -- no GUI activity, metric left absent
2026-09-08 16:14:28,512 | INFO     | collectors.rfc_perf | [CENTOR_QAS] response time: no dialog steps in the last 5 min and no ST03N aggregate -- metric left absent (system idle or collector off)
2026-09-08 16:14:31,379 | INFO     | collectors.rfc_perf | [CENTOR_QAS] SQLMD readable but 0 rows matched DDATE >= '20260901' -- is SQL Monitor (transaction SQLM) activated on this system?
2026-09-08 16:14:48,214 | INFO     | collectors.rfc_perf | [SARLOHA QAS] 48 STAT records, 0 dialog steps in the window (task mix: 0x12, 0xb, 0xe, 0xf, AUTOABAP, BTC, BUF.SYNC, OTHER, SPOOL) -- no GUI activity, metric left absent
2026-09-08 16:14:53,855 | INFO     | collectors.rfc_perf | [SARLOHA QAS] response time: STAT records unavailable, using ST03N aggregates
2026-09-08 16:15:02,004 | INFO     | collectors.rfc_perf | [PRD] SQLMD readable but 0 rows matched DDATE >= '20260901' -- is SQL Monitor (transaction SQLM) activated on this system?
2026-09-08 16:15:02,818 | INFO     | collectors.rfc_perf | [SARLOHA QAS] SQLMD readable but 0 rows matched DDATE >= '20260901' -- is SQL Monitor (transaction SQLM) activated on this system?
2026-09-08 16:15:54,744 | INFO     | collectors.rfc_perf | [SARLOHA PRD] SQLMD readable but 0 rows matched DDATE >= '20260901' -- is SQL Monitor (transaction SQLM) activated on this system?
2026-09-08 16:16:17,378 | INFO     | collectors.rfc_perf | [SARLOHA QAS] 45 STAT records, 0 dialog steps in the window (task mix: 0x12, 0xb, 0xe, 0xf, AUTOABAP, BTC, BUF.SYNC, OTHER, SPOOL) -- no GUI activity, metric left absent
2026-09-08 16:16:24,872 | INFO     | collectors.rfc_perf | [SARLOHA QAS] response time: STAT records unavailable, using ST03N aggregates
2026-09-08 16:16:35,431 | INFO     | collectors.rfc_perf | [SARLOHA QAS] SQLMD readable but 0 rows matched DDATE >= '20260901' -- is SQL Monitor (transaction SQLM) activated on this system?
2026-09-08 16:16:37,232 | INFO     | collectors.rfc_perf | [CENTOR_QAS] SQLMD readable but 0 rows matched DDATE >= '20260901' -- is SQL Monitor (transaction SQLM) activated on this system?
2026-09-08 16:16:41,640 | INFO     | collectors.rfc_perf | [PRD] SQLMD readable but 0 rows matched DDATE >= '20260901' -- is SQL Monitor (transaction SQLM) activated on this system?
2026-09-08 16:17:20,776 | INFO     | collectors.rfc_perf | [SARLOHA PRD] SQLMD readable but 0 rows matched DDATE >= '20260901' -- is SQL Monitor (transaction SQLM) activated on this system?
2026-09-08 16:18:30,454 | INFO     | collectors.rfc_perf | [SARLOHA QAS] 47 STAT records, 0 dialog steps in the window (task mix: 0x12, 0xb, 0xe, 0xf, BTC, BUF.SYNC, OTHER, SPOOL) -- no GUI activity, metric left absent
2026-09-08 16:18:46,551 | INFO     | collectors.rfc_perf | [SARLOHA QAS] response time: STAT records unavailable, using ST03N aggregates
2026-09-08 16:18:50,204 | INFO     | collectors.ccms_os | [SARLOHA PRD] CCMS OS monitor 'Operating System': matched cpu=2, load_5m=2, mem_free=2, mem_total=4, swap_free=2
2026-09-08 16:19:01,559 | INFO     | collectors.ccms_os | [CENTOR_QAS] CCMS OS monitor 'Operating System': matched cpu=1, load_5m=1, mem_free=1, mem_total=1, swap_free=1
2026-09-08 16:19:04,955 | INFO     | collectors.rfc_perf | [SARLOHA QAS] SQLMD readable but 0 rows matched DDATE >= '20260901' -- is SQL Monitor (transaction SQLM) activated on this system?
2026-09-08 16:19:06,842 | INFO     | collectors.rfc_perf | [CENTOR_QAS] SQLMD readable but 0 rows matched DDATE >= '20260901' -- is SQL Monitor (transaction SQLM) activated on this system?
2026-09-08 16:19:16,615 | INFO     | collectors.ccms_os | [SARLOHA QAS] CCMS OS monitor 'Operating System': matched cpu=1, load_5m=1, mem_free=1, mem_total=2, swap_free=1
2026-09-08 16:19:20,330 | INFO     | collectors.rfc_perf | [CENTOR_QAS] SQLMD readable but 0 rows matched DDATE >= '20260901' -- is SQL Monitor (transaction SQLM) activated on this system?
2026-09-08 16:19:23,635 | INFO     | collectors.rfc_perf | [SARLOHA PRD] SQLMD readable but 0 rows matched DDATE >= '20260901' -- is SQL Monitor (transaction SQLM) activated on this system?
2026-09-08 16:19:28,092 | INFO     | collectors.rfc_perf | [PRD] SQLMD readable but 0 rows matched DDATE >= '20260901' -- is SQL Monitor (transaction SQLM) activated on this system?
2026-09-08 16:19:41,070 | INFO     | collectors.rfc_perf | [SARLOHA PRD] SQLMD readable but 0 rows matched DDATE >= '20260901' -- is SQL Monitor (transaction SQLM) activated on this system?
2026-09-08 16:20:09,302 | INFO     | collectors.rfc_perf | [SARLOHA QAS] 90 STAT records, 0 dialog steps in the window (task mix: 0x12, 0xb, 0xe, 0xf, 0xfa, AUTOABAP, BTC, BUF.SYNC, OTHER, SPOOL) -- no GUI activity, metric left absent
2026-09-08 16:20:10,051 | INFO     | collectors.rfc_perf | [SARLOHA QAS] response time: STAT records unavailable, using ST03N aggregates
2026-09-08 16:20:10,592 | INFO     | collectors.rfc_perf | [SARLOHA QAS] SQLMD readable but 0 rows matched DDATE >= '20260901' -- is SQL Monitor (transaction SQLM) activated on this system?
2026-09-08 16:20:29,536 | INFO     | collectors.rfc_perf | [CENTOR_QAS] SQLMD readable but 0 rows matched DDATE >= '20260901' -- is SQL Monitor (transaction SQLM) activated on this system?
2026-09-08 16:20:38,526 | INFO     | collectors.rfc_perf | [PRD] 135 STAT records, 0 dialog steps in the window (task mix: 0x12, 0xb, 0xe, AUTOABAP, BTC, BUF.SYNC, OTHER, SPOOL) -- no GUI activity, metric left absent
2026-09-08 16:20:39,661 | INFO     | collectors.rfc_perf | [PRD] response time: STAT records unavailable, using ST03N aggregates
2026-09-08 16:20:40,269 | INFO     | collectors.rfc_perf | [PRD] SQLMD readable but 0 rows matched DDATE >= '20260901' -- is SQL Monitor (transaction SQLM) activated on this system?
2026-09-08 16:20:52,222 | INFO     | collectors.rfc_perf | [SARLOHA PRD] SQLMD readable but 0 rows matched DDATE >= '20260901' -- is SQL Monitor (transaction SQLM) activated on this system?
2026-09-08 16:21:19,904 | INFO     | collectors.rfc_perf | [SARLOHA QAS] 114 STAT records, 0 dialog steps in the window (task mix: 0x12, 0xb, 0xe, 0xf, 0xfa, AUTOABAP, BTC, BUF.SYNC, OTHER, SPOOL) -- no GUI activity, metric left absent
2026-09-08 16:21:20,625 | INFO     | collectors.rfc_perf | [SARLOHA QAS] response time: STAT records unavailable, using ST03N aggregates
2026-09-08 16:21:21,270 | INFO     | collectors.rfc_perf | [SARLOHA QAS] SQLMD readable but 0 rows matched DDATE >= '20260901' -- is SQL Monitor (transaction SQLM) activated on this system?
2026-09-08 16:21:31,539 | INFO     | collectors.rfc_perf | [CENTOR_QAS] SQLMD readable but 0 rows matched DDATE >= '20260901' -- is SQL Monitor (transaction SQLM) activated on this system?
2026-09-08 16:21:49,383 | INFO     | collectors.rfc_perf | [PRD] 127 STAT records, 0 dialog steps in the window (task mix: 0x12, 0xb, 0xe, AUTOABAP, BTC, BUF.SYNC, OTHER, SPOOL) -- no GUI activity, metric left absent
2026-09-08 16:21:50,358 | INFO     | collectors.rfc_perf | [PRD] response time: STAT records unavailable, using ST03N aggregates
2026-09-08 16:21:50,948 | INFO     | collectors.rfc_perf | [PRD] SQLMD readable but 0 rows matched DDATE >= '20260901' -- is SQL Monitor (transaction SQLM) activated on this system?
2026-09-08 16:22:04,447 | INFO     | collectors.rfc_perf | [SARLOHA PRD] SQLMD readable but 0 rows matched DDATE >= '20260901' -- is SQL Monitor (transaction SQLM) activated on this system?
2026-09-08 16:22:23,089 | INFO     | collectors.rfc_perf | [SARLOHA QAS] 133 STAT records, 0 dialog steps in the window (task mix: 0x12, 0xb, 0xe, 0xf, 0xfa, AUTOABAP, BTC, BUF.SYNC, OTHER, SPOOL) -- no GUI activity, metric left absent
2026-09-08 16:22:24,053 | INFO     | collectors.rfc_perf | [SARLOHA QAS] response time: STAT records unavailable, using ST03N aggregates
2026-09-08 16:22:24,725 | INFO     | collectors.rfc_perf | [SARLOHA QAS] SQLMD readable but 0 rows matched DDATE >= '20260901' -- is SQL Monitor (transaction SQLM) activated on this system?
2026-09-08 16:22:34,715 | INFO     | collectors.rfc_perf | [CENTOR_QAS] SQLMD readable but 0 rows matched DDATE >= '20260901' -- is SQL Monitor (transaction SQLM) activated on this system?
2026-09-08 16:22:52,361 | INFO     | collectors.rfc_perf | [PRD] 119 STAT records, 0 dialog steps in the window (task mix: 0x12, 0xb, 0xe, AUTOABAP, BTC, BUF.SYNC, OTHER, SPOOL) -- no GUI activity, metric left absent
2026-09-08 16:22:53,486 | INFO     | collectors.rfc_perf | [PRD] response time: STAT records unavailable, using ST03N aggregates
2026-09-08 16:22:54,064 | INFO     | collectors.rfc_perf | [PRD] SQLMD readable but 0 rows matched DDATE >= '20260901' -- is SQL Monitor (transaction SQLM) activated on this system?
2026-09-08 16:23:15,199 | INFO     | collectors.rfc_perf | [SARLOHA PRD] SQLMD readable but 0 rows matched DDATE >= '20260901' -- is SQL Monitor (transaction SQLM) activated on this system?
2026-09-08 16:23:33,411 | INFO     | collectors.rfc_perf | [SARLOHA QAS] 114 STAT records, 0 dialog steps in the window (task mix: 0x12, 0xb, 0xe, 0xf, BTC, BUF.SYNC, OTHER, SPOOL) -- no GUI activity, metric left absent
2026-09-08 16:23:34,187 | INFO     | collectors.rfc_perf | [SARLOHA QAS] response time: STAT records unavailable, using ST03N aggregates
2026-09-08 16:23:34,761 | INFO     | collectors.rfc_perf | [SARLOHA QAS] SQLMD readable but 0 rows matched DDATE >= '20260901' -- is SQL Monitor (transaction SQLM) activated on this system?
2026-09-08 16:23:46,027 | INFO     | collectors.rfc_perf | [CENTOR_QAS] SQLMD readable but 0 rows matched DDATE >= '20260901' -- is SQL Monitor (transaction SQLM) activated on this system?
2026-09-08 16:24:00,581 | INFO     | collectors.rfc_perf | [PRD] 121 STAT records, 0 dialog steps in the window (task mix: 0x12, 0xb, 0xe, AUTOABAP, BTC, BUF.SYNC, OTHER, SPOOL) -- no GUI activity, metric left absent
2026-09-08 16:24:01,978 | INFO     | collectors.rfc_perf | [PRD] response time: STAT records unavailable, using ST03N aggregates
2026-09-08 16:24:02,757 | INFO     | collectors.rfc_perf | [PRD] SQLMD readable but 0 rows matched DDATE >= '20260901' -- is SQL Monitor (transaction SQLM) activated on this system?
2026-09-08 16:24:25,229 | INFO     | collectors.rfc_perf | [SARLOHA PRD] SQLMD readable but 0 rows matched DDATE >= '20260901' -- is SQL Monitor (transaction SQLM) activated on this system?
2026-09-08 16:24:44,023 | INFO     | collectors.rfc_perf | [SARLOHA QAS] 115 STAT records, 0 dialog steps in the window (task mix: 0x12, 0xb, 0xe, 0xf, AUTOABAP, BTC, BUF.SYNC, OTHER, SPOOL) -- no GUI activity, metric left absent
2026-09-08 16:24:45,330 | INFO     | collectors.rfc_perf | [SARLOHA QAS] response time: STAT records unavailable, using ST03N aggregates
2026-09-08 16:24:45,891 | INFO     | collectors.rfc_perf | [SARLOHA QAS] SQLMD readable but 0 rows matched DDATE >= '20260901' -- is SQL Monitor (transaction SQLM) activated on this system?
2026-09-08 16:24:56,624 | INFO     | collectors.rfc_perf | [CENTOR_QAS] SQLMD readable but 0 rows matched DDATE >= '20260901' -- is SQL Monitor (transaction SQLM) activated on this system?
2026-09-08 16:25:05,967 | INFO     | collectors.rfc_perf | [PRD] 126 STAT records, 0 dialog steps in the window (task mix: 0x12, 0xb, 0xe, AUTOABAP, BTC, BUF.SYNC, OTHER, SPOOL) -- no GUI activity, metric left absent
2026-09-08 16:25:07,091 | INFO     | collectors.rfc_perf | [PRD] response time: STAT records unavailable, using ST03N aggregates
2026-09-08 16:25:07,951 | INFO     | collectors.rfc_perf | [PRD] SQLMD readable but 0 rows matched DDATE >= '20260901' -- is SQL Monitor (transaction SQLM) activated on this system?
2026-09-08 16:25:31,596 | INFO     | collectors.rfc_perf | [SARLOHA PRD] SQLMD readable but 0 rows matched DDATE >= '20260901' -- is SQL Monitor (transaction SQLM) activated on this system?
2026-09-08 16:28:49,264 | INFO     | collectors.ccms_os | [SARLOHA PRD] CCMS OS monitor 'Operating System': matched cpu=2, load_5m=2, mem_free=2, mem_total=4, swap_free=2
2026-09-08 16:28:49,253 | INFO     | collectors.ccms_os | [SARLOHA QAS] CCMS OS monitor 'Operating System': matched cpu=1, load_5m=1, mem_free=1, mem_total=2, swap_free=1
2026-09-08 16:28:50,380 | INFO     | collectors.ccms_os | [CENTOR_QAS] CCMS OS monitor 'Operating System': matched cpu=1, load_5m=1, mem_free=1, mem_total=1, swap_free=1
2026-09-08 16:29:07,677 | INFO     | collectors.rfc_perf | [PRD] 144 STAT records, 0 dialog steps in the window (task mix: 0x12, 0x21, 0xb, 0xe, AUTOABAP, BTC, BUF.SYNC, OTHER, SPOOL) -- no GUI activity, metric left absent
2026-09-08 16:29:12,657 | INFO     | collectors.rfc_perf | [SARLOHA QAS] 36 STAT records, 0 dialog steps in the window (task mix: 0x12, 0xb, 0xe, 0xf, AUTOABAP, BTC, BUF.SYNC, OTHER, SPOOL) -- no GUI activity, metric left absent
2026-09-08 16:29:21,104 | INFO     | collectors.rfc_perf | [PRD] response time: STAT records unavailable, using ST03N aggregates
2026-09-08 16:29:21,139 | INFO     | collectors.rfc_perf | [CENTOR_QAS] 45 STAT records, 0 dialog steps in the window (task mix: 0x12, 0xb, 0xe, 0xf, AUTOABAP, BTC, BUF.SYNC, OTHER, SPOOL) -- no GUI activity, metric left absent
2026-09-08 16:29:23,614 | INFO     | collectors.rfc_perf | [SARLOHA QAS] response time: STAT records unavailable, using ST03N aggregates
2026-09-08 16:29:25,188 | INFO     | collectors.rfc_perf | [CENTOR_QAS] response time: no dialog steps in the last 5 min and no ST03N aggregate -- metric left absent (system idle or collector off)
2026-09-08 16:29:29,944 | WARNING  | collectors.rfc_perf | [PRD] lock owner stamps run 270 min ahead of SAP system time -- OS time zone on the app server differs from the SAP time zone. Ages corrected; tell Basis.
2026-09-08 16:29:30,736 | INFO     | collectors.rfc_perf | [CENTOR_QAS] SQLMD readable but 0 rows matched DDATE >= '20260901' -- is SQL Monitor (transaction SQLM) activated on this system?
2026-09-08 16:29:35,442 | INFO     | collectors.rfc_perf | [PRD] SQLMD readable but 0 rows matched DDATE >= '20260901' -- is SQL Monitor (transaction SQLM) activated on this system?
2026-09-08 16:29:37,221 | INFO     | collectors.rfc_perf | [SARLOHA QAS] SQLMD readable but 0 rows matched DDATE >= '20260901' -- is SQL Monitor (transaction SQLM) activated on this system?
2026-09-08 16:29:39,714 | INFO     | collectors.rfc_perf | [SARLOHA PRD] SQLMD readable but 0 rows matched DDATE >= '20260901' -- is SQL Monitor (transaction SQLM) activated on this system?
2026-09-08 16:30:41,786 | INFO     | collectors.rfc_perf | [PRD] 138 STAT records, 0 dialog steps in the window (task mix: 0x12, 0x21, 0xb, 0xe, AUTOABAP, BTC, BUF.SYNC, OTHER, SPOOL) -- no GUI activity, metric left absent
2026-09-08 16:30:43,284 | INFO     | collectors.rfc_perf | [PRD] response time: STAT records unavailable, using ST03N aggregates
2026-09-08 16:30:43,535 | INFO     | collectors.rfc_perf | [CENTOR_QAS] 49 STAT records, 0 dialog steps in the window (task mix: 0x12, 0xb, 0xe, 0xf, AUTOABAP, BTC, BUF.SYNC, OTHER, SPOOL) -- no GUI activity, metric left absent
2026-09-08 16:30:43,733 | INFO     | collectors.rfc_perf | [CENTOR_QAS] response time: no dialog steps in the last 5 min and no ST03N aggregate -- metric left absent (system idle or collector off)
2026-09-08 16:30:43,739 | INFO     | collectors.rfc_perf | [SARLOHA QAS] 42 STAT records, 0 dialog steps in the window (task mix: 0x12, 0xb, 0xe, 0xf, AUTOABAP, BTC, BUF.SYNC, OTHER, SPOOL) -- no GUI activity, metric left absent
2026-09-08 16:30:45,268 | INFO     | collectors.rfc_perf | [SARLOHA QAS] response time: STAT records unavailable, using ST03N aggregates
2026-09-08 16:30:47,085 | INFO     | collectors.rfc_perf | [CENTOR_QAS] SQLMD readable but 0 rows matched DDATE >= '20260901' -- is SQL Monitor (transaction SQLM) activated on this system?
2026-09-08 16:30:48,020 | INFO     | collectors.rfc_perf | [PRD] SQLMD readable but 0 rows matched DDATE >= '20260901' -- is SQL Monitor (transaction SQLM) activated on this system?
2026-09-08 16:30:48,685 | INFO     | collectors.rfc_perf | [SARLOHA QAS] SQLMD readable but 0 rows matched DDATE >= '20260901' -- is SQL Monitor (transaction SQLM) activated on this system?
2026-09-08 16:30:49,493 | INFO     | collectors.rfc_perf | [SARLOHA PRD] SQLMD readable but 0 rows matched DDATE >= '20260901' -- is SQL Monitor (transaction SQLM) activated on this system?
2026-09-08 16:31:51,472 | INFO     | collectors.rfc_perf | [PRD] 133 STAT records, 0 dialog steps in the window (task mix: 0x12, 0xb, 0xe, AUTOABAP, BTC, BUF.SYNC, OTHER, SPOOL) -- no GUI activity, metric left absent
2026-09-08 16:31:52,521 | INFO     | collectors.rfc_perf | [PRD] response time: STAT records unavailable, using ST03N aggregates
2026-09-08 16:31:53,123 | INFO     | collectors.rfc_perf | [CENTOR_QAS] 56 STAT records, 0 dialog steps in the window (task mix: 0x12, 0xb, 0xe, 0xf, AUTOABAP, BTC, BUF.SYNC, OTHER, SPOOL) -- no GUI activity, metric left absent
2026-09-08 16:31:53,310 | INFO     | collectors.rfc_perf | [CENTOR_QAS] response time: no dialog steps in the last 5 min and no ST03N aggregate -- metric left absent (system idle or collector off)
2026-09-08 16:31:53,572 | INFO     | collectors.rfc_perf | [SARLOHA QAS] 53 STAT records, 0 dialog steps in the window (task mix: 0x12, 0xb, 0xe, 0xf, AUTOABAP, BTC, BUF.SYNC, OTHER, SPOOL) -- no GUI activity, metric left absent
2026-09-08 16:31:54,469 | INFO     | collectors.rfc_perf | [SARLOHA QAS] response time: STAT records unavailable, using ST03N aggregates
2026-09-08 16:31:55,542 | INFO     | collectors.rfc_perf | [CENTOR_QAS] SQLMD readable but 0 rows matched DDATE >= '20260901' -- is SQL Monitor (transaction SQLM) activated on this system?
2026-09-08 16:31:55,738 | INFO     | collectors.rfc_perf | [PRD] SQLMD readable but 0 rows matched DDATE >= '20260901' -- is SQL Monitor (transaction SQLM) activated on this system?
2026-09-08 16:31:56,194 | INFO     | collectors.rfc_perf | [SARLOHA QAS] SQLMD readable but 0 rows matched DDATE >= '20260901' -- is SQL Monitor (transaction SQLM) activated on this system?
2026-09-08 16:31:58,144 | INFO     | collectors.rfc_perf | [SARLOHA PRD] SQLMD readable but 0 rows matched DDATE >= '20260901' -- is SQL Monitor (transaction SQLM) activated on this system?
2026-09-08 16:33:26,728 | INFO     | collectors.rfc_perf | [PRD] 117 STAT records, 0 dialog steps in the window (task mix: 0x12, 0xb, 0xe, AUTOABAP, BTC, BUF.SYNC, OTHER, SPOOL) -- no GUI activity, metric left absent
2026-09-08 16:33:27,041 | INFO     | collectors.rfc_perf | [CENTOR_QAS] 64 STAT records, 0 dialog steps in the window (task mix: 0x12, 0xb, 0xe, 0xf, AUTOABAP, BTC, BUF.SYNC, OTHER, SPOOL) -- no GUI activity, metric left absent
2026-09-08 16:33:41,719 | INFO     | collectors.rfc_perf | [PRD] response time: STAT records unavailable, using ST03N aggregates
2026-09-08 16:33:42,335 | INFO     | collectors.rfc_perf | [CENTOR_QAS] response time: no dialog steps in the last 5 min and no ST03N aggregate -- metric left absent (system idle or collector off)
2026-09-08 16:34:38,164 | INFO     | collectors.rfc_perf | [CENTOR_QAS] SQLMD readable but 0 rows matched DDATE >= '20260901' -- is SQL Monitor (transaction SQLM) activated on this system?
2026-09-08 16:35:07,861 | INFO     | collectors.rfc_perf | [PRD] SQLMD readable but 0 rows matched DDATE >= '20260901' -- is SQL Monitor (transaction SQLM) activated on this system?
2026-09-08 16:35:18,673 | INFO     | collectors.rfc_perf | [SARLOHA QAS] SQLMD readable but 0 rows matched DDATE >= '20260901' -- is SQL Monitor (transaction SQLM) activated on this system?
2026-09-08 16:35:20,967 | INFO     | collectors.rfc_perf | [SARLOHA PRD] SQLMD readable but 0 rows matched DDATE >= '20260901' -- is SQL Monitor (transaction SQLM) activated on this system?
2026-09-08 16:36:13,301 | INFO     | collectors.rfc_perf | [CENTOR_QAS] 55 STAT records, 0 dialog steps in the window (task mix: 0x12, 0xb, 0xe, 0xf, AUTOABAP, BTC, BUF.SYNC, OTHER, SPOOL) -- no GUI activity, metric left absent
2026-09-08 16:36:13,534 | INFO     | collectors.rfc_perf | [CENTOR_QAS] response time: no dialog steps in the last 5 min and no ST03N aggregate -- metric left absent (system idle or collector off)
2026-09-08 16:36:17,143 | INFO     | collectors.rfc_perf | [CENTOR_QAS] SQLMD readable but 0 rows matched DDATE >= '20260901' -- is SQL Monitor (transaction SQLM) activated on this system?
2026-09-08 16:36:40,509 | INFO     | collectors.rfc_perf | [SARLOHA QAS] 37 STAT records, 0 dialog steps in the window (task mix: 0x12, 0xb, 0xe, 0xf, AUTOABAP, BTC, BUF.SYNC, OTHER, SPOOL) -- no GUI activity, metric left absent
2026-09-08 16:37:03,999 | INFO     | collectors.rfc_perf | [SARLOHA QAS] response time: STAT records unavailable, using ST03N aggregates
2026-09-08 16:37:04,131 | INFO     | collectors.rfc_perf | [PRD] 152 STAT records, 0 dialog steps in the window (task mix: 0x12, 0xb, 0xe, AUTOABAP, BTC, BUF.SYNC, OTHER, SPOOL) -- no GUI activity, metric left absent
2026-09-08 16:37:16,654 | INFO     | collectors.rfc_perf | [PRD] response time: STAT records unavailable, using ST03N aggregates
2026-09-08 16:37:42,220 | WARNING  | collectors.rfc_perf | [PRD] lock owner stamps run 330 min ahead of SAP system time -- OS time zone on the app server differs from the SAP time zone. Ages corrected; tell Basis.
2026-09-08 16:38:16,333 | INFO     | collectors.rfc_perf | [SARLOHA QAS] SQLMD readable but 0 rows matched DDATE >= '20260901' -- is SQL Monitor (transaction SQLM) activated on this system?
2026-09-08 16:38:19,556 | INFO     | collectors.rfc_perf | [PRD] SQLMD readable but 0 rows matched DDATE >= '20260901' -- is SQL Monitor (transaction SQLM) activated on this system?
2026-09-08 16:38:30,103 | INFO     | collectors.rfc_perf | [SARLOHA PRD] SQLMD readable but 0 rows matched DDATE >= '20260901' -- is SQL Monitor (transaction SQLM) activated on this system?
2026-09-08 16:38:55,755 | INFO     | collectors.rfc_perf | [CENTOR_QAS] 43 STAT records, 0 dialog steps in the window (task mix: 0x12, 0xb, 0xe, 0xf, AUTOABAP, BTC, BUF.SYNC, OTHER, SPOOL) -- no GUI activity, metric left absent
2026-09-08 16:38:55,878 | INFO     | collectors.rfc_perf | [CENTOR_QAS] response time: no dialog steps in the last 5 min and no ST03N aggregate -- metric left absent (system idle or collector off)
2026-09-08 16:38:57,443 | INFO     | collectors.rfc_perf | [CENTOR_QAS] SQLMD readable but 0 rows matched DDATE >= '20260901' -- is SQL Monitor (transaction SQLM) activated on this system?
2026-09-08 16:39:11,404 | INFO     | collectors.ccms_os | [SARLOHA QAS] CCMS OS monitor 'Operating System': matched cpu=1, load_5m=1, mem_free=1, mem_total=2, swap_free=1
2026-09-08 16:39:12,355 | INFO     | collectors.ccms_os | [CENTOR_QAS] CCMS OS monitor 'Operating System': matched cpu=1, load_5m=1, mem_free=1, mem_total=1, swap_free=1
2026-09-08 16:39:12,459 | INFO     | collectors.ccms_os | [SARLOHA PRD] CCMS OS monitor 'Operating System': matched cpu=2, load_5m=2, mem_free=2, mem_total=4, swap_free=2
2026-09-08 16:39:34,197 | INFO     | collectors.rfc_perf | [SARLOHA QAS] 43 STAT records, 0 dialog steps in the window (task mix: 0x12, 0xb, 0xe, 0xf, AUTOABAP, BTC, BUF.SYNC, OTHER, SPOOL) -- no GUI activity, metric left absent
2026-09-08 16:39:43,993 | INFO     | collectors.rfc_perf | [PRD] 211 STAT records, 0 dialog steps in the window (task mix: 0x12, 0xb, 0xe, AUTOABAP, BTC, BUF.SYNC, OTHER, SPOOL) -- no GUI activity, metric left absent
2026-09-08 16:39:43,996 | INFO     | collectors.rfc_perf | [SARLOHA QAS] response time: STAT records unavailable, using ST03N aggregates
2026-09-08 16:39:51,871 | INFO     | collectors.rfc_perf | [PRD] response time: STAT records unavailable, using ST03N aggregates
2026-09-08 16:40:04,463 | INFO     | collectors.rfc_perf | [SARLOHA QAS] SQLMD readable but 0 rows matched DDATE >= '20260901' -- is SQL Monitor (transaction SQLM) activated on this system?
2026-09-08 16:40:05,082 | INFO     | collectors.rfc_perf | [PRD] SQLMD readable but 0 rows matched DDATE >= '20260901' -- is SQL Monitor (transaction SQLM) activated on this system?
2026-09-08 16:40:21,470 | INFO     | collectors.rfc_perf | [CENTOR_QAS] 50 STAT records, 0 dialog steps in the window (task mix: 0x12, 0xb, 0xe, 0xf, AUTOABAP, BTC, BUF.SYNC, OTHER, SPOOL) -- no GUI activity, metric left absent
2026-09-08 16:40:21,908 | INFO     | collectors.rfc_perf | [CENTOR_QAS] response time: no dialog steps in the last 5 min and no ST03N aggregate -- metric left absent (system idle or collector off)
2026-09-08 16:40:37,708 | INFO     | collectors.rfc_perf | [CENTOR_QAS] SQLMD readable but 0 rows matched DDATE >= '20260901' -- is SQL Monitor (transaction SQLM) activated on this system?
2026-09-08 16:41:33,251 | INFO     | collectors.rfc_perf | [SARLOHA PRD] SQLMD readable but 0 rows matched DDATE >= '20260901' -- is SQL Monitor (transaction SQLM) activated on this system?
2026-09-08 16:42:01,742 | INFO     | collectors.rfc_perf | [SARLOHA QAS] 43 STAT records, 0 dialog steps in the window (task mix: 0x12, 0xb, 0xe, 0xf, AUTOABAP, BTC, BUF.SYNC, OTHER, SPOOL) -- no GUI activity, metric left absent
2026-09-08 16:42:07,568 | INFO     | collectors.rfc_perf | [SARLOHA QAS] response time: STAT records unavailable, using ST03N aggregates
2026-09-08 16:42:10,341 | INFO     | collectors.rfc_perf | [PRD] 150 STAT records, 0 dialog steps in the window (task mix: 0x12, 0xb, 0xe, AUTOABAP, BTC, BUF.SYNC, OTHER, SPOOL) -- no GUI activity, metric left absent
2026-09-08 16:42:16,401 | INFO     | collectors.rfc_perf | [PRD] response time: STAT records unavailable, using ST03N aggregates
2026-09-08 16:42:24,516 | INFO     | collectors.rfc_perf | [SARLOHA QAS] SQLMD readable but 0 rows matched DDATE >= '20260901' -- is SQL Monitor (transaction SQLM) activated on this system?
2026-09-08 16:42:24,691 | INFO     | collectors.rfc_perf | [PRD] SQLMD readable but 0 rows matched DDATE >= '20260901' -- is SQL Monitor (transaction SQLM) activated on this system?
2026-09-08 16:43:04,219 | WARNING  | collectors.rfc_perf | [CENTOR_QAS] SQLMD read FAILED (RFC_READ_TABLE returned no result). fields=['PROGNAME', 'PROCNAME', 'PROCLINE', 'STMTKIND', 'TABLENAME', 'ROOTNAME', 'ROOTTYPE', 'XCNT', 'DBSUM', 'RTSUM', 'DBMAX', 'RCNT', 'DDATE'] where="DDATE >= '20260901'". Try the probe with --sqlm.
2026-09-08 16:43:19,365 | INFO     | collectors.rfc_perf | [SARLOHA PRD] SQLMD readable but 0 rows matched DDATE >= '20260901' -- is SQL Monitor (transaction SQLM) activated on this system?
2026-09-08 16:43:42,828 | INFO     | collectors.rfc_perf | [SARLOHA QAS] 35 STAT records, 0 dialog steps in the window (task mix: 0x12, 0xb, 0xe, 0xf, BTC, BUF.SYNC, OTHER, SPOOL) -- no GUI activity, metric left absent
2026-09-08 16:43:43,796 | INFO     | collectors.rfc_perf | [SARLOHA QAS] response time: STAT records unavailable, using ST03N aggregates
2026-09-08 16:43:44,264 | INFO     | collectors.rfc_perf | [PRD] SQLMD readable but 0 rows matched DDATE >= '20260901' -- is SQL Monitor (transaction SQLM) activated on this system?
2026-09-08 16:43:44,655 | INFO     | collectors.rfc_perf | [SARLOHA QAS] SQLMD readable but 0 rows matched DDATE >= '20260901' -- is SQL Monitor (transaction SQLM) activated on this system?
2026-09-08 16:44:13,690 | INFO     | collectors.rfc_perf | [CENTOR_QAS] SQLMD readable but 0 rows matched DDATE >= '20260901' -- is SQL Monitor (transaction SQLM) activated on this system?
2026-09-08 16:44:28,216 | INFO     | collectors.rfc_perf | [SARLOHA PRD] SQLMD readable but 0 rows matched DDATE >= '20260901' -- is SQL Monitor (transaction SQLM) activated on this system?
2026-09-08 16:44:47,235 | INFO     | collectors.rfc_perf | [SARLOHA QAS] 41 STAT records, 0 dialog steps in the window (task mix: 0x12, 0xb, 0xe, 0xf, AUTOABAP, BTC, BUF.SYNC, OTHER, SPOOL) -- no GUI activity, metric left absent
2026-09-08 16:44:48,228 | INFO     | collectors.rfc_perf | [SARLOHA QAS] response time: STAT records unavailable, using ST03N aggregates
2026-09-08 16:44:49,328 | INFO     | collectors.rfc_perf | [PRD] SQLMD readable but 0 rows matched DDATE >= '20260901' -- is SQL Monitor (transaction SQLM) activated on this system?
2026-09-08 16:44:51,190 | INFO     | collectors.rfc_perf | [SARLOHA QAS] SQLMD readable but 0 rows matched DDATE >= '20260901' -- is SQL Monitor (transaction SQLM) activated on this system?
2026-09-08 16:45:19,004 | INFO     | collectors.rfc_perf | [CENTOR_QAS] SQLMD readable but 0 rows matched DDATE >= '20260901' -- is SQL Monitor (transaction SQLM) activated on this system?
2026-09-08 16:45:40,401 | INFO     | collectors.rfc_perf | [SARLOHA PRD] SQLMD readable but 0 rows matched DDATE >= '20260901' -- is SQL Monitor (transaction SQLM) activated on this system?
2026-09-08 16:45:59,244 | INFO     | collectors.rfc_perf | [SARLOHA QAS] 49 STAT records, 0 dialog steps in the window (task mix: 0x12, 0xb, 0xe, 0xf, AUTOABAP, BTC, BUF.SYNC, OTHER, SPOOL) -- no GUI activity, metric left absent
2026-09-08 16:46:00,665 | INFO     | collectors.rfc_perf | [SARLOHA QAS] response time: STAT records unavailable, using ST03N aggregates
2026-09-08 16:46:01,510 | INFO     | collectors.rfc_perf | [PRD] SQLMD readable but 0 rows matched DDATE >= '20260901' -- is SQL Monitor (transaction SQLM) activated on this system?
2026-09-08 16:46:02,210 | INFO     | collectors.rfc_perf | [SARLOHA QAS] SQLMD readable but 0 rows matched DDATE >= '20260901' -- is SQL Monitor (transaction SQLM) activated on this system?
2026-09-08 16:46:21,671 | INFO     | collectors.rfc_perf | [CENTOR_QAS] SQLMD readable but 0 rows matched DDATE >= '20260901' -- is SQL Monitor (transaction SQLM) activated on this system?
2026-09-08 16:46:51,643 | INFO     | collectors.rfc_perf | [SARLOHA PRD] SQLMD readable but 0 rows matched DDATE >= '20260901' -- is SQL Monitor (transaction SQLM) activated on this system?
2026-09-08 16:47:10,236 | INFO     | collectors.rfc_perf | [SARLOHA QAS] 55 STAT records, 0 dialog steps in the window (task mix: 0x12, 0xb, 0xe, 0xf, AUTOABAP, BTC, BUF.SYNC, OTHER, SPOOL) -- no GUI activity, metric left absent
2026-09-08 16:47:11,230 | INFO     | collectors.rfc_perf | [SARLOHA QAS] response time: STAT records unavailable, using ST03N aggregates
2026-09-08 16:47:11,634 | INFO     | collectors.rfc_perf | [PRD] SQLMD readable but 0 rows matched DDATE >= '20260901' -- is SQL Monitor (transaction SQLM) activated on this system?
2026-09-08 16:47:12,105 | INFO     | collectors.rfc_perf | [SARLOHA QAS] SQLMD readable but 0 rows matched DDATE >= '20260901' -- is SQL Monitor (transaction SQLM) activated on this system?
2026-09-08 16:47:32,140 | INFO     | collectors.rfc_perf | [CENTOR_QAS] SQLMD readable but 0 rows matched DDATE >= '20260901' -- is SQL Monitor (transaction SQLM) activated on this system?
2026-09-08 16:48:04,201 | INFO     | collectors.rfc_perf | [SARLOHA PRD] SQLMD readable but 0 rows matched DDATE >= '20260901' -- is SQL Monitor (transaction SQLM) activated on this system?
2026-09-08 16:48:17,632 | INFO     | collectors.rfc_perf | [PRD] 124 STAT records, 0 dialog steps in the window (task mix: 0x12, 0xb, 0xe, AUTOABAP, BTC, BUF.SYNC, OTHER, SPOOL) -- no GUI activity, metric left absent
2026-09-08 16:48:17,634 | INFO     | collectors.rfc_perf | [SARLOHA QAS] 58 STAT records, 0 dialog steps in the window (task mix: 0x12, 0xb, 0xe, 0xf, BTC, BUF.SYNC, OTHER, SPOOL) -- no GUI activity, metric left absent
2026-09-08 16:48:21,666 | INFO     | collectors.rfc_perf | [SARLOHA QAS] response time: STAT records unavailable, using ST03N aggregates
2026-09-08 16:48:21,666 | INFO     | collectors.rfc_perf | [PRD] response time: STAT records unavailable, using ST03N aggregates
2026-09-08 16:48:25,528 | INFO     | collectors.rfc_perf | [PRD] SQLMD readable but 0 rows matched DDATE >= '20260901' -- is SQL Monitor (transaction SQLM) activated on this system?
2026-09-08 16:48:25,693 | INFO     | collectors.rfc_perf | [SARLOHA QAS] SQLMD readable but 0 rows matched DDATE >= '20260901' -- is SQL Monitor (transaction SQLM) activated on this system?
2026-09-08 16:48:38,707 | INFO     | collectors.rfc_perf | [CENTOR_QAS] SQLMD readable but 0 rows matched DDATE >= '20260901' -- is SQL Monitor (transaction SQLM) activated on this system?
2026-09-08 16:48:39,929 | INFO     | main | ===== Pipeline START for system SARLOHA QAS =====
2026-09-08 16:48:39,934 | INFO     | main | SARLOHA QAS: has_os_access=false -- skipping OS/SSH metrics entirely (not attempting).
2026-09-08 16:48:42,235 | INFO     | sap_gui.launcher | Launching SAP Logon: C:\Program Files (x86)\SAP\FrontEnd\SAPgui\saplogon.exe
2026-09-08 16:48:56,955 | INFO     | sap_gui.launcher | SAP Logon 800 pad is visible.
2026-09-08 16:48:57,983 | INFO     | sap_gui.launcher | Selecting connection: SARLOHA QAS
2026-09-08 16:48:59,073 | DEBUG    | sap_gui.launcher | Connection item not found yet, retrying: {'title': 'SAP Logon 800', 'backend': 'uia', 'visible_only': False}
2026-09-08 16:49:02,332 | DEBUG    | sap_gui.launcher | Connection item not found yet, retrying: {'title': 'SAP Logon 800', 'backend': 'uia', 'visible_only': False}
2026-09-08 16:49:04,462 | DEBUG    | sap_gui.launcher | Connection item not found yet, retrying: {'title': 'SAP Logon 800', 'backend': 'uia', 'visible_only': False}
2026-09-08 16:49:06,914 | DEBUG    | sap_gui.launcher | Connection item not found yet, retrying: {'title': 'SAP Logon 800', 'backend': 'uia', 'visible_only': False}
2026-09-08 16:49:08,726 | DEBUG    | sap_gui.launcher | Connection item not found yet, retrying: {'title': 'SAP Logon 800', 'backend': 'uia', 'visible_only': False}
2026-09-08 16:49:09,729 | WARNING  | main | SARLOHA QAS: SAP GUI unavailable (TimeoutError: Could not find connection 'SARLOHA QAS' in SAP Logon Pad. Entries present: none detected. Set the matching *_SAP_CONNECTION_NAME in .env (names are per-workstation and case-sensitive).). Continuing with RFC/SSH collectors.
2026-09-08 16:49:12,584 | INFO     | collectors.rfc_perf | [SARLOHA QAS] 72 STAT records, 0 dialog steps in the window (task mix: 0x12, 0xb, 0xe, 0xf, 0xfa, AUTOABAP, BTC, BUF.SYNC, OTHER, SPOOL) -- no GUI activity, metric left absent
2026-09-08 16:49:18,036 | INFO     | collectors.rfc_perf | [SARLOHA QAS] response time: STAT records unavailable, using ST03N aggregates
2026-09-08 16:49:21,499 | INFO     | collectors.rfc_perf | [SARLOHA QAS] SQLMD readable but 0 rows matched DDATE >= '20260901' -- is SQL Monitor (transaction SQLM) activated on this system?
2026-09-08 16:49:21,591 | INFO     | collectors.rfc_perf | [SARLOHA QAS] RFC perf collector: 9 metrics
2026-09-08 16:49:21,956 | INFO     | main | Skipping T-code GUI evidence for SARLOHA QAS -- GUI access disabled or no active SAP session.
2026-09-08 16:49:23,441 | INFO     | collectors.rfc_perf | [SARLOHA PRD] SQLMD readable but 0 rows matched DDATE >= '20260901' -- is SQL Monitor (transaction SQLM) activated on this system?
2026-09-08 16:49:24,157 | INFO     | collectors.ccms_os | [SARLOHA QAS] CCMS OS monitor 'Operating System': matched cpu=1, load_5m=1, mem_free=1, mem_total=2, swap_free=1
2026-09-08 16:49:26,033 | INFO     | core.status_snapshot | SARLOHA QAS: no GUI evidence this cycle; carrying forward 22 record(s) from 2026-09-08 11:22:39, marked stale.
2026-09-08 16:49:26,124 | INFO     | core.status_snapshot | Status snapshot saved for SARLOHA QAS: C:\infrabeatops\dashboard\snapshots\SARLOHAQAS.json
2026-09-08 16:49:31,136 | INFO     | reporting.excel_template_writer | MetroBrands Excel template filled: C:/infrabeatops/reports/2026-09-08/SARLOHA_QAS/SARLOHA_QAS_Monitoring_Sheet.xlsx
2026-09-08 16:49:34,366 | INFO     | collectors.ccms_os | [CENTOR_QAS] CCMS OS monitor 'Operating System': matched cpu=1, load_5m=1, mem_free=1, mem_total=1, swap_free=1
2026-09-08 16:49:35,493 | INFO     | collectors.ccms_os | [SARLOHA PRD] CCMS OS monitor 'Operating System': matched cpu=2, load_5m=2, mem_free=2, mem_total=4, swap_free=2
2026-09-08 16:49:37,899 | INFO     | collectors.rfc_perf | [PRD] 115 STAT records, 0 dialog steps in the window (task mix: 0x12, 0xb, 0xe, AUTOABAP, BTC, BUF.SYNC, OTHER, SPOOL) -- no GUI activity, metric left absent
2026-09-08 16:49:41,262 | INFO     | collectors.rfc_perf | [PRD] response time: STAT records unavailable, using ST03N aggregates
2026-09-08 16:49:42,443 | INFO     | collectors.rfc_perf | [SARLOHA QAS] 76 STAT records, 0 dialog steps in the window (task mix: 0x12, 0xb, 0xe, 0xf, 0xfa, AUTOABAP, BTC, BUF.SYNC, OTHER, SPOOL) -- no GUI activity, metric left absent
2026-09-08 16:49:44,532 | INFO     | collectors.rfc_perf | [SARLOHA QAS] response time: STAT records unavailable, using ST03N aggregates
2026-09-08 16:49:46,261 | INFO     | collectors.rfc_perf | [PRD] SQLMD readable but 0 rows matched DDATE >= '20260901' -- is SQL Monitor (transaction SQLM) activated on this system?
2026-09-08 16:49:46,645 | INFO     | collectors.rfc_perf | [SARLOHA QAS] SQLMD readable but 0 rows matched DDATE >= '20260901' -- is SQL Monitor (transaction SQLM) activated on this system?
2026-09-08 16:49:54,740 | INFO     | main | ===== Pipeline COMPLETE for system SARLOHA QAS (gui_available=False) =====
2026-09-08 16:49:59,477 | INFO     | collectors.rfc_perf | [CENTOR_QAS] SQLMD readable but 0 rows matched DDATE >= '20260901' -- is SQL Monitor (transaction SQLM) activated on this system?
2026-09-08 16:50:48,354 | INFO     | main | ===== Pipeline START for system SARLOHA QAS =====
2026-09-08 16:50:48,361 | INFO     | main | SARLOHA QAS: has_os_access=false -- skipping OS/SSH metrics entirely (not attempting).
2026-09-08 16:50:50,438 | INFO     | sap_gui.launcher | Launching SAP Logon: C:\Program Files (x86)\SAP\FrontEnd\SAPgui\saplogon.exe
2026-09-08 16:51:00,539 | INFO     | collectors.rfc_perf | [SARLOHA PRD] SQLMD readable but 0 rows matched DDATE >= '20260901' -- is SQL Monitor (transaction SQLM) activated on this system?
2026-09-08 16:51:05,487 | INFO     | sap_gui.launcher | SAP Logon 800 pad is visible.
2026-09-08 16:51:06,491 | INFO     | sap_gui.launcher | Selecting connection: SARLOHA QAS
2026-09-08 16:51:11,913 | INFO     | collectors.rfc_perf | [PRD] 115 STAT records, 0 dialog steps in the window (task mix: 0x12, 0xb, 0xe, AUTOABAP, BTC, BUF.SYNC, OTHER, SPOOL) -- no GUI activity, metric left absent
2026-09-08 16:51:14,046 | INFO     | collectors.rfc_perf | [PRD] response time: STAT records unavailable, using ST03N aggregates
2026-09-08 16:51:14,959 | INFO     | collectors.rfc_perf | [SARLOHA QAS] 83 STAT records, 0 dialog steps in the window (task mix: 0x12, 0xb, 0xe, 0xf, 0xfa, AUTOABAP, BTC, BUF.SYNC, OTHER, SPOOL) -- no GUI activity, metric left absent
2026-09-08 16:51:20,042 | INFO     | collectors.rfc_perf | [SARLOHA QAS] response time: STAT records unavailable, using ST03N aggregates
2026-09-08 16:51:26,963 | INFO     | collectors.rfc_perf | [PRD] SQLMD readable but 0 rows matched DDATE >= '20260901' -- is SQL Monitor (transaction SQLM) activated on this system?
2026-09-08 16:51:28,669 | INFO     | collectors.rfc_perf | [CENTOR_QAS] SQLMD readable but 0 rows matched DDATE >= '20260901' -- is SQL Monitor (transaction SQLM) activated on this system?
2026-09-08 16:51:28,670 | INFO     | collectors.rfc_perf | [SARLOHA QAS] SQLMD readable but 0 rows matched DDATE >= '20260901' -- is SQL Monitor (transaction SQLM) activated on this system?
2026-09-08 16:51:28,755 | DEBUG    | sap_gui.launcher | Keyboard activation failed for 'SARLOHA QAS': 
2026-09-08 16:51:29,013 | INFO     | sap_gui.launcher | Double-clicked connection 'SARLOHA QAS'.
2026-09-08 16:51:29,047 | WARNING  | sap_gui.launcher | Connection matched case-insensitively: configured 'SARLOHA QAS', actual 'SARLOHA QAS'. Update the *_SAP_CONNECTION_NAME value in .env to 'SARLOHA QAS'.
2026-09-08 16:51:31,079 | INFO     | sap_gui.connection | Finding SAP login window...
2026-09-08 16:52:05,393 | WARNING  | main | SARLOHA QAS: SAP GUI unavailable (TimeoutError: SAP login window did not appear within 30s. Visible windows were: '.NET-BroadcastEventWindow.1400c58.0', '.NET-BroadcastEventWindow.3d893c.0', '.env - InfraBeatOps - Visual Studio Code', 'APT Scan', 'Animate Manager', 'ApMsgFwdWindow', 'ApUsbPnP', 'AudioEngine For Realtek HD Audio New GUI', 'Battery Meter', 'BluetoothNotificationAreaIconWindowClass', 'C:\WINDOWS\system32\DellTPad\Apntex.exe', 'CTrayNotifyIcon Helper Window', 'CVenderSpecSetting', 'Chat | Prajakta Ghogare | Microsoft Teams', 'CrossDeviceResumeWindow', 'DDE Server Window', 'DWM Notification Window', 'Default IME', 'DesktopWindowXamlSource', 'Ditto', 'Ditto Clipboard Viewer', 'Downloads - File Explorer', 'Elara', 'Europa', 'FortiTray Daemon', 'FortiTray Desktop', 'GDI+ Window (Ditto.exe)', 'GDI+ Window (Lightshot.exe)', 'GDI+ Window (M365Copilot.exe)', 'GDI+ Window (RAVBg64.exe)', 'GDI+ Window (ShareX.exe)', 'GDI+ Window (saplogon.exe)', 'InfraBeatOps · Live Wall - Google Chrome', 'InnoSetupLdrWindow', 'Lightshot_Tray_Wnd', 'M', 'MS_WebcheckMonitor', 'Microsoft 365 Copilot', 'Microsoft OneDrive Sync Service', 'Microsoft Teams', 'Microsoft Teams | Pinned window', 'MiracastConnectionWindow', 'OneDrive - infrabeat.com', 'Program Manager', 'Project changes - Claude - Google Chrome', 'PuTTY Configuration', 'PuTTY: hidden timing window', 'RTK AUDIO DRIVER EVENT MGR', 'RTK TRAYICON', 'Realtek HD Audio Background Process for Vista', 'Realtek HD Audio New GUI', 'Realtek HD Audio New GUI background window', 'Realtek SpeakerTestManager', 'Rtc Video PnP Listener', 'SAP Logon 800', 'SAP_GUI_PROJECT - Google Gemini - Google Chrome', 'ShareX 21.0', 'System tray overflow window.', 'Task Host Window', 'Task Switching', 'The Event Manager Dashboard', 'This is a DataTip :)', 'ViennaSettingUI', 'Windows Input Experience', 'Windows Push Notifications Platform'. If a SAP window IS listed, add its title pattern to _LOGIN_TITLE_PATTERNS in sap_gui/connection.py. If none is listed, the desktop is probably locked or the RDP session is disconnected -- GUI scripting drives a real desktop and cannot run without one.). Continuing with RFC/SSH collectors.
2026-09-08 16:52:07,725 | INFO     | collectors.rfc_perf | [SARLOHA QAS] 86 STAT records, 0 dialog steps in the window (task mix: 0x12, 0xb, 0xe, 0xf, 0xfa, AUTOABAP, BTC, BUF.SYNC, OTHER, SPOOL) -- no GUI activity, metric left absent
2026-09-08 16:52:13,783 | INFO     | collectors.rfc_perf | [SARLOHA QAS] response time: STAT records unavailable, using ST03N aggregates
2026-09-08 16:53:39,092 | WARNING  | collectors.rfc_perf | [SARLOHA QAS] SQLMD read FAILED (RFC_READ_TABLE returned no result). fields=['PROGNAME', 'PROCNAME', 'PROCLINE', 'STMTKIND', 'TABLENAME', 'ROOTNAME', 'ROOTTYPE', 'XCNT', 'DBSUM', 'RTSUM', 'DBMAX', 'RCNT', 'DDATE'] where="DDATE >= '20260901'". Try the probe with --sqlm.
2026-09-08 16:53:39,112 | INFO     | collectors.rfc_perf | [SARLOHA QAS] RFC perf collector: 6 metrics
2026-09-08 16:53:39,371 | INFO     | main | Skipping T-code GUI evidence for SARLOHA QAS -- GUI access disabled or no active SAP session.
2026-09-08 16:53:42,158 | INFO     | core.status_snapshot | SARLOHA QAS: no GUI evidence this cycle; carrying forward 22 record(s) from 2026-09-08 11:22:39, marked stale.
2026-09-08 16:53:42,317 | INFO     | core.status_snapshot | Status snapshot saved for SARLOHA QAS: C:\infrabeatops\dashboard\snapshots\SARLOHAQAS.json
2026-09-08 16:54:08,457 | INFO     | reporting.excel_template_writer | MetroBrands Excel template filled: C:/infrabeatops/reports/2026-09-08/SARLOHA_QAS/SARLOHA_QAS_Monitoring_Sheet.xlsx
2026-09-08 16:54:08,941 | INFO     | collectors.rfc_perf | [PRD] 129 STAT records, 0 dialog steps in the window (task mix: 0x12, 0x21, 0xb, 0xe, AUTOABAP, BTC, BUF.SYNC, OTHER, SPOOL) -- no GUI activity, metric left absent
2026-09-08 16:54:10,083 | INFO     | collectors.rfc_perf | [PRD] response time: STAT records unavailable, using ST03N aggregates
2026-09-08 16:54:10,917 | INFO     | collectors.rfc_perf | [PRD] SQLMD readable but 0 rows matched DDATE >= '20260901' -- is SQL Monitor (transaction SQLM) activated on this system?
2026-09-08 16:54:11,104 | INFO     | collectors.rfc_perf | [CENTOR_QAS] SQLMD readable but 0 rows matched DDATE >= '20260901' -- is SQL Monitor (transaction SQLM) activated on this system?
2026-09-08 16:56:54,046 | INFO     | collectors.ccms_os | [CENTOR_QAS] CCMS OS monitor 'Operating System': matched cpu=1, load_5m=1, mem_free=1, mem_total=1, swap_free=1
2026-09-08 16:56:54,283 | INFO     | collectors.rfc_perf | [PRD] 119 STAT records, 0 dialog steps in the window (task mix: 0x12, 0x21, 0xb, 0xe, AUTOABAP, BTC, BUF.SYNC, OTHER, SPOOL) -- no GUI activity, metric left absent
2026-09-08 16:56:55,426 | INFO     | collectors.rfc_perf | [PRD] response time: STAT records unavailable, using ST03N aggregates
2026-09-08 16:56:56,016 | WARNING  | collectors.rfc_perf | [PRD] lock owner stamps run 315 min ahead of SAP system time -- OS time zone on the app server differs from the SAP time zone. Ages corrected; tell Basis.
2026-09-08 16:57:01,235 | INFO     | collectors.rfc_perf | [PRD] SQLMD readable but 0 rows matched DDATE >= '20260901' -- is SQL Monitor (transaction SQLM) activated on this system?
2026-09-08 16:57:02,055 | INFO     | collectors.rfc_perf | [CENTOR_QAS] SQLMD readable but 0 rows matched DDATE >= '20260901' -- is SQL Monitor (transaction SQLM) activated on this system?
2026-09-08 17:02:04,793 | INFO     | collectors.ccms_os | [CENTOR_QAS] CCMS OS monitor 'Operating System': matched cpu=1, load_5m=1, mem_free=1, mem_total=1, swap_free=1
2026-09-08 17:02:04,952 | INFO     | collectors.rfc_perf | [PRD] 116 STAT records, 0 dialog steps in the window (task mix: 0x12, 0xb, 0xe, 0xf7, AUTOABAP, BTC, BUF.SYNC, OTHER, SPOOL) -- no GUI activity, metric left absent
2026-09-08 17:02:06,008 | INFO     | collectors.rfc_perf | [PRD] response time: STAT records unavailable, using ST03N aggregates
2026-09-08 17:02:06,492 | WARNING  | collectors.rfc_perf | [PRD] lock owner stamps run 300 min ahead of SAP system time -- OS time zone on the app server differs from the SAP time zone. Ages corrected; tell Basis.
2026-09-08 17:02:06,837 | INFO     | collectors.rfc_perf | [PRD] SQLMD readable but 0 rows matched DDATE >= '20260901' -- is SQL Monitor (transaction SQLM) activated on this system?
2026-09-08 17:02:11,554 | INFO     | collectors.rfc_perf | [CENTOR_QAS] SQLMD readable but 0 rows matched DDATE >= '20260901' -- is SQL Monitor (transaction SQLM) activated on this system?
2026-09-08 17:03:33,580 | INFO     | collectors.ccms_os | [SARLOHA QAS] CCMS OS monitor 'Operating System': matched cpu=1, load_5m=1, mem_free=1, mem_total=2, swap_free=1
2026-09-08 17:03:34,575 | INFO     | collectors.ccms_os | [SARLOHA PRD] CCMS OS monitor 'Operating System': matched cpu=2, load_5m=2, mem_free=2, mem_total=4, swap_free=2
2026-09-08 17:03:52,624 | INFO     | collectors.rfc_perf | [PRD] 123 STAT records, 0 dialog steps in the window (task mix: 0x12, 0xb, 0xe, 0xf7, AUTOABAP, BTC, BUF.SYNC, OTHER, SPOOL) -- no GUI activity, metric left absent
2026-09-08 17:04:00,277 | INFO     | collectors.rfc_perf | [SARLOHA QAS] 29 STAT records, 0 dialog steps in the window (task mix: 0x12, 0xb, 0xe, 0xf, BTC, BUF.SYNC, OTHER, SPOOL) -- no GUI activity, metric left absent
2026-09-08 17:04:12,354 | INFO     | collectors.rfc_perf | [SARLOHA QAS] response time: STAT records unavailable, using ST03N aggregates
2026-09-08 17:04:12,357 | INFO     | collectors.rfc_perf | [PRD] response time: STAT records unavailable, using ST03N aggregates
2026-09-08 17:04:24,069 | INFO     | collectors.rfc_perf | [CENTOR_QAS] SQLMD readable but 0 rows matched DDATE >= '20260901' -- is SQL Monitor (transaction SQLM) activated on this system?
2026-09-08 17:04:26,698 | INFO     | collectors.rfc_perf | [SARLOHA QAS] SQLMD readable but 0 rows matched DDATE >= '20260901' -- is SQL Monitor (transaction SQLM) activated on this system?
2026-09-08 17:04:27,815 | INFO     | collectors.rfc_perf | [PRD] SQLMD readable but 0 rows matched DDATE >= '20260901' -- is SQL Monitor (transaction SQLM) activated on this system?
2026-09-08 17:04:29,046 | INFO     | collectors.rfc_perf | [SARLOHA PRD] SQLMD readable but 0 rows matched DDATE >= '20260901' -- is SQL Monitor (transaction SQLM) activated on this system?
2026-09-08 17:05:26,037 | INFO     | collectors.rfc_perf | [CENTOR_QAS] SQLMD readable but 0 rows matched DDATE >= '20260901' -- is SQL Monitor (transaction SQLM) activated on this system?
2026-09-08 17:05:35,619 | INFO     | collectors.rfc_perf | [PRD] 115 STAT records, 0 dialog steps in the window (task mix: 0x12, 0xb, 0xe, 0xf7, AUTOABAP, BTC, BUF.SYNC, OTHER, SPOOL) -- no GUI activity, metric left absent
2026-09-08 17:05:37,183 | INFO     | collectors.rfc_perf | [PRD] response time: STAT records unavailable, using ST03N aggregates
2026-09-08 17:05:38,468 | INFO     | collectors.rfc_perf | [SARLOHA QAS] 42 STAT records, 0 dialog steps in the window (task mix: 0x12, 0xb, 0xe, 0xf, AUTOABAP, BTC, BUF.SYNC, OTHER, SPOOL) -- no GUI activity, metric left absent
2026-09-08 17:05:40,680 | INFO     | collectors.rfc_perf | [SARLOHA QAS] response time: STAT records unavailable, using ST03N aggregates
2026-09-08 17:05:42,302 | INFO     | collectors.rfc_perf | [PRD] SQLMD readable but 0 rows matched DDATE >= '20260901' -- is SQL Monitor (transaction SQLM) activated on this system?
2026-09-08 17:05:43,112 | INFO     | collectors.rfc_perf | [SARLOHA QAS] SQLMD readable but 0 rows matched DDATE >= '20260901' -- is SQL Monitor (transaction SQLM) activated on this system?
2026-09-08 17:05:43,716 | INFO     | collectors.rfc_perf | [SARLOHA PRD] SQLMD readable but 0 rows matched DDATE >= '20260901' -- is SQL Monitor (transaction SQLM) activated on this system?
2026-09-08 17:06:29,511 | INFO     | collectors.rfc_perf | [CENTOR_QAS] SQLMD readable but 0 rows matched DDATE >= '20260901' -- is SQL Monitor (transaction SQLM) activated on this system?
2026-09-08 17:06:47,952 | INFO     | collectors.rfc_perf | [PRD] 113 STAT records, 0 dialog steps in the window (task mix: 0x12, 0xb, 0xe, AUTOABAP, BTC, BUF.SYNC, OTHER, SPOOL) -- no GUI activity, metric left absent
2026-09-08 17:06:49,679 | INFO     | collectors.rfc_perf | [PRD] response time: STAT records unavailable, using ST03N aggregates
2026-09-08 17:06:50,196 | INFO     | collectors.rfc_perf | [SARLOHA QAS] 53 STAT records, 0 dialog steps in the window (task mix: 0x12, 0xb, 0xe, 0xf, AUTOABAP, BTC, BUF.SYNC, OTHER, SPOOL) -- no GUI activity, metric left absent
2026-09-08 17:06:52,028 | INFO     | collectors.rfc_perf | [SARLOHA QAS] response time: STAT records unavailable, using ST03N aggregates
2026-09-08 17:06:55,296 | INFO     | collectors.rfc_perf | [PRD] SQLMD readable but 0 rows matched DDATE >= '20260901' -- is SQL Monitor (transaction SQLM) activated on this system?
2026-09-08 17:06:55,314 | INFO     | collectors.rfc_perf | [SARLOHA QAS] SQLMD readable but 0 rows matched DDATE >= '20260901' -- is SQL Monitor (transaction SQLM) activated on this system?
2026-09-08 17:06:56,150 | INFO     | collectors.rfc_perf | [SARLOHA PRD] SQLMD readable but 0 rows matched DDATE >= '20260901' -- is SQL Monitor (transaction SQLM) activated on this system?
2026-09-08 17:07:33,922 | INFO     | collectors.rfc_perf | [CENTOR_QAS] SQLMD readable but 0 rows matched DDATE >= '20260901' -- is SQL Monitor (transaction SQLM) activated on this system?
2026-09-08 17:08:02,346 | INFO     | collectors.rfc_perf | [PRD] 122 STAT records, 0 dialog steps in the window (task mix: 0x12, 0xb, 0xe, AUTOABAP, BTC, BUF.SYNC, OTHER, SPOOL) -- no GUI activity, metric left absent
2026-09-08 17:08:04,357 | INFO     | collectors.rfc_perf | [PRD] response time: STAT records unavailable, using ST03N aggregates
2026-09-08 17:08:05,691 | INFO     | collectors.rfc_perf | [SARLOHA QAS] 56 STAT records, 0 dialog steps in the window (task mix: 0x12, 0xb, 0xe, 0xf, BTC, BUF.SYNC, OTHER, SPOOL) -- no GUI activity, metric left absent
2026-09-08 17:08:09,361 | INFO     | collectors.rfc_perf | [SARLOHA QAS] response time: STAT records unavailable, using ST03N aggregates
2026-09-08 17:08:11,033 | INFO     | collectors.rfc_perf | [PRD] SQLMD readable but 0 rows matched DDATE >= '20260901' -- is SQL Monitor (transaction SQLM) activated on this system?
2026-09-08 17:08:11,739 | INFO     | collectors.rfc_perf | [SARLOHA QAS] SQLMD readable but 0 rows matched DDATE >= '20260901' -- is SQL Monitor (transaction SQLM) activated on this system?
2026-09-08 17:08:12,293 | INFO     | collectors.rfc_perf | [SARLOHA PRD] SQLMD readable but 0 rows matched DDATE >= '20260901' -- is SQL Monitor (transaction SQLM) activated on this system?
2026-09-08 17:08:46,369 | INFO     | collectors.rfc_perf | [CENTOR_QAS] SQLMD readable but 0 rows matched DDATE >= '20260901' -- is SQL Monitor (transaction SQLM) activated on this system?
2026-09-08 17:09:14,268 | INFO     | collectors.rfc_perf | [PRD] 120 STAT records, 0 dialog steps in the window (task mix: 0x12, 0xb, 0xe, AUTOABAP, BTC, BUF.SYNC, OTHER, SPOOL) -- no GUI activity, metric left absent
2026-09-08 17:09:16,474 | INFO     | collectors.rfc_perf | [SARLOHA QAS] 61 STAT records, 0 dialog steps in the window (task mix: 0x12, 0xb, 0xe, 0xf, AUTOABAP, BTC, BUF.SYNC, OTHER, SPOOL) -- no GUI activity, metric left absent
2026-09-08 17:09:16,474 | INFO     | collectors.rfc_perf | [PRD] response time: STAT records unavailable, using ST03N aggregates
2026-09-08 17:09:19,164 | INFO     | collectors.rfc_perf | [SARLOHA QAS] response time: STAT records unavailable, using ST03N aggregates
2026-09-08 17:09:21,956 | INFO     | collectors.rfc_perf | [PRD] SQLMD readable but 0 rows matched DDATE >= '20260901' -- is SQL Monitor (transaction SQLM) activated on this system?
2026-09-08 17:09:21,985 | INFO     | collectors.rfc_perf | [SARLOHA QAS] SQLMD readable but 0 rows matched DDATE >= '20260901' -- is SQL Monitor (transaction SQLM) activated on this system?
2026-09-08 17:09:38,841 | INFO     | collectors.rfc_perf | [SARLOHA PRD] SQLMD readable but 0 rows matched DDATE >= '20260901' -- is SQL Monitor (transaction SQLM) activated on this system?
2026-09-08 17:09:55,731 | INFO     | collectors.rfc_perf | [CENTOR_QAS] SQLMD readable but 0 rows matched DDATE >= '20260901' -- is SQL Monitor (transaction SQLM) activated on this system?
2026-09-08 17:10:34,325 | INFO     | collectors.rfc_perf | [PRD] 120 STAT records, 0 dialog steps in the window (task mix: 0x12, 0xb, 0xe, AUTOABAP, BTC, BUF.SYNC, OTHER, SPOOL) -- no GUI activity, metric left absent
2026-09-08 17:10:34,358 | INFO     | collectors.rfc_perf | [SARLOHA QAS] 60 STAT records, 0 dialog steps in the window (task mix: 0x12, 0xb, 0xe, 0xf, AUTOABAP, BTC, BUF.SYNC, OTHER, SPOOL) -- no GUI activity, metric left absent
2026-09-08 17:10:41,471 | INFO     | collectors.rfc_perf | [PRD] response time: STAT records unavailable, using ST03N aggregates
2026-09-08 17:10:41,473 | INFO     | collectors.rfc_perf | [SARLOHA QAS] response time: STAT records unavailable, using ST03N aggregates
2026-09-08 17:10:43,414 | INFO     | collectors.rfc_perf | [SARLOHA QAS] SQLMD readable but 0 rows matched DDATE >= '20260901' -- is SQL Monitor (transaction SQLM) activated on this system?
2026-09-08 17:10:43,546 | INFO     | collectors.rfc_perf | [PRD] SQLMD readable but 0 rows matched DDATE >= '20260901' -- is SQL Monitor (transaction SQLM) activated on this system?
2026-09-08 17:10:56,711 | INFO     | collectors.rfc_perf | [SARLOHA PRD] SQLMD readable but 0 rows matched DDATE >= '20260901' -- is SQL Monitor (transaction SQLM) activated on this system?
2026-09-08 17:11:07,389 | INFO     | collectors.rfc_perf | [CENTOR_QAS] SQLMD readable but 0 rows matched DDATE >= '20260901' -- is SQL Monitor (transaction SQLM) activated on this system?
2026-09-08 17:11:53,710 | INFO     | collectors.rfc_perf | [SARLOHA QAS] 59 STAT records, 0 dialog steps in the window (task mix: 0x12, 0xb, 0xe, 0xf, AUTOABAP, BTC, BUF.SYNC, OTHER, SPOOL) -- no GUI activity, metric left absent
2026-09-08 17:11:55,204 | INFO     | collectors.rfc_perf | [SARLOHA QAS] response time: STAT records unavailable, using ST03N aggregates
2026-09-08 17:11:56,087 | INFO     | collectors.rfc_perf | [PRD] SQLMD readable but 0 rows matched DDATE >= '20260901' -- is SQL Monitor (transaction SQLM) activated on this system?
2026-09-08 17:11:56,481 | INFO     | collectors.rfc_perf | [SARLOHA QAS] SQLMD readable but 0 rows matched DDATE >= '20260901' -- is SQL Monitor (transaction SQLM) activated on this system?
2026-09-08 17:12:05,970 | INFO     | collectors.ccms_os | [CENTOR_QAS] CCMS OS monitor 'Operating System': matched cpu=1, load_5m=1, mem_free=1, mem_total=1, swap_free=1
2026-09-08 17:12:12,924 | INFO     | collectors.rfc_perf | [SARLOHA PRD] SQLMD readable but 0 rows matched DDATE >= '20260901' -- is SQL Monitor (transaction SQLM) activated on this system?
2026-09-08 17:12:13,106 | INFO     | collectors.rfc_perf | [SARLOHA PRD] SQLMD readable but 0 rows matched DDATE >= '20260901' -- is SQL Monitor (transaction SQLM) activated on this system?
2026-09-08 17:12:23,837 | INFO     | collectors.rfc_perf | [CENTOR_QAS] SQLMD readable but 0 rows matched DDATE >= '20260901' -- is SQL Monitor (transaction SQLM) activated on this system?
2026-09-08 17:12:59,719 | INFO     | collectors.rfc_perf | [PRD] SQLMD readable but 0 rows matched DDATE >= '20260901' -- is SQL Monitor (transaction SQLM) activated on this system?
2026-09-08 17:12:59,785 | INFO     | collectors.rfc_perf | [SARLOHA QAS] 54 STAT records, 0 dialog steps in the window (task mix: 0x12, 0xb, 0xe, 0xf, AUTOABAP, BTC, BUF.SYNC, OTHER, SPOOL) -- no GUI activity, metric left absent
2026-09-08 17:13:00,467 | INFO     | collectors.rfc_perf | [SARLOHA QAS] response time: STAT records unavailable, using ST03N aggregates
2026-09-08 17:13:00,917 | INFO     | collectors.rfc_perf | [SARLOHA QAS] SQLMD readable but 0 rows matched DDATE >= '20260901' -- is SQL Monitor (transaction SQLM) activated on this system?
2026-09-08 17:13:19,983 | INFO     | collectors.rfc_perf | [SARLOHA PRD] SQLMD readable but 0 rows matched DDATE >= '20260901' -- is SQL Monitor (transaction SQLM) activated on this system?
2026-09-08 17:13:29,084 | INFO     | collectors.rfc_perf | [CENTOR_QAS] 77 STAT records, 0 dialog steps in the window (task mix: 0x12, 0xb, 0xe, 0xf, AUTOABAP, BTC, BUF.SYNC, OTHER, SPOOL) -- no GUI activity, metric left absent
2026-09-08 17:13:30,174 | INFO     | collectors.rfc_perf | [CENTOR_QAS] response time: no dialog steps in the last 5 min and no ST03N aggregate -- metric left absent (system idle or collector off)
2026-09-08 17:13:30,318 | INFO     | collectors.rfc_perf | [CENTOR_QAS] SQLMD readable but 0 rows matched DDATE >= '20260901' -- is SQL Monitor (transaction SQLM) activated on this system?
2026-09-08 17:13:38,922 | INFO     | collectors.ccms_os | [SARLOHA QAS] CCMS OS monitor 'Operating System': matched cpu=1, load_5m=1, mem_free=1, mem_total=2, swap_free=1
2026-09-08 17:13:38,926 | INFO     | collectors.ccms_os | [SARLOHA PRD] CCMS OS monitor 'Operating System': matched cpu=2, load_5m=2, mem_free=2, mem_total=4, swap_free=2
2026-09-08 17:14:06,303 | INFO     | collectors.rfc_perf | [SARLOHA QAS] 56 STAT records, 0 dialog steps in the window (task mix: 0x12, 0xb, 0xe, 0xf, AUTOABAP, BTC, BUF.SYNC, OTHER, SPOOL) -- no GUI activity, metric left absent
2026-09-08 17:14:06,306 | INFO     | collectors.rfc_perf | [PRD] SQLMD readable but 0 rows matched DDATE >= '20260901' -- is SQL Monitor (transaction SQLM) activated on this system?
2026-09-08 17:14:06,731 | INFO     | collectors.rfc_perf | [SARLOHA QAS] response time: STAT records unavailable, using ST03N aggregates
2026-09-08 17:14:07,122 | INFO     | collectors.rfc_perf | [SARLOHA QAS] SQLMD readable but 0 rows matched DDATE >= '20260901' -- is SQL Monitor (transaction SQLM) activated on this system?
2026-09-08 17:14:26,594 | INFO     | collectors.rfc_perf | [SARLOHA PRD] SQLMD readable but 0 rows matched DDATE >= '20260901' -- is SQL Monitor (transaction SQLM) activated on this system?
2026-09-08 17:14:35,569 | INFO     | collectors.rfc_perf | [CENTOR_QAS] 70 STAT records, 0 dialog steps in the window (task mix: 0x12, 0xb, 0xe, 0xf, AUTOABAP, BTC, BUF.SYNC, OTHER, SPOOL) -- no GUI activity, metric left absent
2026-09-08 17:14:35,636 | INFO     | collectors.rfc_perf | [CENTOR_QAS] response time: no dialog steps in the last 5 min and no ST03N aggregate -- metric left absent (system idle or collector off)
2026-09-08 17:14:35,821 | INFO     | collectors.rfc_perf | [CENTOR_QAS] SQLMD readable but 0 rows matched DDATE >= '20260901' -- is SQL Monitor (transaction SQLM) activated on this system?
2026-09-08 17:15:11,506 | INFO     | collectors.rfc_perf | [PRD] SQLMD readable but 0 rows matched DDATE >= '20260901' -- is SQL Monitor (transaction SQLM) activated on this system?
2026-09-08 17:15:11,823 | INFO     | collectors.rfc_perf | [SARLOHA QAS] SQLMD readable but 0 rows matched DDATE >= '20260901' -- is SQL Monitor (transaction SQLM) activated on this system?
2026-09-08 17:15:31,530 | INFO     | collectors.rfc_perf | [SARLOHA PRD] SQLMD readable but 0 rows matched DDATE >= '20260901' -- is SQL Monitor (transaction SQLM) activated on this system?
2026-09-08 17:15:40,784 | INFO     | collectors.rfc_perf | [CENTOR_QAS] 67 STAT records, 0 dialog steps in the window (task mix: 0x12, 0xb, 0xe, 0xf, AUTOABAP, BTC, BUF.SYNC, OTHER, SPOOL) -- no GUI activity, metric left absent
2026-09-08 17:15:40,848 | INFO     | collectors.rfc_perf | [CENTOR_QAS] response time: no dialog steps in the last 5 min and no ST03N aggregate -- metric left absent (system idle or collector off)
2026-09-08 17:15:40,985 | INFO     | collectors.rfc_perf | [CENTOR_QAS] SQLMD readable but 0 rows matched DDATE >= '20260901' -- is SQL Monitor (transaction SQLM) activated on this system?
2026-09-08 17:16:16,295 | INFO     | collectors.rfc_perf | [PRD] SQLMD readable but 0 rows matched DDATE >= '20260901' -- is SQL Monitor (transaction SQLM) activated on this system?
2026-09-08 17:16:16,916 | INFO     | collectors.rfc_perf | [SARLOHA QAS] SQLMD readable but 0 rows matched DDATE >= '20260901' -- is SQL Monitor (transaction SQLM) activated on this system?
2026-09-08 17:16:38,217 | INFO     | collectors.rfc_perf | [SARLOHA PRD] SQLMD readable but 0 rows matched DDATE >= '20260901' -- is SQL Monitor (transaction SQLM) activated on this system?
2026-09-08 17:16:47,223 | INFO     | collectors.rfc_perf | [CENTOR_QAS] 68 STAT records, 0 dialog steps in the window (task mix: 0x12, 0xb, 0xe, 0xf, AUTOABAP, BTC, BUF.SYNC, OTHER, SPOOL) -- no GUI activity, metric left absent
2026-09-08 17:16:47,312 | INFO     | collectors.rfc_perf | [CENTOR_QAS] response time: no dialog steps in the last 5 min and no ST03N aggregate -- metric left absent (system idle or collector off)
2026-09-08 17:16:47,449 | INFO     | collectors.rfc_perf | [CENTOR_QAS] SQLMD readable but 0 rows matched DDATE >= '20260901' -- is SQL Monitor (transaction SQLM) activated on this system?
2026-09-08 17:17:22,493 | INFO     | collectors.rfc_perf | [PRD] 141 STAT records, 0 dialog steps in the window (task mix: 0x12, 0x21, 0xb, 0xe, AUTOABAP, BTC, BUF.SYNC, OTHER, SPOOL) -- no GUI activity, metric left absent
2026-09-08 17:17:23,035 | INFO     | collectors.rfc_perf | [PRD] response time: STAT records unavailable, using ST03N aggregates
2026-09-08 17:17:23,570 | INFO     | collectors.rfc_perf | [PRD] SQLMD readable but 0 rows matched DDATE >= '20260901' -- is SQL Monitor (transaction SQLM) activated on this system?
2026-09-08 17:17:23,966 | INFO     | collectors.rfc_perf | [SARLOHA QAS] SQLMD readable but 0 rows matched DDATE >= '20260901' -- is SQL Monitor (transaction SQLM) activated on this system?
2026-09-08 17:17:43,188 | INFO     | collectors.rfc_perf | [SARLOHA PRD] SQLMD readable but 0 rows matched DDATE >= '20260901' -- is SQL Monitor (transaction SQLM) activated on this system?
2026-09-08 17:17:52,150 | INFO     | collectors.rfc_perf | [CENTOR_QAS] 64 STAT records, 0 dialog steps in the window (task mix: 0x12, 0xb, 0xe, 0xf, AUTOABAP, BTC, BUF.SYNC, OTHER, SPOOL) -- no GUI activity, metric left absent
2026-09-08 17:17:52,222 | INFO     | collectors.rfc_perf | [CENTOR_QAS] response time: no dialog steps in the last 5 min and no ST03N aggregate -- metric left absent (system idle or collector off)
2026-09-08 17:17:52,430 | INFO     | collectors.rfc_perf | [CENTOR_QAS] SQLMD readable but 0 rows matched DDATE >= '20260901' -- is SQL Monitor (transaction SQLM) activated on this system?
2026-09-08 17:18:27,204 | INFO     | collectors.rfc_perf | [PRD] 152 STAT records, 0 dialog steps in the window (task mix: 0x12, 0x21, 0xb, 0xe, AUTOABAP, BTC, BUF.SYNC, OTHER, SPOOL) -- no GUI activity, metric left absent
2026-09-08 17:18:27,723 | INFO     | collectors.rfc_perf | [PRD] response time: STAT records unavailable, using ST03N aggregates
2026-09-08 17:18:28,060 | INFO     | collectors.rfc_perf | [PRD] SQLMD readable but 0 rows matched DDATE >= '20260901' -- is SQL Monitor (transaction SQLM) activated on this system?
2026-09-08 17:18:28,484 | INFO     | collectors.rfc_perf | [SARLOHA QAS] SQLMD readable but 0 rows matched DDATE >= '20260901' -- is SQL Monitor (transaction SQLM) activated on this system?
2026-09-08 17:18:47,606 | INFO     | collectors.rfc_perf | [SARLOHA PRD] SQLMD readable but 0 rows matched DDATE >= '20260901' -- is SQL Monitor (transaction SQLM) activated on this system?
2026-09-08 17:18:56,580 | INFO     | collectors.rfc_perf | [CENTOR_QAS] 66 STAT records, 0 dialog steps in the window (task mix: 0x12, 0xb, 0xe, 0xf, AUTOABAP, BTC, BUF.SYNC, OTHER, SPOOL) -- no GUI activity, metric left absent
2026-09-08 17:18:56,680 | INFO     | collectors.rfc_perf | [CENTOR_QAS] response time: no dialog steps in the last 5 min and no ST03N aggregate -- metric left absent (system idle or collector off)
2026-09-08 17:18:56,894 | INFO     | collectors.rfc_perf | [CENTOR_QAS] SQLMD readable but 0 rows matched DDATE >= '20260901' -- is SQL Monitor (transaction SQLM) activated on this system?
2026-09-08 17:19:31,531 | INFO     | collectors.rfc_perf | [PRD] 135 STAT records, 0 dialog steps in the window (task mix: 0x12, 0x21, 0xb, 0xe, AUTOABAP, BTC, BUF.SYNC, OTHER, SPOOL) -- no GUI activity, metric left absent
2026-09-08 17:19:32,066 | INFO     | collectors.rfc_perf | [PRD] response time: STAT records unavailable, using ST03N aggregates
2026-09-08 17:19:32,301 | INFO     | collectors.rfc_perf | [PRD] SQLMD readable but 0 rows matched DDATE >= '20260901' -- is SQL Monitor (transaction SQLM) activated on this system?
2026-09-08 17:19:32,814 | INFO     | collectors.rfc_perf | [SARLOHA QAS] SQLMD readable but 0 rows matched DDATE >= '20260901' -- is SQL Monitor (transaction SQLM) activated on this system?
2026-09-08 17:19:52,221 | INFO     | collectors.rfc_perf | [SARLOHA PRD] SQLMD readable but 0 rows matched DDATE >= '20260901' -- is SQL Monitor (transaction SQLM) activated on this system?
2026-09-08 17:20:01,489 | INFO     | collectors.rfc_perf | [CENTOR_QAS] 65 STAT records, 0 dialog steps in the window (task mix: 0x12, 0xb, 0xe, 0xf, AUTOABAP, BTC, BUF.SYNC, OTHER, SPOOL) -- no GUI activity, metric left absent
2026-09-08 17:20:01,552 | INFO     | collectors.rfc_perf | [CENTOR_QAS] response time: no dialog steps in the last 5 min and no ST03N aggregate -- metric left absent (system idle or collector off)
2026-09-08 17:20:01,682 | INFO     | collectors.rfc_perf | [CENTOR_QAS] SQLMD readable but 0 rows matched DDATE >= '20260901' -- is SQL Monitor (transaction SQLM) activated on this system?
2026-09-08 17:20:36,949 | INFO     | collectors.rfc_perf | [PRD] 124 STAT records, 0 dialog steps in the window (task mix: 0x12, 0x21, 0xb, 0xe, AUTOABAP, BTC, BUF.SYNC, OTHER, SPOOL) -- no GUI activity, metric left absent
2026-09-08 17:20:37,454 | INFO     | collectors.rfc_perf | [PRD] response time: STAT records unavailable, using ST03N aggregates
2026-09-08 17:20:37,714 | INFO     | collectors.rfc_perf | [PRD] SQLMD readable but 0 rows matched DDATE >= '20260901' -- is SQL Monitor (transaction SQLM) activated on this system?
2026-09-08 17:20:38,478 | INFO     | collectors.rfc_perf | [SARLOHA QAS] SQLMD readable but 0 rows matched DDATE >= '20260901' -- is SQL Monitor (transaction SQLM) activated on this system?
2026-09-08 17:20:58,353 | INFO     | collectors.rfc_perf | [SARLOHA PRD] SQLMD readable but 0 rows matched DDATE >= '20260901' -- is SQL Monitor (transaction SQLM) activated on this system?
2026-09-08 17:21:07,389 | INFO     | collectors.rfc_perf | [CENTOR_QAS] 64 STAT records, 0 dialog steps in the window (task mix: 0x12, 0xb, 0xe, 0xf, AUTOABAP, BTC, BUF.SYNC, OTHER, SPOOL) -- no GUI activity, metric left absent
2026-09-08 17:21:07,476 | INFO     | collectors.rfc_perf | [CENTOR_QAS] response time: no dialog steps in the last 5 min and no ST03N aggregate -- metric left absent (system idle or collector off)
2026-09-08 17:21:07,610 | INFO     | collectors.rfc_perf | [CENTOR_QAS] SQLMD readable but 0 rows matched DDATE >= '20260901' -- is SQL Monitor (transaction SQLM) activated on this system?
2026-09-08 17:21:42,129 | INFO     | collectors.rfc_perf | [PRD] 117 STAT records, 0 dialog steps in the window (task mix: 0x12, 0xb, 0xe, AUTOABAP, BTC, BUF.SYNC, OTHER, SPOOL) -- no GUI activity, metric left absent
2026-09-08 17:21:42,831 | INFO     | collectors.rfc_perf | [PRD] response time: STAT records unavailable, using ST03N aggregates
2026-09-08 17:21:43,222 | INFO     | collectors.rfc_perf | [PRD] SQLMD readable but 0 rows matched DDATE >= '20260901' -- is SQL Monitor (transaction SQLM) activated on this system?
2026-09-08 17:21:43,646 | INFO     | collectors.rfc_perf | [SARLOHA QAS] SQLMD readable but 0 rows matched DDATE >= '20260901' -- is SQL Monitor (transaction SQLM) activated on this system?
2026-09-08 17:22:03,365 | INFO     | collectors.rfc_perf | [SARLOHA PRD] SQLMD readable but 0 rows matched DDATE >= '20260901' -- is SQL Monitor (transaction SQLM) activated on this system?
2026-09-08 17:22:11,955 | INFO     | collectors.ccms_os | [CENTOR_QAS] CCMS OS monitor 'Operating System': matched cpu=1, load_5m=1, mem_free=1, mem_total=1, swap_free=1
2026-09-08 17:22:12,660 | INFO     | collectors.rfc_perf | [CENTOR_QAS] 69 STAT records, 0 dialog steps in the window (task mix: 0x12, 0xb, 0xe, 0xf, AUTOABAP, BTC, BUF.SYNC, OTHER, SPOOL) -- no GUI activity, metric left absent
2026-09-08 17:22:12,810 | INFO     | collectors.rfc_perf | [CENTOR_QAS] response time: no dialog steps in the last 5 min and no ST03N aggregate -- metric left absent (system idle or collector off)
2026-09-08 17:22:12,965 | INFO     | collectors.rfc_perf | [CENTOR_QAS] SQLMD readable but 0 rows matched DDATE >= '20260901' -- is SQL Monitor (transaction SQLM) activated on this system?
2026-09-08 17:22:47,533 | INFO     | collectors.rfc_perf | [PRD] 114 STAT records, 0 dialog steps in the window (task mix: 0x12, 0xb, 0xe, AUTOABAP, BTC, BUF.SYNC, OTHER, SPOOL) -- no GUI activity, metric left absent
2026-09-08 17:22:48,037 | INFO     | collectors.rfc_perf | [PRD] response time: STAT records unavailable, using ST03N aggregates
2026-09-08 17:22:48,306 | INFO     | collectors.rfc_perf | [PRD] SQLMD readable but 0 rows matched DDATE >= '20260901' -- is SQL Monitor (transaction SQLM) activated on this system?
2026-09-08 17:22:48,912 | INFO     | collectors.rfc_perf | [SARLOHA QAS] SQLMD readable but 0 rows matched DDATE >= '20260901' -- is SQL Monitor (transaction SQLM) activated on this system?
2026-09-08 17:23:08,732 | INFO     | collectors.rfc_perf | [SARLOHA PRD] SQLMD readable but 0 rows matched DDATE >= '20260901' -- is SQL Monitor (transaction SQLM) activated on this system?
2026-09-08 17:23:17,912 | INFO     | collectors.rfc_perf | [CENTOR_QAS] SQLMD readable but 0 rows matched DDATE >= '20260901' -- is SQL Monitor (transaction SQLM) activated on this system?
2026-09-08 17:23:43,766 | INFO     | collectors.ccms_os | [SARLOHA QAS] CCMS OS monitor 'Operating System': matched cpu=1, load_5m=1, mem_free=1, mem_total=2, swap_free=1
2026-09-08 17:23:44,137 | INFO     | collectors.ccms_os | [SARLOHA PRD] CCMS OS monitor 'Operating System': matched cpu=2, load_5m=2, mem_free=2, mem_total=4, swap_free=2
2026-09-08 17:23:53,211 | INFO     | collectors.rfc_perf | [PRD] 116 STAT records, 0 dialog steps in the window (task mix: 0x12, 0xb, 0xe, AUTOABAP, BTC, BUF.SYNC, OTHER, SPOOL) -- no GUI activity, metric left absent
2026-09-08 17:23:53,607 | INFO     | collectors.rfc_perf | [PRD] response time: STAT records unavailable, using ST03N aggregates
2026-09-08 17:23:53,904 | INFO     | collectors.rfc_perf | [PRD] SQLMD readable but 0 rows matched DDATE >= '20260901' -- is SQL Monitor (transaction SQLM) activated on this system?
2026-09-08 17:23:54,326 | INFO     | collectors.rfc_perf | [SARLOHA QAS] SQLMD readable but 0 rows matched DDATE >= '20260901' -- is SQL Monitor (transaction SQLM) activated on this system?
2026-09-08 17:24:13,640 | INFO     | collectors.rfc_perf | [SARLOHA PRD] SQLMD readable but 0 rows matched DDATE >= '20260901' -- is SQL Monitor (transaction SQLM) activated on this system?
2026-09-08 17:24:22,891 | INFO     | collectors.rfc_perf | [CENTOR_QAS] SQLMD readable but 0 rows matched DDATE >= '20260901' -- is SQL Monitor (transaction SQLM) activated on this system?
2026-09-08 17:24:57,726 | INFO     | collectors.rfc_perf | [PRD] 114 STAT records, 0 dialog steps in the window (task mix: 0x12, 0xb, 0xe, AUTOABAP, BTC, BUF.SYNC, OTHER, SPOOL) -- no GUI activity, metric left absent
2026-09-08 17:24:58,077 | INFO     | collectors.rfc_perf | [PRD] response time: STAT records unavailable, using ST03N aggregates
2026-09-08 17:24:58,484 | INFO     | collectors.rfc_perf | [PRD] SQLMD readable but 0 rows matched DDATE >= '20260901' -- is SQL Monitor (transaction SQLM) activated on this system?
2026-09-08 17:24:59,101 | INFO     | collectors.rfc_perf | [SARLOHA QAS] SQLMD readable but 0 rows matched DDATE >= '20260901' -- is SQL Monitor (transaction SQLM) activated on this system?
2026-09-08 17:25:18,336 | INFO     | collectors.rfc_perf | [SARLOHA PRD] SQLMD readable but 0 rows matched DDATE >= '20260901' -- is SQL Monitor (transaction SQLM) activated on this system?
2026-09-08 17:25:27,440 | INFO     | collectors.rfc_perf | [CENTOR_QAS] SQLMD readable but 0 rows matched DDATE >= '20260901' -- is SQL Monitor (transaction SQLM) activated on this system?
2026-09-08 17:26:02,180 | INFO     | collectors.rfc_perf | [PRD] 117 STAT records, 0 dialog steps in the window (task mix: 0x12, 0xb, 0xe, AUTOABAP, BTC, BUF.SYNC, OTHER, SPOOL) -- no GUI activity, metric left absent
2026-09-08 17:26:02,649 | INFO     | collectors.rfc_perf | [PRD] response time: STAT records unavailable, using ST03N aggregates
2026-09-08 17:26:03,170 | INFO     | collectors.rfc_perf | [PRD] SQLMD readable but 0 rows matched DDATE >= '20260901' -- is SQL Monitor (transaction SQLM) activated on this system?
2026-09-08 17:26:03,508 | INFO     | collectors.rfc_perf | [SARLOHA QAS] SQLMD readable but 0 rows matched DDATE >= '20260901' -- is SQL Monitor (transaction SQLM) activated on this system?
2026-09-08 17:26:22,446 | INFO     | collectors.rfc_perf | [SARLOHA PRD] SQLMD readable but 0 rows matched DDATE >= '20260901' -- is SQL Monitor (transaction SQLM) activated on this system?
2026-09-08 17:26:31,683 | INFO     | collectors.rfc_perf | [CENTOR_QAS] SQLMD readable but 0 rows matched DDATE >= '20260901' -- is SQL Monitor (transaction SQLM) activated on this system?
2026-09-08 17:27:06,399 | INFO     | collectors.rfc_perf | [PRD] 115 STAT records, 0 dialog steps in the window (task mix: 0x12, 0xb, 0xe, AUTOABAP, BTC, BUF.SYNC, OTHER, SPOOL) -- no GUI activity, metric left absent
2026-09-08 17:27:06,945 | INFO     | collectors.rfc_perf | [PRD] response time: STAT records unavailable, using ST03N aggregates
2026-09-08 17:27:07,375 | INFO     | collectors.rfc_perf | [PRD] SQLMD readable but 0 rows matched DDATE >= '20260901' -- is SQL Monitor (transaction SQLM) activated on this system?
2026-09-08 17:27:07,454 | INFO     | collectors.rfc_perf | [SARLOHA QAS] 54 STAT records, 0 dialog steps in the window (task mix: 0x12, 0xb, 0xe, 0xf, AUTOABAP, BTC, BUF.SYNC, OTHER, SPOOL) -- no GUI activity, metric left absent
2026-09-08 17:27:07,864 | INFO     | collectors.rfc_perf | [SARLOHA QAS] response time: STAT records unavailable, using ST03N aggregates
2026-09-08 17:27:08,275 | INFO     | collectors.rfc_perf | [SARLOHA QAS] SQLMD readable but 0 rows matched DDATE >= '20260901' -- is SQL Monitor (transaction SQLM) activated on this system?
2026-09-08 17:27:27,408 | INFO     | collectors.rfc_perf | [SARLOHA PRD] SQLMD readable but 0 rows matched DDATE >= '20260901' -- is SQL Monitor (transaction SQLM) activated on this system?
2026-09-08 17:27:36,588 | INFO     | collectors.rfc_perf | [CENTOR_QAS] SQLMD readable but 0 rows matched DDATE >= '20260901' -- is SQL Monitor (transaction SQLM) activated on this system?
2026-09-08 17:28:11,088 | INFO     | collectors.rfc_perf | [PRD] 111 STAT records, 0 dialog steps in the window (task mix: 0x12, 0xb, 0xe, AUTOABAP, BTC, BUF.SYNC, OTHER, SPOOL) -- no GUI activity, metric left absent
2026-09-08 17:28:11,638 | INFO     | collectors.rfc_perf | [PRD] response time: STAT records unavailable, using ST03N aggregates
2026-09-08 17:28:11,969 | INFO     | collectors.rfc_perf | [PRD] SQLMD readable but 0 rows matched DDATE >= '20260901' -- is SQL Monitor (transaction SQLM) activated on this system?
2026-09-08 17:28:12,060 | INFO     | collectors.rfc_perf | [SARLOHA QAS] 52 STAT records, 0 dialog steps in the window (task mix: 0x12, 0xb, 0xe, 0xf, BTC, BUF.SYNC, OTHER, SPOOL) -- no GUI activity, metric left absent
2026-09-08 17:28:12,485 | INFO     | collectors.rfc_perf | [SARLOHA QAS] response time: STAT records unavailable, using ST03N aggregates
2026-09-08 17:28:12,804 | INFO     | collectors.rfc_perf | [SARLOHA QAS] SQLMD readable but 0 rows matched DDATE >= '20260901' -- is SQL Monitor (transaction SQLM) activated on this system?
2026-09-08 17:28:31,498 | INFO     | collectors.rfc_perf | [SARLOHA PRD] SQLMD readable but 0 rows matched DDATE >= '20260901' -- is SQL Monitor (transaction SQLM) activated on this system?
2026-09-08 17:28:40,364 | INFO     | collectors.rfc_perf | [CENTOR_QAS] 68 STAT records, 0 dialog steps in the window (task mix: 0x12, 0xb, 0xe, 0xf, AUTOABAP, BTC, BUF.SYNC, OTHER, SPOOL) -- no GUI activity, metric left absent
2026-09-08 17:28:40,440 | INFO     | collectors.rfc_perf | [CENTOR_QAS] response time: no dialog steps in the last 5 min and no ST03N aggregate -- metric left absent (system idle or collector off)
2026-09-08 17:28:40,690 | INFO     | collectors.rfc_perf | [CENTOR_QAS] SQLMD readable but 0 rows matched DDATE >= '20260901' -- is SQL Monitor (transaction SQLM) activated on this system?
2026-09-08 17:29:15,730 | INFO     | collectors.rfc_perf | [PRD] SQLMD readable but 0 rows matched DDATE >= '20260901' -- is SQL Monitor (transaction SQLM) activated on this system?
2026-09-08 17:29:15,896 | INFO     | collectors.rfc_perf | [SARLOHA QAS] 54 STAT records, 0 dialog steps in the window (task mix: 0x12, 0xb, 0xe, 0xf, AUTOABAP, BTC, BUF.SYNC, OTHER, SPOOL) -- no GUI activity, metric left absent
2026-09-08 17:29:16,241 | INFO     | collectors.rfc_perf | [SARLOHA QAS] response time: STAT records unavailable, using ST03N aggregates
2026-09-08 17:29:16,440 | INFO     | collectors.rfc_perf | [SARLOHA QAS] SQLMD readable but 0 rows matched DDATE >= '20260901' -- is SQL Monitor (transaction SQLM) activated on this system?
2026-09-08 17:29:35,349 | INFO     | collectors.rfc_perf | [SARLOHA PRD] SQLMD readable but 0 rows matched DDATE >= '20260901' -- is SQL Monitor (transaction SQLM) activated on this system?
2026-09-08 17:29:44,349 | INFO     | collectors.rfc_perf | [CENTOR_QAS] 66 STAT records, 0 dialog steps in the window (task mix: 0x12, 0xb, 0xe, 0xf, AUTOABAP, BTC, BUF.SYNC, OTHER, SPOOL) -- no GUI activity, metric left absent
2026-09-08 17:29:44,418 | INFO     | collectors.rfc_perf | [CENTOR_QAS] response time: no dialog steps in the last 5 min and no ST03N aggregate -- metric left absent (system idle or collector off)
2026-09-08 17:29:44,598 | INFO     | collectors.rfc_perf | [CENTOR_QAS] SQLMD readable but 0 rows matched DDATE >= '20260901' -- is SQL Monitor (transaction SQLM) activated on this system?
2026-09-08 17:30:19,716 | INFO     | collectors.rfc_perf | [PRD] SQLMD readable but 0 rows matched DDATE >= '20260901' -- is SQL Monitor (transaction SQLM) activated on this system?
2026-09-08 17:30:19,878 | INFO     | collectors.rfc_perf | [SARLOHA QAS] 54 STAT records, 0 dialog steps in the window (task mix: 0x12, 0xb, 0xe, 0xf, AUTOABAP, BTC, BUF.SYNC, OTHER, SPOOL) -- no GUI activity, metric left absent
2026-09-08 17:30:20,328 | INFO     | collectors.rfc_perf | [SARLOHA QAS] response time: STAT records unavailable, using ST03N aggregates
2026-09-08 17:30:20,575 | INFO     | collectors.rfc_perf | [SARLOHA QAS] SQLMD readable but 0 rows matched DDATE >= '20260901' -- is SQL Monitor (transaction SQLM) activated on this system?
2026-09-08 17:30:39,541 | INFO     | collectors.rfc_perf | [SARLOHA PRD] SQLMD readable but 0 rows matched DDATE >= '20260901' -- is SQL Monitor (transaction SQLM) activated on this system?
2026-09-08 17:30:48,560 | INFO     | collectors.rfc_perf | [CENTOR_QAS] 67 STAT records, 0 dialog steps in the window (task mix: 0x12, 0xb, 0xe, 0xf, AUTOABAP, BTC, BUF.SYNC, OTHER, SPOOL) -- no GUI activity, metric left absent
2026-09-08 17:30:48,638 | INFO     | collectors.rfc_perf | [CENTOR_QAS] response time: no dialog steps in the last 5 min and no ST03N aggregate -- metric left absent (system idle or collector off)
2026-09-08 17:30:48,755 | INFO     | collectors.rfc_perf | [CENTOR_QAS] SQLMD readable but 0 rows matched DDATE >= '20260901' -- is SQL Monitor (transaction SQLM) activated on this system?
2026-09-08 17:48:10,287 | INFO     | collectors.rfc_perf | [PRD] SQLMD readable but 0 rows matched DDATE >= '20260901' -- is SQL Monitor (transaction SQLM) activated on this system?
2026-09-08 17:48:20,169 | INFO     | collectors.ccms_os | [CENTOR_QAS] CCMS OS monitor 'Operating System': matched cpu=1, load_5m=1, mem_free=1, mem_total=1, swap_free=1
2026-09-08 17:48:21,157 | INFO     | collectors.rfc_perf | [CENTOR_QAS] SQLMD readable but 0 rows matched DDATE >= '20260901' -- is SQL Monitor (transaction SQLM) activated on this system?
2026-09-08 17:49:18,175 | INFO     | collectors.rfc_perf | [PRD] 122 STAT records, 0 dialog steps in the window (task mix: 0x12, 0x21, 0xb, 0xe, AUTOABAP, BTC, BUF.SYNC, OTHER, SPOOL) -- no GUI activity, metric left absent
2026-09-08 17:49:18,527 | INFO     | collectors.rfc_perf | [PRD] response time: STAT records unavailable, using ST03N aggregates
2026-09-08 17:49:18,620 | WARNING  | collectors.rfc_perf | [PRD] lock owner stamps run 315 min ahead of SAP system time -- OS time zone on the app server differs from the SAP time zone. Ages corrected; tell Basis.
2026-09-08 17:49:18,715 | INFO     | collectors.rfc_perf | [PRD] SQLMD readable but 0 rows matched DDATE >= '20260901' -- is SQL Monitor (transaction SQLM) activated on this system?
2026-09-08 17:49:47,973 | INFO     | collectors.rfc_perf | [CENTOR_QAS] SQLMD readable but 0 rows matched DDATE >= '20260901' -- is SQL Monitor (transaction SQLM) activated on this system?
2026-09-08 17:50:47,055 | INFO     | collectors.ccms_os | [CENTOR_QAS] CCMS OS monitor 'Operating System': matched cpu=1, load_5m=1, mem_free=1, mem_total=1, swap_free=1
2026-09-08 17:50:47,305 | WARNING  | collectors.rfc_perf | [PRD] lock owner stamps run 315 min ahead of SAP system time -- OS time zone on the app server differs from the SAP time zone. Ages corrected; tell Basis.
2026-09-08 17:50:47,710 | INFO     | collectors.rfc_perf | [PRD] SQLMD readable but 0 rows matched DDATE >= '20260901' -- is SQL Monitor (transaction SQLM) activated on this system?
2026-09-08 17:50:54,351 | INFO     | collectors.rfc_perf | [CENTOR_QAS] SQLMD readable but 0 rows matched DDATE >= '20260901' -- is SQL Monitor (transaction SQLM) activated on this system?
2026-09-08 17:52:11,374 | INFO     | collectors.rfc_perf | [PRD] SQLMD readable but 0 rows matched DDATE >= '20260901' -- is SQL Monitor (transaction SQLM) activated on this system?
2026-09-08 17:52:11,715 | INFO     | collectors.rfc_perf | [CENTOR_QAS] SQLMD readable but 0 rows matched DDATE >= '20260901' -- is SQL Monitor (transaction SQLM) activated on this system?
2026-09-08 17:52:47,506 | INFO     | collectors.ccms_os | [SARLOHA QAS] CCMS OS monitor 'Operating System': matched cpu=1, load_5m=1, mem_free=1, mem_total=2, swap_free=1
2026-09-08 17:52:48,475 | INFO     | collectors.ccms_os | [SARLOHA PRD] CCMS OS monitor 'Operating System': matched cpu=2, load_5m=2, mem_free=2, mem_total=4, swap_free=2
2026-09-08 17:52:57,073 | INFO     | collectors.rfc_perf | [SARLOHA QAS] 39 STAT records, 0 dialog steps in the window (task mix: 0x12, 0xb, 0xe, 0xf, 0xfa, AUTOABAP, BTC, BUF.SYNC, OTHER, SPOOL) -- no GUI activity, metric left absent
2026-09-08 17:52:59,903 | INFO     | collectors.rfc_perf | [SARLOHA QAS] response time: STAT records unavailable, using ST03N aggregates
2026-09-08 17:53:10,260 | INFO     | collectors.rfc_perf | [SARLOHA QAS] SQLMD readable but 0 rows matched DDATE >= '20260901' -- is SQL Monitor (transaction SQLM) activated on this system?
2026-09-08 17:53:14,074 | INFO     | collectors.rfc_perf | [SARLOHA PRD] SQLMD readable but 0 rows matched DDATE >= '20260901' -- is SQL Monitor (transaction SQLM) activated on this system?
2026-09-08 17:53:14,104 | INFO     | collectors.rfc_perf | [SARLOHA PRD] SQLMD readable but 0 rows matched DDATE >= '20260901' -- is SQL Monitor (transaction SQLM) activated on this system?
2026-09-08 17:53:26,808 | INFO     | collectors.rfc_perf | [PRD] SQLMD readable but 0 rows matched DDATE >= '20260901' -- is SQL Monitor (transaction SQLM) activated on this system?
2026-09-08 17:53:27,409 | INFO     | collectors.rfc_perf | [CENTOR_QAS] SQLMD readable but 0 rows matched DDATE >= '20260901' -- is SQL Monitor (transaction SQLM) activated on this system?
2026-09-08 17:54:12,114 | INFO     | collectors.rfc_perf | [SARLOHA QAS] 38 STAT records, 0 dialog steps in the window (task mix: 0x12, 0xb, 0xe, 0xf, AUTOABAP, BTC, BUF.SYNC, OTHER, SPOOL) -- no GUI activity, metric left absent
2026-09-08 17:54:12,456 | INFO     | collectors.rfc_perf | [SARLOHA QAS] response time: STAT records unavailable, using ST03N aggregates
2026-09-08 17:54:12,852 | INFO     | collectors.rfc_perf | [SARLOHA QAS] SQLMD readable but 0 rows matched DDATE >= '20260901' -- is SQL Monitor (transaction SQLM) activated on this system?
2026-09-08 17:54:22,771 | INFO     | collectors.rfc_perf | [SARLOHA PRD] SQLMD readable but 0 rows matched DDATE >= '20260901' -- is SQL Monitor (transaction SQLM) activated on this system?
2026-09-08 17:54:32,096 | INFO     | collectors.rfc_perf | [PRD] SQLMD readable but 0 rows matched DDATE >= '20260901' -- is SQL Monitor (transaction SQLM) activated on this system?
2026-09-08 17:54:32,480 | INFO     | collectors.rfc_perf | [CENTOR_QAS] SQLMD readable but 0 rows matched DDATE >= '20260901' -- is SQL Monitor (transaction SQLM) activated on this system?
2026-09-08 17:56:04,462 | INFO     | collectors.ccms_os | [SARLOHA PRD] CCMS OS monitor 'Operating System': matched cpu=2, load_5m=2, mem_free=2, mem_total=4, swap_free=2
2026-09-08 17:56:04,624 | INFO     | collectors.ccms_os | [SARLOHA QAS] CCMS OS monitor 'Operating System': matched cpu=1, load_5m=1, mem_free=1, mem_total=2, swap_free=1
2026-09-08 17:56:04,646 | INFO     | collectors.ccms_os | [CENTOR_QAS] CCMS OS monitor 'Operating System': matched cpu=1, load_5m=1, mem_free=1, mem_total=1, swap_free=1
2026-09-08 17:56:08,739 | INFO     | collectors.rfc_perf | [PRD] 131 STAT records, 0 dialog steps in the window (task mix: 0x12, 0xb, 0xe, AUTOABAP, BTC, BUF.SYNC, OTHER, SPOOL) -- no GUI activity, metric left absent
2026-09-08 17:56:10,725 | INFO     | collectors.rfc_perf | [PRD] response time: STAT records unavailable, using ST03N aggregates
2026-09-08 17:56:20,472 | WARNING  | collectors.rfc_perf | [PRD] lock owner stamps run 315 min ahead of SAP system time -- OS time zone on the app server differs from the SAP time zone. Ages corrected; tell Basis.
2026-09-08 17:56:20,506 | INFO     | collectors.rfc_perf | [SARLOHA QAS] 46 STAT records, 0 dialog steps in the window (task mix: 0x12, 0xb, 0xe, 0xf, AUTOABAP, BTC, BUF.SYNC, OTHER, SPOOL) -- no GUI activity, metric left absent
2026-09-08 17:56:27,710 | INFO     | collectors.rfc_perf | [SARLOHA QAS] response time: STAT records unavailable, using ST03N aggregates
2026-09-08 17:56:28,305 | INFO     | collectors.rfc_perf | [PRD] SQLMD readable but 0 rows matched DDATE >= '20260901' -- is SQL Monitor (transaction SQLM) activated on this system?
2026-09-08 17:56:29,911 | INFO     | collectors.rfc_perf | [SARLOHA QAS] SQLMD readable but 0 rows matched DDATE >= '20260901' -- is SQL Monitor (transaction SQLM) activated on this system?
2026-09-08 17:56:30,458 | INFO     | collectors.rfc_perf | [CENTOR_QAS] SQLMD readable but 0 rows matched DDATE >= '20260901' -- is SQL Monitor (transaction SQLM) activated on this system?
2026-09-08 17:56:31,062 | INFO     | collectors.rfc_perf | [SARLOHA PRD] SQLMD readable but 0 rows matched DDATE >= '20260901' -- is SQL Monitor (transaction SQLM) activated on this system?
2026-09-08 17:56:50,338 | INFO     | collectors.ccms_os | [SARLOHA QAS] CCMS OS monitor 'Operating System': matched cpu=1, load_5m=1, mem_free=1, mem_total=2, swap_free=1
2026-09-08 17:56:50,352 | INFO     | collectors.ccms_os | [CENTOR_QAS] CCMS OS monitor 'Operating System': matched cpu=1, load_5m=1, mem_free=1, mem_total=1, swap_free=1
2026-09-08 17:56:50,365 | INFO     | collectors.ccms_os | [SARLOHA PRD] CCMS OS monitor 'Operating System': matched cpu=2, load_5m=2, mem_free=2, mem_total=4, swap_free=2
2026-09-08 17:57:04,814 | INFO     | collectors.rfc_perf | [SARLOHA QAS] 52 STAT records, 0 dialog steps in the window (task mix: 0x12, 0xb, 0xe, 0xf, AUTOABAP, BTC, BUF.SYNC, OTHER, SPOOL) -- no GUI activity, metric left absent
2026-09-08 17:57:13,761 | INFO     | collectors.rfc_perf | [PRD] 129 STAT records, 0 dialog steps in the window (task mix: 0x12, 0xb, 0xe, AUTOABAP, BTC, BUF.SYNC, OTHER, SPOOL) -- no GUI activity, metric left absent
2026-09-08 17:57:19,700 | INFO     | collectors.rfc_perf | [PRD] response time: STAT records unavailable, using ST03N aggregates
2026-09-08 17:57:19,702 | INFO     | collectors.rfc_perf | [SARLOHA QAS] response time: STAT records unavailable, using ST03N aggregates
2026-09-08 17:57:25,712 | WARNING  | collectors.rfc_perf | [PRD] lock owner stamps run 315 min ahead of SAP system time -- OS time zone on the app server differs from the SAP time zone. Ages corrected; tell Basis.
2026-09-08 17:57:27,280 | INFO     | collectors.rfc_perf | [PRD] SQLMD readable but 0 rows matched DDATE >= '20260901' -- is SQL Monitor (transaction SQLM) activated on this system?
2026-09-08 17:57:27,308 | INFO     | collectors.rfc_perf | [CENTOR_QAS] SQLMD readable but 0 rows matched DDATE >= '20260901' -- is SQL Monitor (transaction SQLM) activated on this system?
2026-09-08 17:57:27,965 | INFO     | collectors.rfc_perf | [SARLOHA QAS] SQLMD readable but 0 rows matched DDATE >= '20260901' -- is SQL Monitor (transaction SQLM) activated on this system?
2026-09-08 17:57:29,081 | INFO     | collectors.rfc_perf | [SARLOHA PRD] SQLMD readable but 0 rows matched DDATE >= '20260901' -- is SQL Monitor (transaction SQLM) activated on this system?
2026-09-08 17:58:35,670 | INFO     | collectors.rfc_perf | [SARLOHA QAS] 50 STAT records, 0 dialog steps in the window (task mix: 0x12, 0xb, 0xe, 0xf, BTC, BUF.SYNC, OTHER, SPOOL) -- no GUI activity, metric left absent
2026-09-08 17:58:38,519 | INFO     | collectors.rfc_perf | [SARLOHA QAS] response time: STAT records unavailable, using ST03N aggregates
2026-09-08 17:58:40,550 | INFO     | collectors.rfc_perf | [PRD] SQLMD readable but 0 rows matched DDATE >= '20260901' -- is SQL Monitor (transaction SQLM) activated on this system?
2026-09-08 17:58:40,803 | INFO     | collectors.rfc_perf | [CENTOR_QAS] SQLMD readable but 0 rows matched DDATE >= '20260901' -- is SQL Monitor (transaction SQLM) activated on this system?
2026-09-08 17:58:41,342 | INFO     | collectors.rfc_perf | [SARLOHA QAS] SQLMD readable but 0 rows matched DDATE >= '20260901' -- is SQL Monitor (transaction SQLM) activated on this system?
2026-09-08 17:58:42,418 | INFO     | collectors.rfc_perf | [SARLOHA PRD] SQLMD readable but 0 rows matched DDATE >= '20260901' -- is SQL Monitor (transaction SQLM) activated on this system?
2026-09-08 22:13:19,095 | INFO     | main | ===== Pipeline START for system PRD =====
2026-09-08 22:13:19,097 | INFO     | main | PRD: has_os_access=false -- skipping OS/SSH metrics entirely (not attempting).
2026-09-08 22:13:20,567 | INFO     | sap_gui.launcher | Launching SAP Logon: C:\Program Files (x86)\SAP\FrontEnd\SAPgui\saplogon.exe
2026-09-08 22:13:39,531 | INFO     | sap_gui.launcher | SAP Logon 800 pad is visible.
2026-09-08 22:13:40,547 | INFO     | sap_gui.launcher | Selecting connection: centaur system
2026-09-08 22:14:00,754 | INFO     | sap_gui.launcher | Opened connection 'centaur system' via keyboard activation.
2026-09-08 22:14:02,791 | INFO     | sap_gui.connection | Finding SAP login window...
2026-09-08 22:14:39,208 | WARNING  | main | PRD: SAP GUI unavailable (TimeoutError: SAP login window did not appear within 30s. Visible windows were: '.NET-BroadcastEventWindow.1400c58.0', '.NET-BroadcastEventWindow.3d893c.0', '.env - InfraBeatOps - Visual Studio Code', 'APT Scan', 'Animate Manager', 'ApMsgFwdWindow', 'ApUsbPnP', 'AudioEngine For Realtek HD Audio New GUI', 'Battery Meter', 'BluetoothNotificationAreaIconWindowClass', 'C:\WINDOWS\system32\DellTPad\Apntex.exe', 'CTrayNotifyIcon Helper Window', 'CVenderSpecSetting', 'CrossDeviceResumeWindow', 'DDE Server Window', 'DWM Notification Window', 'Default IME', 'DesktopWindowXamlSource', 'Ditto', 'Ditto Clipboard Viewer', 'Elara', 'Europa', 'FortiClient - Zero Trust Fabric Agent', 'FortiTray Daemon', 'FortiTray Desktop', 'GDI+ Window (Ditto.exe)', 'GDI+ Window (Lightshot.exe)', 'GDI+ Window (M365Copilot.exe)', 'GDI+ Window (RAVBg64.exe)', 'GDI+ Window (ShareX.exe)', 'GDI+ Window (saplogon.exe)', 'IBOPS · Basis Monitoring - Google Chrome', 'InnoSetupLdrWindow', 'Lightshot_Tray_Wnd', 'M', 'MS_WebcheckMonitor', 'Microsoft 365 Copilot', 'Microsoft OneDrive Sync Service', 'MiracastConnectionWindow', 'OneDrive - infrabeat.com', 'Program Manager', 'Project changes - Claude - Google Chrome', 'RTK AUDIO DRIVER EVENT MGR', 'RTK TRAYICON', 'Realtek HD Audio Background Process for Vista', 'Realtek HD Audio New GUI', 'Realtek HD Audio New GUI background window', 'Realtek SpeakerTestManager', 'Rtc Video PnP Listener', 'SAP GUI for Windows 800', 'SAP GUI for Windows 800 [/H/10.1.0.193/S/3200 3]', 'SAP Logon 800', 'Sapgui Splash Screen', 'Security Alert', 'ShareX 21.0', 'System tray overflow window.', 'Task Host Window', 'Task Switching', 'The Event Manager Dashboard', 'This is a DataTip :)', 'ViennaSettingUI', 'Windows Input Experience', 'Windows Push Notifications Platform'. If a SAP window IS listed, add its title pattern to _LOGIN_TITLE_PATTERNS in sap_gui/connection.py. If none is listed, the desktop is probably locked or the RDP session is disconnected -- GUI scripting drives a real desktop and cannot run without one.). Continuing with RFC/SSH collectors.
2026-09-08 22:15:03,047 | INFO     | main | Skipping T-code GUI evidence for PRD -- GUI access disabled or no active SAP session.
2026-09-08 22:15:18,683 | INFO     | collectors.ccms_os | [SARLOHA QAS] CCMS OS monitor 'Operating System': matched cpu=1, load_5m=1, mem_free=1, mem_total=2, swap_free=1
2026-09-08 22:15:18,728 | INFO     | collectors.ccms_os | [SARLOHA PRD] CCMS OS monitor 'Operating System': matched cpu=2, load_5m=2, mem_free=2, mem_total=4, swap_free=2
2026-09-08 22:15:52,487 | INFO     | collectors.rfc_perf | [SARLOHA QAS] 37 STAT records, 0 dialog steps in the window (task mix: 0x12, 0xb, 0xe, 0xf, AUTOABAP, BTC, BUF.SYNC, OTHER, SPOOL) -- no GUI activity, metric left absent
2026-09-08 22:16:05,067 | INFO     | collectors.rfc_perf | [SARLOHA QAS] response time: STAT records unavailable, using ST03N aggregates
2026-09-08 22:17:33,986 | INFO     | collectors.rfc_perf | [SARLOHA QAS] SQLMD readable but 0 rows matched DDATE >= '20260901' -- is SQL Monitor (transaction SQLM) activated on this system?
2026-09-08 22:17:39,148 | INFO     | collectors.rfc_perf | [SARLOHA PRD] SQLMD readable but 0 rows matched DDATE >= '20260901' -- is SQL Monitor (transaction SQLM) activated on this system?
2026-09-08 22:18:19,132 | ERROR    | main | Pipeline for PRD appears stuck -- no progress within 300s. Force-killing SAP processes to unblock it and moving on (this attempt counts as failed).
2026-09-08 22:18:37,398 | INFO     | main | Resetting SAP processes before retrying PRD...
2026-09-08 22:18:51,276 | INFO     | main | ===== Pipeline START for system PRD =====
2026-09-08 22:18:51,361 | INFO     | main | PRD: has_os_access=false -- skipping OS/SSH metrics entirely (not attempting).
2026-09-08 22:18:54,394 | INFO     | sap_gui.launcher | Launching SAP Logon: C:\Program Files (x86)\SAP\FrontEnd\SAPgui\saplogon.exe
2026-09-08 22:19:15,727 | INFO     | collectors.rfc_perf | [SARLOHA QAS] SQLMD readable but 0 rows matched DDATE >= '20260901' -- is SQL Monitor (transaction SQLM) activated on this system?
2026-09-08 22:19:18,977 | INFO     | collectors.rfc_perf | [SARLOHA PRD] SQLMD readable but 0 rows matched DDATE >= '20260901' -- is SQL Monitor (transaction SQLM) activated on this system?
2026-09-08 22:19:19,936 | INFO     | collectors.rfc_perf | [SARLOHA PRD] SQLMD readable but 0 rows matched DDATE >= '20260901' -- is SQL Monitor (transaction SQLM) activated on this system?
2026-09-08 22:19:25,318 | WARNING  | main | PRD: SAP GUI unavailable (TimeoutError: SAP Logon 800 pad did not appear in time.). Continuing with RFC/SSH collectors.
2026-09-08 22:19:25,636 | INFO     | main | Skipping T-code GUI evidence for PRD -- GUI access disabled or no active SAP session.
2026-09-08 22:20:54,205 | INFO     | collectors.rfc_perf | [SARLOHA QAS] SQLMD readable but 0 rows matched DDATE >= '20260901' -- is SQL Monitor (transaction SQLM) activated on this system?
2026-09-08 22:20:54,699 | INFO     | collectors.rfc_perf | [SARLOHA PRD] SQLMD readable but 0 rows matched DDATE >= '20260901' -- is SQL Monitor (transaction SQLM) activated on this system?
2026-09-08 22:21:26,479 | INFO     | core.status_snapshot | PRD: no GUI evidence this cycle; carrying forward 22 record(s) from 2026-09-04 15:13:17, marked stale.
2026-09-08 22:21:26,564 | INFO     | core.status_snapshot | Status snapshot saved for PRD: C:\infrabeatops\dashboard\snapshots\PRD.json
2026-09-08 22:21:28,339 | INFO     | reporting.excel_template_writer | MetroBrands Excel template filled: C:/infrabeatops/reports/2026-09-08/PRD/PRD_Monitoring_Sheet.xlsx
2026-09-08 22:21:49,566 | INFO     | core.status_snapshot | PRD: no GUI evidence this cycle; carrying forward 22 record(s) from 2026-09-04 15:13:17, marked stale.
2026-09-08 22:21:49,612 | INFO     | core.status_snapshot | Status snapshot saved for PRD: C:\infrabeatops\dashboard\snapshots\PRD.json
2026-09-08 22:21:50,618 | INFO     | reporting.excel_template_writer | MetroBrands Excel template filled: C:/infrabeatops/reports/2026-09-08/PRD/PRD_Monitoring_Sheet.xlsx
2026-09-08 22:21:57,667 | INFO     | main | ===== Pipeline COMPLETE for system PRD (gui_available=False) =====
2026-09-08 22:22:02,429 | INFO     | collectors.rfc_perf | [SARLOHA QAS] 97 STAT records, 0 dialog steps in the window (task mix: 0x12, 0xb, 0xe, 0xf, AUTOABAP, BTC, BUF.SYNC, OTHER, SPOOL) -- no GUI activity, metric left absent
2026-09-08 22:22:03,635 | INFO     | collectors.rfc_perf | [SARLOHA QAS] response time: STAT records unavailable, using ST03N aggregates
2026-09-08 22:22:05,229 | INFO     | collectors.rfc_perf | [SARLOHA QAS] SQLMD readable but 0 rows matched DDATE >= '20260901' -- is SQL Monitor (transaction SQLM) activated on this system?
2026-09-08 22:22:05,774 | INFO     | collectors.rfc_perf | [SARLOHA PRD] SQLMD readable but 0 rows matched DDATE >= '20260901' -- is SQL Monitor (transaction SQLM) activated on this system?
2026-09-08 22:22:19,683 | INFO     | main | ===== Pipeline COMPLETE for system PRD (gui_available=False) =====
2026-09-08 22:23:29,838 | INFO     | collectors.rfc_perf | [SARLOHA QAS] 94 STAT records, 0 dialog steps in the window (task mix: 0x12, 0xb, 0xe, 0xf, BTC, BUF.SYNC, OTHER, SPOOL) -- no GUI activity, metric left absent
2026-09-08 22:23:31,702 | INFO     | collectors.rfc_perf | [SARLOHA QAS] response time: STAT records unavailable, using ST03N aggregates
2026-09-08 22:23:33,084 | INFO     | collectors.rfc_perf | [SARLOHA QAS] SQLMD readable but 0 rows matched DDATE >= '20260901' -- is SQL Monitor (transaction SQLM) activated on this system?
2026-09-08 22:23:33,323 | INFO     | collectors.rfc_perf | [SARLOHA PRD] SQLMD readable but 0 rows matched DDATE >= '20260901' -- is SQL Monitor (transaction SQLM) activated on this system?
2026-09-08 22:25:08,018 | INFO     | collectors.rfc_perf | [SARLOHA QAS] 76 STAT records, 0 dialog steps in the window (task mix: 0x12, 0xb, 0xe, 0xf, AUTOABAP, BTC, BUF.SYNC, OTHER, SPOOL) -- no GUI activity, metric left absent
2026-09-08 22:25:14,359 | INFO     | collectors.rfc_perf | [SARLOHA QAS] response time: STAT records unavailable, using ST03N aggregates
2026-09-08 22:25:22,647 | INFO     | collectors.rfc_perf | [SARLOHA QAS] SQLMD readable but 0 rows matched DDATE >= '20260901' -- is SQL Monitor (transaction SQLM) activated on this system?
2026-09-08 22:25:24,521 | INFO     | collectors.rfc_perf | [SARLOHA PRD] SQLMD readable but 0 rows matched DDATE >= '20260901' -- is SQL Monitor (transaction SQLM) activated on this system?
2026-09-08 22:25:34,869 | INFO     | collectors.ccms_os | [SARLOHA QAS] CCMS OS monitor 'Operating System': matched cpu=1, load_5m=1, mem_free=1, mem_total=2, swap_free=1
2026-09-08 22:25:34,874 | INFO     | collectors.ccms_os | [SARLOHA PRD] CCMS OS monitor 'Operating System': matched cpu=2, load_5m=2, mem_free=2, mem_total=4, swap_free=2
2026-09-08 22:26:36,879 | INFO     | collectors.rfc_perf | [SARLOHA QAS] 62 STAT records, 0 dialog steps in the window (task mix: 0x12, 0xb, 0xe, 0xf, AUTOABAP, BTC, BUF.SYNC, OTHER, SPOOL) -- no GUI activity, metric left absent
2026-09-08 22:26:43,082 | INFO     | collectors.rfc_perf | [SARLOHA QAS] response time: STAT records unavailable, using ST03N aggregates
2026-09-08 22:26:44,398 | INFO     | collectors.rfc_perf | [SARLOHA QAS] SQLMD readable but 0 rows matched DDATE >= '20260901' -- is SQL Monitor (transaction SQLM) activated on this system?
2026-09-08 22:26:44,758 | INFO     | collectors.rfc_perf | [SARLOHA PRD] SQLMD readable but 0 rows matched DDATE >= '20260901' -- is SQL Monitor (transaction SQLM) activated on this system?
2026-09-08 22:27:59,828 | INFO     | collectors.rfc_perf | [SARLOHA QAS] 45 STAT records, 0 dialog steps in the window (task mix: 0x12, 0xb, 0xe, 0xf, AUTOABAP, BTC, BUF.SYNC, OTHER, SPOOL) -- no GUI activity, metric left absent
2026-09-08 22:28:01,490 | INFO     | collectors.rfc_perf | [SARLOHA QAS] response time: STAT records unavailable, using ST03N aggregates
2026-09-08 22:28:02,846 | INFO     | collectors.rfc_perf | [SARLOHA QAS] SQLMD readable but 0 rows matched DDATE >= '20260901' -- is SQL Monitor (transaction SQLM) activated on this system?
2026-09-08 22:28:03,090 | INFO     | collectors.rfc_perf | [SARLOHA PRD] SQLMD readable but 0 rows matched DDATE >= '20260901' -- is SQL Monitor (transaction SQLM) activated on this system?
2026-09-08 22:29:27,140 | INFO     | collectors.rfc_perf | [SARLOHA QAS] 45 STAT records, 0 dialog steps in the window (task mix: 0x12, 0xb, 0xe, 0xf, AUTOABAP, BTC, BUF.SYNC, OTHER, SPOOL) -- no GUI activity, metric left absent
2026-09-08 22:29:29,109 | INFO     | collectors.rfc_perf | [SARLOHA QAS] response time: STAT records unavailable, using ST03N aggregates
2026-09-08 22:29:30,900 | INFO     | collectors.rfc_perf | [SARLOHA QAS] SQLMD readable but 0 rows matched DDATE >= '20260901' -- is SQL Monitor (transaction SQLM) activated on this system?
2026-09-08 22:29:31,077 | INFO     | collectors.rfc_perf | [SARLOHA PRD] SQLMD readable but 0 rows matched DDATE >= '20260901' -- is SQL Monitor (transaction SQLM) activated on this system?
2026-09-08 22:30:54,719 | INFO     | collectors.rfc_perf | [SARLOHA QAS] 42 STAT records, 0 dialog steps in the window (task mix: 0x12, 0xb, 0xe, 0xf, AUTOABAP, BTC, BUF.SYNC, OTHER, SPOOL) -- no GUI activity, metric left absent
2026-09-08 22:30:57,096 | INFO     | collectors.rfc_perf | [SARLOHA QAS] response time: STAT records unavailable, using ST03N aggregates
2026-09-08 22:30:58,792 | INFO     | collectors.rfc_perf | [SARLOHA QAS] SQLMD readable but 0 rows matched DDATE >= '20260901' -- is SQL Monitor (transaction SQLM) activated on this system?
2026-09-08 22:30:59,008 | INFO     | collectors.rfc_perf | [SARLOHA PRD] SQLMD readable but 0 rows matched DDATE >= '20260901' -- is SQL Monitor (transaction SQLM) activated on this system?
2026-09-08 22:32:27,503 | INFO     | collectors.ccms_os | [SARLOHA QAS] CCMS OS monitor 'Operating System': matched cpu=1, load_5m=1, mem_free=1, mem_total=2, swap_free=1
2026-09-08 22:32:27,536 | INFO     | collectors.ccms_os | [SARLOHA PRD] CCMS OS monitor 'Operating System': matched cpu=2, load_5m=2, mem_free=2, mem_total=4, swap_free=2
2026-09-08 22:32:45,477 | INFO     | collectors.rfc_perf | [SARLOHA QAS] 45 STAT records, 0 dialog steps in the window (task mix: 0x12, 0xb, 0xe, 0xf, AUTOABAP, BTC, BUF.SYNC, OTHER, SPOOL) -- no GUI activity, metric left absent
2026-09-08 22:32:52,428 | INFO     | collectors.rfc_perf | [SARLOHA QAS] response time: STAT records unavailable, using ST03N aggregates
2026-09-08 22:33:11,798 | INFO     | collectors.rfc_perf | [SARLOHA QAS] SQLMD readable but 0 rows matched DDATE >= '20260901' -- is SQL Monitor (transaction SQLM) activated on this system?
2026-09-08 22:33:23,750 | INFO     | collectors.rfc_perf | [SARLOHA PRD] SQLMD readable but 0 rows matched DDATE >= '20260901' -- is SQL Monitor (transaction SQLM) activated on this system?
2026-09-08 22:34:32,593 | INFO     | collectors.rfc_perf | [SARLOHA QAS] 46 STAT records, 0 dialog steps in the window (task mix: 0x12, 0xb, 0xe, 0xf, AUTOABAP, BTC, BUF.SYNC, OTHER, SPOOL) -- no GUI activity, metric left absent
2026-09-08 22:34:39,002 | INFO     | collectors.rfc_perf | [SARLOHA QAS] response time: STAT records unavailable, using ST03N aggregates
2026-09-08 22:34:46,469 | INFO     | collectors.rfc_perf | [SARLOHA QAS] SQLMD readable but 0 rows matched DDATE >= '20260901' -- is SQL Monitor (transaction SQLM) activated on this system?
2026-09-08 22:34:56,695 | INFO     | collectors.rfc_perf | [SARLOHA PRD] SQLMD readable but 0 rows matched DDATE >= '20260901' -- is SQL Monitor (transaction SQLM) activated on this system?
2026-09-08 22:36:14,206 | INFO     | collectors.rfc_perf | [SARLOHA QAS] 49 STAT records, 0 dialog steps in the window (task mix: 0x12, 0xb, 0xe, 0xf, AUTOABAP, BTC, BUF.SYNC, OTHER, SPOOL) -- no GUI activity, metric left absent
2026-09-08 22:36:18,345 | INFO     | collectors.rfc_perf | [SARLOHA QAS] response time: STAT records unavailable, using ST03N aggregates
2026-09-08 22:36:20,311 | INFO     | collectors.rfc_perf | [SARLOHA QAS] SQLMD readable but 0 rows matched DDATE >= '20260901' -- is SQL Monitor (transaction SQLM) activated on this system?
2026-09-08 22:36:54,808 | INFO     | collectors.rfc_perf | [SARLOHA PRD] SQLMD readable but 0 rows matched DDATE >= '20260901' -- is SQL Monitor (transaction SQLM) activated on this system?
2026-09-08 22:37:52,334 | INFO     | collectors.rfc_perf | [SARLOHA QAS] 47 STAT records, 0 dialog steps in the window (task mix: 0x12, 0xb, 0xe, 0xf, AUTOABAP, BTC, BUF.SYNC, OTHER, SPOOL) -- no GUI activity, metric left absent
2026-09-08 22:37:53,842 | INFO     | collectors.rfc_perf | [SARLOHA QAS] response time: STAT records unavailable, using ST03N aggregates
2026-09-08 22:37:54,698 | INFO     | collectors.rfc_perf | [SARLOHA QAS] SQLMD readable but 0 rows matched DDATE >= '20260901' -- is SQL Monitor (transaction SQLM) activated on this system?
2026-09-08 22:38:22,746 | INFO     | collectors.rfc_perf | [SARLOHA PRD] SQLMD readable but 0 rows matched DDATE >= '20260901' -- is SQL Monitor (transaction SQLM) activated on this system?
2026-09-08 22:40:24,280 | INFO     | collectors.rfc_perf | [SARLOHA QAS] 42 STAT records, 0 dialog steps in the window (task mix: 0x12, 0xb, 0xe, 0xf, AUTOABAP, BTC, BUF.SYNC, OTHER, SPOOL) -- no GUI activity, metric left absent
2026-09-08 22:40:29,524 | INFO     | collectors.rfc_perf | [SARLOHA QAS] response time: STAT records unavailable, using ST03N aggregates
2026-09-08 22:40:34,379 | INFO     | collectors.rfc_perf | [SARLOHA QAS] SQLMD readable but 0 rows matched DDATE >= '20260901' -- is SQL Monitor (transaction SQLM) activated on this system?
2026-09-08 22:42:03,352 | INFO     | collectors.rfc_perf | [SARLOHA PRD] SQLMD readable but 0 rows matched DDATE >= '20260901' -- is SQL Monitor (transaction SQLM) activated on this system?
2026-09-08 22:42:42,893 | INFO     | collectors.ccms_os | [SARLOHA QAS] CCMS OS monitor 'Operating System': matched cpu=1, load_5m=1, mem_free=1, mem_total=2, swap_free=1
2026-09-08 22:42:42,942 | INFO     | collectors.ccms_os | [SARLOHA PRD] CCMS OS monitor 'Operating System': matched cpu=2, load_5m=2, mem_free=2, mem_total=4, swap_free=2
2026-09-08 22:43:09,237 | INFO     | collectors.rfc_perf | [SARLOHA QAS] 36 STAT records, 0 dialog steps in the window (task mix: 0x12, 0xb, 0xe, 0xf, BTC, BUF.SYNC, OTHER, SPOOL) -- no GUI activity, metric left absent
2026-09-08 22:43:16,765 | INFO     | collectors.rfc_perf | [SARLOHA QAS] response time: STAT records unavailable, using ST03N aggregates
2026-09-08 22:43:21,087 | INFO     | collectors.rfc_perf | [SARLOHA QAS] SQLMD readable but 0 rows matched DDATE >= '20260901' -- is SQL Monitor (transaction SQLM) activated on this system?
2026-09-08 22:44:21,654 | INFO     | collectors.rfc_perf | [SARLOHA PRD] SQLMD readable but 0 rows matched DDATE >= '20260901' -- is SQL Monitor (transaction SQLM) activated on this system?
2026-09-08 22:45:45,459 | INFO     | collectors.rfc_perf | [SARLOHA QAS] 37 STAT records, 0 dialog steps in the window (task mix: 0x12, 0xb, 0xe, 0xf, AUTOABAP, BTC, BUF.SYNC, OTHER, SPOOL) -- no GUI activity, metric left absent
2026-09-08 22:45:50,138 | INFO     | collectors.rfc_perf | [SARLOHA QAS] response time: STAT records unavailable, using ST03N aggregates
2026-09-08 22:45:56,953 | INFO     | collectors.rfc_perf | [SARLOHA QAS] SQLMD readable but 0 rows matched DDATE >= '20260901' -- is SQL Monitor (transaction SQLM) activated on this system?
2026-09-08 22:47:12,941 | INFO     | collectors.rfc_perf | [SARLOHA PRD] SQLMD readable but 0 rows matched DDATE >= '20260901' -- is SQL Monitor (transaction SQLM) activated on this system?
2026-09-08 22:47:42,270 | INFO     | collectors.rfc_perf | [SARLOHA QAS] 37 STAT records, 0 dialog steps in the window (task mix: 0x12, 0xb, 0xe, 0xf, AUTOABAP, BTC, BUF.SYNC, OTHER, SPOOL) -- no GUI activity, metric left absent
2026-09-08 22:47:48,552 | INFO     | collectors.rfc_perf | [SARLOHA QAS] response time: STAT records unavailable, using ST03N aggregates
2026-09-08 22:48:49,641 | WARNING  | collectors.rfc_perf | [SARLOHA QAS] SQLMD read FAILED (RFC_READ_TABLE returned no result). fields=['PROGNAME', 'PROCNAME', 'PROCLINE', 'STMTKIND', 'TABLENAME', 'ROOTNAME', 'ROOTTYPE', 'XCNT', 'DBSUM', 'RTSUM', 'DBMAX', 'RCNT', 'DDATE'] where="DDATE >= '20260901'". Try the probe with --sqlm.
2026-09-08 22:48:49,661 | INFO     | collectors.sap_memory | [SARLOHA QAS] SAPTUNE_GET_SUMMARY_STATISTIC not callable -- SAP memory metrics unavailable (needs S_RFC for the FM)
2026-09-09 09:57:08,601 | INFO     | collectors.ccms_os | [CENTOR_QAS] CCMS OS monitor 'Operating System': matched cpu=1, load_5m=1, mem_free=1, mem_total=1, swap_free=1
2026-09-09 09:57:16,049 | INFO     | collectors.rfc_perf | [PRD] 105 STAT records, 0 dialog steps in the window (task mix: 0x12, 0x21, 0xb, 0xe, AUTOABAP, BTC, BUF.SYNC, OTHER, SPOOL) -- no GUI activity, metric left absent
2026-09-09 09:57:23,265 | INFO     | collectors.rfc_perf | [PRD] response time: no dialog steps in the last 5 min and no ST03N aggregate -- metric left absent (system idle or collector off)
2026-09-09 09:57:23,394 | WARNING  | collectors.rfc_perf | [PRD] lock owner stamps run 315 min ahead of SAP system time -- OS time zone on the app server differs from the SAP time zone. Ages corrected; tell Basis.
2026-09-09 09:57:24,922 | INFO     | collectors.rfc_perf | [PRD] SQLMD readable but 0 rows matched DDATE >= '20260902' -- is SQL Monitor (transaction SQLM) activated on this system?
2026-09-09 09:57:30,172 | INFO     | collectors.rfc_perf | [CENTOR_QAS] SQLMD readable but 0 rows matched DDATE >= '20260902' -- is SQL Monitor (transaction SQLM) activated on this system?
2026-09-09 09:58:30,632 | INFO     | collectors.rfc_perf | [PRD] 108 STAT records, 0 dialog steps in the window (task mix: 0x12, 0x21, 0xb, 0xe, AUTOABAP, BTC, BUF.SYNC, OTHER, SPOOL) -- no GUI activity, metric left absent
2026-09-09 09:58:32,395 | INFO     | collectors.rfc_perf | [PRD] response time: no dialog steps in the last 5 min and no ST03N aggregate -- metric left absent (system idle or collector off)
2026-09-09 09:59:22,040 | INFO     | collectors.rfc_perf | [PRD] SQLMD readable but 0 rows matched DDATE >= '20260902' -- is SQL Monitor (transaction SQLM) activated on this system?
2026-09-09 09:59:24,487 | INFO     | main | ===== Pipeline START for system PRD =====
2026-09-09 09:59:24,488 | INFO     | main | PRD: has_os_access=false -- skipping OS/SSH metrics entirely (not attempting).
2026-09-09 09:59:26,125 | INFO     | sap_gui.launcher | Launching SAP Logon: C:\Program Files (x86)\SAP\FrontEnd\SAPgui\saplogon.exe
2026-09-09 09:59:34,743 | INFO     | collectors.rfc_perf | [CENTOR_QAS] SQLMD readable but 0 rows matched DDATE >= '20260902' -- is SQL Monitor (transaction SQLM) activated on this system?
2026-09-09 09:59:34,909 | INFO     | sap_gui.launcher | SAP Logon 800 pad is visible.
2026-09-09 09:59:35,911 | INFO     | sap_gui.launcher | Selecting connection: centaur system
2026-09-09 10:01:01,368 | INFO     | sap_gui.launcher | Opened connection 'centaur system' via keyboard activation.
2026-09-09 10:01:03,979 | INFO     | sap_gui.connection | Finding SAP login window...
2026-09-09 10:01:09,164 | INFO     | collectors.rfc_perf | [PRD] 113 STAT records, 0 dialog steps in the window (task mix: 0x12, 0x21, 0xb, 0xe, 0xf7, AUTOABAP, BTC, BUF.SYNC, OTHER, SPOOL) -- no GUI activity, metric left absent
2026-09-09 10:01:10,108 | INFO     | collectors.rfc_perf | [PRD] response time: no dialog steps in the last 5 min and no ST03N aggregate -- metric left absent (system idle or collector off)
2026-09-09 10:01:10,800 | INFO     | collectors.rfc_perf | [PRD] SQLMD readable but 0 rows matched DDATE >= '20260902' -- is SQL Monitor (transaction SQLM) activated on this system?
2026-09-09 10:01:12,591 | INFO     | collectors.rfc_perf | [CENTOR_QAS] SQLMD readable but 0 rows matched DDATE >= '20260902' -- is SQL Monitor (transaction SQLM) activated on this system?
2026-09-09 10:01:54,293 | WARNING  | main | PRD: SAP GUI unavailable (TimeoutError: SAP login window did not appear within 30s. Visible windows were: '.NET-BroadcastEventWindow.1400c58.0', '.NET-BroadcastEventWindow.3d893c.0', '.env - InfraBeatOps - Visual Studio Code', 'APT Scan', 'Animate Manager', 'ApMsgFwdWindow', 'ApUsbPnP', 'AudioEngine For Realtek HD Audio New GUI', 'Battery Meter', 'BluetoothNotificationAreaIconWindowClass', 'C:\WINDOWS\system32\DellTPad\Apntex.exe', 'CTrayNotifyIcon Helper Window', 'CVenderSpecSetting', 'Chat | Girish Jadhav | Microsoft Teams', 'CrossDeviceResumeWindow', 'DDE Server Window', 'DWM Notification Window', 'Default IME', 'DesktopWindowXamlSource', 'Ditto', 'Ditto Clipboard Viewer', 'Elara', 'Europa', 'FortiTray Daemon', 'FortiTray Desktop', 'GDI+ Window (Ditto.exe)', 'GDI+ Window (Lightshot.exe)', 'GDI+ Window (M365Copilot.exe)', 'GDI+ Window (RAVBg64.exe)', 'GDI+ Window (ShareX.exe)', 'GDI+ Window (saplogon.exe)', 'InfraBeatOps · AI RCA - Google Chrome', 'InnoSetupLdrWindow', 'Lightshot_Tray_Wnd', 'M', 'MS_WebcheckMonitor', 'Microsoft 365 Copilot', 'Microsoft OneDrive Sync Service', 'Microsoft Teams', 'MiracastConnectionWindow', 'OneDrive - infrabeat.com', 'Program Manager', 'RTK AUDIO DRIVER EVENT MGR', 'RTK TRAYICON', 'Realtek HD Audio Background Process for Vista', 'Realtek HD Audio New GUI', 'Realtek HD Audio New GUI background window', 'Realtek SpeakerTestManager', 'Rtc Video PnP Listener', 'SAP Logon 800', 'ShareX 21.0', 'System tray overflow window.', 'Task Host Window', 'Task Switching', 'The Event Manager Dashboard', 'This is a DataTip :)', 'ViennaSettingUI', 'Windows Input Experience', 'Windows Push Notifications Platform', 'बापट हे काय बरोबर नाही ? | ATHARVA SUDAME | VIDYANAND BAPAT | - YouTube - Google Chrome'. If a SAP window IS listed, add its title pattern to _LOGIN_TITLE_PATTERNS in sap_gui/connection.py. If none is listed, the desktop is probably locked or the RDP session is disconnected -- GUI scripting drives a real desktop and cannot run without one.). Continuing with RFC/SSH collectors.
2026-09-09 10:01:55,046 | INFO     | collectors.rfc_perf | [PRD] 113 STAT records, 0 dialog steps in the window (task mix: 0x12, 0xb, 0xe, 0xf7, AUTOABAP, BTC, BUF.SYNC, OTHER, SPOOL) -- no GUI activity, metric left absent
2026-09-09 10:01:55,894 | INFO     | collectors.rfc_perf | [PRD] response time: no dialog steps in the last 5 min and no ST03N aggregate -- metric left absent (system idle or collector off)
2026-09-09 10:01:56,130 | INFO     | collectors.rfc_perf | [PRD] SQLMD readable but 0 rows matched DDATE >= '20260902' -- is SQL Monitor (transaction SQLM) activated on this system?
2026-09-09 10:01:56,146 | INFO     | collectors.rfc_perf | [PRD] RFC perf collector: 6 metrics
2026-09-09 10:01:56,158 | INFO     | main | Skipping T-code GUI evidence for PRD -- GUI access disabled or no active SAP session.
2026-09-09 10:02:41,905 | INFO     | collectors.rfc_perf | [PRD] 109 STAT records, 0 dialog steps in the window (task mix: 0x12, 0xb, 0xe, 0xf7, AUTOABAP, BTC, BUF.SYNC, OTHER, SPOOL) -- no GUI activity, metric left absent
2026-09-09 10:02:43,081 | INFO     | collectors.rfc_perf | [PRD] response time: no dialog steps in the last 5 min and no ST03N aggregate -- metric left absent (system idle or collector off)
2026-09-09 10:02:44,830 | INFO     | collectors.rfc_perf | [PRD] SQLMD readable but 0 rows matched DDATE >= '20260902' -- is SQL Monitor (transaction SQLM) activated on this system?
2026-09-09 10:02:47,715 | INFO     | collectors.rfc_perf | [CENTOR_QAS] SQLMD readable but 0 rows matched DDATE >= '20260902' -- is SQL Monitor (transaction SQLM) activated on this system?
2026-09-09 10:04:17,013 | INFO     | collectors.rfc_perf | [PRD] 113 STAT records, 0 dialog steps in the window (task mix: 0x12, 0xb, 0xe, 0xf7, AUTOABAP, BTC, BUF.SYNC, OTHER, SPOOL) -- no GUI activity, metric left absent
2026-09-09 10:04:17,745 | INFO     | collectors.rfc_perf | [PRD] response time: no dialog steps in the last 5 min and no ST03N aggregate -- metric left absent (system idle or collector off)
2026-09-09 10:04:18,146 | INFO     | collectors.rfc_perf | [PRD] SQLMD readable but 0 rows matched DDATE >= '20260902' -- is SQL Monitor (transaction SQLM) activated on this system?
2026-09-09 10:04:20,301 | INFO     | collectors.rfc_perf | [CENTOR_QAS] SQLMD readable but 0 rows matched DDATE >= '20260902' -- is SQL Monitor (transaction SQLM) activated on this system?
2026-09-09 10:04:51,431 | ERROR    | main | Pipeline for PRD appears stuck -- no progress within 300s. Force-killing SAP processes to unblock it and moving on (this attempt counts as failed).
2026-09-09 10:05:01,559 | INFO     | main | Resetting SAP processes before retrying PRD...
2026-09-09 10:05:33,203 | INFO     | main | ===== Pipeline START for system PRD =====
2026-09-09 10:05:33,207 | INFO     | main | PRD: has_os_access=false -- skipping OS/SSH metrics entirely (not attempting).
2026-09-09 10:05:34,680 | INFO     | sap_gui.launcher | Launching SAP Logon: C:\Program Files (x86)\SAP\FrontEnd\SAPgui\saplogon.exe
2026-09-09 10:05:40,450 | INFO     | sap_gui.launcher | SAP Logon 800 pad is visible.
2026-09-09 10:05:41,452 | INFO     | sap_gui.launcher | Selecting connection: centaur system
2026-09-09 10:05:42,979 | INFO     | collectors.rfc_perf | [PRD] 109 STAT records, 0 dialog steps in the window (task mix: 0x12, 0xb, 0xe, 0xf7, AUTOABAP, BTC, BUF.SYNC, OTHER, SPOOL) -- no GUI activity, metric left absent
2026-09-09 10:05:43,290 | INFO     | core.status_snapshot | PRD: no GUI evidence this cycle; carrying forward 22 record(s) from 2026-09-04 15:13:17, marked stale.
2026-09-09 10:05:43,342 | INFO     | core.status_snapshot | Status snapshot saved for PRD: C:\infrabeatops\dashboard\snapshots\PRD.json
2026-09-09 10:05:43,719 | INFO     | collectors.rfc_perf | [PRD] response time: no dialog steps in the last 5 min and no ST03N aggregate -- metric left absent (system idle or collector off)
2026-09-09 10:05:43,918 | INFO     | collectors.rfc_perf | [PRD] SQLMD readable but 0 rows matched DDATE >= '20260902' -- is SQL Monitor (transaction SQLM) activated on this system?
2026-09-09 10:05:45,740 | INFO     | collectors.rfc_perf | [CENTOR_QAS] SQLMD readable but 0 rows matched DDATE >= '20260902' -- is SQL Monitor (transaction SQLM) activated on this system?
2026-09-09 10:05:45,840 | INFO     | reporting.excel_template_writer | MetroBrands Excel template filled: C:/infrabeatops/reports/2026-09-09/PRD/PRD_Monitoring_Sheet.xlsx
2026-09-09 10:06:32,107 | INFO     | sap_gui.launcher | Opened connection 'centaur system' via keyboard activation.
2026-09-09 10:06:35,032 | INFO     | sap_gui.connection | Finding SAP login window...
2026-09-09 10:07:17,818 | INFO     | main | ===== Pipeline COMPLETE for system PRD (gui_available=False) =====
2026-09-09 10:07:26,693 | INFO     | collectors.ccms_os | [CENTOR_QAS] CCMS OS monitor 'Operating System': matched cpu=1, load_5m=1, mem_free=1, mem_total=1, swap_free=1
2026-09-09 10:07:27,316 | INFO     | collectors.rfc_perf | [PRD] 104 STAT records, 0 dialog steps in the window (task mix: 0x12, 0xb, 0xe, AUTOABAP, BTC, BUF.SYNC, OTHER, SPOOL) -- no GUI activity, metric left absent
2026-09-09 10:07:28,239 | INFO     | collectors.rfc_perf | [PRD] response time: no dialog steps in the last 5 min and no ST03N aggregate -- metric left absent (system idle or collector off)
2026-09-09 10:07:28,525 | INFO     | collectors.rfc_perf | [PRD] SQLMD readable but 0 rows matched DDATE >= '20260902' -- is SQL Monitor (transaction SQLM) activated on this system?
2026-09-09 10:07:30,260 | WARNING  | main | PRD: SAP GUI unavailable (TimeoutError: SAP login window did not appear within 30s. Visible windows were: '.NET-BroadcastEventWindow.1400c58.0', '.NET-BroadcastEventWindow.3d893c.0', '.env - InfraBeatOps - Visual Studio Code', 'APT Scan', 'Animate Manager', 'ApMsgFwdWindow', 'ApUsbPnP', 'AudioEngine For Realtek HD Audio New GUI', 'Battery Meter', 'BluetoothNotificationAreaIconWindowClass', 'C:\WINDOWS\system32\DellTPad\Apntex.exe', 'CTrayNotifyIcon Helper Window', 'CVenderSpecSetting', 'Chat | Girish Jadhav | Microsoft Teams', 'CrossDeviceResumeWindow', 'DDE Server Window', 'DWM Notification Window', 'Default IME', 'DesktopWindowXamlSource', 'Ditto', 'Ditto Clipboard Viewer', 'Elara', 'Europa', 'FortiTray Daemon', 'FortiTray Desktop', 'GDI+ Window (Ditto.exe)', 'GDI+ Window (Lightshot.exe)', 'GDI+ Window (M365Copilot.exe)', 'GDI+ Window (RAVBg64.exe)', 'GDI+ Window (ShareX.exe)', 'GDI+ Window (saplogon.exe)', 'InfraBeatOps · AI RCA - Google Chrome', 'InnoSetupLdrWindow', 'Lightshot_Tray_Wnd', 'M', 'MS_WebcheckMonitor', 'Microsoft 365 Copilot', 'Microsoft OneDrive Sync Service', 'Microsoft Teams', 'MiracastConnectionWindow', 'OneDrive - infrabeat.com', 'Program Manager', 'RTK AUDIO DRIVER EVENT MGR', 'RTK TRAYICON', 'Realtek HD Audio Background Process for Vista', 'Realtek HD Audio New GUI', 'Realtek HD Audio New GUI background window', 'Realtek SpeakerTestManager', 'Rtc Video PnP Listener', 'SAP Logon 800', 'ShareX 21.0', 'System tray overflow window.', 'Task Host Window', 'Task Switching', 'The Event Manager Dashboard', 'This is a DataTip :)', 'ViennaSettingUI', 'Windows Input Experience', 'Windows Push Notifications Platform', 'बापट हे काय बरोबर नाही ? | ATHARVA SUDAME | VIDYANAND BAPAT | - YouTube - Google Chrome'. If a SAP window IS listed, add its title pattern to _LOGIN_TITLE_PATTERNS in sap_gui/connection.py. If none is listed, the desktop is probably locked or the RDP session is disconnected -- GUI scripting drives a real desktop and cannot run without one.). Continuing with RFC/SSH collectors.
2026-09-09 10:07:32,192 | INFO     | collectors.rfc_perf | [CENTOR_QAS] 64 STAT records, 0 dialog steps in the window (task mix: 0x12, 0xb, 0xe, 0xf, AUTOABAP, BTC, BUF.SYNC, OTHER, SPOOL) -- no GUI activity, metric left absent
2026-09-09 10:07:35,500 | INFO     | collectors.rfc_perf | [PRD] 104 STAT records, 0 dialog steps in the window (task mix: 0x12, 0xb, 0xe, AUTOABAP, BTC, BUF.SYNC, OTHER, SPOOL) -- no GUI activity, metric left absent
2026-09-09 10:07:35,749 | INFO     | collectors.rfc_perf | [CENTOR_QAS] response time: no dialog steps in the last 5 min and no ST03N aggregate -- metric left absent (system idle or collector off)
2026-09-09 10:07:36,468 | INFO     | collectors.rfc_perf | [PRD] response time: no dialog steps in the last 5 min and no ST03N aggregate -- metric left absent (system idle or collector off)
2026-09-09 10:07:37,001 | INFO     | collectors.rfc_perf | [CENTOR_QAS] SQLMD readable but 0 rows matched DDATE >= '20260902' -- is SQL Monitor (transaction SQLM) activated on this system?
2026-09-09 10:07:37,017 | INFO     | collectors.rfc_perf | [PRD] SQLMD readable but 0 rows matched DDATE >= '20260902' -- is SQL Monitor (transaction SQLM) activated on this system?
2026-09-09 10:07:37,045 | INFO     | collectors.rfc_perf | [PRD] RFC perf collector: 6 metrics
2026-09-09 10:07:37,068 | INFO     | main | Skipping T-code GUI evidence for PRD -- GUI access disabled or no active SAP session.
2026-09-09 10:08:44,877 | INFO     | collectors.rfc_perf | [PRD] 107 STAT records, 0 dialog steps in the window (task mix: 0x12, 0xb, 0xe, AUTOABAP, BTC, BUF.SYNC, OTHER, SPOOL) -- no GUI activity, metric left absent
2026-09-09 10:08:45,896 | INFO     | collectors.rfc_perf | [PRD] response time: no dialog steps in the last 5 min and no ST03N aggregate -- metric left absent (system idle or collector off)
2026-09-09 10:08:46,251 | INFO     | collectors.rfc_perf | [CENTOR_QAS] 57 STAT records, 0 dialog steps in the window (task mix: 0x12, 0xb, 0xe, 0xf, AUTOABAP, BTC, BUF.SYNC, OTHER, SPOOL) -- no GUI activity, metric left absent
2026-09-09 10:08:46,260 | INFO     | collectors.rfc_perf | [PRD] SQLMD readable but 0 rows matched DDATE >= '20260902' -- is SQL Monitor (transaction SQLM) activated on this system?
2026-09-09 10:08:46,332 | INFO     | collectors.rfc_perf | [CENTOR_QAS] response time: no dialog steps in the last 5 min and no ST03N aggregate -- metric left absent (system idle or collector off)
2026-09-09 10:08:48,429 | INFO     | collectors.rfc_perf | [CENTOR_QAS] SQLMD readable but 0 rows matched DDATE >= '20260902' -- is SQL Monitor (transaction SQLM) activated on this system?
2026-09-09 10:10:31,429 | INFO     | collectors.rfc_perf | [PRD] 111 STAT records, 0 dialog steps in the window (task mix: 0x12, 0xb, 0xe, AUTOABAP, BTC, BUF.SYNC, OTHER, SPOOL) -- no GUI activity, metric left absent
2026-09-09 10:10:32,296 | INFO     | collectors.rfc_perf | [PRD] response time: no dialog steps in the last 5 min and no ST03N aggregate -- metric left absent (system idle or collector off)
2026-09-09 10:10:32,509 | INFO     | collectors.rfc_perf | [CENTOR_QAS] 66 STAT records, 0 dialog steps in the window (task mix: 0x12, 0xb, 0xe, 0xf, AUTOABAP, BTC, BUF.SYNC, OTHER, SPOOL) -- no GUI activity, metric left absent
2026-09-09 10:10:32,541 | INFO     | collectors.rfc_perf | [PRD] SQLMD readable but 0 rows matched DDATE >= '20260902' -- is SQL Monitor (transaction SQLM) activated on this system?
2026-09-09 10:10:32,613 | INFO     | collectors.rfc_perf | [CENTOR_QAS] response time: no dialog steps in the last 5 min and no ST03N aggregate -- metric left absent (system idle or collector off)
2026-09-09 10:10:34,295 | ERROR    | main | Pipeline for PRD appears stuck -- no progress within 300s. Force-killing SAP processes to unblock it and moving on (this attempt counts as failed).
2026-09-09 10:10:34,538 | INFO     | collectors.rfc_perf | [CENTOR_QAS] SQLMD readable but 0 rows matched DDATE >= '20260902' -- is SQL Monitor (transaction SQLM) activated on this system?
2026-09-09 10:11:14,222 | ERROR    | main | All 2 attempts exhausted for PRD -- skipping this system for this cycle. Last error: Pipeline for PRD did not complete within 300s (hung).
2026-09-09 10:12:01,568 | INFO     | collectors.rfc_perf | [PRD] 111 STAT records, 0 dialog steps in the window (task mix: 0x12, 0xb, 0xe, AUTOABAP, BTC, BUF.SYNC, OTHER, SPOOL) -- no GUI activity, metric left absent
2026-09-09 10:12:02,636 | INFO     | collectors.rfc_perf | [PRD] response time: no dialog steps in the last 5 min and no ST03N aggregate -- metric left absent (system idle or collector off)
2026-09-09 10:12:03,020 | INFO     | collectors.rfc_perf | [CENTOR_QAS] 68 STAT records, 0 dialog steps in the window (task mix: 0x12, 0xb, 0xe, 0xf, AUTOABAP, BTC, BUF.SYNC, OTHER, SPOOL) -- no GUI activity, metric left absent
2026-09-09 10:12:03,174 | INFO     | collectors.rfc_perf | [CENTOR_QAS] response time: no dialog steps in the last 5 min and no ST03N aggregate -- metric left absent (system idle or collector off)
2026-09-09 10:12:03,208 | INFO     | collectors.rfc_perf | [PRD] SQLMD readable but 0 rows matched DDATE >= '20260902' -- is SQL Monitor (transaction SQLM) activated on this system?
2026-09-09 10:12:05,266 | INFO     | collectors.rfc_perf | [CENTOR_QAS] SQLMD readable but 0 rows matched DDATE >= '20260902' -- is SQL Monitor (transaction SQLM) activated on this system?
2026-09-09 10:13:10,198 | INFO     | collectors.rfc_perf | [PRD] 103 STAT records, 0 dialog steps in the window (task mix: 0x12, 0xb, 0xe, AUTOABAP, BTC, BUF.SYNC, OTHER, SPOOL) -- no GUI activity, metric left absent
2026-09-09 10:13:12,201 | INFO     | collectors.rfc_perf | [PRD] response time: no dialog steps in the last 5 min and no ST03N aggregate -- metric left absent (system idle or collector off)
2026-09-09 10:13:12,203 | INFO     | collectors.rfc_perf | [CENTOR_QAS] 62 STAT records, 0 dialog steps in the window (task mix: 0x12, 0xb, 0xe, 0xf, AUTOABAP, BTC, BUF.SYNC, OTHER, SPOOL) -- no GUI activity, metric left absent
2026-09-09 10:13:12,443 | INFO     | collectors.rfc_perf | [CENTOR_QAS] response time: no dialog steps in the last 5 min and no ST03N aggregate -- metric left absent (system idle or collector off)
2026-09-09 10:13:12,999 | INFO     | collectors.rfc_perf | [PRD] SQLMD readable but 0 rows matched DDATE >= '20260902' -- is SQL Monitor (transaction SQLM) activated on this system?
2026-09-09 10:13:15,939 | INFO     | collectors.rfc_perf | [CENTOR_QAS] SQLMD readable but 0 rows matched DDATE >= '20260902' -- is SQL Monitor (transaction SQLM) activated on this system?
2026-09-09 10:14:35,958 | INFO     | core.status_snapshot | PRD: no GUI evidence this cycle; carrying forward 22 record(s) from 2026-09-04 15:13:17, marked stale.
2026-09-09 10:14:36,073 | INFO     | core.status_snapshot | Status snapshot saved for PRD: C:\infrabeatops\dashboard\snapshots\PRD.json
2026-09-09 10:14:49,413 | INFO     | reporting.excel_template_writer | MetroBrands Excel template filled: C:/infrabeatops/reports/2026-09-09/PRD/PRD_Monitoring_Sheet.xlsx
2026-09-09 10:14:51,180 | INFO     | collectors.rfc_perf | [PRD] 105 STAT records, 0 dialog steps in the window (task mix: 0x12, 0xb, 0xe, AUTOABAP, BTC, BUF.SYNC, OTHER, SPOOL) -- no GUI activity, metric left absent
2026-09-09 10:14:56,545 | INFO     | collectors.rfc_perf | [PRD] response time: no dialog steps in the last 5 min and no ST03N aggregate -- metric left absent (system idle or collector off)
2026-09-09 10:14:58,882 | INFO     | collectors.rfc_perf | [PRD] SQLMD readable but 0 rows matched DDATE >= '20260902' -- is SQL Monitor (transaction SQLM) activated on this system?
2026-09-09 10:15:05,306 | INFO     | collectors.rfc_perf | [CENTOR_QAS] SQLMD readable but 0 rows matched DDATE >= '20260902' -- is SQL Monitor (transaction SQLM) activated on this system?
2026-09-09 10:16:11,213 | INFO     | collectors.rfc_perf | [PRD] 105 STAT records, 0 dialog steps in the window (task mix: 0x12, 0xb, 0xe, AUTOABAP, BTC, BUF.SYNC, OTHER, SPOOL) -- no GUI activity, metric left absent
2026-09-09 10:16:11,880 | INFO     | collectors.rfc_perf | [PRD] response time: no dialog steps in the last 5 min and no ST03N aggregate -- metric left absent (system idle or collector off)
2026-09-09 10:16:20,697 | INFO     | collectors.rfc_perf | [PRD] SQLMD readable but 0 rows matched DDATE >= '20260902' -- is SQL Monitor (transaction SQLM) activated on this system?
2026-09-09 10:16:24,406 | INFO     | collectors.rfc_perf | [CENTOR_QAS] SQLMD readable but 0 rows matched DDATE >= '20260902' -- is SQL Monitor (transaction SQLM) activated on this system?
2026-09-09 10:17:22,148 | INFO     | main | ===== Pipeline COMPLETE for system PRD (gui_available=False) =====
2026-09-09 10:17:31,041 | INFO     | collectors.ccms_os | [CENTOR_QAS] CCMS OS monitor 'Operating System': matched cpu=1, load_5m=1, mem_free=1, mem_total=1, swap_free=1
2026-09-09 10:17:31,236 | INFO     | collectors.rfc_perf | [PRD] 103 STAT records, 0 dialog steps in the window (task mix: 0x12, 0xb, 0xe, AUTOABAP, BTC, BUF.SYNC, OTHER, SPOOL) -- no GUI activity, metric left absent
2026-09-09 10:17:31,858 | INFO     | collectors.rfc_perf | [PRD] response time: no dialog steps in the last 5 min and no ST03N aggregate -- metric left absent (system idle or collector off)
2026-09-09 10:17:32,242 | INFO     | collectors.rfc_perf | [PRD] SQLMD readable but 0 rows matched DDATE >= '20260902' -- is SQL Monitor (transaction SQLM) activated on this system?
2026-09-09 10:17:34,953 | INFO     | collectors.rfc_perf | [CENTOR_QAS] SQLMD readable but 0 rows matched DDATE >= '20260902' -- is SQL Monitor (transaction SQLM) activated on this system?
2026-09-09 10:21:37,699 | INFO     | collectors.ccms_os | [CENTOR_QAS] CCMS OS monitor 'Operating System': matched cpu=1, load_5m=1, mem_free=1, mem_total=1, swap_free=1
2026-09-09 10:21:49,324 | INFO     | collectors.rfc_perf | [CENTOR_QAS] 40 STAT records, 0 dialog steps in the window (task mix: 0x12, 0xb, 0xe, 0xf, AUTOABAP, BTC, BUF.SYNC, OTHER, SPOOL) -- no GUI activity, metric left absent
2026-09-09 10:21:49,326 | INFO     | collectors.rfc_perf | [PRD] 106 STAT records, 0 dialog steps in the window (task mix: 0x12, 0xb, 0xe, AUTOABAP, BTC, BUF.SYNC, OTHER, SPOOL) -- no GUI activity, metric left absent
2026-09-09 10:21:51,901 | INFO     | collectors.rfc_perf | [CENTOR_QAS] response time: no dialog steps in the last 5 min and no ST03N aggregate -- metric left absent (system idle or collector off)
2026-09-09 10:21:54,405 | INFO     | collectors.rfc_perf | [PRD] response time: no dialog steps in the last 5 min and no ST03N aggregate -- metric left absent (system idle or collector off)
2026-09-09 10:21:54,607 | WARNING  | collectors.rfc_perf | [PRD] lock owner stamps run 285 min ahead of SAP system time -- OS time zone on the app server differs from the SAP time zone. Ages corrected; tell Basis.
2026-09-09 10:21:57,231 | INFO     | collectors.rfc_perf | [CENTOR_QAS] SQLMD readable but 0 rows matched DDATE >= '20260902' -- is SQL Monitor (transaction SQLM) activated on this system?
2026-09-09 10:21:57,606 | INFO     | collectors.rfc_perf | [PRD] SQLMD readable but 0 rows matched DDATE >= '20260902' -- is SQL Monitor (transaction SQLM) activated on this system?
2026-09-09 10:24:36,933 | INFO     | collectors.ccms_os | [SARLOHA QAS] CCMS OS monitor 'Operating System': matched cpu=1, load_5m=1, mem_free=1, mem_total=2, swap_free=1
2026-09-09 10:24:45,089 | INFO     | collectors.ccms_os | [SARLOHA PRD] CCMS OS monitor 'Operating System': matched cpu=2, load_5m=2, mem_free=2, mem_total=4, swap_free=2
2026-09-09 10:24:54,344 | INFO     | collectors.rfc_perf | [CENTOR_QAS] 43 STAT records, 0 dialog steps in the window (task mix: 0x12, 0xb, 0xe, 0xf, AUTOABAP, BTC, BUF.SYNC, OTHER, SPOOL) -- no GUI activity, metric left absent
2026-09-09 10:24:54,395 | INFO     | collectors.rfc_perf | [PRD] 104 STAT records, 0 dialog steps in the window (task mix: 0x12, 0x21, 0xb, 0xe, AUTOABAP, BTC, BUF.SYNC, OTHER, SPOOL) -- no GUI activity, metric left absent
2026-09-09 10:24:54,692 | INFO     | collectors.rfc_perf | [CENTOR_QAS] response time: no dialog steps in the last 5 min and no ST03N aggregate -- metric left absent (system idle or collector off)
2026-09-09 10:24:56,443 | INFO     | collectors.rfc_perf | [PRD] response time: no dialog steps in the last 5 min and no ST03N aggregate -- metric left absent (system idle or collector off)
2026-09-09 10:25:22,902 | INFO     | collectors.rfc_perf | [SARLOHA QAS] 72 STAT records, 0 dialog steps in the window (task mix: 0x12, 0xb, 0xe, 0xf, AUTOABAP, BTC, BUF.SYNC, OTHER, SPOOL) -- no GUI activity, metric left absent
2026-09-09 10:25:36,516 | INFO     | collectors.rfc_perf | [SARLOHA QAS] response time: STAT records unavailable, using ST03N aggregates
2026-09-09 10:25:58,874 | INFO     | collectors.rfc_perf | [CENTOR_QAS] SQLMD readable but 0 rows matched DDATE >= '20260902' -- is SQL Monitor (transaction SQLM) activated on this system?
2026-09-09 10:29:14,377 | INFO     | collectors.ccms_os | [SARLOHA PRD] CCMS OS monitor 'Operating System': matched cpu=2, load_5m=2, mem_free=2, mem_total=4, swap_free=2
2026-09-09 10:29:15,039 | INFO     | collectors.ccms_os | [SARLOHA QAS] CCMS OS monitor 'Operating System': matched cpu=1, load_5m=1, mem_free=1, mem_total=2, swap_free=1
2026-09-09 10:29:15,999 | INFO     | collectors.ccms_os | [CENTOR_QAS] CCMS OS monitor 'Operating System': matched cpu=1, load_5m=1, mem_free=1, mem_total=1, swap_free=1
2026-09-09 10:29:23,182 | INFO     | collectors.rfc_perf | [PRD] 106 STAT records, 0 dialog steps in the window (task mix: 0x12, 0xb, 0xe, AUTOABAP, BTC, BUF.SYNC, OTHER, SPOOL) -- no GUI activity, metric left absent
2026-09-09 10:29:26,699 | INFO     | collectors.rfc_perf | [PRD] response time: no dialog steps in the last 5 min and no ST03N aggregate -- metric left absent (system idle or collector off)
2026-09-09 10:29:26,962 | WARNING  | collectors.rfc_perf | [PRD] lock owner stamps run 270 min ahead of SAP system time -- OS time zone on the app server differs from the SAP time zone. Ages corrected; tell Basis.
2026-09-09 10:30:01,538 | INFO     | collectors.rfc_perf | [PRD] SQLMD readable but 0 rows matched DDATE >= '20260902' -- is SQL Monitor (transaction SQLM) activated on this system?
2026-09-09 10:30:08,515 | INFO     | collectors.rfc_perf | [CENTOR_QAS] SQLMD readable but 0 rows matched DDATE >= '20260902' -- is SQL Monitor (transaction SQLM) activated on this system?
2026-09-09 10:31:06,430 | INFO     | collectors.rfc_perf | [SARLOHA QAS] SQLMD readable but 0 rows matched DDATE >= '20260902' -- is SQL Monitor (transaction SQLM) activated on this system?
2026-09-09 10:31:06,566 | INFO     | collectors.rfc_perf | [SARLOHA PRD] SQLMD readable but 0 rows matched DDATE >= '20260902' -- is SQL Monitor (transaction SQLM) activated on this system?
2026-09-09 10:32:31,756 | INFO     | collectors.rfc_perf | [PRD] 106 STAT records, 0 dialog steps in the window (task mix: 0x12, 0xb, 0xe, AUTOABAP, BTC, BUF.SYNC, OTHER, SPOOL) -- no GUI activity, metric left absent
2026-09-09 10:32:34,857 | INFO     | collectors.rfc_perf | [PRD] response time: no dialog steps in the last 5 min and no ST03N aggregate -- metric left absent (system idle or collector off)
2026-09-09 10:32:35,805 | INFO     | collectors.rfc_perf | [CENTOR_QAS] SQLMD readable but 0 rows matched DDATE >= '20260902' -- is SQL Monitor (transaction SQLM) activated on this system?
2026-09-09 10:32:36,180 | INFO     | collectors.rfc_perf | [PRD] SQLMD readable but 0 rows matched DDATE >= '20260902' -- is SQL Monitor (transaction SQLM) activated on this system?
2026-09-09 10:34:15,113 | INFO     | collectors.rfc_perf | [SARLOHA PRD] SQLMD readable but 0 rows matched DDATE >= '20260902' -- is SQL Monitor (transaction SQLM) activated on this system?
2026-09-09 10:34:40,199 | INFO     | collectors.rfc_perf | [PRD] 105 STAT records, 0 dialog steps in the window (task mix: 0x12, 0xb, 0xe, AUTOABAP, BTC, BUF.SYNC, OTHER, SPOOL) -- no GUI activity, metric left absent
2026-09-09 10:34:42,513 | INFO     | collectors.rfc_perf | [PRD] response time: no dialog steps in the last 5 min and no ST03N aggregate -- metric left absent (system idle or collector off)
2026-09-09 10:34:44,427 | INFO     | collectors.rfc_perf | [PRD] SQLMD readable but 0 rows matched DDATE >= '20260902' -- is SQL Monitor (transaction SQLM) activated on this system?
2026-09-09 10:34:49,644 | INFO     | collectors.rfc_perf | [CENTOR_QAS] SQLMD readable but 0 rows matched DDATE >= '20260902' -- is SQL Monitor (transaction SQLM) activated on this system?
2026-09-09 10:34:49,647 | INFO     | collectors.rfc_perf | [SARLOHA QAS] SQLMD readable but 0 rows matched DDATE >= '20260902' -- is SQL Monitor (transaction SQLM) activated on this system?
2026-09-09 10:36:30,983 | INFO     | collectors.rfc_perf | [SARLOHA PRD] SQLMD readable but 0 rows matched DDATE >= '20260902' -- is SQL Monitor (transaction SQLM) activated on this system?
2026-09-09 10:36:49,790 | INFO     | collectors.rfc_perf | [PRD] 166 STAT records, 0 dialog steps in the window (task mix: 0x12, 0xb, 0xe, AUTOABAP, BTC, BUF.SYNC, OTHER, SPOOL) -- no GUI activity, metric left absent
2026-09-09 10:36:55,064 | INFO     | collectors.rfc_perf | [PRD] response time: no dialog steps in the last 5 min and no ST03N aggregate -- metric left absent (system idle or collector off)
2026-09-09 10:36:55,263 | WARNING  | collectors.rfc_perf | [PRD] lock owner stamps run 330 min ahead of SAP system time -- OS time zone on the app server differs from the SAP time zone. Ages corrected; tell Basis.
2026-09-09 10:36:57,382 | INFO     | collectors.rfc_perf | [PRD] SQLMD readable but 0 rows matched DDATE >= '20260902' -- is SQL Monitor (transaction SQLM) activated on this system?
2026-09-09 10:37:04,161 | INFO     | collectors.rfc_perf | [SARLOHA QAS] SQLMD readable but 0 rows matched DDATE >= '20260902' -- is SQL Monitor (transaction SQLM) activated on this system?
2026-09-09 10:37:06,410 | INFO     | collectors.rfc_perf | [CENTOR_QAS] SQLMD readable but 0 rows matched DDATE >= '20260902' -- is SQL Monitor (transaction SQLM) activated on this system?
2026-09-09 10:38:21,920 | INFO     | collectors.rfc_perf | [PRD] 191 STAT records, 0 dialog steps in the window (task mix: 0x12, 0xb, 0xe, AUTOABAP, BTC, BUF.SYNC, OTHER, SPOOL) -- no GUI activity, metric left absent
2026-09-09 10:38:23,195 | INFO     | collectors.rfc_perf | [PRD] response time: no dialog steps in the last 5 min and no ST03N aggregate -- metric left absent (system idle or collector off)
2026-09-09 10:38:23,637 | INFO     | collectors.rfc_perf | [SARLOHA QAS] 37 STAT records, 0 dialog steps in the window (task mix: 0x12, 0xb, 0xe, 0xf, BTC, BUF.SYNC, OTHER, SPOOL) -- no GUI activity, metric left absent
2026-09-09 10:38:27,134 | INFO     | collectors.rfc_perf | [PRD] SQLMD readable but 0 rows matched DDATE >= '20260902' -- is SQL Monitor (transaction SQLM) activated on this system?
2026-09-09 10:38:27,565 | INFO     | collectors.rfc_perf | [SARLOHA QAS] response time: STAT records unavailable, using ST03N aggregates
2026-09-09 10:38:30,815 | INFO     | collectors.rfc_perf | [CENTOR_QAS] SQLMD readable but 0 rows matched DDATE >= '20260902' -- is SQL Monitor (transaction SQLM) activated on this system?
2026-09-09 10:38:31,040 | INFO     | collectors.rfc_perf | [SARLOHA QAS] SQLMD readable but 0 rows matched DDATE >= '20260902' -- is SQL Monitor (transaction SQLM) activated on this system?
2026-09-09 10:38:31,373 | INFO     | collectors.rfc_perf | [SARLOHA PRD] SQLMD readable but 0 rows matched DDATE >= '20260902' -- is SQL Monitor (transaction SQLM) activated on this system?
2026-09-09 10:39:29,352 | INFO     | collectors.ccms_os | [SARLOHA QAS] CCMS OS monitor 'Operating System': matched cpu=1, load_5m=1, mem_free=1, mem_total=2, swap_free=1
2026-09-09 10:39:29,358 | INFO     | collectors.ccms_os | [SARLOHA PRD] CCMS OS monitor 'Operating System': matched cpu=2, load_5m=2, mem_free=2, mem_total=4, swap_free=2
2026-09-09 10:39:29,719 | INFO     | collectors.ccms_os | [CENTOR_QAS] CCMS OS monitor 'Operating System': matched cpu=1, load_5m=1, mem_free=1, mem_total=1, swap_free=1
2026-09-09 10:39:30,407 | INFO     | collectors.rfc_perf | [PRD] 206 STAT records, 0 dialog steps in the window (task mix: 0x12, 0xb, 0xe, AUTOABAP, BTC, BUF.SYNC, OTHER, SPOOL) -- no GUI activity, metric left absent
2026-09-09 10:39:31,054 | INFO     | collectors.rfc_perf | [PRD] response time: no dialog steps in the last 5 min and no ST03N aggregate -- metric left absent (system idle or collector off)
2026-09-09 10:39:31,816 | INFO     | collectors.rfc_perf | [PRD] SQLMD readable but 0 rows matched DDATE >= '20260902' -- is SQL Monitor (transaction SQLM) activated on this system?
2026-09-09 10:39:43,273 | INFO     | collectors.rfc_perf | [CENTOR_QAS] SQLMD readable but 0 rows matched DDATE >= '20260902' -- is SQL Monitor (transaction SQLM) activated on this system?
2026-09-09 10:40:59,594 | INFO     | collectors.rfc_perf | [PRD] 163 STAT records, 0 dialog steps in the window (task mix: 0x12, 0xb, 0xe, AUTOABAP, BTC, BUF.SYNC, OTHER, SPOOL) -- no GUI activity, metric left absent
2026-09-09 10:41:00,759 | INFO     | collectors.rfc_perf | [PRD] response time: no dialog steps in the last 5 min and no ST03N aggregate -- metric left absent (system idle or collector off)
2026-09-09 10:41:01,410 | INFO     | collectors.rfc_perf | [PRD] SQLMD readable but 0 rows matched DDATE >= '20260902' -- is SQL Monitor (transaction SQLM) activated on this system?
2026-09-09 10:41:01,632 | INFO     | collectors.rfc_perf | [SARLOHA QAS] 34 STAT records, 0 dialog steps in the window (task mix: 0x12, 0xb, 0xe, 0xf, AUTOABAP, BTC, BUF.SYNC, OTHER, SPOOL) -- no GUI activity, metric left absent
2026-09-09 10:41:03,323 | INFO     | collectors.rfc_perf | [SARLOHA QAS] response time: STAT records unavailable, using ST03N aggregates
2026-09-09 10:41:04,352 | INFO     | collectors.rfc_perf | [SARLOHA QAS] SQLMD readable but 0 rows matched DDATE >= '20260902' -- is SQL Monitor (transaction SQLM) activated on this system?
2026-09-09 10:41:04,360 | INFO     | collectors.rfc_perf | [CENTOR_QAS] SQLMD readable but 0 rows matched DDATE >= '20260902' -- is SQL Monitor (transaction SQLM) activated on this system?
2026-09-09 10:41:31,146 | INFO     | collectors.rfc_perf | [SARLOHA PRD] SQLMD readable but 0 rows matched DDATE >= '20260902' -- is SQL Monitor (transaction SQLM) activated on this system?
2026-09-09 10:42:58,777 | INFO     | collectors.rfc_perf | [PRD] 120 STAT records, 0 dialog steps in the window (task mix: 0x12, 0xb, 0xe, AUTOABAP, BTC, BUF.SYNC, OTHER, SPOOL) -- no GUI activity, metric left absent
2026-09-09 10:42:59,557 | INFO     | collectors.rfc_perf | [PRD] response time: no dialog steps in the last 5 min and no ST03N aggregate -- metric left absent (system idle or collector off)
2026-09-09 10:43:01,806 | INFO     | collectors.rfc_perf | [PRD] SQLMD readable but 0 rows matched DDATE >= '20260902' -- is SQL Monitor (transaction SQLM) activated on this system?
2026-09-09 10:43:04,167 | INFO     | collectors.rfc_perf | [SARLOHA QAS] 36 STAT records, 0 dialog steps in the window (task mix: 0x12, 0xb, 0xe, 0xf, AUTOABAP, BTC, BUF.SYNC, OTHER, SPOOL) -- no GUI activity, metric left absent
2026-09-09 10:43:05,572 | INFO     | collectors.rfc_perf | [SARLOHA QAS] response time: STAT records unavailable, using ST03N aggregates
2026-09-09 10:43:07,036 | INFO     | collectors.rfc_perf | [CENTOR_QAS] SQLMD readable but 0 rows matched DDATE >= '20260902' -- is SQL Monitor (transaction SQLM) activated on this system?
2026-09-09 10:43:07,093 | INFO     | collectors.rfc_perf | [SARLOHA QAS] SQLMD readable but 0 rows matched DDATE >= '20260902' -- is SQL Monitor (transaction SQLM) activated on this system?
2026-09-09 10:43:07,214 | INFO     | collectors.rfc_perf | [SARLOHA PRD] SQLMD readable but 0 rows matched DDATE >= '20260902' -- is SQL Monitor (transaction SQLM) activated on this system?
2026-09-09 10:44:16,829 | INFO     | collectors.rfc_perf | [PRD] 105 STAT records, 0 dialog steps in the window (task mix: 0x12, 0xb, 0xe, AUTOABAP, BTC, BUF.SYNC, OTHER, SPOOL) -- no GUI activity, metric left absent
2026-09-09 10:44:16,831 | INFO     | collectors.rfc_perf | [SARLOHA QAS] 46 STAT records, 0 dialog steps in the window (task mix: 0x12, 0xb, 0xe, 0xf, AUTOABAP, BTC, BUF.SYNC, OTHER, SPOOL) -- no GUI activity, metric left absent
2026-09-09 10:44:18,805 | INFO     | collectors.rfc_perf | [SARLOHA QAS] response time: STAT records unavailable, using ST03N aggregates
2026-09-09 10:44:18,817 | INFO     | collectors.rfc_perf | [PRD] response time: no dialog steps in the last 5 min and no ST03N aggregate -- metric left absent (system idle or collector off)
2026-09-09 10:44:20,224 | INFO     | collectors.rfc_perf | [PRD] SQLMD readable but 0 rows matched DDATE >= '20260902' -- is SQL Monitor (transaction SQLM) activated on this system?
2026-09-09 10:44:20,834 | INFO     | collectors.rfc_perf | [SARLOHA QAS] SQLMD readable but 0 rows matched DDATE >= '20260902' -- is SQL Monitor (transaction SQLM) activated on this system?
2026-09-09 10:44:22,355 | INFO     | collectors.rfc_perf | [SARLOHA PRD] SQLMD readable but 0 rows matched DDATE >= '20260902' -- is SQL Monitor (transaction SQLM) activated on this system?
2026-09-09 10:44:22,837 | INFO     | collectors.rfc_perf | [CENTOR_QAS] SQLMD readable but 0 rows matched DDATE >= '20260902' -- is SQL Monitor (transaction SQLM) activated on this system?
2026-09-09 10:45:51,702 | INFO     | collectors.rfc_perf | [PRD] 103 STAT records, 0 dialog steps in the window (task mix: 0x12, 0xb, 0xe, AUTOABAP, BTC, BUF.SYNC, OTHER, SPOOL) -- no GUI activity, metric left absent
2026-09-09 10:46:06,349 | INFO     | collectors.rfc_perf | [PRD] response time: no dialog steps in the last 5 min and no ST03N aggregate -- metric left absent (system idle or collector off)
2026-09-09 10:46:07,541 | INFO     | collectors.rfc_perf | [SARLOHA QAS] 46 STAT records, 0 dialog steps in the window (task mix: 0x12, 0xb, 0xe, 0xf, AUTOABAP, BTC, BUF.SYNC, OTHER, SPOOL) -- no GUI activity, metric left absent
2026-09-09 10:46:17,365 | INFO     | collectors.rfc_perf | [SARLOHA QAS] response time: STAT records unavailable, using ST03N aggregates
2026-09-09 10:46:31,916 | INFO     | collectors.rfc_perf | [PRD] SQLMD readable but 0 rows matched DDATE >= '20260902' -- is SQL Monitor (transaction SQLM) activated on this system?
2026-09-09 10:47:00,761 | INFO     | collectors.rfc_perf | [SARLOHA QAS] SQLMD readable but 0 rows matched DDATE >= '20260902' -- is SQL Monitor (transaction SQLM) activated on this system?
2026-09-09 10:47:13,198 | INFO     | collectors.rfc_perf | [CENTOR_QAS] SQLMD readable but 0 rows matched DDATE >= '20260902' -- is SQL Monitor (transaction SQLM) activated on this system?
2026-09-09 10:47:14,083 | INFO     | collectors.rfc_perf | [SARLOHA PRD] SQLMD readable but 0 rows matched DDATE >= '20260902' -- is SQL Monitor (transaction SQLM) activated on this system?
2026-09-09 10:49:27,348 | INFO     | collectors.rfc_perf | [PRD] 107 STAT records, 0 dialog steps in the window (task mix: 0x12, 0x21, 0xb, 0xe, AUTOABAP, BTC, BUF.SYNC, OTHER, SPOOL) -- no GUI activity, metric left absent
2026-09-09 10:49:28,146 | INFO     | collectors.rfc_perf | [SARLOHA QAS] 45 STAT records, 0 dialog steps in the window (task mix: 0x12, 0xb, 0xe, 0xf, 0xfa, AUTOABAP, BTC, BUF.SYNC, OTHER, SPOOL) -- no GUI activity, metric left absent
2026-09-09 10:49:39,442 | INFO     | collectors.rfc_perf | [PRD] response time: no dialog steps in the last 5 min and no ST03N aggregate -- metric left absent (system idle or collector off)
2026-09-09 10:49:45,424 | INFO     | collectors.rfc_perf | [SARLOHA QAS] response time: STAT records unavailable, using ST03N aggregates
2026-09-09 10:49:46,839 | INFO     | collectors.rfc_perf | [PRD] SQLMD readable but 0 rows matched DDATE >= '20260902' -- is SQL Monitor (transaction SQLM) activated on this system?
2026-09-09 10:49:51,060 | INFO     | collectors.rfc_perf | [SARLOHA QAS] SQLMD readable but 0 rows matched DDATE >= '20260902' -- is SQL Monitor (transaction SQLM) activated on this system?
2026-09-09 10:49:51,285 | INFO     | collectors.rfc_perf | [SARLOHA PRD] SQLMD readable but 0 rows matched DDATE >= '20260902' -- is SQL Monitor (transaction SQLM) activated on this system?
2026-09-09 10:49:51,355 | INFO     | collectors.rfc_perf | [CENTOR_QAS] SQLMD readable but 0 rows matched DDATE >= '20260902' -- is SQL Monitor (transaction SQLM) activated on this system?
2026-09-09 10:50:28,982 | INFO     | collectors.ccms_os | [SARLOHA QAS] CCMS OS monitor 'Operating System': matched cpu=1, load_5m=1, mem_free=1, mem_total=2, swap_free=1
2026-09-09 10:50:30,265 | INFO     | collectors.ccms_os | [CENTOR_QAS] CCMS OS monitor 'Operating System': matched cpu=1, load_5m=1, mem_free=1, mem_total=1, swap_free=1
2026-09-09 10:50:30,296 | INFO     | collectors.ccms_os | [SARLOHA PRD] CCMS OS monitor 'Operating System': matched cpu=2, load_5m=2, mem_free=2, mem_total=4, swap_free=2
2026-09-09 10:51:20,468 | INFO     | collectors.rfc_perf | [PRD] 107 STAT records, 0 dialog steps in the window (task mix: 0x12, 0x21, 0xb, 0xe, AUTOABAP, BTC, BUF.SYNC, OTHER, SPOOL) -- no GUI activity, metric left absent
2026-09-09 10:51:21,675 | INFO     | collectors.rfc_perf | [PRD] response time: no dialog steps in the last 5 min and no ST03N aggregate -- metric left absent (system idle or collector off)
2026-09-09 10:51:21,886 | INFO     | collectors.rfc_perf | [SARLOHA QAS] 49 STAT records, 0 dialog steps in the window (task mix: 0x12, 0xb, 0xe, 0xf, 0xfa, AUTOABAP, BTC, BUF.SYNC, OTHER, SPOOL) -- no GUI activity, metric left absent
2026-09-09 10:51:22,479 | INFO     | collectors.rfc_perf | [SARLOHA QAS] response time: STAT records unavailable, using ST03N aggregates
2026-09-09 10:51:22,949 | INFO     | collectors.rfc_perf | [PRD] SQLMD readable but 0 rows matched DDATE >= '20260902' -- is SQL Monitor (transaction SQLM) activated on this system?
2026-09-09 10:51:25,714 | INFO     | collectors.rfc_perf | [CENTOR_QAS] SQLMD readable but 0 rows matched DDATE >= '20260902' -- is SQL Monitor (transaction SQLM) activated on this system?
2026-09-09 10:51:25,862 | INFO     | collectors.rfc_perf | [SARLOHA QAS] SQLMD readable but 0 rows matched DDATE >= '20260902' -- is SQL Monitor (transaction SQLM) activated on this system?
2026-09-09 10:51:27,773 | INFO     | collectors.rfc_perf | [SARLOHA PRD] SQLMD readable but 0 rows matched DDATE >= '20260902' -- is SQL Monitor (transaction SQLM) activated on this system?
2026-09-09 10:52:52,612 | INFO     | collectors.rfc_perf | [PRD] 103 STAT records, 0 dialog steps in the window (task mix: 0x12, 0xb, 0xe, AUTOABAP, BTC, BUF.SYNC, OTHER, SPOOL) -- no GUI activity, metric left absent
2026-09-09 10:52:53,185 | INFO     | collectors.rfc_perf | [PRD] response time: no dialog steps in the last 5 min and no ST03N aggregate -- metric left absent (system idle or collector off)
2026-09-09 10:52:53,594 | INFO     | collectors.rfc_perf | [PRD] SQLMD readable but 0 rows matched DDATE >= '20260902' -- is SQL Monitor (transaction SQLM) activated on this system?
2026-09-09 10:52:53,715 | INFO     | collectors.rfc_perf | [SARLOHA QAS] 56 STAT records, 0 dialog steps in the window (task mix: 0x12, 0xb, 0xe, 0xf, 0xfa, AUTOABAP, BTC, BUF.SYNC, OTHER, SPOOL) -- no GUI activity, metric left absent
2026-09-09 10:52:56,686 | INFO     | collectors.rfc_perf | [SARLOHA QAS] response time: STAT records unavailable, using ST03N aggregates
2026-09-09 10:52:58,191 | INFO     | collectors.rfc_perf | [SARLOHA QAS] SQLMD readable but 0 rows matched DDATE >= '20260902' -- is SQL Monitor (transaction SQLM) activated on this system?
2026-09-09 10:52:58,253 | INFO     | collectors.rfc_perf | [CENTOR_QAS] SQLMD readable but 0 rows matched DDATE >= '20260902' -- is SQL Monitor (transaction SQLM) activated on this system?
2026-09-09 10:52:58,355 | INFO     | collectors.rfc_perf | [SARLOHA PRD] SQLMD readable but 0 rows matched DDATE >= '20260902' -- is SQL Monitor (transaction SQLM) activated on this system?
2026-09-09 10:54:16,056 | INFO     | collectors.rfc_perf | [PRD] 105 STAT records, 0 dialog steps in the window (task mix: 0x12, 0xb, 0xe, AUTOABAP, BTC, BUF.SYNC, OTHER, SPOOL) -- no GUI activity, metric left absent
2026-09-09 10:54:16,717 | INFO     | collectors.rfc_perf | [PRD] response time: no dialog steps in the last 5 min and no ST03N aggregate -- metric left absent (system idle or collector off)
2026-09-09 10:54:17,470 | INFO     | collectors.rfc_perf | [PRD] SQLMD readable but 0 rows matched DDATE >= '20260902' -- is SQL Monitor (transaction SQLM) activated on this system?
2026-09-09 10:54:19,764 | INFO     | collectors.rfc_perf | [SARLOHA QAS] 49 STAT records, 0 dialog steps in the window (task mix: 0x12, 0xb, 0xe, 0xf, AUTOABAP, BTC, BUF.SYNC, OTHER, SPOOL) -- no GUI activity, metric left absent
2026-09-09 10:54:21,321 | INFO     | collectors.rfc_perf | [SARLOHA QAS] response time: STAT records unavailable, using ST03N aggregates
2026-09-09 10:54:22,697 | INFO     | collectors.rfc_perf | [CENTOR_QAS] SQLMD readable but 0 rows matched DDATE >= '20260902' -- is SQL Monitor (transaction SQLM) activated on this system?
2026-09-09 10:54:22,697 | INFO     | collectors.rfc_perf | [SARLOHA QAS] SQLMD readable but 0 rows matched DDATE >= '20260902' -- is SQL Monitor (transaction SQLM) activated on this system?
2026-09-09 10:54:22,791 | INFO     | collectors.rfc_perf | [SARLOHA PRD] SQLMD readable but 0 rows matched DDATE >= '20260902' -- is SQL Monitor (transaction SQLM) activated on this system?
2026-09-09 10:55:56,938 | INFO     | collectors.rfc_perf | [PRD] 106 STAT records, 0 dialog steps in the window (task mix: 0x12, 0x21, 0xb, 0xe, AUTOABAP, BTC, BUF.SYNC, OTHER, SPOOL) -- no GUI activity, metric left absent
2026-09-09 10:55:57,874 | INFO     | collectors.rfc_perf | [PRD] response time: no dialog steps in the last 5 min and no ST03N aggregate -- metric left absent (system idle or collector off)
2026-09-09 10:55:58,206 | INFO     | collectors.rfc_perf | [SARLOHA QAS] 50 STAT records, 0 dialog steps in the window (task mix: 0x12, 0xb, 0xe, 0xf, AUTOABAP, BTC, BUF.SYNC, OTHER, SPOOL) -- no GUI activity, metric left absent
2026-09-09 10:55:58,820 | INFO     | collectors.rfc_perf | [SARLOHA QAS] response time: STAT records unavailable, using ST03N aggregates
2026-09-09 10:55:59,547 | INFO     | collectors.rfc_perf | [PRD] SQLMD readable but 0 rows matched DDATE >= '20260902' -- is SQL Monitor (transaction SQLM) activated on this system?
2026-09-09 10:56:02,320 | INFO     | collectors.rfc_perf | [CENTOR_QAS] SQLMD readable but 0 rows matched DDATE >= '20260902' -- is SQL Monitor (transaction SQLM) activated on this system?
2026-09-09 10:56:03,852 | INFO     | collectors.rfc_perf | [SARLOHA QAS] SQLMD readable but 0 rows matched DDATE >= '20260902' -- is SQL Monitor (transaction SQLM) activated on this system?
2026-09-09 10:56:41,858 | INFO     | collectors.rfc_perf | [SARLOHA PRD] SQLMD readable but 0 rows matched DDATE >= '20260902' -- is SQL Monitor (transaction SQLM) activated on this system?
2026-09-09 10:57:34,037 | INFO     | collectors.rfc_perf | [PRD] 104 STAT records, 0 dialog steps in the window (task mix: 0x12, 0x21, 0xb, 0xe, AUTOABAP, BTC, BUF.SYNC, OTHER, SPOOL) -- no GUI activity, metric left absent
2026-09-09 10:57:35,949 | INFO     | collectors.rfc_perf | [PRD] response time: no dialog steps in the last 5 min and no ST03N aggregate -- metric left absent (system idle or collector off)
2026-09-09 10:57:36,519 | INFO     | collectors.rfc_perf | [SARLOHA QAS] 48 STAT records, 0 dialog steps in the window (task mix: 0x12, 0xb, 0xe, 0xf, AUTOABAP, BTC, BUF.SYNC, OTHER, SPOOL) -- no GUI activity, metric left absent
2026-09-09 10:57:37,666 | INFO     | collectors.rfc_perf | [SARLOHA QAS] response time: STAT records unavailable, using ST03N aggregates
2026-09-09 10:57:38,757 | INFO     | collectors.rfc_perf | [PRD] SQLMD readable but 0 rows matched DDATE >= '20260902' -- is SQL Monitor (transaction SQLM) activated on this system?
2026-09-09 10:57:42,847 | INFO     | collectors.rfc_perf | [CENTOR_QAS] SQLMD readable but 0 rows matched DDATE >= '20260902' -- is SQL Monitor (transaction SQLM) activated on this system?
2026-09-09 10:57:43,115 | INFO     | collectors.rfc_perf | [SARLOHA QAS] SQLMD readable but 0 rows matched DDATE >= '20260902' -- is SQL Monitor (transaction SQLM) activated on this system?
2026-09-09 10:59:00,242 | INFO     | collectors.rfc_perf | [PRD] 107 STAT records, 0 dialog steps in the window (task mix: 0x12, 0x21, 0xb, 0xe, AUTOABAP, BTC, BUF.SYNC, OTHER, SPOOL) -- no GUI activity, metric left absent
2026-09-09 10:59:00,946 | INFO     | collectors.rfc_perf | [PRD] response time: no dialog steps in the last 5 min and no ST03N aggregate -- metric left absent (system idle or collector off)
2026-09-09 10:59:01,796 | INFO     | collectors.rfc_perf | [SARLOHA QAS] 41 STAT records, 0 dialog steps in the window (task mix: 0x12, 0xb, 0xe, 0xf, AUTOABAP, BTC, BUF.SYNC, OTHER, SPOOL) -- no GUI activity, metric left absent
2026-09-09 10:59:01,869 | INFO     | collectors.rfc_perf | [PRD] SQLMD readable but 0 rows matched DDATE >= '20260902' -- is SQL Monitor (transaction SQLM) activated on this system?
2026-09-09 10:59:05,377 | INFO     | collectors.rfc_perf | [SARLOHA QAS] response time: STAT records unavailable, using ST03N aggregates
2026-09-09 10:59:07,146 | INFO     | collectors.rfc_perf | [SARLOHA QAS] SQLMD readable but 0 rows matched DDATE >= '20260902' -- is SQL Monitor (transaction SQLM) activated on this system?
2026-09-09 10:59:09,392 | INFO     | collectors.rfc_perf | [CENTOR_QAS] SQLMD readable but 0 rows matched DDATE >= '20260902' -- is SQL Monitor (transaction SQLM) activated on this system?
2026-09-09 10:59:09,529 | INFO     | collectors.rfc_perf | [SARLOHA PRD] SQLMD readable but 0 rows matched DDATE >= '20260902' -- is SQL Monitor (transaction SQLM) activated on this system?
2026-09-09 11:00:48,527 | INFO     | collectors.ccms_os | [SARLOHA QAS] CCMS OS monitor 'Operating System': matched cpu=1, load_5m=1, mem_free=1, mem_total=2, swap_free=1
2026-09-09 11:00:48,956 | INFO     | collectors.ccms_os | [CENTOR_QAS] CCMS OS monitor 'Operating System': matched cpu=1, load_5m=1, mem_free=1, mem_total=1, swap_free=1
2026-09-09 11:00:48,969 | INFO     | collectors.ccms_os | [SARLOHA PRD] CCMS OS monitor 'Operating System': matched cpu=2, load_5m=2, mem_free=2, mem_total=4, swap_free=2
2026-09-09 11:00:49,308 | INFO     | collectors.rfc_perf | [PRD] 114 STAT records, 0 dialog steps in the window (task mix: 0x12, 0xb, 0xe, 0xf7, AUTOABAP, BTC, BUF.SYNC, OTHER, RFC, SPOOL) -- no GUI activity, metric left absent
2026-09-09 11:00:50,196 | INFO     | collectors.rfc_perf | [PRD] response time: no dialog steps in the last 5 min and no ST03N aggregate -- metric left absent (system idle or collector off)
2026-09-09 11:00:50,722 | INFO     | collectors.rfc_perf | [SARLOHA QAS] 45 STAT records, 0 dialog steps in the window (task mix: 0x12, 0xb, 0xe, 0xf, AUTOABAP, BTC, BUF.SYNC, OTHER, SPOOL) -- no GUI activity, metric left absent
2026-09-09 11:00:50,903 | INFO     | collectors.rfc_perf | [PRD] SQLMD readable but 0 rows matched DDATE >= '20260902' -- is SQL Monitor (transaction SQLM) activated on this system?
2026-09-09 11:00:52,491 | INFO     | collectors.rfc_perf | [SARLOHA QAS] response time: STAT records unavailable, using ST03N aggregates
2026-09-09 11:00:55,747 | INFO     | collectors.rfc_perf | [CENTOR_QAS] SQLMD readable but 0 rows matched DDATE >= '20260902' -- is SQL Monitor (transaction SQLM) activated on this system?
2026-09-09 11:00:55,747 | INFO     | collectors.rfc_perf | [SARLOHA QAS] SQLMD readable but 0 rows matched DDATE >= '20260902' -- is SQL Monitor (transaction SQLM) activated on this system?
2026-09-09 11:01:24,644 | INFO     | collectors.rfc_perf | [SARLOHA PRD] SQLMD readable but 0 rows matched DDATE >= '20260902' -- is SQL Monitor (transaction SQLM) activated on this system?
2026-09-09 11:02:17,840 | INFO     | collectors.rfc_perf | [PRD] 114 STAT records, 0 dialog steps in the window (task mix: 0x12, 0xb, 0xe, 0xf7, AUTOABAP, BTC, BUF.SYNC, OTHER, RFC, SPOOL) -- no GUI activity, metric left absent
2026-09-09 11:02:18,436 | INFO     | collectors.rfc_perf | [PRD] response time: no dialog steps in the last 5 min and no ST03N aggregate -- metric left absent (system idle or collector off)
2026-09-09 11:02:21,558 | INFO     | collectors.rfc_perf | [PRD] SQLMD readable but 0 rows matched DDATE >= '20260902' -- is SQL Monitor (transaction SQLM) activated on this system?
2026-09-09 11:02:21,653 | INFO     | collectors.rfc_perf | [SARLOHA QAS] 51 STAT records, 0 dialog steps in the window (task mix: 0x12, 0xb, 0xe, 0xf, AUTOABAP, BTC, BUF.SYNC, OTHER, SPOOL) -- no GUI activity, metric left absent
2026-09-09 11:02:23,964 | INFO     | collectors.rfc_perf | [SARLOHA QAS] response time: STAT records unavailable, using ST03N aggregates
2026-09-09 11:02:24,591 | INFO     | collectors.rfc_perf | [CENTOR_QAS] SQLMD readable but 0 rows matched DDATE >= '20260902' -- is SQL Monitor (transaction SQLM) activated on this system?
2026-09-09 11:02:25,076 | INFO     | collectors.rfc_perf | [SARLOHA QAS] SQLMD readable but 0 rows matched DDATE >= '20260902' -- is SQL Monitor (transaction SQLM) activated on this system?
2026-09-09 11:03:37,617 | INFO     | collectors.rfc_perf | [SARLOHA PRD] SQLMD readable but 0 rows matched DDATE >= '20260902' -- is SQL Monitor (transaction SQLM) activated on this system?
2026-09-09 11:03:50,854 | INFO     | collectors.rfc_perf | [PRD] 116 STAT records, 0 dialog steps in the window (task mix: 0x12, 0xb, 0xe, 0xf7, AUTOABAP, BTC, BUF.SYNC, OTHER, RFC, SPOOL) -- no GUI activity, metric left absent
2026-09-09 11:03:54,873 | INFO     | collectors.rfc_perf | [PRD] response time: no dialog steps in the last 5 min and no ST03N aggregate -- metric left absent (system idle or collector off)
2026-09-09 11:04:04,695 | INFO     | collectors.rfc_perf | [SARLOHA QAS] 42 STAT records, 0 dialog steps in the window (task mix: 0x12, 0xb, 0xe, 0xf, AUTOABAP, BTC, BUF.SYNC, OTHER, SPOOL) -- no GUI activity, metric left absent
2026-09-09 11:04:04,832 | INFO     | collectors.rfc_perf | [PRD] SQLMD readable but 0 rows matched DDATE >= '20260902' -- is SQL Monitor (transaction SQLM) activated on this system?
2026-09-09 11:04:06,840 | INFO     | collectors.rfc_perf | [SARLOHA QAS] response time: STAT records unavailable, using ST03N aggregates
2026-09-09 11:04:08,997 | INFO     | collectors.rfc_perf | [SARLOHA QAS] SQLMD readable but 0 rows matched DDATE >= '20260902' -- is SQL Monitor (transaction SQLM) activated on this system?
2026-09-09 11:04:08,999 | INFO     | collectors.rfc_perf | [CENTOR_QAS] SQLMD readable but 0 rows matched DDATE >= '20260902' -- is SQL Monitor (transaction SQLM) activated on this system?
2026-09-09 11:05:12,273 | INFO     | collectors.rfc_perf | [PRD] 109 STAT records, 0 dialog steps in the window (task mix: 0x12, 0xb, 0xe, 0xf7, AUTOABAP, BTC, BUF.SYNC, OTHER, SPOOL) -- no GUI activity, metric left absent
2026-09-09 11:05:12,728 | INFO     | collectors.rfc_perf | [PRD] response time: no dialog steps in the last 5 min and no ST03N aggregate -- metric left absent (system idle or collector off)
2026-09-09 11:05:13,219 | INFO     | collectors.rfc_perf | [PRD] SQLMD readable but 0 rows matched DDATE >= '20260902' -- is SQL Monitor (transaction SQLM) activated on this system?
2026-09-09 11:05:15,035 | INFO     | collectors.rfc_perf | [SARLOHA QAS] 48 STAT records, 0 dialog steps in the window (task mix: 0x12, 0xb, 0xe, 0xf, AUTOABAP, BTC, BUF.SYNC, OTHER, SPOOL) -- no GUI activity, metric left absent
2026-09-09 11:05:17,552 | INFO     | collectors.rfc_perf | [SARLOHA QAS] response time: STAT records unavailable, using ST03N aggregates
2026-09-09 11:05:19,689 | INFO     | collectors.rfc_perf | [SARLOHA QAS] SQLMD readable but 0 rows matched DDATE >= '20260902' -- is SQL Monitor (transaction SQLM) activated on this system?
2026-09-09 11:05:19,724 | INFO     | collectors.rfc_perf | [CENTOR_QAS] SQLMD readable but 0 rows matched DDATE >= '20260902' -- is SQL Monitor (transaction SQLM) activated on this system?
2026-09-09 11:05:19,895 | INFO     | collectors.rfc_perf | [SARLOHA PRD] SQLMD readable but 0 rows matched DDATE >= '20260902' -- is SQL Monitor (transaction SQLM) activated on this system?
2026-09-09 11:06:22,417 | INFO     | collectors.rfc_perf | [PRD] 104 STAT records, 0 dialog steps in the window (task mix: 0x12, 0xb, 0xe, AUTOABAP, BTC, BUF.SYNC, OTHER, SPOOL) -- no GUI activity, metric left absent
2026-09-09 11:06:23,450 | INFO     | collectors.rfc_perf | [PRD] response time: no dialog steps in the last 5 min and no ST03N aggregate -- metric left absent (system idle or collector off)
2026-09-09 11:06:23,793 | INFO     | collectors.rfc_perf | [SARLOHA QAS] 48 STAT records, 0 dialog steps in the window (task mix: 0x12, 0xb, 0xe, 0xf, AUTOABAP, BTC, BUF.SYNC, OTHER, SPOOL) -- no GUI activity, metric left absent
2026-09-09 11:06:23,929 | INFO     | collectors.rfc_perf | [PRD] SQLMD readable but 0 rows matched DDATE >= '20260902' -- is SQL Monitor (transaction SQLM) activated on this system?
2026-09-09 11:06:26,810 | INFO     | collectors.rfc_perf | [SARLOHA QAS] response time: STAT records unavailable, using ST03N aggregates
2026-09-09 11:06:28,395 | INFO     | collectors.rfc_perf | [SARLOHA QAS] SQLMD readable but 0 rows matched DDATE >= '20260902' -- is SQL Monitor (transaction SQLM) activated on this system?
2026-09-09 11:06:28,565 | INFO     | collectors.rfc_perf | [CENTOR_QAS] SQLMD readable but 0 rows matched DDATE >= '20260902' -- is SQL Monitor (transaction SQLM) activated on this system?
2026-09-09 11:06:28,614 | INFO     | collectors.rfc_perf | [SARLOHA PRD] SQLMD readable but 0 rows matched DDATE >= '20260902' -- is SQL Monitor (transaction SQLM) activated on this system?
2026-09-09 11:10:13,452 | INFO     | collectors.ccms_os | [CENTOR_QAS] CCMS OS monitor 'Operating System': matched cpu=1, load_5m=1, mem_free=3, mem_total=1, swap_free=1
2026-09-09 11:10:13,609 | INFO     | collectors.ccms_os | [SARLOHA PRD] CCMS OS monitor 'Operating System': matched cpu=2, load_5m=2, mem_free=6, mem_total=4, swap_free=2
2026-09-09 11:10:14,212 | INFO     | collectors.ccms_os | [SARLOHA QAS] CCMS OS monitor 'Operating System': matched cpu=1, load_5m=1, mem_free=3, mem_total=2, swap_free=1
2026-09-09 11:10:17,816 | INFO     | collectors.rfc_perf | [PRD] 111 STAT records, 0 dialog steps in the window (task mix: 0x12, 0xb, 0xe, AUTOABAP, BTC, BUF.SYNC, OTHER, SPOOL) -- no GUI activity, metric left absent
2026-09-09 11:10:18,987 | INFO     | collectors.rfc_perf | [PRD] response time: no dialog steps in the last 5 min and no ST03N aggregate -- metric left absent (system idle or collector off)
2026-09-09 11:10:19,178 | WARNING  | collectors.rfc_perf | [PRD] lock owner stamps run 300 min ahead of SAP system time -- OS time zone on the app server differs from the SAP time zone. Ages corrected; tell Basis.
2026-09-09 11:10:28,186 | INFO     | collectors.rfc_perf | [PRD] SQLMD readable but 0 rows matched DDATE >= '20260902' -- is SQL Monitor (transaction SQLM) activated on this system?
2026-09-09 11:10:47,130 | INFO     | collectors.rfc_perf | [CENTOR_QAS] SQLMD readable but 0 rows matched DDATE >= '20260902' -- is SQL Monitor (transaction SQLM) activated on this system?
2026-09-09 11:10:47,743 | INFO     | collectors.rfc_perf | [SARLOHA QAS] SQLMD readable but 0 rows matched DDATE >= '20260902' -- is SQL Monitor (transaction SQLM) activated on this system?
2026-09-09 11:11:40,758 | INFO     | collectors.rfc_perf | [SARLOHA PRD] SQLMD readable but 0 rows matched DDATE >= '20260902' -- is SQL Monitor (transaction SQLM) activated on this system?
2026-09-09 11:11:47,035 | INFO     | collectors.rfc_perf | [PRD] 113 STAT records, 0 dialog steps in the window (task mix: 0x12, 0x21, 0xb, 0xe, AUTOABAP, BTC, BUF.SYNC, OTHER, SPOOL) -- no GUI activity, metric left absent
2026-09-09 11:11:48,231 | INFO     | collectors.rfc_perf | [PRD] response time: no dialog steps in the last 5 min and no ST03N aggregate -- metric left absent (system idle or collector off)
2026-09-09 11:11:52,741 | INFO     | collectors.rfc_perf | [PRD] SQLMD readable but 0 rows matched DDATE >= '20260902' -- is SQL Monitor (transaction SQLM) activated on this system?
2026-09-09 11:12:42,788 | INFO     | collectors.rfc_perf | [SARLOHA QAS] SQLMD readable but 0 rows matched DDATE >= '20260902' -- is SQL Monitor (transaction SQLM) activated on this system?
2026-09-09 11:12:42,788 | INFO     | collectors.rfc_perf | [CENTOR_QAS] SQLMD readable but 0 rows matched DDATE >= '20260902' -- is SQL Monitor (transaction SQLM) activated on this system?
2026-09-09 11:13:40,332 | INFO     | collectors.rfc_perf | [PRD] 106 STAT records, 0 dialog steps in the window (task mix: 0x12, 0x21, 0xb, 0xe, AUTOABAP, BTC, BUF.SYNC, OTHER, SPOOL) -- no GUI activity, metric left absent
2026-09-09 11:13:41,213 | INFO     | collectors.rfc_perf | [PRD] response time: no dialog steps in the last 5 min and no ST03N aggregate -- metric left absent (system idle or collector off)
2026-09-09 11:13:41,520 | INFO     | collectors.rfc_perf | [PRD] SQLMD readable but 0 rows matched DDATE >= '20260902' -- is SQL Monitor (transaction SQLM) activated on this system?
2026-09-09 11:13:43,419 | INFO     | collectors.rfc_perf | [SARLOHA PRD] SQLMD readable but 0 rows matched DDATE >= '20260902' -- is SQL Monitor (transaction SQLM) activated on this system?
2026-09-09 11:21:59,480 | INFO     | collectors.ccms_os | [SARLOHA QAS] CCMS OS monitor 'Operating System': matched cpu=1, load_5m=1, mem_free=3, mem_total=2, swap_free=1
2026-09-09 11:21:59,890 | INFO     | collectors.ccms_os | [CENTOR_QAS] CCMS OS monitor 'Operating System': matched cpu=1, load_5m=1, mem_free=3, mem_total=1, swap_free=1
2026-09-09 11:22:03,441 | INFO     | collectors.rfc_perf | [PRD] 108 STAT records, 0 dialog steps in the window (task mix: 0x12, 0xb, 0xe, AUTOABAP, BTC, BUF.SYNC, OTHER, SPOOL) -- no GUI activity, metric left absent
2026-09-09 11:22:04,609 | INFO     | collectors.rfc_perf | [PRD] response time: no dialog steps in the last 5 min and no ST03N aggregate -- metric left absent (system idle or collector off)
2026-09-09 11:22:05,085 | WARNING  | collectors.rfc_perf | [PRD] lock owner stamps run 285 min ahead of SAP system time -- OS time zone on the app server differs from the SAP time zone. Ages corrected; tell Basis.
2026-09-09 11:22:16,036 | INFO     | collectors.rfc_perf | [PRD] SQLMD readable but 0 rows matched DDATE >= '20260902' -- SQL Monitor (transaction SQLM) is not activated on this system. Skipping this read until restart or a manual refresh.
2026-09-09 11:22:18,883 | INFO     | collectors.rfc_perf | [SARLOHA QAS] SQLMD readable but 0 rows matched DDATE >= '20260902' -- SQL Monitor (transaction SQLM) is not activated on this system. Skipping this read until restart or a manual refresh.
2026-09-09 11:22:22,424 | INFO     | collectors.rfc_perf | [CENTOR_QAS] SQLMD readable but 0 rows matched DDATE >= '20260902' -- SQL Monitor (transaction SQLM) is not activated on this system. Skipping this read until restart or a manual refresh.
2026-09-09 11:22:25,479 | INFO     | collectors.ccms_os | [SARLOHA PRD] CCMS OS monitor 'Operating System': matched cpu=2, load_5m=2, mem_free=6, mem_total=4, swap_free=2
2026-09-09 11:24:31,000 | INFO     | collectors.rfc_perf | [SARLOHA PRD] SQLMD readable but 0 rows matched DDATE >= '20260902' -- SQL Monitor (transaction SQLM) is not activated on this system. Skipping this read until restart or a manual refresh.
2026-09-09 11:27:48,960 | WARNING  | collectors.rfc_live | [CENTOR_QAS] live read failed, parked for 300s: 1 (rc=1): key=RFC_COMMUNICATION_FAILURE, message=
LOCATION    CPIC (TCP/IP) on local host with Unicode
ERROR       partner '172.16.1.22:3300' not reached
TIME        Wed Sep  9 11:27:48 2026
RELEASE     753
COMPONENT   NI (network interface)
VERSION     40
RC          -10
MODULE      D:/depot/bas/753_REL/src/base/ni/nixxi.cpp
LINE        3449
DETAIL      NiPConnect2: 172.16.1.22:3300
SYSTEM CALL connect
ERRNO       10060
ERRNO TEXT  WSAETIMEDOUT: Connection timed out
COUNTER     2
 [MSG: class=, type=, number=, v1-4:=;;;]
2026-09-09 11:28:28,502 | INFO     | collectors.rfc_perf | [PRD] 108 STAT records, 0 dialog steps in the window (task mix: 0x12, 0xb, 0xe, AUTOABAP, BTC, BUF.SYNC, OTHER, SPOOL) -- no GUI activity, metric left absent
2026-09-09 11:28:28,945 | INFO     | collectors.rfc_perf | [PRD] response time: no dialog steps in the last 5 min and no ST03N aggregate -- metric left absent (system idle or collector off)
2026-09-09 11:32:29,277 | INFO     | collectors.ccms_os | [SARLOHA QAS] CCMS OS monitor 'Operating System': matched cpu=1, load_5m=1, mem_free=3, mem_total=2, swap_free=1
2026-09-09 11:32:33,486 | INFO     | collectors.ccms_os | [SARLOHA PRD] CCMS OS monitor 'Operating System': matched cpu=2, load_5m=2, mem_free=6, mem_total=4, swap_free=2
2026-09-09 11:33:29,665 | INFO     | collectors.ccms_os | [CENTOR_QAS] CCMS OS monitor 'Operating System': matched cpu=1, load_5m=1, mem_free=3, mem_total=1, swap_free=1
2026-09-09 11:34:28,879 | INFO     | collectors.rfc_perf | [PRD] 105 STAT records, 0 dialog steps in the window (task mix: 0x12, 0xb, 0xe, AUTOABAP, BTC, BUF.SYNC, OTHER, SPOOL) -- no GUI activity, metric left absent
2026-09-09 11:34:29,438 | INFO     | collectors.rfc_perf | [PRD] response time: no dialog steps in the last 5 min and no ST03N aggregate -- metric left absent (system idle or collector off)
2026-09-09 11:34:49,014 | WARNING  | collectors.rfc_live | [SARLOHA QAS] live read failed, parked for 300s: 1 (rc=1): key=RFC_COMMUNICATION_FAILURE, message=
LOCATION    CPIC (TCP/IP) on local host with Unicode
ERROR       partner '172.22.1.127:3300' not reached
TIME        Wed Sep  9 11:34:48 2026
RELEASE     753
COMPONENT   NI (network interface)
VERSION     40
RC          -10
MODULE      D:/depot/bas/753_REL/src/base/ni/nixxi.cpp
LINE        3449
DETAIL      NiPConnect2: 172.22.1.127:3300
SYSTEM CALL connect
ERRNO       10060
ERRNO TEXT  WSAETIMEDOUT: Connection timed out
COUNTER     2
 [MSG: class=, type=, number=, v1-4:=;;;]
2026-09-09 11:34:49,020 | WARNING  | collectors.rfc_live | [SARLOHA PRD] live read failed, parked for 300s: 1 (rc=1): key=RFC_COMMUNICATION_FAILURE, message=
LOCATION    CPIC (TCP/IP) on local host with Unicode
ERROR       partner '172.22.1.123:3300' not reached
TIME        Wed Sep  9 11:34:48 2026
RELEASE     753
COMPONENT   NI (network interface)
VERSION     40
RC          -10
MODULE      D:/depot/bas/753_REL/src/base/ni/nixxi.cpp
LINE        3449
DETAIL      NiPConnect2: 172.22.1.123:3300
SYSTEM CALL connect
ERRNO       10060
ERRNO TEXT  WSAETIMEDOUT: Connection timed out
COUNTER     2
 [MSG: class=, type=, number=, v1-4:=;;;]
2026-09-09 11:40:28,382 | INFO     | collectors.rfc_perf | [PRD] 168 STAT records, 0 dialog steps in the window (task mix: 0x12, 0x21, 0xb, 0xe, AUTOABAP, BTC, BUF.SYNC, OTHER, SPOOL) -- no GUI activity, metric left absent
2026-09-09 11:40:28,727 | INFO     | collectors.rfc_perf | [PRD] response time: no dialog steps in the last 5 min and no ST03N aggregate -- metric left absent (system idle or collector off)
2026-09-09 11:40:28,732 | WARNING  | collectors.rfc_perf | [PRD] lock owner stamps run 330 min ahead of SAP system time -- OS time zone on the app server differs from the SAP time zone. Ages corrected; tell Basis.
2026-09-09 11:41:58,975 | WARNING  | collectors.rfc_live | [SARLOHA QAS] live read failed, parked for 300s: 1 (rc=1): key=RFC_COMMUNICATION_FAILURE, message=
LOCATION    CPIC (TCP/IP) on local host with Unicode
ERROR       partner '172.22.1.127:3300' not reached
TIME        Wed Sep  9 11:41:48 2026
RELEASE     753
COMPONENT   NI (network interface)
VERSION     40
RC          -10
MODULE      D:/depot/bas/753_REL/src/base/ni/nixxi.cpp
LINE        3449
DETAIL      NiPConnect2: 172.22.1.127:3300
SYSTEM CALL connect
ERRNO       10060
ERRNO TEXT  WSAETIMEDOUT: Connection timed out
COUNTER     2
 [MSG: class=, type=, number=, v1-4:=;;;]
2026-09-09 11:41:58,975 | WARNING  | collectors.rfc_live | [SARLOHA PRD] live read failed, parked for 300s: 1 (rc=1): key=RFC_COMMUNICATION_FAILURE, message=
LOCATION    CPIC (TCP/IP) on local host with Unicode
ERROR       partner '172.22.1.123:3300' not reached
TIME        Wed Sep  9 11:41:48 2026
RELEASE     753
COMPONENT   NI (network interface)
VERSION     40
RC          -10
MODULE      D:/depot/bas/753_REL/src/base/ni/nixxi.cpp
LINE        3449
DETAIL      NiPConnect2: 172.22.1.123:3300
SYSTEM CALL connect
ERRNO       10060
ERRNO TEXT  WSAETIMEDOUT: Connection timed out
COUNTER     2
 [MSG: class=, type=, number=, v1-4:=;;;]
2026-09-09 11:43:35,659 | INFO     | collectors.ccms_os | [CENTOR_QAS] CCMS OS monitor 'Operating System': matched cpu=1, load_5m=1, mem_free=3, mem_total=1, swap_free=1
2026-09-09 11:46:28,291 | INFO     | collectors.rfc_perf | [PRD] 103 STAT records, 0 dialog steps in the window (task mix: 0x12, 0xb, 0xe, AUTOABAP, BTC, BUF.SYNC, OTHER, SPOOL) -- no GUI activity, metric left absent
2026-09-09 11:46:28,757 | INFO     | collectors.rfc_perf | [PRD] response time: no dialog steps in the last 5 min and no ST03N aggregate -- metric left absent (system idle or collector off)
2026-09-09 11:47:49,004 | WARNING  | collectors.rfc_live | [SARLOHA QAS] live read failed, parked for 300s: 1 (rc=1): key=RFC_COMMUNICATION_FAILURE, message=
LOCATION    CPIC (TCP/IP) on local host with Unicode
ERROR       partner '172.22.1.127:3300' not reached
TIME        Wed Sep  9 11:47:48 2026
RELEASE     753
COMPONENT   NI (network interface)
VERSION     40
RC          -10
MODULE      D:/depot/bas/753_REL/src/base/ni/nixxi.cpp
LINE        3449
DETAIL      NiPConnect2: 172.22.1.127:3300
SYSTEM CALL connect
ERRNO       10060
ERRNO TEXT  WSAETIMEDOUT: Connection timed out
COUNTER     2
 [MSG: class=, type=, number=, v1-4:=;;;]
2026-09-09 11:47:49,014 | WARNING  | collectors.rfc_live | [SARLOHA PRD] live read failed, parked for 300s: 1 (rc=1): key=RFC_COMMUNICATION_FAILURE, message=
LOCATION    CPIC (TCP/IP) on local host with Unicode
ERROR       partner '172.22.1.123:3300' not reached
TIME        Wed Sep  9 11:47:49 2026
RELEASE     753
COMPONENT   NI (network interface)
VERSION     40
RC          -10
MODULE      D:/depot/bas/753_REL/src/base/ni/nixxi.cpp
LINE        3449
DETAIL      NiPConnect2: 172.22.1.123:3300
SYSTEM CALL connect
ERRNO       10060
ERRNO TEXT  WSAETIMEDOUT: Connection timed out
COUNTER     2
 [MSG: class=, type=, number=, v1-4:=;;;]
2026-09-09 11:52:34,852 | INFO     | collectors.rfc_perf | [PRD] 109 STAT records, 0 dialog steps in the window (task mix: 0x12, 0x21, 0xb, 0xe, AUTOABAP, BTC, BUF.SYNC, OTHER, SPOOL) -- no GUI activity, metric left absent
2026-09-09 11:52:35,545 | INFO     | collectors.rfc_perf | [PRD] response time: no dialog steps in the last 5 min and no ST03N aggregate -- metric left absent (system idle or collector off)
2026-09-09 11:53:49,040 | WARNING  | collectors.rfc_live | [SARLOHA PRD] live read failed, parked for 300s: 1 (rc=1): key=RFC_COMMUNICATION_FAILURE, message=
LOCATION    CPIC (TCP/IP) on local host with Unicode
ERROR       partner '172.22.1.123:3300' not reached
TIME        Wed Sep  9 11:53:49 2026
RELEASE     753
COMPONENT   NI (network interface)
VERSION     40
RC          -10
MODULE      D:/depot/bas/753_REL/src/base/ni/nixxi.cpp
LINE        3449
DETAIL      NiPConnect2: 172.22.1.123:3300
SYSTEM CALL connect
ERRNO       10060
ERRNO TEXT  WSAETIMEDOUT: Connection timed out
COUNTER     2
 [MSG: class=, type=, number=, v1-4:=;;;]
2026-09-09 11:53:49,040 | WARNING  | collectors.rfc_live | [SARLOHA QAS] live read failed, parked for 300s: 1 (rc=1): key=RFC_COMMUNICATION_FAILURE, message=
LOCATION    CPIC (TCP/IP) on local host with Unicode
ERROR       partner '172.22.1.127:3300' not reached
TIME        Wed Sep  9 11:53:49 2026
RELEASE     753
COMPONENT   NI (network interface)
VERSION     40
RC          -10
MODULE      D:/depot/bas/753_REL/src/base/ni/nixxi.cpp
LINE        3449
DETAIL      NiPConnect2: 172.22.1.127:3300
SYSTEM CALL connect
ERRNO       10060
ERRNO TEXT  WSAETIMEDOUT: Connection timed out
COUNTER     2
 [MSG: class=, type=, number=, v1-4:=;;;]
2026-09-09 11:55:28,466 | INFO     | collectors.ccms_os | [CENTOR_QAS] CCMS OS monitor 'Operating System': matched cpu=1, load_5m=1, mem_free=3, mem_total=1, swap_free=1
2026-09-09 11:57:13,418 | INFO     | main | ===== Pipeline START for system PRD =====
2026-09-09 11:57:13,419 | INFO     | main | PRD: has_os_access=false -- skipping OS/SSH metrics entirely (not attempting).
2026-09-09 11:57:15,065 | INFO     | sap_gui.launcher | Launching SAP Logon: C:\Program Files (x86)\SAP\FrontEnd\SAPgui\saplogon.exe
2026-09-09 11:57:22,453 | INFO     | sap_gui.launcher | SAP Logon 800 pad is visible.
2026-09-09 11:57:23,455 | INFO     | sap_gui.launcher | Selecting connection: centaur system
2026-09-09 11:58:03,833 | DEBUG    | sap_gui.launcher | Connection item not found yet, retrying: {'title': 'SAP Logon 800', 'backend': 'uia', 'process': 26436}
2026-09-09 11:58:04,843 | WARNING  | main | PRD: SAP GUI unavailable (TimeoutError: Could not find connection 'centaur system' in SAP Logon Pad. Entries present: none detected. Set the matching *_SAP_CONNECTION_NAME in .env (names are per-workstation and case-sensitive).). Continuing with RFC/SSH collectors.
2026-09-09 11:58:05,341 | INFO     | collectors.rfc_perf | [PRD] 108 STAT records, 0 dialog steps in the window (task mix: 0x12, 0xb, 0xe, AUTOABAP, BTC, BUF.SYNC, OTHER, SPOOL) -- no GUI activity, metric left absent
2026-09-09 11:58:05,806 | INFO     | collectors.rfc_perf | [PRD] response time: no dialog steps in the last 5 min and no ST03N aggregate -- metric left absent (system idle or collector off)
2026-09-09 11:58:06,002 | INFO     | collectors.rfc_perf | [PRD] RFC perf collector: 6 metrics
2026-09-09 11:58:06,006 | INFO     | main | Skipping T-code GUI evidence for PRD -- GUI access disabled or no active SAP session.
2026-09-09 11:58:06,397 | INFO     | collectors.rfc_perf | [PRD] 108 STAT records, 0 dialog steps in the window (task mix: 0x12, 0xb, 0xe, AUTOABAP, BTC, BUF.SYNC, OTHER, SPOOL) -- no GUI activity, metric left absent
2026-09-09 11:58:06,778 | INFO     | collectors.rfc_perf | [PRD] response time: no dialog steps in the last 5 min and no ST03N aggregate -- metric left absent (system idle or collector off)
2026-09-09 12:00:16,854 | WARNING  | collectors.rfc_live | [SARLOHA PRD] live read failed, parked for 300s: 1 (rc=1): key=RFC_COMMUNICATION_FAILURE, message=
LOCATION    CPIC (TCP/IP) on local host with Unicode
ERROR       partner '172.22.1.123:3300' not reached
TIME        Wed Sep  9 11:59:49 2026
RELEASE     753
COMPONENT   NI (network interface)
VERSION     40
RC          -10
MODULE      D:/depot/bas/753_REL/src/base/ni/nixxi.cpp
LINE        3449
DETAIL      NiPConnect2: 172.22.1.123:3300
SYSTEM CALL connect
ERRNO       10060
ERRNO TEXT  WSAETIMEDOUT: Connection timed out
COUNTER     2
 [MSG: class=, type=, number=, v1-4:=;;;]
2026-09-09 12:00:33,354 | INFO     | core.status_snapshot | PRD: no GUI evidence this cycle; carrying forward 22 record(s) from 2026-09-04 15:13:17, marked stale.
2026-09-09 12:00:33,494 | INFO     | core.status_snapshot | Status snapshot saved for PRD: C:\infrabeatops\dashboard\snapshots\PRD.json
2026-09-09 12:00:35,292 | INFO     | reporting.excel_template_writer | MetroBrands Excel template filled: C:/infrabeatops/reports/2026-09-09/PRD/PRD_Monitoring_Sheet.xlsx
2026-09-09 12:00:50,089 | WARNING  | collectors.rfc_live | [SARLOHA QAS] live read failed, parked for 300s: 1 (rc=1): key=RFC_COMMUNICATION_FAILURE, message=
LOCATION    CPIC (TCP/IP) on local host with Unicode
ERROR       partner '172.22.1.127:3300' not reached
TIME        Wed Sep  9 12:00:50 2026
RELEASE     753
COMPONENT   NI (network interface)
VERSION     40
RC          -10
MODULE      D:/depot/bas/753_REL/src/base/ni/nixxi.cpp
LINE        3449
DETAIL      NiPConnect2: 172.22.1.127:3300
SYSTEM CALL connect
ERRNO       10060
ERRNO TEXT  WSAETIMEDOUT: Connection timed out
COUNTER     2
 [MSG: class=, type=, number=, v1-4:=;;;]
2026-09-09 12:01:03,864 | INFO     | main | ===== Pipeline COMPLETE for system PRD (gui_available=False) =====
2026-09-09 12:04:46,297 | INFO     | collectors.rfc_perf | [PRD] 110 STAT records, 0 dialog steps in the window (task mix: 0x12, 0x21, 0xb, 0xe, 0xf7, AUTOABAP, BTC, BUF.SYNC, OTHER, SPOOL) -- no GUI activity, metric left absent
2026-09-09 12:04:47,495 | INFO     | collectors.rfc_perf | [PRD] response time: no dialog steps in the last 5 min and no ST03N aggregate -- metric left absent (system idle or collector off)
2026-09-09 12:05:45,918 | INFO     | collectors.ccms_os | [CENTOR_QAS] CCMS OS monitor 'Operating System': matched cpu=1, load_5m=1, mem_free=3, mem_total=1, swap_free=1
2026-09-09 12:07:06,399 | WARNING  | collectors.rfc_live | [SARLOHA PRD] live read failed, parked for 300s: 1 (rc=1): key=RFC_COMMUNICATION_FAILURE, message=
LOCATION    CPIC (TCP/IP) on local host with Unicode
ERROR       partner '172.22.1.123:3300' not reached
TIME        Wed Sep  9 12:07:06 2026
RELEASE     753
COMPONENT   NI (network interface)
VERSION     40
RC          -10
MODULE      D:/depot/bas/753_REL/src/base/ni/nixxi.cpp
LINE        3449
DETAIL      NiPConnect2: 172.22.1.123:3300
SYSTEM CALL connect
ERRNO       10060
ERRNO TEXT  WSAETIMEDOUT: Connection timed out
COUNTER     2
 [MSG: class=, type=, number=, v1-4:=;;;]
2026-09-09 12:08:48,718 | WARNING  | collectors.rfc_live | [SARLOHA QAS] live read failed, parked for 300s: 1 (rc=1): key=RFC_COMMUNICATION_FAILURE, message=
LOCATION    CPIC (TCP/IP) on local host with Unicode
ERROR       partner '172.22.1.127:3300' not reached
TIME        Wed Sep  9 12:08:06 2026
RELEASE     753
COMPONENT   NI (network interface)
VERSION     40
RC          -10
MODULE      D:/depot/bas/753_REL/src/base/ni/nixxi.cpp
LINE        3449
DETAIL      NiPConnect2: 172.22.1.127:3300
SYSTEM CALL connect
ERRNO       10060
ERRNO TEXT  WSAETIMEDOUT: Connection timed out
COUNTER     2
 [MSG: class=, type=, number=, v1-4:=;;;]
2026-09-09 12:12:57,286 | INFO     | collectors.rfc_perf | [PRD] 103 STAT records, 0 dialog steps in the window (task mix: 0x12, 0xb, 0xe, AUTOABAP, BTC, BUF.SYNC, OTHER, SPOOL) -- no GUI activity, metric left absent
2026-09-09 12:12:58,189 | INFO     | collectors.rfc_perf | [PRD] response time: no dialog steps in the last 5 min and no ST03N aggregate -- metric left absent (system idle or collector off)
2026-09-09 12:12:58,194 | INFO     | collectors.ccms_os | [CENTOR_QAS] CCMS OS monitor 'Operating System': matched cpu=1, load_5m=1, mem_free=3, mem_total=1, swap_free=1
2026-09-09 12:12:58,387 | WARNING  | collectors.rfc_perf | [PRD] lock owner stamps run 285 min ahead of SAP system time -- OS time zone on the app server differs from the SAP time zone. Ages corrected; tell Basis.
2026-09-09 12:12:59,047 | INFO     | collectors.rfc_perf | [PRD] SQLMD readable but 0 rows matched DDATE >= '20260902' -- SQL Monitor (transaction SQLM) is not activated on this system. Skipping this read until restart or a manual refresh.
2026-09-09 12:13:08,979 | INFO     | collectors.rfc_perf | [CENTOR_QAS] SQLMD readable but 0 rows matched DDATE >= '20260902' -- SQL Monitor (transaction SQLM) is not activated on this system. Skipping this read until restart or a manual refresh.
2026-09-09 12:13:12,414 | WARNING  | collectors.rfc_live | [SARLOHA QAS] live read failed, parked for 300s: 1 (rc=1): key=RFC_COMMUNICATION_FAILURE, message=
LOCATION    CPIC (TCP/IP) on local host with Unicode
ERROR       partner '172.22.1.127:3300' not reached
TIME        Wed Sep  9 12:13:12 2026
RELEASE     753
COMPONENT   NI (network interface)
VERSION     40
RC          -10
MODULE      D:/depot/bas/753_REL/src/base/ni/nixxi.cpp
LINE        3449
DETAIL      NiPConnect2: 172.22.1.127:3300
SYSTEM CALL connect
ERRNO       10060
ERRNO TEXT  WSAETIMEDOUT: Connection timed out
COUNTER     2
 [MSG: class=, type=, number=, v1-4:=;;;]
2026-09-09 12:13:43,430 | WARNING  | collectors.rfc_live | [SARLOHA PRD] live read failed, parked for 300s: 1 (rc=1): key=RFC_COMMUNICATION_FAILURE, message=
LOCATION    CPIC (TCP/IP) on local host with Unicode
ERROR       partner '172.22.1.123:3300' not reached
TIME        Wed Sep  9 12:13:23 2026
RELEASE     753
COMPONENT   NI (network interface)
VERSION     40
RC          -10
MODULE      D:/depot/bas/753_REL/src/base/ni/nixxi.cpp
LINE        3449
DETAIL      NiPConnect2: 172.22.1.123:3300
SYSTEM CALL connect
ERRNO       10060
ERRNO TEXT  WSAETIMEDOUT: Connection timed out
COUNTER     3
 [MSG: class=, type=, number=, v1-4:=;;;]
2026-09-09 12:18:28,644 | INFO     | collectors.ccms_os | [SARLOHA QAS] CCMS OS monitor 'Operating System': matched cpu=1, load_5m=1, mem_free=3, mem_total=2, swap_free=1
2026-09-09 12:18:28,706 | INFO     | collectors.ccms_os | [CENTOR_QAS] CCMS OS monitor 'Operating System': matched cpu=1, load_5m=1, mem_free=3, mem_total=1, swap_free=1
2026-09-09 12:18:33,779 | INFO     | collectors.rfc_perf | [PRD] 108 STAT records, 0 dialog steps in the window (task mix: 0x12, 0xb, 0xe, AUTOABAP, BTC, BUF.SYNC, OTHER, SPOOL) -- no GUI activity, metric left absent
2026-09-09 12:18:38,103 | INFO     | collectors.rfc_perf | [PRD] response time: no dialog steps in the last 5 min and no ST03N aggregate -- metric left absent (system idle or collector off)
2026-09-09 12:18:38,240 | WARNING  | collectors.rfc_perf | [PRD] lock owner stamps run 285 min ahead of SAP system time -- OS time zone on the app server differs from the SAP time zone. Ages corrected; tell Basis.
2026-09-09 12:18:53,822 | INFO     | collectors.rfc_perf | [PRD] SQLMD readable but 0 rows matched DDATE >= '20260902' -- SQL Monitor (transaction SQLM) is not activated on this system. Skipping this read until restart or a manual refresh.
2026-09-09 12:19:02,066 | INFO     | collectors.rfc_perf | [CENTOR_QAS] SQLMD readable but 0 rows matched DDATE >= '20260902' -- SQL Monitor (transaction SQLM) is not activated on this system. Skipping this read until restart or a manual refresh.
2026-09-09 12:19:02,297 | INFO     | collectors.rfc_perf | [SARLOHA QAS] SQLMD readable but 0 rows matched DDATE >= '20260902' -- SQL Monitor (transaction SQLM) is not activated on this system. Skipping this read until restart or a manual refresh.
2026-09-09 12:19:59,280 | INFO     | collectors.ccms_os | [SARLOHA PRD] CCMS OS monitor 'Operating System': matched cpu=2, load_5m=2, mem_free=6, mem_total=4, swap_free=2
2026-09-09 12:21:26,240 | INFO     | collectors.rfc_perf | [SARLOHA PRD] SQLMD readable but 0 rows matched DDATE >= '20260902' -- SQL Monitor (transaction SQLM) is not activated on this system. Skipping this read until restart or a manual refresh.
2026-09-09 12:24:01,711 | WARNING  | collectors.rfc_live | [CENTOR_QAS] live read failed, parked for 300s: 1 (rc=1): key=RFC_COMMUNICATION_FAILURE, message=
LOCATION    CPIC (TCP/IP) on local host with Unicode
ERROR       partner '172.16.1.22:3300' not reached
TIME        Wed Sep  9 12:23:43 2026
RELEASE     753
COMPONENT   NI (network interface)
VERSION     40
RC          -10
MODULE      D:/depot/bas/753_REL/src/base/ni/nixxi.cpp
LINE        3449
DETAIL      NiPConnect2: 172.16.1.22:3300
SYSTEM CALL connect
ERRNO       10060
ERRNO TEXT  WSAETIMEDOUT: Connection timed out
COUNTER     2
 [MSG: class=, type=, number=, v1-4:=;;;]
2026-09-09 12:25:30,314 | INFO     | collectors.rfc_perf | [PRD] 108 STAT records, 0 dialog steps in the window (task mix: 0x12, 0xb, 0xe, AUTOABAP, BTC, BUF.SYNC, OTHER, SPOOL) -- no GUI activity, metric left absent
2026-09-09 12:25:32,038 | INFO     | collectors.rfc_perf | [PRD] response time: no dialog steps in the last 5 min and no ST03N aggregate -- metric left absent (system idle or collector off)
2026-09-09 12:27:37,175 | INFO     | collectors.ccms_os | [SARLOHA QAS] CCMS OS monitor 'Operating System': matched cpu=1, load_5m=1, mem_free=3, mem_total=2, swap_free=1
2026-09-09 12:27:37,201 | INFO     | collectors.ccms_os | [CENTOR_QAS] CCMS OS monitor 'Operating System': matched cpu=1, load_5m=1, mem_free=3, mem_total=1, swap_free=1
2026-09-09 12:27:40,787 | INFO     | collectors.rfc_perf | [PRD] 107 STAT records, 0 dialog steps in the window (task mix: 0x12, 0x21, 0xb, 0xe, AUTOABAP, BTC, BUF.SYNC, OTHER, SPOOL) -- no GUI activity, metric left absent
2026-09-09 12:27:41,843 | INFO     | collectors.rfc_perf | [PRD] response time: no dialog steps in the last 5 min and no ST03N aggregate -- metric left absent (system idle or collector off)
2026-09-09 12:27:42,087 | WARNING  | collectors.rfc_perf | [PRD] lock owner stamps run 270 min ahead of SAP system time -- OS time zone on the app server differs from the SAP time zone. Ages corrected; tell Basis.
2026-09-09 12:27:48,562 | INFO     | collectors.rfc_perf | [PRD] SQLMD readable but 0 rows matched DDATE >= '20260902' -- SQL Monitor (transaction SQLM) is not activated on this system. Skipping this read until restart or a manual refresh.
2026-09-09 12:28:01,331 | INFO     | collectors.ccms_os | [SARLOHA PRD] CCMS OS monitor 'Operating System': matched cpu=2, load_5m=2, mem_free=6, mem_total=4, swap_free=2
2026-09-09 12:28:04,793 | INFO     | collectors.rfc_perf | [CENTOR_QAS] SQLMD readable but 0 rows matched DDATE >= '20260902' -- SQL Monitor (transaction SQLM) is not activated on this system. Skipping this read until restart or a manual refresh.
2026-09-09 12:29:09,125 | INFO     | collectors.rfc_perf | [SARLOHA QAS] SQLMD readable but 0 rows matched DDATE >= '20260902' -- SQL Monitor (transaction SQLM) is not activated on this system. Skipping this read until restart or a manual refresh.
2026-09-09 12:29:25,736 | INFO     | collectors.rfc_perf | [SARLOHA PRD] SQLMD readable but 0 rows matched DDATE >= '20260902' -- SQL Monitor (transaction SQLM) is not activated on this system. Skipping this read until restart or a manual refresh.
2026-09-09 12:34:44,596 | INFO     | collectors.rfc_perf | [PRD] 103 STAT records, 0 dialog steps in the window (task mix: 0x12, 0xb, 0xe, AUTOABAP, BTC, BUF.SYNC, OTHER, SPOOL) -- no GUI activity, metric left absent
2026-09-09 12:34:49,760 | INFO     | collectors.rfc_perf | [PRD] response time: no dialog steps in the last 5 min and no ST03N aggregate -- metric left absent (system idle or collector off)
2026-09-09 12:38:31,517 | INFO     | collectors.ccms_os | [SARLOHA PRD] CCMS OS monitor 'Operating System': matched cpu=2, load_5m=2, mem_free=6, mem_total=4, swap_free=2
2026-09-09 12:38:31,522 | INFO     | collectors.ccms_os | [SARLOHA QAS] CCMS OS monitor 'Operating System': matched cpu=1, load_5m=1, mem_free=3, mem_total=2, swap_free=1
2026-09-09 12:39:39,708 | INFO     | collectors.ccms_os | [CENTOR_QAS] CCMS OS monitor 'Operating System': matched cpu=1, load_5m=1, mem_free=3, mem_total=1, swap_free=1
2026-09-09 12:39:39,893 | INFO     | collectors.ccms_os | [SARLOHA QAS] CCMS OS monitor 'Operating System': matched cpu=1, load_5m=1, mem_free=3, mem_total=2, swap_free=1
2026-09-09 12:39:43,755 | INFO     | collectors.rfc_perf | [PRD] 205 STAT records, 0 dialog steps in the window (task mix: 0x12, 0xb, 0xe, AUTOABAP, BTC, BUF.SYNC, OTHER, SPOOL) -- no GUI activity, metric left absent
2026-09-09 12:39:44,634 | INFO     | collectors.rfc_perf | [PRD] response time: no dialog steps in the last 5 min and no ST03N aggregate -- metric left absent (system idle or collector off)
2026-09-09 12:39:44,743 | WARNING  | collectors.rfc_perf | [PRD] lock owner stamps run 330 min ahead of SAP system time -- OS time zone on the app server differs from the SAP time zone. Ages corrected; tell Basis.
2026-09-09 12:39:45,858 | INFO     | collectors.rfc_perf | [PRD] SQLMD readable but 0 rows matched DDATE >= '20260902' -- SQL Monitor (transaction SQLM) is not activated on this system. Skipping this read until restart or a manual refresh.
2026-09-09 12:39:50,606 | INFO     | collectors.rfc_perf | [CENTOR_QAS] 88 STAT records, 0 dialog steps in the window (task mix: 0x12, 0xb, 0xe, 0xf, AUTOABAP, BTC, BUF.SYNC, OTHER, RFC, SPOOL) -- no GUI activity, metric left absent
2026-09-09 12:40:01,063 | INFO     | collectors.rfc_perf | [SARLOHA QAS] 38 STAT records, 0 dialog steps in the window (task mix: 0x12, 0xb, 0xe, 0xf, AUTOABAP, BTC, BUF.SYNC, OTHER, SPOOL) -- no GUI activity, metric left absent
2026-09-09 12:40:03,848 | INFO     | collectors.rfc_perf | [CENTOR_QAS] response time: no dialog steps in the last 5 min and no ST03N aggregate -- metric left absent (system idle or collector off)
2026-09-09 12:40:04,689 | INFO     | collectors.rfc_perf | [SARLOHA QAS] response time: STAT records unavailable, using ST03N aggregates
2026-09-09 12:40:06,974 | INFO     | collectors.rfc_perf | [CENTOR_QAS] SQLMD readable but 0 rows matched DDATE >= '20260902' -- SQL Monitor (transaction SQLM) is not activated on this system. Skipping this read until restart or a manual refresh.
2026-09-09 12:40:09,399 | INFO     | collectors.rfc_perf | [SARLOHA QAS] SQLMD readable but 0 rows matched DDATE >= '20260902' -- SQL Monitor (transaction SQLM) is not activated on this system. Skipping this read until restart or a manual refresh.
2026-09-09 12:41:18,362 | INFO     | collectors.ccms_os | [SARLOHA PRD] CCMS OS monitor 'Operating System': matched cpu=2, load_5m=2, mem_free=6, mem_total=4, swap_free=2
2026-09-09 12:41:38,745 | INFO     | collectors.rfc_perf | [SARLOHA PRD] SQLMD readable but 0 rows matched DDATE >= '20260902' -- SQL Monitor (transaction SQLM) is not activated on this system. Skipping this read until restart or a manual refresh.
2026-09-09 12:45:46,961 | INFO     | collectors.rfc_perf | [PRD] 107 STAT records, 0 dialog steps in the window (task mix: 0x12, 0xb, 0xe, AUTOABAP, BTC, BUF.SYNC, OTHER, SPOOL) -- no GUI activity, metric left absent
2026-09-09 12:45:57,741 | INFO     | collectors.rfc_perf | [PRD] response time: no dialog steps in the last 5 min and no ST03N aggregate -- metric left absent (system idle or collector off)
2026-09-09 12:45:58,480 | INFO     | collectors.rfc_perf | [SARLOHA QAS] 30 STAT records, 0 dialog steps in the window (task mix: 0x12, 0xb, 0xe, 0xf, AUTOABAP, BTC, BUF.SYNC, OTHER, SPOOL) -- no GUI activity, metric left absent
2026-09-09 12:45:59,969 | INFO     | collectors.rfc_perf | [SARLOHA QAS] response time: STAT records unavailable, using ST03N aggregates
2026-09-09 12:46:48,221 | INFO     | collectors.rfc_perf | [CENTOR_QAS] 61 STAT records, 0 dialog steps in the window (task mix: 0x12, 0xb, 0xe, 0xf, AUTOABAP, BTC, BUF.SYNC, OTHER, RFC, SPOOL) -- no GUI activity, metric left absent
2026-09-09 12:46:48,323 | INFO     | collectors.rfc_perf | [CENTOR_QAS] response time: no dialog steps in the last 5 min and no ST03N aggregate -- metric left absent (system idle or collector off)
2026-09-09 12:51:18,828 | INFO     | collectors.ccms_os | [SARLOHA QAS] CCMS OS monitor 'Operating System': matched cpu=1, load_5m=1, mem_free=3, mem_total=2, swap_free=1
2026-09-09 12:51:30,304 | INFO     | collectors.rfc_perf | [PRD] 107 STAT records, 0 dialog steps in the window (task mix: 0x12, 0x21, 0xb, 0xe, AUTOABAP, BTC, BUF.SYNC, OTHER, SPOOL) -- no GUI activity, metric left absent
2026-09-09 12:51:31,472 | INFO     | collectors.rfc_perf | [PRD] response time: no dialog steps in the last 5 min and no ST03N aggregate -- metric left absent (system idle or collector off)
2026-09-09 12:52:17,225 | INFO     | collectors.ccms_os | [CENTOR_QAS] CCMS OS monitor 'Operating System': matched cpu=1, load_5m=1, mem_free=3, mem_total=1, swap_free=1
2026-09-09 12:53:18,855 | INFO     | collectors.ccms_os | [SARLOHA PRD] CCMS OS monitor 'Operating System': matched cpu=2, load_5m=2, mem_free=6, mem_total=4, swap_free=2
2026-09-09 12:58:04,469 | INFO     | collectors.rfc_perf | [PRD] 108 STAT records, 0 dialog steps in the window (task mix: 0x12, 0xb, 0xe, AUTOABAP, BTC, BUF.SYNC, OTHER, SPOOL) -- no GUI activity, metric left absent
2026-09-09 12:58:18,711 | INFO     | collectors.rfc_perf | [PRD] response time: no dialog steps in the last 5 min and no ST03N aggregate -- metric left absent (system idle or collector off)
2026-09-09 12:58:27,156 | INFO     | collectors.rfc_perf | [SARLOHA QAS] 27 STAT records, 0 dialog steps in the window (task mix: 0x12, 0xb, 0xe, 0xf, BTC, BUF.SYNC, OTHER, SPOOL) -- no GUI activity, metric left absent
2026-09-09 12:58:33,299 | INFO     | collectors.rfc_perf | [SARLOHA QAS] response time: STAT records unavailable, using ST03N aggregates
2026-09-09 13:00:11,508 | INFO     | collectors.rfc_perf | [PRD] 108 STAT records, 0 dialog steps in the window (task mix: 0x12, 0xb, 0xe, AUTOABAP, BTC, BUF.SYNC, OTHER, SPOOL) -- no GUI activity, metric left absent
2026-09-09 13:00:13,836 | INFO     | collectors.rfc_perf | [PRD] response time: no dialog steps in the last 5 min and no ST03N aggregate -- metric left absent (system idle or collector off)
2026-09-09 13:00:16,113 | INFO     | collectors.rfc_perf | [PRD] 108 STAT records, 0 dialog steps in the window (task mix: 0x12, 0xb, 0xe, AUTOABAP, BTC, BUF.SYNC, OTHER, SPOOL) -- no GUI activity, metric left absent
2026-09-09 13:00:17,367 | INFO     | collectors.rfc_perf | [PRD] response time: no dialog steps in the last 5 min and no ST03N aggregate -- metric left absent (system idle or collector off)
2026-09-09 13:04:53,974 | INFO     | collectors.ccms_os | [SARLOHA QAS] CCMS OS monitor 'Operating System': matched cpu=1, load_5m=1, mem_free=3, mem_total=2, swap_free=1
2026-09-09 13:04:54,462 | INFO     | collectors.ccms_os | [CENTOR_QAS] CCMS OS monitor 'Operating System': matched cpu=1, load_5m=1, mem_free=3, mem_total=1, swap_free=1
2026-09-09 13:04:56,065 | INFO     | collectors.ccms_os | [SARLOHA PRD] CCMS OS monitor 'Operating System': matched cpu=2, load_5m=2, mem_free=6, mem_total=4, swap_free=2
2026-09-09 13:06:22,782 | INFO     | collectors.rfc_perf | [PRD] 106 STAT records, 0 dialog steps in the window (task mix: 0x12, 0xb, 0xe, AUTOABAP, BTC, BUF.SYNC, OTHER, SPOOL) -- no GUI activity, metric left absent
2026-09-09 13:06:25,757 | INFO     | collectors.rfc_perf | [PRD] response time: no dialog steps in the last 5 min and no ST03N aggregate -- metric left absent (system idle or collector off)
2026-09-09 13:07:06,400 | INFO     | collectors.rfc_perf | [CENTOR_QAS] 55 STAT records, 0 dialog steps in the window (task mix: 0x12, 0xb, 0xe, 0xf, AUTOABAP, BTC, BUF.SYNC, OTHER, RFC, SPOOL) -- no GUI activity, metric left absent
2026-09-09 13:07:06,512 | INFO     | collectors.rfc_perf | [CENTOR_QAS] response time: no dialog steps in the last 5 min and no ST03N aggregate -- metric left absent (system idle or collector off)
2026-09-09 13:08:08,670 | INFO     | collectors.rfc_perf | [SARLOHA QAS] 34 STAT records, 0 dialog steps in the window (task mix: 0x12, 0xb, 0xe, 0xf, BTC, BUF.SYNC, OTHER, SPOOL) -- no GUI activity, metric left absent
2026-09-09 13:08:09,078 | INFO     | collectors.rfc_perf | [SARLOHA QAS] response time: STAT records unavailable, using ST03N aggregates
2026-09-09 13:12:07,687 | INFO     | collectors.rfc_perf | [PRD] 111 STAT records, 0 dialog steps in the window (task mix: 0x12, 0xb, 0xe, AUTOABAP, BTC, BUF.SYNC, OTHER, SPOOL) -- no GUI activity, metric left absent
2026-09-09 13:12:10,517 | INFO     | collectors.rfc_perf | [PRD] response time: STAT records unavailable, using ST03N aggregates
2026-09-09 13:13:08,002 | INFO     | collectors.rfc_perf | [CENTOR_QAS] 92 STAT records, 0 dialog steps in the window (task mix: 0x12, 0xb, 0xe, 0xf, AUTOABAP, BTC, BUF.SYNC, OTHER, RFC, SPOOL) -- no GUI activity, metric left absent
2026-09-09 13:13:08,104 | INFO     | collectors.rfc_perf | [CENTOR_QAS] response time: no dialog steps in the last 5 min and no ST03N aggregate -- metric left absent (system idle or collector off)
2026-09-09 13:14:09,469 | INFO     | collectors.rfc_perf | [SARLOHA QAS] 32 STAT records, 0 dialog steps in the window (task mix: 0x12, 0xb, 0xe, 0xf, AUTOABAP, BTC, BUF.SYNC, OTHER, SPOOL) -- no GUI activity, metric left absent
2026-09-09 13:14:14,028 | INFO     | collectors.rfc_perf | [SARLOHA QAS] response time: STAT records unavailable, using ST03N aggregates
2026-09-09 13:15:07,990 | INFO     | collectors.ccms_os | [CENTOR_QAS] CCMS OS monitor 'Operating System': matched cpu=1, load_5m=1, mem_free=3, mem_total=1, swap_free=1
2026-09-09 13:16:08,940 | INFO     | collectors.ccms_os | [SARLOHA PRD] CCMS OS monitor 'Operating System': matched cpu=2, load_5m=2, mem_free=6, mem_total=4, swap_free=2
2026-09-09 13:16:08,951 | INFO     | collectors.ccms_os | [SARLOHA QAS] CCMS OS monitor 'Operating System': matched cpu=1, load_5m=1, mem_free=3, mem_total=2, swap_free=1
2026-09-09 13:18:07,665 | INFO     | collectors.rfc_perf | [PRD] 109 STAT records, 0 dialog steps in the window (task mix: 0x12, 0x21, 0xb, 0xe, AUTOABAP, BTC, BUF.SYNC, OTHER, SPOOL) -- no GUI activity, metric left absent
2026-09-09 13:18:10,556 | INFO     | collectors.rfc_perf | [PRD] response time: STAT records unavailable, using ST03N aggregates
2026-09-09 13:19:28,060 | WARNING  | collectors.rfc_live | [CENTOR_QAS] live read failed, parked for 300s: 1 (rc=1): key=RFC_COMMUNICATION_FAILURE, message=
LOCATION    CPIC (TCP/IP) on local host with Unicode
ERROR       partner '172.16.1.22:3300' not reached
TIME        Wed Sep  9 13:19:28 2026
RELEASE     753
COMPONENT   NI (network interface)
VERSION     40
RC          -10
MODULE      D:/depot/bas/753_REL/src/base/ni/nixxi.cpp
LINE        3449
DETAIL      NiPConnect2: 172.16.1.22:3300
SYSTEM CALL connect
ERRNO       10060
ERRNO TEXT  WSAETIMEDOUT: Connection timed out
COUNTER     2
 [MSG: class=, type=, number=, v1-4:=;;;]
2026-09-09 13:20:12,927 | INFO     | collectors.rfc_perf | [SARLOHA QAS] 76 STAT records, 0 dialog steps in the window (task mix: 0x12, 0xb, 0xe, 0xf, 0xfa, AUTOABAP, BTC, BUF.SYNC, OTHER, SPOOL) -- no GUI activity, metric left absent
2026-09-09 13:20:13,902 | INFO     | collectors.rfc_perf | [SARLOHA QAS] response time: STAT records unavailable, using ST03N aggregates
2026-09-09 13:39:06,662 | INFO     | collectors.ccms_os | [CENTOR_QAS] CCMS OS monitor 'Operating System': matched cpu=1, load_5m=1, mem_free=3, mem_total=1, swap_free=1
2026-09-09 13:39:07,373 | INFO     | collectors.rfc_perf | [PRD] 205 STAT records, 0 dialog steps in the window (task mix: 0x12, 0xb, 0xe, AUTOABAP, BTC, BUF.SYNC, OTHER, SPOOL) -- no GUI activity, metric left absent
2026-09-09 13:39:08,262 | INFO     | collectors.rfc_perf | [PRD] response time: STAT records unavailable, using ST03N aggregates
2026-09-09 13:53:10,528 | WARNING  | collectors.rfc_live | [SARLOHA QAS] live read failed, parked for 300s: 1 (rc=1): key=RFC_COMMUNICATION_FAILURE, message=
LOCATION    CPIC (TCP/IP) on local host with Unicode
ERROR       partner '172.22.1.127:3300' not reached
TIME        Wed Sep  9 13:53:10 2026
RELEASE     753
COMPONENT   NI (network interface)
VERSION     40
RC          -10
MODULE      D:/depot/bas/753_REL/src/base/ni/nixxi.cpp
LINE        3449
DETAIL      NiPConnect2: 172.22.1.127:3300
SYSTEM CALL connect
ERRNO       10060
ERRNO TEXT  WSAETIMEDOUT: Connection timed out
COUNTER     2
 [MSG: class=, type=, number=, v1-4:=;;;]
2026-09-09 13:53:31,795 | WARNING  | collectors.rfc_live | [SARLOHA PRD] live read failed, parked for 300s: 1 (rc=1): key=RFC_COMMUNICATION_FAILURE, message=
LOCATION    CPIC (TCP/IP) on local host with Unicode
ERROR       partner '172.22.1.123:3300' not reached
TIME        Wed Sep  9 13:53:31 2026
RELEASE     753
COMPONENT   NI (network interface)
VERSION     40
RC          -10
MODULE      D:/depot/bas/753_REL/src/base/ni/nixxi.cpp
LINE        3449
DETAIL      NiPConnect2: 172.22.1.123:3300
SYSTEM CALL connect
ERRNO       10060
ERRNO TEXT  WSAETIMEDOUT: Connection timed out
COUNTER     4
 [MSG: class=, type=, number=, v1-4:=;;;]
2026-09-09 13:53:44,397 | INFO     | collectors.ccms_os | [CENTOR_QAS] CCMS OS monitor 'Operating System': matched cpu=1, load_5m=1, mem_free=3, mem_total=1, swap_free=1
2026-09-09 13:53:45,724 | INFO     | collectors.rfc_perf | [PRD] 105 STAT records, 0 dialog steps in the window (task mix: 0x12, 0xb, 0xe, AUTOABAP, BTC, BUF.SYNC, OTHER, SPOOL) -- no GUI activity, metric left absent
2026-09-09 13:53:46,945 | INFO     | collectors.rfc_perf | [PRD] response time: STAT records unavailable, using ST03N aggregates
2026-09-09 13:55:07,715 | INFO     | collectors.ccms_os | [CENTOR_QAS] CCMS OS monitor 'Operating System': matched cpu=1, load_5m=1, mem_free=3, mem_total=1, swap_free=1
2026-09-09 13:55:10,994 | INFO     | collectors.rfc_perf | [PRD] 103 STAT records, 0 dialog steps in the window (task mix: 0x12, 0xb, 0xe, AUTOABAP, BTC, BUF.SYNC, OTHER, SPOOL) -- no GUI activity, metric left absent
2026-09-09 13:55:12,368 | INFO     | collectors.rfc_perf | [PRD] response time: STAT records unavailable, using ST03N aggregates
2026-09-09 13:55:12,739 | WARNING  | collectors.rfc_perf | [PRD] lock owner stamps run 315 min ahead of SAP system time -- OS time zone on the app server differs from the SAP time zone. Ages corrected; tell Basis.
2026-09-09 13:55:13,574 | INFO     | collectors.rfc_perf | [PRD] SQLMD readable but 0 rows matched DDATE >= '20260902' -- SQL Monitor (transaction SQLM) is not activated on this system. Skipping this read until restart or a manual refresh.
2026-09-09 13:55:23,596 | INFO     | collectors.rfc_perf | [CENTOR_QAS] SQLMD readable but 0 rows matched DDATE >= '20260902' -- SQL Monitor (transaction SQLM) is not activated on this system. Skipping this read until restart or a manual refresh.
2026-09-09 13:55:27,140 | WARNING  | collectors.rfc_live | [SARLOHA QAS] live read failed, parked for 300s: 1 (rc=1): key=RFC_COMMUNICATION_FAILURE, message=
LOCATION    CPIC (TCP/IP) on local host with Unicode
ERROR       partner '172.22.1.127:3300' not reached
TIME        Wed Sep  9 13:55:27 2026
RELEASE     753
COMPONENT   NI (network interface)
VERSION     40
RC          -10
MODULE      D:/depot/bas/753_REL/src/base/ni/nixxi.cpp
LINE        3449
DETAIL      NiPConnect2: 172.22.1.127:3300
SYSTEM CALL connect
ERRNO       10060
ERRNO TEXT  WSAETIMEDOUT: Connection timed out
COUNTER     2
 [MSG: class=, type=, number=, v1-4:=;;;]
2026-09-09 13:56:23,764 | WARNING  | collectors.rfc_live | [SARLOHA PRD] live read failed, parked for 300s: 1 (rc=1): key=RFC_COMMUNICATION_FAILURE, message=
LOCATION    CPIC (TCP/IP) on local host with Unicode
ERROR       partner '172.22.1.123:3300' not reached
TIME        Wed Sep  9 13:55:45 2026
RELEASE     753
COMPONENT   NI (network interface)
VERSION     40
RC          -10
MODULE      D:/depot/bas/753_REL/src/base/ni/nixxi.cpp
LINE        3449
DETAIL      NiPConnect2: 172.22.1.123:3300
SYSTEM CALL connect
ERRNO       10060
ERRNO TEXT  WSAETIMEDOUT: Connection timed out
COUNTER     3
 [MSG: class=, type=, number=, v1-4:=;;;]
2026-09-09 13:58:38,927 | INFO     | main | ===== Pipeline START for system PRD =====
2026-09-09 13:58:38,930 | INFO     | main | PRD: has_os_access=false -- skipping OS/SSH metrics entirely (not attempting).
2026-09-09 13:58:42,371 | INFO     | sap_gui.launcher | Launching SAP Logon: C:\Program Files (x86)\SAP\FrontEnd\SAPgui\saplogon.exe
2026-09-09 13:59:19,438 | INFO     | collectors.ccms_os | [SARLOHA QAS] CCMS OS monitor 'Operating System': matched cpu=1, load_5m=1, mem_free=3, mem_total=2, swap_free=1
2026-09-09 13:59:19,499 | INFO     | collectors.ccms_os | [CENTOR_QAS] CCMS OS monitor 'Operating System': matched cpu=1, load_5m=1, mem_free=3, mem_total=1, swap_free=1
2026-09-09 13:59:25,542 | INFO     | collectors.rfc_perf | [PRD] 106 STAT records, 0 dialog steps in the window (task mix: 0x12, 0xb, 0xe, AUTOABAP, BTC, BUF.SYNC, OTHER, SPOOL) -- no GUI activity, metric left absent
2026-09-09 13:59:27,389 | INFO     | collectors.rfc_perf | [PRD] response time: STAT records unavailable, using ST03N aggregates
2026-09-09 13:59:38,573 | INFO     | collectors.rfc_perf | [CENTOR_QAS] 47 STAT records, 0 dialog steps in the window (task mix: 0x12, 0xb, 0xe, 0xf, AUTOABAP, BTC, BUF.SYNC, OTHER, SPOOL) -- no GUI activity, metric left absent
2026-09-09 13:59:40,014 | INFO     | collectors.rfc_perf | [SARLOHA QAS] 30 STAT records, 0 dialog steps in the window (task mix: 0x12, 0xb, 0xe, 0xf, AUTOABAP, BTC, BUF.SYNC, OTHER, SPOOL) -- no GUI activity, metric left absent
2026-09-09 13:59:41,398 | WARNING  | collectors.rfc_perf | [PRD] lock owner stamps run 300 min ahead of SAP system time -- OS time zone on the app server differs from the SAP time zone. Ages corrected; tell Basis.
2026-09-09 13:59:41,441 | INFO     | collectors.rfc_perf | [CENTOR_QAS] response time: no dialog steps in the last 5 min and no ST03N aggregate -- metric left absent (system idle or collector off)
2026-09-09 13:59:42,829 | INFO     | collectors.rfc_perf | [SARLOHA QAS] response time: STAT records unavailable, using ST03N aggregates
2026-09-09 13:59:44,320 | INFO     | collectors.rfc_perf | [PRD] SQLMD readable but 0 rows matched DDATE >= '20260902' -- SQL Monitor (transaction SQLM) is not activated on this system. Skipping this read until restart or a manual refresh.
2026-09-09 13:59:45,160 | INFO     | collectors.rfc_perf | [CENTOR_QAS] SQLMD readable but 0 rows matched DDATE >= '20260902' -- SQL Monitor (transaction SQLM) is not activated on this system. Skipping this read until restart or a manual refresh.
2026-09-09 14:00:35,099 | INFO     | collectors.rfc_perf | [SARLOHA QAS] SQLMD readable but 0 rows matched DDATE >= '20260902' -- SQL Monitor (transaction SQLM) is not activated on this system. Skipping this read until restart or a manual refresh.
2026-09-09 14:00:42,967 | INFO     | collectors.ccms_os | [SARLOHA PRD] CCMS OS monitor 'Operating System': matched cpu=2, load_5m=2, mem_free=6, mem_total=4, swap_free=2
2026-09-09 14:00:43,348 | INFO     | collectors.ccms_os | [SARLOHA PRD] CCMS OS monitor 'Operating System': matched cpu=2, load_5m=2, mem_free=6, mem_total=4, swap_free=2
2026-09-09 14:01:39,724 | INFO     | collectors.rfc_perf | [SARLOHA PRD] SQLMD readable but 0 rows matched DDATE >= '20260902' -- SQL Monitor (transaction SQLM) is not activated on this system. Skipping this read until restart or a manual refresh.
2026-09-09 14:05:34,201 | INFO     | collectors.ccms_os | [SARLOHA QAS] CCMS OS monitor 'Operating System': matched cpu=1, load_5m=1, mem_free=3, mem_total=2, swap_free=1
2026-09-09 14:05:34,249 | INFO     | collectors.ccms_os | [CENTOR_QAS] CCMS OS monitor 'Operating System': matched cpu=1, load_5m=1, mem_free=3, mem_total=1, swap_free=1
2026-09-09 14:05:39,239 | INFO     | collectors.rfc_perf | [PRD] 109 STAT records, 0 dialog steps in the window (task mix: 0x12, 0xb, 0xe, 0xf7, AUTOABAP, BTC, BUF.SYNC, OTHER, SPOOL) -- no GUI activity, metric left absent
2026-09-09 14:05:41,507 | INFO     | collectors.rfc_perf | [PRD] response time: STAT records unavailable, using ST03N aggregates
2026-09-09 14:05:53,659 | WARNING  | collectors.rfc_perf | [PRD] lock owner stamps run 300 min ahead of SAP system time -- OS time zone on the app server differs from the SAP time zone. Ages corrected; tell Basis.
2026-09-09 14:05:55,062 | INFO     | collectors.rfc_perf | [PRD] SQLMD readable but 0 rows matched DDATE >= '20260902' -- SQL Monitor (transaction SQLM) is not activated on this system. Skipping this read until restart or a manual refresh.
2026-09-09 14:05:58,813 | INFO     | collectors.rfc_perf | [CENTOR_QAS] SQLMD readable but 0 rows matched DDATE >= '20260902' -- SQL Monitor (transaction SQLM) is not activated on this system. Skipping this read until restart or a manual refresh.
2026-09-09 14:06:00,813 | INFO     | collectors.rfc_perf | [SARLOHA QAS] SQLMD readable but 0 rows matched DDATE >= '20260902' -- SQL Monitor (transaction SQLM) is not activated on this system. Skipping this read until restart or a manual refresh.
2026-09-09 14:07:42,458 | INFO     | collectors.ccms_os | [SARLOHA PRD] CCMS OS monitor 'Operating System': matched cpu=2, load_5m=2, mem_free=6, mem_total=4, swap_free=2
2026-09-09 14:08:00,197 | INFO     | collectors.rfc_perf | [SARLOHA PRD] SQLMD readable but 0 rows matched DDATE >= '20260902' -- SQL Monitor (transaction SQLM) is not activated on this system. Skipping this read until restart or a manual refresh.
2026-09-09 14:11:43,127 | INFO     | collectors.rfc_perf | [PRD] 112 STAT records, 0 dialog steps in the window (task mix: 0x12, 0xb, 0xe, AUTOABAP, BTC, BUF.SYNC, OTHER, SPOOL) -- no GUI activity, metric left absent
2026-09-09 14:11:44,909 | INFO     | collectors.rfc_perf | [PRD] response time: STAT records unavailable, using ST03N aggregates
2026-09-09 14:11:44,912 | INFO     | collectors.rfc_perf | [CENTOR_QAS] 49 STAT records, 0 dialog steps in the window (task mix: 0x12, 0xb, 0xe, 0xf, AUTOABAP, BTC, BUF.SYNC, OTHER, SPOOL) -- no GUI activity, metric left absent
2026-09-09 14:11:49,298 | INFO     | collectors.rfc_perf | [CENTOR_QAS] response time: no dialog steps in the last 5 min and no ST03N aggregate -- metric left absent (system idle or collector off)
2026-09-09 15:41:19,117 | WARNING  | collectors.rfc_live | [SARLOHA PRD] live read failed, parked for 120s: host 172.22.1.123:3300 not reachable (TimeoutError) -- network/Basis check, not a code issue
2026-09-09 15:41:19,126 | WARNING  | collectors.rfc_live | [SARLOHA QAS] live read failed, parked for 120s: host 172.22.1.127:3300 not reachable (TimeoutError) -- network/Basis check, not a code issue
2026-09-09 15:41:18,920 | INFO     | collectors.ccms_os | [CENTOR_QAS] CCMS OS monitor 'Operating System': matched cpu=1, load_5m=1, mem_free=3, mem_total=1, swap_free=1
2026-09-09 15:41:19,127 | WARNING  | collectors.rfc_live | [SARLOHA QAS] live read failed, parked for 120s: host 172.22.1.127:3300 not reachable (TimeoutError) -- network/Basis check, not a code issue
2026-09-09 15:41:29,314 | INFO     | collectors.rfc_perf | [PRD] 177 STAT records, 0 dialog steps in the window (task mix: 0x12, 0x21, 0xb, 0xe, AUTOABAP, BTC, BUF.SYNC, OTHER, SPOOL) -- no GUI activity, metric left absent
2026-09-09 15:41:29,316 | INFO     | collectors.rfc_perf | [PRD] 177 STAT records, 0 dialog steps in the window (task mix: 0x12, 0x21, 0xb, 0xe, AUTOABAP, BTC, BUF.SYNC, OTHER, SPOOL) -- no GUI activity, metric left absent
2026-09-09 15:41:31,166 | INFO     | collectors.rfc_perf | [PRD] response time: STAT records unavailable, using ST03N aggregates
2026-09-09 15:41:31,180 | INFO     | collectors.rfc_perf | [PRD] response time: STAT records unavailable, using ST03N aggregates
2026-09-09 15:41:31,753 | WARNING  | collectors.rfc_perf | [PRD] lock owner stamps run 330 min ahead of SAP system time -- OS time zone on the app server differs from the SAP time zone. Ages corrected; tell Basis.
2026-09-09 15:41:33,047 | INFO     | collectors.rfc_perf | [CENTOR_QAS] SQLMD readable but 0 rows matched DDATE >= '20260902' -- SQL Monitor (transaction SQLM) is not activated on this system. Skipping this read until restart or a manual refresh.
2026-09-09 15:41:33,071 | INFO     | collectors.rfc_perf | [PRD] SQLMD readable but 0 rows matched DDATE >= '20260902' -- SQL Monitor (transaction SQLM) is not activated on this system. Skipping this read until restart or a manual refresh.
2026-09-09 15:41:33,125 | INFO     | collectors.rfc_perf | [CENTOR_QAS] SQLMD readable but 0 rows matched DDATE >= '20260902' -- SQL Monitor (transaction SQLM) is not activated on this system. Skipping this read until restart or a manual refresh.
2026-09-09 15:41:33,126 | INFO     | collectors.rfc_perf | [PRD] SQLMD readable but 0 rows matched DDATE >= '20260902' -- SQL Monitor (transaction SQLM) is not activated on this system. Skipping this read until restart or a manual refresh.
2026-09-09 15:43:43,177 | WARNING  | collectors.rfc_live | [SARLOHA QAS] live read failed, parked for 120s: host 172.22.1.127:3300 not reachable (TimeoutError) -- network/Basis check, not a code issue
2026-09-09 15:43:44,946 | WARNING  | collectors.rfc_live | [SARLOHA PRD] live read failed, parked for 120s: host 172.22.1.123:3300 not reachable (TimeoutError) -- network/Basis check, not a code issue
2026-09-09 15:46:45,923 | INFO     | collectors.rfc_perf | [CENTOR_QAS] 44 STAT records, 0 dialog steps in the window (task mix: 0x12, 0xb, 0xe, 0xf, AUTOABAP, BTC, BUF.SYNC, OTHER, SPOOL) -- no GUI activity, metric left absent
2026-09-09 15:46:47,188 | INFO     | collectors.rfc_perf | [CENTOR_QAS] response time: no dialog steps in the last 5 min and no ST03N aggregate -- metric left absent (system idle or collector off)
2026-09-09 15:47:29,441 | INFO     | collectors.rfc_perf | [PRD] 131 STAT records, 0 dialog steps in the window (task mix: 0x12, 0x21, 0xb, 0xe, AUTOABAP, BTC, BUF.SYNC, OTHER, SPOOL) -- no GUI activity, metric left absent
2026-09-09 15:47:29,985 | INFO     | collectors.rfc_perf | [PRD] response time: STAT records unavailable, using ST03N aggregates
2026-09-09 15:47:43,713 | WARNING  | collectors.rfc_live | [SARLOHA QAS] live read failed, parked for 120s: host 172.22.1.127:3300 not reachable (TimeoutError) -- network/Basis check, not a code issue
2026-09-09 15:47:43,714 | WARNING  | collectors.rfc_live | [SARLOHA PRD] live read failed, parked for 120s: host 172.22.1.123:3300 not reachable (TimeoutError) -- network/Basis check, not a code issue
2026-09-09 15:57:21,223 | INFO     | main | ===== Pipeline START for system PRD =====
2026-09-09 15:57:21,224 | INFO     | main | PRD: has_os_access=false -- skipping OS/SSH metrics entirely (not attempting).
2026-09-09 15:57:22,620 | INFO     | sap_gui.launcher | Launching SAP Logon: C:\Program Files (x86)\SAP\FrontEnd\SAPgui\saplogon.exe
2026-09-09 15:57:27,377 | INFO     | sap_gui.launcher | SAP Logon 800 pad is visible.
2026-09-09 15:57:28,379 | INFO     | sap_gui.launcher | Selecting connection: centaur system
2026-09-09 15:57:41,960 | INFO     | sap_gui.launcher | Opened connection 'centaur system' via keyboard activation.
2026-09-09 15:57:43,964 | INFO     | sap_gui.connection | Finding SAP login window...
2026-09-09 15:58:16,451 | WARNING  | main | PRD: SAP GUI unavailable (TimeoutError: SAP login window did not appear within 30s. Visible windows were: '.NET-BroadcastEventWindow.1400c58.0', '.NET-BroadcastEventWindow.3d893c.0', '.NET-BroadcastEventWindow.4.0.0.0.3bcab18.0', '.env - InfraBeatOps - Visual Studio Code', 'APT Scan', 'Animate Manager', 'ApMsgFwdWindow', 'ApUsbPnP', 'AudioEngine For Realtek HD Audio New GUI', 'Battery Meter', 'BluetoothNotificationAreaIconWindowClass', 'C:\WINDOWS\system32\DellTPad\Apntex.exe', 'CTrayNotifyIcon Helper Window', 'CVenderSpecSetting', 'Chat | Om Dighe | Microsoft Teams', 'CrossDeviceResumeWindow', 'DDE Server Window', 'DWM Notification Window', 'Default IME', 'Desktop - File Explorer', 'DesktopWindowXamlSource', 'Ditto', 'Ditto Clipboard Viewer', 'Elara', 'Europa', 'FortiClient - Zero Trust Fabric Agent', 'FortiTray Daemon', 'FortiTray Desktop', 'GDI+ Window (Ditto.exe)', 'GDI+ Window (Explorer.EXE)', 'GDI+ Window (Lightshot.exe)', 'GDI+ Window (M365Copilot.exe)', 'GDI+ Window (RAVBg64.exe)', 'GDI+ Window (ShareX.exe)', 'GDI+ Window (saplogon.exe)', 'IBOPS · Basis Monitoring - Google Chrome', 'InfraBeatOps repository organization and commit strategy - Claude - Google Chrome', 'Lightshot_Tray_Wnd', 'M', 'MS_WebcheckMonitor', 'Microsoft 365 Copilot', 'Microsoft OneDrive Sync Service', 'Microsoft Teams', 'MiracastConnectionWindow', 'OneDrive - infrabeat.com', 'PopupHost', 'Program Manager', 'Progress', 'RTK AUDIO DRIVER EVENT MGR', 'RTK TRAYICON', 'Realtek HD Audio Background Process for Vista', 'Realtek HD Audio New GUI', 'Realtek HD Audio New GUI background window', 'Realtek SpeakerTestManager', 'Rtc Video PnP Listener', 'SAP Logon 800', 'ShareX 21.0', 'System tray overflow window.', 'Task Host Window', 'Task Switching', 'The Event Manager Dashboard', 'This is a DataTip :)', 'ViennaSettingUI', 'WUIconWindow', 'Widgets', 'Windows Input Experience', 'Windows Push Notifications Platform'. If a SAP window IS listed, add its title pattern to _LOGIN_TITLE_PATTERNS in sap_gui/connection.py. If none is listed, the desktop is probably locked or the RDP session is disconnected -- GUI scripting drives a real desktop and cannot run without one.). Continuing with RFC/SSH collectors.
2026-09-09 15:58:17,055 | INFO     | collectors.rfc_perf | [PRD] 113 STAT records, 0 dialog steps in the window (task mix: 0x12, 0xb, 0xe, AUTOABAP, BTC, BUF.SYNC, OTHER, SPOOL) -- no GUI activity, metric left absent
2026-09-09 15:58:17,499 | INFO     | collectors.rfc_perf | [PRD] response time: STAT records unavailable, using ST03N aggregates
2026-09-09 15:58:17,768 | INFO     | collectors.rfc_perf | [PRD] RFC perf collector: 9 metrics
2026-09-09 15:58:17,771 | INFO     | main | Skipping T-code GUI evidence for PRD -- GUI access disabled or no active SAP session.
2026-09-09 15:58:18,333 | INFO     | collectors.rfc_perf | [PRD] 113 STAT records, 0 dialog steps in the window (task mix: 0x12, 0xb, 0xe, AUTOABAP, BTC, BUF.SYNC, OTHER, SPOOL) -- no GUI activity, metric left absent
2026-09-09 15:58:19,100 | INFO     | collectors.rfc_perf | [PRD] response time: STAT records unavailable, using ST03N aggregates
2026-09-09 16:01:36,557 | INFO     | collectors.ccms_os | [SARLOHA QAS] CCMS OS monitor 'Operating System': matched cpu=1, load_5m=1, mem_free=3, mem_total=2, swap_free=1
2026-09-09 16:01:36,565 | INFO     | collectors.ccms_os | [SARLOHA PRD] CCMS OS monitor 'Operating System': matched cpu=2, load_5m=2, mem_free=6, mem_total=4, swap_free=2
2026-09-09 16:01:36,648 | INFO     | collectors.ccms_os | [SARLOHA QAS] CCMS OS monitor 'Operating System': matched cpu=1, load_5m=1, mem_free=3, mem_total=2, swap_free=1
2026-09-09 16:01:37,661 | INFO     | collectors.ccms_os | [CENTOR_QAS] CCMS OS monitor 'Operating System': matched cpu=1, load_5m=1, mem_free=3, mem_total=1, swap_free=1
2026-09-09 16:01:37,700 | INFO     | collectors.ccms_os | [CENTOR_QAS] CCMS OS monitor 'Operating System': matched cpu=1, load_5m=1, mem_free=3, mem_total=1, swap_free=1
2026-09-09 16:01:45,902 | INFO     | collectors.rfc_perf | [PRD] 130 STAT records, 0 dialog steps in the window (task mix: 0x12, 0xb, 0xe, 0xf7, AUTOABAP, BTC, BUF.SYNC, OTHER, SPOOL, UPDATE) -- no GUI activity, metric left absent
2026-09-09 16:01:57,263 | INFO     | collectors.rfc_perf | [PRD] response time: STAT records unavailable, using ST03N aggregates
2026-09-09 16:02:03,574 | INFO     | collectors.rfc_perf | [PRD] 130 STAT records, 0 dialog steps in the window (task mix: 0x12, 0xb, 0xe, 0xf7, AUTOABAP, BTC, BUF.SYNC, OTHER, SPOOL, UPDATE) -- no GUI activity, metric left absent
2026-09-09 16:02:04,455 | INFO     | collectors.rfc_perf | [PRD] response time: STAT records unavailable, using ST03N aggregates
2026-09-09 16:02:15,133 | WARNING  | collectors.rfc_perf | [PRD] lock owner stamps run 300 min ahead of SAP system time -- OS time zone on the app server differs from the SAP time zone. Ages corrected; tell Basis.
2026-09-09 16:02:17,082 | INFO     | collectors.rfc_perf | [PRD] SQLMD readable but 0 rows matched DDATE >= '20260902' -- SQL Monitor (transaction SQLM) is not activated on this system. Skipping this read until restart or a manual refresh.
2026-09-09 16:02:17,107 | INFO     | collectors.rfc_perf | [CENTOR_QAS] SQLMD readable but 0 rows matched DDATE >= '20260902' -- SQL Monitor (transaction SQLM) is not activated on this system. Skipping this read until restart or a manual refresh.
2026-09-09 16:02:49,750 | INFO     | collectors.rfc_perf | [SARLOHA QAS] SQLMD readable but 0 rows matched DDATE >= '20260902' -- SQL Monitor (transaction SQLM) is not activated on this system. Skipping this read until restart or a manual refresh.
2026-09-09 16:03:29,238 | INFO     | collectors.rfc_perf | [SARLOHA PRD] SQLMD readable but 0 rows matched DDATE >= '20260902' -- SQL Monitor (transaction SQLM) is not activated on this system. Skipping this read until restart or a manual refresh.
2026-09-09 16:10:08,628 | INFO     | main | ===== Pipeline START for system SARLOHA PRD =====
2026-09-09 16:10:08,633 | INFO     | main | SARLOHA PRD: has_os_access=false -- skipping OS/SSH metrics entirely (not attempting).
2026-09-09 16:10:10,184 | INFO     | sap_gui.launcher | Launching SAP Logon: C:\Program Files (x86)\SAP\FrontEnd\SAPgui\saplogon.exe
2026-09-09 16:10:15,390 | INFO     | sap_gui.launcher | SAP Logon 800 pad is visible.
2026-09-09 16:10:16,392 | INFO     | sap_gui.launcher | Selecting connection: SARLOHA PRD
2026-09-09 16:10:23,884 | DEBUG    | sap_gui.launcher | Could not focus SAP Logon Pad: {'title': 'SAP Logon 800', 'backend': 'uia', 'process': 10732}
2026-09-09 16:10:41,653 | DEBUG    | sap_gui.launcher | Connection item not found yet, retrying: {'title': 'SAP Logon 800', 'backend': 'uia', 'process': 10732}
2026-09-09 16:10:42,694 | WARNING  | main | SARLOHA PRD: SAP GUI unavailable (TimeoutError: Could not find connection 'SARLOHA PRD' in SAP Logon Pad. Entries present: none detected. Set the matching *_SAP_CONNECTION_NAME in .env (names are per-workstation and case-sensitive).). Continuing with RFC/SSH collectors.
2026-09-09 16:10:48,415 | INFO     | collectors.rfc_perf | [PRD] 132 STAT records, 0 dialog steps in the window (task mix: 0x12, 0xb, 0xe, AUTOABAP, BTC, BUF.SYNC, OTHER, SPOOL) -- no GUI activity, metric left absent
2026-09-09 16:10:49,003 | INFO     | collectors.rfc_perf | [PRD] response time: STAT records unavailable, using ST03N aggregates
2026-09-09 16:10:50,688 | INFO     | collectors.rfc_perf | [SARLOHA PRD] RFC perf collector: 11 metrics
2026-09-09 16:10:50,790 | INFO     | main | Skipping T-code GUI evidence for SARLOHA PRD -- GUI access disabled or no active SAP session.
2026-09-09 16:17:24,582 | INFO     | collectors.ccms_os | [CENTOR_QAS] CCMS OS monitor 'Operating System': matched cpu=1, load_5m=1, mem_free=3, mem_total=1, swap_free=1
2026-09-09 16:17:28,598 | INFO     | collectors.rfc_perf | [PRD] 124 STAT records, 0 dialog steps in the window (task mix: 0x12, 0xb, 0xe, AUTOABAP, BTC, BUF.SYNC, OTHER, SPOOL) -- no GUI activity, metric left absent
2026-09-09 16:17:32,375 | INFO     | collectors.rfc_perf | [PRD] response time: STAT records unavailable, using ST03N aggregates
2026-09-09 16:17:33,011 | WARNING  | collectors.rfc_perf | [PRD] lock owner stamps run 285 min ahead of SAP system time -- OS time zone on the app server differs from the SAP time zone. Ages corrected; tell Basis.
2026-09-09 16:17:33,438 | INFO     | collectors.rfc_perf | [CENTOR_QAS] SQLMD readable but 0 rows matched DDATE >= '20260902' -- SQL Monitor (transaction SQLM) is not activated on this system. Skipping this read until restart or a manual refresh.
2026-09-09 16:17:33,875 | INFO     | collectors.rfc_perf | [PRD] SQLMD readable but 0 rows matched DDATE >= '20260902' -- SQL Monitor (transaction SQLM) is not activated on this system. Skipping this read until restart or a manual refresh.
2026-09-09 16:17:40,149 | INFO     | collectors.ccms_os | [SARLOHA QAS] CCMS OS monitor 'Operating System': matched cpu=1, load_5m=1, mem_free=3, mem_total=2, swap_free=1
2026-09-09 16:17:55,644 | INFO     | collectors.rfc_perf | [SARLOHA QAS] SQLMD readable but 0 rows matched DDATE >= '20260902' -- SQL Monitor (transaction SQLM) is not activated on this system. Skipping this read until restart or a manual refresh.
2026-09-09 16:18:18,869 | INFO     | collectors.ccms_os | [SARLOHA PRD] CCMS OS monitor 'Operating System': matched cpu=2, load_5m=2, mem_free=6, mem_total=4, swap_free=2
2026-09-09 16:18:54,768 | INFO     | collectors.rfc_perf | [SARLOHA PRD] SQLMD readable but 0 rows matched DDATE >= '20260902' -- SQL Monitor (transaction SQLM) is not activated on this system. Skipping this read until restart or a manual refresh.
2026-09-09 16:19:41,686 | INFO     | collectors.ccms_os | [CENTOR_QAS] CCMS OS monitor 'Operating System': matched cpu=1, load_5m=1, mem_free=3, mem_total=1, swap_free=1
2026-09-09 16:19:59,554 | INFO     | main | ===== Pipeline START for system SARLOHA QAS =====
2026-09-09 16:19:59,557 | INFO     | main | SARLOHA QAS: has_os_access=false -- skipping OS/SSH metrics entirely (not attempting).
2026-09-09 16:19:59,841 | INFO     | collectors.rfc_perf | [CENTOR_QAS] SQLMD readable but 0 rows matched DDATE >= '20260902' -- SQL Monitor (transaction SQLM) is not activated on this system. Skipping this read until restart or a manual refresh.
2026-09-09 16:20:01,148 | INFO     | sap_gui.launcher | Launching SAP Logon: C:\Program Files (x86)\SAP\FrontEnd\SAPgui\saplogon.exe
2026-09-09 16:20:06,942 | INFO     | sap_gui.launcher | SAP Logon 800 pad is visible.
2026-09-09 16:20:07,945 | INFO     | sap_gui.launcher | Selecting connection: SARLOHA QAS
2026-09-09 16:20:14,973 | DEBUG    | sap_gui.launcher | Keyboard activation failed for 'SARLOHA QAS': 
2026-09-09 16:20:15,126 | INFO     | sap_gui.launcher | Double-clicked connection 'SARLOHA QAS'.
2026-09-09 16:20:15,131 | WARNING  | sap_gui.launcher | Connection matched case-insensitively: configured 'SARLOHA QAS', actual 'SARLOHA QAS'. Update the *_SAP_CONNECTION_NAME value in .env to 'SARLOHA QAS'.
2026-09-09 16:20:17,139 | INFO     | sap_gui.connection | Finding SAP login window...
2026-09-09 16:20:28,232 | INFO     | collectors.rfc_perf | [PRD] 120 STAT records, 0 dialog steps in the window (task mix: 0x12, 0xb, 0xe, AUTOABAP, BTC, BUF.SYNC, OTHER, SPOOL) -- no GUI activity, metric left absent
2026-09-09 16:20:29,302 | INFO     | collectors.rfc_perf | [PRD] response time: STAT records unavailable, using ST03N aggregates
2026-09-09 16:20:29,534 | WARNING  | collectors.rfc_perf | [PRD] lock owner stamps run 285 min ahead of SAP system time -- OS time zone on the app server differs from the SAP time zone. Ages corrected; tell Basis.
2026-09-09 16:20:29,950 | INFO     | collectors.rfc_perf | [PRD] SQLMD readable but 0 rows matched DDATE >= '20260902' -- SQL Monitor (transaction SQLM) is not activated on this system. Skipping this read until restart or a manual refresh.
2026-09-09 16:20:33,426 | INFO     | collectors.ccms_os | [SARLOHA QAS] CCMS OS monitor 'Operating System': matched cpu=1, load_5m=1, mem_free=3, mem_total=2, swap_free=1
2026-09-09 16:20:40,335 | INFO     | collectors.rfc_perf | [SARLOHA QAS] SQLMD readable but 0 rows matched DDATE >= '20260902' -- SQL Monitor (transaction SQLM) is not activated on this system. Skipping this read until restart or a manual refresh.
2026-09-09 16:20:49,860 | WARNING  | main | SARLOHA QAS: SAP GUI unavailable (TimeoutError: SAP login window did not appear within 30s. Visible windows were: '.NET-BroadcastEventWindow.1400c58.0', '.NET-BroadcastEventWindow.3d893c.0', '.NET-BroadcastEventWindow.4.0.0.0.3bcab18.0', '.env - InfraBeatOps - Visual Studio Code', 'APT Scan', 'Animate Manager', 'ApMsgFwdWindow', 'ApUsbPnP', 'AudioEngine For Realtek HD Audio New GUI', 'Battery Meter', 'BluetoothNotificationAreaIconWindowClass', 'C:\WINDOWS\system32\DellTPad\Apntex.exe', 'CTrayNotifyIcon Helper Window', 'CVenderSpecSetting', 'Chat | Om Dighe | Microsoft Teams', 'CrossDeviceResumeWindow', 'DDE Server Window', 'DWM Notification Window', 'Default IME', 'Desktop - File Explorer', 'DesktopWindowXamlSource', 'Ditto', 'Ditto Clipboard Viewer', 'Elara', 'Europa', 'FortiClient - Zero Trust Fabric Agent', 'FortiTray Daemon', 'FortiTray Desktop', 'GDI+ Window (Ditto.exe)', 'GDI+ Window (Explorer.EXE)', 'GDI+ Window (Lightshot.exe)', 'GDI+ Window (M365Copilot.exe)', 'GDI+ Window (RAVBg64.exe)', 'GDI+ Window (ShareX.exe)', 'GDI+ Window (saplogon.exe)', 'InfraBeatOps repository organization and commit strategy - Claude - Google Chrome', 'InfraBeatOps · Live Wall - Google Chrome', 'Lightshot_Tray_Wnd', 'M', 'MS_WebcheckMonitor', 'Microsoft 365 Copilot', 'Microsoft OneDrive Sync Service', 'Microsoft Teams', 'MiracastConnectionWindow', 'OneDrive - infrabeat.com', 'PopupHost', 'Program Manager', 'Progress', 'RTK AUDIO DRIVER EVENT MGR', 'RTK TRAYICON', 'Realtek HD Audio Background Process for Vista', 'Realtek HD Audio New GUI', 'Realtek HD Audio New GUI background window', 'Realtek SpeakerTestManager', 'Rtc Video PnP Listener', 'SAP Logon 800', 'ShareX 21.0', 'System tray overflow window.', 'Task Host Window', 'Task Switching', 'The Event Manager Dashboard', 'This is a DataTip :)', 'ViennaSettingUI', 'WUIconWindow', 'Widgets', 'Windows Input Experience', 'Windows Push Notifications Platform'. If a SAP window IS listed, add its title pattern to _LOGIN_TITLE_PATTERNS in sap_gui/connection.py. If none is listed, the desktop is probably locked or the RDP session is disconnected -- GUI scripting drives a real desktop and cannot run without one.). Continuing with RFC/SSH collectors.
2026-09-09 16:20:56,614 | INFO     | collectors.rfc_perf | [SARLOHA QAS] SQLMD readable but 0 rows matched DDATE >= '20260902' -- SQL Monitor (transaction SQLM) is not activated on this system. Skipping this read until restart or a manual refresh.
2026-09-09 16:20:56,628 | INFO     | collectors.rfc_perf | [SARLOHA QAS] RFC perf collector: 9 metrics
2026-09-09 16:20:56,631 | INFO     | main | Skipping T-code GUI evidence for SARLOHA QAS -- GUI access disabled or no active SAP session.
2026-09-09 16:20:57,538 | INFO     | collectors.ccms_os | [SARLOHA QAS] CCMS OS monitor 'Operating System': matched cpu=1, load_5m=1, mem_free=3, mem_total=2, swap_free=1
2026-09-09 16:21:01,551 | INFO     | core.status_snapshot | SARLOHA QAS: no GUI evidence this cycle; carrying forward 22 record(s) from 2026-09-08 11:22:39, marked stale.
2026-09-09 16:21:01,565 | INFO     | core.status_snapshot | Status snapshot saved for SARLOHA QAS: C:\infrabeatops\dashboard\snapshots\SARLOHAQAS.json
2026-09-09 16:21:02,228 | INFO     | reporting.excel_template_writer | MetroBrands Excel template filled: C:/infrabeatops/reports/2026-09-09/SARLOHA_QAS/SARLOHA_QAS_Monitoring_Sheet.xlsx
2026-09-09 16:21:39,271 | INFO     | main | ===== Pipeline COMPLETE for system SARLOHA QAS (gui_available=False) =====
2026-09-09 16:21:54,892 | INFO     | main | ===== Pipeline START for system SARLOHA QAS =====
2026-09-09 16:21:55,820 | INFO     | main | SARLOHA QAS: has_os_access=false -- skipping OS/SSH metrics entirely (not attempting).
2026-09-09 16:22:04,028 | INFO     | sap_gui.launcher | Launching SAP Logon: C:\Program Files (x86)\SAP\FrontEnd\SAPgui\saplogon.exe
2026-09-09 16:22:50,402 | WARNING  | main | SARLOHA QAS: SAP GUI unavailable (TimeoutError: SAP Logon 800 pad did not appear in time.). Continuing with RFC/SSH collectors.
2026-09-09 16:23:18,210 | INFO     | collectors.rfc_perf | [SARLOHA QAS] 94 STAT records, 0 dialog steps in the window (task mix: 0x12, 0xb, 0xe, 0xf, BTC, BUF.SYNC, OTHER, SPOOL) -- no GUI activity, metric left absent
2026-09-09 16:23:20,739 | INFO     | collectors.rfc_perf | [SARLOHA QAS] response time: STAT records unavailable, using ST03N aggregates
2026-09-09 16:23:21,443 | INFO     | collectors.rfc_perf | [SARLOHA QAS] RFC perf collector: 9 metrics
2026-09-09 16:23:21,460 | INFO     | main | Skipping T-code GUI evidence for SARLOHA QAS -- GUI access disabled or no active SAP session.
2026-09-09 16:23:25,802 | INFO     | core.status_snapshot | SARLOHA QAS: no GUI evidence this cycle; carrying forward 22 record(s) from 2026-09-08 11:22:39, marked stale.
2026-09-09 16:23:25,860 | INFO     | core.status_snapshot | Status snapshot saved for SARLOHA QAS: C:\infrabeatops\dashboard\snapshots\SARLOHAQAS.json
2026-09-09 16:23:26,888 | INFO     | reporting.excel_template_writer | MetroBrands Excel template filled: C:/infrabeatops/reports/2026-09-09/SARLOHA_QAS/SARLOHA_QAS_Monitoring_Sheet.xlsx
2026-09-09 16:23:55,128 | INFO     | main | ===== Pipeline COMPLETE for system SARLOHA QAS (gui_available=False) =====
2026-09-09 16:47:50,453 | INFO     | collectors.ccms_os | [CENTOR_QAS] CCMS OS monitor 'Operating System': matched cpu=1, load_5m=1, mem_free=3, mem_total=1, swap_free=1
2026-09-09 16:47:54,968 | INFO     | collectors.rfc_perf | [PRD] 111 STAT records, 0 dialog steps in the window (task mix: 0x12, 0xb, 0xe, AUTOABAP, BTC, BUF.SYNC, OTHER, SPOOL) -- no GUI activity, metric left absent
2026-09-09 16:47:57,656 | INFO     | collectors.rfc_perf | [PRD] response time: STAT records unavailable, using ST03N aggregates
2026-09-09 16:47:58,160 | WARNING  | collectors.rfc_perf | [PRD] lock owner stamps run 315 min ahead of SAP system time -- OS time zone on the app server differs from the SAP time zone. Ages corrected; tell Basis.
2026-09-09 16:47:59,078 | INFO     | collectors.rfc_perf | [PRD] SQLMD readable but 0 rows matched DDATE >= '20260902' -- SQL Monitor (transaction SQLM) is not activated on this system. Skipping this read until restart or a manual refresh.
2026-09-09 16:48:00,522 | INFO     | collectors.rfc_perf | [CENTOR_QAS] SQLMD readable but 0 rows matched DDATE >= '20260902' -- SQL Monitor (transaction SQLM) is not activated on this system. Skipping this read until restart or a manual refresh.
2026-09-09 16:48:04,999 | INFO     | collectors.ccms_os | [SARLOHA QAS] CCMS OS monitor 'Operating System': matched cpu=1, load_5m=1, mem_free=3, mem_total=2, swap_free=1
2026-09-09 16:48:17,495 | INFO     | collectors.rfc_perf | [SARLOHA QAS] 29 STAT records, 0 dialog steps in the window (task mix: 0x12, 0xb, 0xe, 0xf, BTC, BUF.SYNC, OTHER, SPOOL) -- no GUI activity, metric left absent
2026-09-09 16:48:22,597 | INFO     | collectors.rfc_perf | [SARLOHA QAS] response time: STAT records unavailable, using ST03N aggregates
2026-09-09 16:48:27,140 | INFO     | collectors.rfc_perf | [SARLOHA QAS] SQLMD readable but 0 rows matched DDATE >= '20260902' -- SQL Monitor (transaction SQLM) is not activated on this system. Skipping this read until restart or a manual refresh.
2026-09-09 16:48:56,239 | INFO     | collectors.ccms_os | [SARLOHA PRD] CCMS OS monitor 'Operating System': matched cpu=2, load_5m=2, mem_free=6, mem_total=4, swap_free=2
2026-09-09 16:49:45,669 | INFO     | collectors.rfc_perf | [SARLOHA PRD] SQLMD readable but 0 rows matched DDATE >= '20260902' -- SQL Monitor (transaction SQLM) is not activated on this system. Skipping this read until restart or a manual refresh.
2026-09-09 16:52:38,483 | INFO     | collectors.ccms_os | [CENTOR_QAS] CCMS OS monitor 'Operating System': matched cpu=1, load_5m=1, mem_free=3, mem_total=1, swap_free=1
2026-09-09 16:52:43,172 | INFO     | collectors.rfc_perf | [PRD] 116 STAT records, 0 dialog steps in the window (task mix: 0x12, 0xb, 0xe, AUTOABAP, BTC, BUF.SYNC, OTHER, SPOOL) -- no GUI activity, metric left absent
2026-09-09 16:52:47,157 | INFO     | collectors.rfc_perf | [PRD] response time: STAT records unavailable, using ST03N aggregates
2026-09-09 16:52:48,001 | WARNING  | collectors.rfc_perf | [PRD] lock owner stamps run 315 min ahead of SAP system time -- OS time zone on the app server differs from the SAP time zone. Ages corrected; tell Basis.
2026-09-09 16:52:48,426 | INFO     | collectors.rfc_perf | [PRD] SQLMD readable but 0 rows matched DDATE >= '20260902' -- SQL Monitor (transaction SQLM) is not activated on this system. Skipping this read until restart or a manual refresh.
2026-09-09 16:52:48,695 | INFO     | collectors.rfc_perf | [CENTOR_QAS] SQLMD readable but 0 rows matched DDATE >= '20260902' -- SQL Monitor (transaction SQLM) is not activated on this system. Skipping this read until restart or a manual refresh.
2026-09-09 16:52:52,151 | INFO     | collectors.ccms_os | [SARLOHA QAS] CCMS OS monitor 'Operating System': matched cpu=1, load_5m=1, mem_free=3, mem_total=2, swap_free=1
2026-09-09 16:52:59,068 | INFO     | collectors.rfc_perf | [SARLOHA QAS] 37 STAT records, 0 dialog steps in the window (task mix: 0x12, 0xb, 0xe, 0xf, 0xfa, AUTOABAP, BTC, BUF.SYNC, OTHER, SPOOL) -- no GUI activity, metric left absent
2026-09-09 16:53:06,930 | INFO     | collectors.rfc_perf | [SARLOHA QAS] response time: STAT records unavailable, using ST03N aggregates
2026-09-09 16:53:07,827 | INFO     | collectors.rfc_perf | [SARLOHA QAS] SQLMD readable but 0 rows matched DDATE >= '20260902' -- SQL Monitor (transaction SQLM) is not activated on this system. Skipping this read until restart or a manual refresh.
2026-09-09 16:53:11,832 | INFO     | collectors.ccms_os | [SARLOHA PRD] CCMS OS monitor 'Operating System': matched cpu=2, load_5m=2, mem_free=6, mem_total=4, swap_free=2
2026-09-09 16:53:18,601 | INFO     | main | ===== Pipeline START for system SARLOHA QAS =====
2026-09-09 16:53:18,655 | INFO     | main | SARLOHA QAS: has_os_access=false -- skipping OS/SSH metrics entirely (not attempting).
2026-09-09 16:53:20,688 | INFO     | sap_gui.launcher | Launching SAP Logon: C:\Program Files (x86)\SAP\FrontEnd\SAPgui\saplogon.exe
2026-09-09 16:53:23,164 | INFO     | collectors.rfc_perf | [SARLOHA PRD] SQLMD readable but 0 rows matched DDATE >= '20260902' -- SQL Monitor (transaction SQLM) is not activated on this system. Skipping this read until restart or a manual refresh.
2026-09-09 16:53:38,742 | INFO     | collectors.ccms_os | [CENTOR_QAS] CCMS OS monitor 'Operating System': matched cpu=1, load_5m=1, mem_free=3, mem_total=1, swap_free=1
2026-09-09 16:53:42,934 | INFO     | collectors.rfc_perf | [PRD] 111 STAT records, 0 dialog steps in the window (task mix: 0x12, 0xb, 0xe, AUTOABAP, BTC, BUF.SYNC, OTHER, SPOOL) -- no GUI activity, metric left absent
2026-09-09 16:53:44,373 | INFO     | collectors.rfc_perf | [PRD] response time: STAT records unavailable, using ST03N aggregates
2026-09-09 16:53:44,712 | WARNING  | collectors.rfc_perf | [PRD] lock owner stamps run 315 min ahead of SAP system time -- OS time zone on the app server differs from the SAP time zone. Ages corrected; tell Basis.
2026-09-09 16:53:45,256 | INFO     | collectors.rfc_perf | [PRD] SQLMD readable but 0 rows matched DDATE >= '20260902' -- SQL Monitor (transaction SQLM) is not activated on this system. Skipping this read until restart or a manual refresh.
2026-09-09 16:53:45,613 | INFO     | collectors.rfc_perf | [CENTOR_QAS] SQLMD readable but 0 rows matched DDATE >= '20260902' -- SQL Monitor (transaction SQLM) is not activated on this system. Skipping this read until restart or a manual refresh.
2026-09-09 16:53:49,675 | INFO     | collectors.ccms_os | [SARLOHA QAS] CCMS OS monitor 'Operating System': matched cpu=1, load_5m=1, mem_free=3, mem_total=2, swap_free=1
2026-09-09 16:53:53,930 | WARNING  | main | SARLOHA QAS: SAP GUI unavailable (TimeoutError: SAP Logon 800 pad did not appear in time.). Continuing with RFC/SSH collectors.
2026-09-09 16:53:55,365 | INFO     | collectors.rfc_perf | [SARLOHA QAS] 31 STAT records, 0 dialog steps in the window (task mix: 0x12, 0xb, 0xe, 0xf, BTC, BUF.SYNC, OTHER, SPOOL) -- no GUI activity, metric left absent
2026-09-09 16:53:57,144 | INFO     | collectors.rfc_perf | [SARLOHA QAS] response time: STAT records unavailable, using ST03N aggregates
2026-09-09 16:53:58,153 | INFO     | collectors.rfc_perf | [SARLOHA QAS] SQLMD readable but 0 rows matched DDATE >= '20260902' -- SQL Monitor (transaction SQLM) is not activated on this system. Skipping this read until restart or a manual refresh.
2026-09-09 16:54:00,248 | INFO     | collectors.rfc_perf | [SARLOHA QAS] 34 STAT records, 0 dialog steps in the window (task mix: 0x12, 0xb, 0xe, 0xf, AUTOABAP, BTC, BUF.SYNC, OTHER, SPOOL) -- no GUI activity, metric left absent
2026-09-09 16:54:04,129 | INFO     | collectors.rfc_perf | [SARLOHA QAS] response time: STAT records unavailable, using ST03N aggregates
2026-09-09 16:54:05,630 | INFO     | collectors.rfc_perf | [SARLOHA QAS] SQLMD readable but 0 rows matched DDATE >= '20260902' -- SQL Monitor (transaction SQLM) is not activated on this system. Skipping this read until restart or a manual refresh.
2026-09-09 16:54:05,650 | INFO     | collectors.rfc_perf | [SARLOHA QAS] RFC perf collector: 9 metrics
2026-09-09 16:54:05,652 | INFO     | main | Skipping T-code GUI evidence for SARLOHA QAS -- GUI access disabled or no active SAP session.
2026-09-09 16:54:06,315 | INFO     | collectors.ccms_os | [SARLOHA PRD] CCMS OS monitor 'Operating System': matched cpu=2, load_5m=2, mem_free=6, mem_total=4, swap_free=2
2026-09-09 16:54:09,725 | INFO     | collectors.ccms_os | [SARLOHA QAS] CCMS OS monitor 'Operating System': matched cpu=1, load_5m=1, mem_free=3, mem_total=2, swap_free=1
2026-09-09 16:54:10,995 | INFO     | collectors.rfc_perf | [SARLOHA QAS] 39 STAT records, 0 dialog steps in the window (task mix: 0x12, 0xb, 0xe, 0xf, AUTOABAP, BTC, BUF.SYNC, OTHER, SPOOL) -- no GUI activity, metric left absent
2026-09-09 16:54:11,624 | INFO     | collectors.rfc_perf | [SARLOHA QAS] response time: STAT records unavailable, using ST03N aggregates
2026-09-09 16:54:15,109 | INFO     | collectors.rfc_perf | [SARLOHA PRD] SQLMD readable but 0 rows matched DDATE >= '20260902' -- SQL Monitor (transaction SQLM) is not activated on this system. Skipping this read until restart or a manual refresh.
2026-09-09 16:54:15,496 | INFO     | core.status_snapshot | SARLOHA QAS: no GUI evidence this cycle; carrying forward 22 record(s) from 2026-09-08 11:22:39, marked stale.
2026-09-09 16:54:15,512 | INFO     | core.status_snapshot | Status snapshot saved for SARLOHA QAS: C:\infrabeatops\dashboard\snapshots\SARLOHAQAS.json
2026-09-09 16:54:16,740 | INFO     | reporting.excel_template_writer | MetroBrands Excel template filled: C:/infrabeatops/reports/2026-09-09/SARLOHA_QAS/SARLOHA_QAS_Monitoring_Sheet.xlsx
2026-09-09 17:16:34,837 | INFO     | collectors.ccms_os | [CENTOR_QAS] CCMS OS monitor 'Operating System': matched cpu=1, load_5m=1, mem_free=3, mem_total=1, swap_free=1
2026-09-09 17:16:41,731 | INFO     | collectors.rfc_perf | [PRD] 111 STAT records, 0 dialog steps in the window (task mix: 0x12, 0xb, 0xe, AUTOABAP, BTC, BUF.SYNC, OTHER, SPOOL) -- no GUI activity, metric left absent
2026-09-09 17:16:45,988 | INFO     | collectors.rfc_perf | [PRD] response time: STAT records unavailable, using ST03N aggregates
2026-09-09 17:16:46,638 | WARNING  | collectors.rfc_perf | [PRD] lock owner stamps run 285 min ahead of SAP system time -- OS time zone on the app server differs from the SAP time zone. Ages corrected; tell Basis.
2026-09-09 17:16:46,899 | INFO     | collectors.rfc_perf | [CENTOR_QAS] SQLMD readable but 0 rows matched DDATE >= '20260902' -- SQL Monitor (transaction SQLM) is not activated on this system. Skipping this read until restart or a manual refresh.
2026-09-09 17:16:47,588 | INFO     | collectors.rfc_perf | [PRD] SQLMD readable but 0 rows matched DDATE >= '20260902' -- SQL Monitor (transaction SQLM) is not activated on this system. Skipping this read until restart or a manual refresh.
2026-09-09 17:16:58,037 | WARNING  | collectors.rfc_live | [SARLOHA QAS] live read failed, parked for 120s: host 172.22.1.127:3300 not reachable (TimeoutError) -- network/Basis check, not a code issue
2026-09-09 17:17:00,341 | WARNING  | collectors.rfc_live | [SARLOHA PRD] live read failed, parked for 119s: host 172.22.1.123:3300 not reachable (TimeoutError) -- network/Basis check, not a code issue
2026-09-09 17:17:05,690 | INFO     | collectors.ccms_os | [CENTOR_QAS] CCMS OS monitor 'Operating System': matched cpu=1, load_5m=1, mem_free=3, mem_total=1, swap_free=1
2026-09-09 17:17:23,918 | INFO     | collectors.rfc_perf | [CENTOR_QAS] SQLMD readable but 0 rows matched DDATE >= '20260902' -- SQL Monitor (transaction SQLM) is not activated on this system. Skipping this read until restart or a manual refresh.
2026-09-09 17:18:34,631 | INFO     | main | ===== Pipeline START for system PRD =====
2026-09-09 17:18:34,637 | INFO     | main | PRD: has_os_access=false -- skipping OS/SSH metrics entirely (not attempting).
2026-09-09 17:18:36,678 | INFO     | sap_gui.launcher | Launching SAP Logon: C:\Program Files (x86)\SAP\FrontEnd\SAPgui\saplogon.exe
2026-09-09 17:18:46,011 | INFO     | sap_gui.launcher | SAP Logon 800 pad is visible.
2026-09-09 17:18:47,014 | INFO     | sap_gui.launcher | Selecting connection: centaur system
2026-09-09 17:18:57,861 | INFO     | sap_gui.launcher | Opened connection 'centaur system' via keyboard activation.
2026-09-09 17:18:59,887 | INFO     | sap_gui.connection | Finding SAP login window...
2026-09-09 17:19:00,225 | INFO     | sap_gui.connection | SAP login window found: 'SAP' (pattern '^SAP$').
2026-09-09 17:19:01,273 | INFO     | sap_gui.connection | Moving to Client field...
2026-09-09 17:19:01,850 | INFO     | sap_gui.connection | Clearing existing Client value...
2026-09-09 17:19:02,334 | INFO     | sap_gui.connection | Entering Client: 100
2026-09-09 17:19:03,306 | INFO     | sap_gui.connection | Entering Username: basis2
2026-09-09 17:19:04,305 | INFO     | sap_gui.connection | Entering Password... (masked)
2026-09-09 17:19:05,042 | INFO     | sap_gui.connection | Client, username and password populated.
2026-09-09 17:19:05,045 | INFO     | sap_gui.connection | Submitting login (ENTER)...
2026-09-09 17:19:07,119 | INFO     | sap_gui.connection | Login submitted.
2026-09-09 17:19:07,907 | INFO     | sap_gui.connection | Login verified: SAP session window detected, login screen closed.
2026-09-09 17:19:08,142 | INFO     | sap_gui.scripting_connection | Scripting session acquired: System=PRD, Client=100, User=BASIS2
2026-09-09 17:19:12,052 | INFO     | collectors.rfc_perf | [PRD] 110 STAT records, 0 dialog steps in the window (task mix: 0x12, 0xb, 0xe, AUTOABAP, BTC, BUF.SYNC, OTHER, SPOOL) -- no GUI activity, metric left absent
2026-09-09 17:19:13,724 | INFO     | collectors.rfc_perf | [PRD] response time: STAT records unavailable, using ST03N aggregates
2026-09-09 17:19:14,096 | WARNING  | collectors.rfc_perf | [PRD] lock owner stamps run 285 min ahead of SAP system time -- OS time zone on the app server differs from the SAP time zone. Ages corrected; tell Basis.
2026-09-09 17:19:14,713 | INFO     | collectors.rfc_perf | [PRD] SQLMD readable but 0 rows matched DDATE >= '20260902' -- SQL Monitor (transaction SQLM) is not activated on this system. Skipping this read until restart or a manual refresh.
2026-09-09 17:19:14,738 | INFO     | collectors.rfc_perf | [PRD] RFC perf collector: 9 metrics
2026-09-09 17:19:14,855 | INFO     | sap_gui.scripting_connection | Scripting session acquired: System=PRD, Client=100, User=BASIS2
2026-09-09 17:19:15,850 | INFO     | collectors.rfc_perf | [PRD] 110 STAT records, 0 dialog steps in the window (task mix: 0x12, 0xb, 0xe, AUTOABAP, BTC, BUF.SYNC, OTHER, SPOOL) -- no GUI activity, metric left absent
2026-09-09 17:19:16,953 | WARNING  | collectors.rfc_live | [SARLOHA QAS] live read failed, parked for 120s: host 172.22.1.127:3300 not reachable (TimeoutError) -- network/Basis check, not a code issue
2026-09-09 17:19:19,527 | WARNING  | collectors.rfc_live | [SARLOHA PRD] live read failed, parked for 120s: host 172.22.1.123:3300 not reachable (TimeoutError) -- network/Basis check, not a code issue
2026-09-09 17:19:19,530 | INFO     | collectors.rfc_perf | [PRD] response time: STAT records unavailable, using ST03N aggregates
2026-09-09 17:19:19,896 | WARNING  | collectors.rfc_perf | [PRD] lock owner stamps run 285 min ahead of SAP system time -- OS time zone on the app server differs from the SAP time zone. Ages corrected; tell Basis.
2026-09-09 17:19:20,471 | INFO     | collectors.rfc_perf | [PRD] SQLMD readable but 0 rows matched DDATE >= '20260902' -- SQL Monitor (transaction SQLM) is not activated on this system. Skipping this read until restart or a manual refresh.
2026-09-09 17:19:21,118 | INFO     | sap_gui.screenshot | Screenshot saved: C:\infrabeatops\reports\2026-09-09\PRD\evidence\screenshots\AL08_171920_602899.png
2026-09-09 17:19:33,667 | DEBUG    | sap_gui.tcode_actions | Optional step skipped (DB01 header width): (-2147352567, 'Exception occurred.', (619, 'SAP Frontend Server', 'The control could not be found by id.', 'C:\\Program Files (x86)\\SAP\\FrontEnd\\SAPgui\\sapfront.HLP', 393215, 0), None)
2026-09-09 17:19:33,968 | INFO     | sap_gui.screenshot | Screenshot saved: C:\infrabeatops\reports\2026-09-09\PRD\evidence\screenshots\DB01_171933_671876.png
2026-09-09 17:19:41,316 | DEBUG    | sap_gui.tcode_actions | Optional step skipped (DB02 header width): (-2147352567, 'Exception occurred.', (619, 'SAP Frontend Server', 'The control could not be found by id.', 'C:\\Program Files (x86)\\SAP\\FrontEnd\\SAPgui\\sapfront.HLP', 393215, 0), None)
2026-09-09 17:19:41,319 | WARNING  | sap_gui.tcode_actions | DB02 tree navigation failed: (-2147352567, 'Exception occurred.', (619, 'SAP Frontend Server', 'The control could not be found by id.', 'C:\\Program Files (x86)\\SAP\\FrontEnd\\SAPgui\\sapfront.HLP', 393215, 0), None)
2026-09-09 17:19:41,555 | INFO     | sap_gui.screenshot | Screenshot saved: C:\infrabeatops\reports\2026-09-09\PRD\evidence\screenshots\DB02_171941_321692.png
2026-09-09 17:19:45,314 | DEBUG    | sap_gui.tcode_actions | Optional step skipped (DB12 sort column): (-2147352567, 'Exception occurred.', (619, 'SAP Frontend Server', 'The control could not be found by id.', 'C:\\Program Files (x86)\\SAP\\FrontEnd\\SAPgui\\sapfront.HLP', 393215, 0), None)
2026-09-09 17:19:45,789 | INFO     | sap_gui.screenshot | Screenshot saved: C:\infrabeatops\reports\2026-09-09\PRD\evidence\screenshots\DB12_171945_319125.png
2026-09-09 17:19:52,064 | INFO     | sap_gui.screenshot | Screenshot saved: C:\infrabeatops\reports\2026-09-09\PRD\evidence\screenshots\SCOT_171951_626770.png
2026-09-09 17:19:52,071 | INFO     | sap_gui.tcode_actions | SM12: trying classic 'Select Lock Entries' variant.
2026-09-09 17:19:57,215 | INFO     | sap_gui.screenshot | Screenshot saved: C:\infrabeatops\reports\2026-09-09\PRD\evidence\screenshots\SM12_171956_887673.png
2026-09-09 17:19:57,248 | DEBUG    | sap_gui.field_extractor | Could not read RowCount for wnd[0]/usr/cntlGRID1/shellcont/shell/shellcont[1]/shell: <unknown>.RowCount
2026-09-09 17:19:57,250 | INFO     | sap_gui.tcode_actions | SM12: classic 'Select Lock Entries' variant executed successfully.
2026-09-09 17:20:03,345 | INFO     | sap_gui.screenshot | Screenshot saved: C:\infrabeatops\reports\2026-09-09\PRD\evidence\screenshots\SM13_172003_050518.png
2026-09-09 17:20:08,694 | DEBUG    | sap_gui.tcode_actions | Optional step skipped (SM21 select TEXT column): (-2147352567, 'Exception occurred.', (619, 'SAP Frontend Server', 'The control could not be found by id.', 'C:\\Program Files (x86)\\SAP\\FrontEnd\\SAPgui\\sapfront.HLP', 393215, 0), None)
2026-09-09 17:20:09,222 | INFO     | sap_gui.screenshot | Screenshot saved: C:\infrabeatops\reports\2026-09-09\PRD\evidence\screenshots\SM21_172008_699656.png
2026-09-09 17:20:14,281 | INFO     | sap_gui.tcode_actions | SM37 active: SAP status = 'No job matches the selection criteria'
2026-09-09 17:20:14,283 | INFO     | sap_gui.tcode_actions | SM37 active: no running jobs found for 09.09.2026.
2026-09-09 17:20:14,570 | INFO     | sap_gui.screenshot | Screenshot saved: C:\infrabeatops\reports\2026-09-09\PRD\evidence\screenshots\SM37_172014_287072.png
2026-09-09 17:20:16,940 | INFO     | sap_gui.tcode_actions | SM37 cancelled: searching from 08.09.2026 to 09.09.2026.
2026-09-09 17:20:17,159 | INFO     | sap_gui.tcode_actions | SM37 cancelled: Canceled/ABORTED selection = True
2026-09-09 17:20:19,664 | INFO     | sap_gui.tcode_actions | SM37 cancelled: SAP status = ''
2026-09-09 17:20:19,997 | INFO     | sap_gui.screenshot | Screenshot saved: C:\infrabeatops\reports\2026-09-09\PRD\evidence\screenshots\SM37_CANCELLED_172019_667253.png
2026-09-09 17:20:22,774 | INFO     | sap_gui.tcode_actions | SM37 cancelled: 0 canceled job row(s) detected.
2026-09-09 17:20:25,948 | DEBUG    | sap_gui.tcode_actions | Optional step skipped (SM51 select all servers): (-2147352567, 'Exception occurred.', (619, 'SAP Frontend Server', 'The control could not be found by id.', 'C:\\Program Files (x86)\\SAP\\FrontEnd\\SAPgui\\sapfront.HLP', 393215, 0), None)
2026-09-09 17:20:26,224 | INFO     | sap_gui.screenshot | Screenshot saved: C:\infrabeatops\reports\2026-09-09\PRD\evidence\screenshots\SM51_172025_951745.png
2026-09-09 17:20:30,697 | INFO     | sap_gui.screenshot | Screenshot saved: C:\infrabeatops\reports\2026-09-09\PRD\evidence\screenshots\SM58_172030_376790.png
2026-09-09 17:20:37,964 | INFO     | sap_gui.screenshot | Screenshot saved: C:\infrabeatops\reports\2026-09-09\PRD\evidence\screenshots\SM50_172037_550555.png
2026-09-09 17:20:42,630 | DEBUG    | sap_gui.tcode_actions | Optional step skipped (SM66 sort column): (-2147352567, 'Exception occurred.', (619, 'SAP Frontend Server', 'The control could not be found by id.', 'C:\\Program Files (x86)\\SAP\\FrontEnd\\SAPgui\\sapfront.HLP', 393215, 0), None)
2026-09-09 17:20:43,094 | INFO     | sap_gui.screenshot | Screenshot saved: C:\infrabeatops\reports\2026-09-09\PRD\evidence\screenshots\SM66_172042_634895.png
2026-09-09 17:20:49,003 | INFO     | sap_gui.screenshot | Screenshot saved: C:\infrabeatops\reports\2026-09-09\PRD\evidence\screenshots\SMLG_172048_683099.png
2026-09-09 17:20:52,588 | INFO     | sap_gui.screenshot | Screenshot saved: C:\infrabeatops\reports\2026-09-09\PRD\evidence\screenshots\SMQ1_172052_270149.png
2026-09-09 17:20:57,071 | INFO     | sap_gui.screenshot | Screenshot saved: C:\infrabeatops\reports\2026-09-09\PRD\evidence\screenshots\SMQ2_172056_736033.png
2026-09-09 17:21:04,923 | INFO     | sap_gui.screenshot | Screenshot saved: C:\infrabeatops\reports\2026-09-09\PRD\evidence\screenshots\SOST_172104_523312.png
2026-09-09 17:21:12,367 | DEBUG    | sap_gui.tcode_actions | Optional step skipped (SP01 popup select-all): (-2147352567, 'Exception occurred.', (619, 'SAP Frontend Server', 'The control could not be found by id.', 'C:\\Program Files (x86)\\SAP\\FrontEnd\\SAPgui\\sapfront.HLP', 393215, 0), None)
2026-09-09 17:21:13,751 | INFO     | sap_gui.screenshot | Screenshot saved: C:\infrabeatops\reports\2026-09-09\PRD\evidence\screenshots\SP01_172113_227647.png
2026-09-09 17:21:25,015 | INFO     | sap_gui.screenshot | Screenshot saved: C:\infrabeatops\reports\2026-09-09\PRD\evidence\screenshots\ST03N_172124_736320.png
2026-09-09 17:21:30,830 | INFO     | sap_gui.tcode_actions | ST22: opened ST22. Selecting TODAY only.
2026-09-09 17:21:30,837 | INFO     | sap_gui.tcode_actions | ST22: TODAY button found. Pressing it.
2026-09-09 17:21:32,637 | INFO     | sap_gui.tcode_actions | ST22: TODAY selection completed.
2026-09-09 17:21:32,941 | INFO     | sap_gui.screenshot | Screenshot saved: C:\infrabeatops\reports\2026-09-09\PRD\evidence\screenshots\ST22_today_172132_640223.png
2026-09-09 17:21:32,948 | INFO     | sap_gui.tcode_actions | ST22: TODAY screenshot captured: C:\infrabeatops\reports\2026-09-09\PRD\evidence\screenshots\ST22_today_172132_640223.png
2026-09-09 17:21:32,960 | INFO     | sap_gui.tcode_actions | ST22: status bar = 'No short dumps match the selection criteria'
2026-09-09 17:21:32,980 | INFO     | sap_gui.tcode_actions | ST22: TODAY ALV is not available. This can be normal when there are zero dumps. status='No short dumps match the selection criteria' error=com_error
2026-09-09 17:21:32,981 | INFO     | sap_gui.tcode_actions | ST22: No TODAY ALV detected. Treating TODAY as zero dumps.
2026-09-09 17:21:37,595 | INFO     | sap_gui.screenshot | Screenshot saved: C:\infrabeatops\reports\2026-09-09\PRD\evidence\screenshots\ST06_172137_272759.png
2026-09-09 17:21:39,450 | INFO     | collectors.sap_gui_collector | Collected evidence for 22 T-codes.
2026-09-09 17:21:40,125 | INFO     | collectors.rfc_perf | [PRD] 110 STAT records, 0 dialog steps in the window (task mix: 0x12, 0xb, 0xe, AUTOABAP, BTC, BUF.SYNC, OTHER, SPOOL) -- no GUI activity, metric left absent
2026-09-09 17:21:40,798 | INFO     | collectors.rfc_perf | [PRD] response time: STAT records unavailable, using ST03N aggregates
2026-09-09 17:23:34,632 | ERROR    | main | Pipeline for PRD appears stuck -- no progress within 300s. Force-killing SAP processes to unblock it and moving on (this attempt counts as failed).
2026-09-09 17:23:40,632 | INFO     | main | Resetting SAP processes before retrying PRD...
2026-09-09 17:23:47,065 | INFO     | main | ===== Pipeline START for system PRD =====
2026-09-09 17:23:47,066 | INFO     | main | PRD: has_os_access=false -- skipping OS/SSH metrics entirely (not attempting).
2026-09-09 17:23:48,504 | INFO     | sap_gui.launcher | Launching SAP Logon: C:\Program Files (x86)\SAP\FrontEnd\SAPgui\saplogon.exe
2026-09-09 17:23:53,157 | INFO     | sap_gui.launcher | SAP Logon 800 pad is visible.
2026-09-09 17:23:54,158 | INFO     | sap_gui.launcher | Selecting connection: centaur system
2026-09-09 17:24:01,603 | INFO     | sap_gui.launcher | Opened connection 'centaur system' via keyboard activation.
2026-09-09 17:24:03,607 | INFO     | sap_gui.connection | Finding SAP login window...
2026-09-09 17:24:03,886 | INFO     | sap_gui.connection | SAP login window found: 'SAP' (pattern '^SAP$').
2026-09-09 17:24:04,979 | INFO     | sap_gui.connection | Moving to Client field...
2026-09-09 17:24:05,546 | INFO     | sap_gui.connection | Clearing existing Client value...
2026-09-09 17:24:06,079 | INFO     | sap_gui.connection | Entering Client: 100
2026-09-09 17:24:07,096 | INFO     | sap_gui.connection | Entering Username: basis2
2026-09-09 17:24:08,118 | INFO     | sap_gui.connection | Entering Password... (masked)
2026-09-09 17:24:08,774 | INFO     | sap_gui.connection | Client, username and password populated.
2026-09-09 17:24:08,775 | INFO     | sap_gui.connection | Submitting login (ENTER)...
2026-09-09 17:24:10,887 | INFO     | sap_gui.connection | Login submitted.
2026-09-09 17:24:11,508 | INFO     | sap_gui.connection | Login verified: SAP session window detected, login screen closed.
2026-09-09 17:24:11,680 | INFO     | sap_gui.scripting_connection | Scripting session acquired: System=PRD, Client=100, User=BASIS2
2026-09-09 17:24:12,266 | INFO     | collectors.rfc_perf | [PRD] 113 STAT records, 0 dialog steps in the window (task mix: 0x12, 0xb, 0xe, AUTOABAP, BTC, BUF.SYNC, OTHER, SPOOL) -- no GUI activity, metric left absent
2026-09-09 17:24:12,958 | INFO     | collectors.rfc_perf | [PRD] response time: STAT records unavailable, using ST03N aggregates
2026-09-09 17:24:13,308 | INFO     | collectors.rfc_perf | [PRD] RFC perf collector: 9 metrics
2026-09-09 17:24:13,402 | INFO     | sap_gui.scripting_connection | Scripting session acquired: System=PRD, Client=100, User=BASIS2
2026-09-09 17:24:17,383 | INFO     | sap_gui.screenshot | Screenshot saved: C:\infrabeatops\reports\2026-09-09\PRD\evidence\screenshots\AL08_172416_955297.png
2026-09-09 17:24:27,530 | DEBUG    | sap_gui.tcode_actions | Optional step skipped (DB01 header width): (-2147352567, 'Exception occurred.', (619, 'SAP Frontend Server', 'The control could not be found by id.', 'C:\\Program Files (x86)\\SAP\\FrontEnd\\SAPgui\\sapfront.HLP', 393215, 0), None)
2026-09-09 17:24:27,812 | INFO     | sap_gui.screenshot | Screenshot saved: C:\infrabeatops\reports\2026-09-09\PRD\evidence\screenshots\DB01_172427_533337.png
2026-09-09 17:24:35,660 | DEBUG    | sap_gui.tcode_actions | Optional step skipped (DB02 header width): (-2147352567, 'Exception occurred.', (619, 'SAP Frontend Server', 'The control could not be found by id.', 'C:\\Program Files (x86)\\SAP\\FrontEnd\\SAPgui\\sapfront.HLP', 393215, 0), None)
2026-09-09 17:24:35,663 | WARNING  | sap_gui.tcode_actions | DB02 tree navigation failed: (-2147352567, 'Exception occurred.', (619, 'SAP Frontend Server', 'The control could not be found by id.', 'C:\\Program Files (x86)\\SAP\\FrontEnd\\SAPgui\\sapfront.HLP', 393215, 0), None)
2026-09-09 17:24:35,917 | INFO     | sap_gui.screenshot | Screenshot saved: C:\infrabeatops\reports\2026-09-09\PRD\evidence\screenshots\DB02_172435_667680.png
2026-09-09 17:24:39,727 | DEBUG    | sap_gui.tcode_actions | Optional step skipped (DB12 sort column): (-2147352567, 'Exception occurred.', (619, 'SAP Frontend Server', 'The control could not be found by id.', 'C:\\Program Files (x86)\\SAP\\FrontEnd\\SAPgui\\sapfront.HLP', 393215, 0), None)
2026-09-09 17:24:40,263 | INFO     | sap_gui.screenshot | Screenshot saved: C:\infrabeatops\reports\2026-09-09\PRD\evidence\screenshots\DB12_172439_731171.png
2026-09-09 17:24:46,018 | INFO     | sap_gui.screenshot | Screenshot saved: C:\infrabeatops\reports\2026-09-09\PRD\evidence\screenshots\SCOT_172445_675535.png
2026-09-09 17:24:46,020 | INFO     | sap_gui.tcode_actions | SM12: trying classic 'Select Lock Entries' variant.
2026-09-09 17:24:50,951 | INFO     | sap_gui.screenshot | Screenshot saved: C:\infrabeatops\reports\2026-09-09\PRD\evidence\screenshots\SM12_172450_598423.png
2026-09-09 17:24:50,969 | DEBUG    | sap_gui.field_extractor | Could not read RowCount for wnd[0]/usr/cntlGRID1/shellcont/shell/shellcont[1]/shell: <unknown>.RowCount
2026-09-09 17:24:50,972 | INFO     | sap_gui.tcode_actions | SM12: classic 'Select Lock Entries' variant executed successfully.
2026-09-09 17:42:05,292 | INFO     | collectors.ccms_os | [CENTOR_QAS] CCMS OS monitor 'Operating System': matched cpu=1, load_5m=1, mem_free=3, mem_total=1, swap_free=1
2026-09-09 17:42:34,396 | INFO     | collectors.rfc_perf | [PRD] 142 STAT records, 0 dialog steps in the window (task mix: 0x12, 0xb, 0xe, AUTOABAP, BTC, BUF.SYNC, OTHER, SPOOL) -- no GUI activity, metric left absent
2026-09-09 17:43:10,091 | INFO     | collectors.rfc_perf | [PRD] response time: STAT records unavailable, using ST03N aggregates
2026-09-09 17:43:46,994 | INFO     | collectors.rfc_perf | [CENTOR_QAS] SQLMD readable but 0 rows matched DDATE >= '20260902' -- SQL Monitor (transaction SQLM) is not activated on this system. Skipping this read until restart or a manual refresh.
2026-09-09 17:44:27,651 | WARNING  | collectors.rfc_perf | [PRD] lock owner stamps run 330 min ahead of SAP system time -- OS time zone on the app server differs from the SAP time zone. Ages corrected; tell Basis.
2026-09-09 17:45:33,754 | INFO     | collectors.rfc_perf | [PRD] SQLMD readable but 0 rows matched DDATE >= '20260902' -- SQL Monitor (transaction SQLM) is not activated on this system. Skipping this read until restart or a manual refresh.
2026-09-09 17:47:04,652 | WARNING  | collectors.rfc_live | [SARLOHA QAS] live read failed, parked for 120s: host 172.22.1.127:3300 not reachable (TimeoutError) -- network/Basis check, not a code issue
2026-09-09 17:47:15,312 | WARNING  | collectors.rfc_live | [SARLOHA PRD] live read failed, parked for 120s: host 172.22.1.123:3300 not reachable (TimeoutError) -- network/Basis check, not a code issue
2026-09-09 17:47:24,586 | INFO     | collectors.ccms_os | [CENTOR_QAS] CCMS OS monitor 'Operating System': matched cpu=1, load_5m=1, mem_free=3, mem_total=1, swap_free=1
2026-09-09 17:48:40,096 | INFO     | collectors.rfc_perf | [CENTOR_QAS] SQLMD readable but 0 rows matched DDATE >= '20260902' -- SQL Monitor (transaction SQLM) is not activated on this system. Skipping this read until restart or a manual refresh.
2026-09-09 17:49:23,565 | INFO     | collectors.rfc_perf | [PRD] 117 STAT records, 0 dialog steps in the window (task mix: 0x12, 0xb, 0xe, AUTOABAP, BTC, BUF.SYNC, OTHER, SPOOL) -- no GUI activity, metric left absent
2026-09-09 17:49:24,943 | INFO     | collectors.rfc_perf | [PRD] response time: STAT records unavailable, using ST03N aggregates
2026-09-09 17:49:25,293 | WARNING  | collectors.rfc_perf | [PRD] lock owner stamps run 315 min ahead of SAP system time -- OS time zone on the app server differs from the SAP time zone. Ages corrected; tell Basis.
2026-09-09 17:49:25,812 | INFO     | collectors.rfc_perf | [PRD] SQLMD readable but 0 rows matched DDATE >= '20260902' -- SQL Monitor (transaction SQLM) is not activated on this system. Skipping this read until restart or a manual refresh.
2026-09-09 17:49:31,345 | WARNING  | collectors.rfc_live | [SARLOHA QAS] live read failed, parked for 120s: host 172.22.1.127:3300 not reachable (TimeoutError) -- network/Basis check, not a code issue
2026-09-09 17:57:28,514 | INFO     | main | ===== Pipeline START for system PRD =====
2026-09-09 17:57:28,518 | INFO     | main | PRD: has_os_access=false -- skipping OS/SSH metrics entirely (not attempting).
2026-09-09 17:57:30,459 | INFO     | sap_gui.launcher | Launching SAP Logon: C:\Program Files (x86)\SAP\FrontEnd\SAPgui\saplogon.exe
2026-09-09 17:57:40,364 | INFO     | sap_gui.launcher | SAP Logon 800 pad is visible.
2026-09-09 17:57:41,366 | INFO     | sap_gui.launcher | Selecting connection: centaur system
2026-09-09 17:58:02,890 | INFO     | sap_gui.launcher | Opened connection 'centaur system' via keyboard activation.
2026-09-09 17:58:04,892 | INFO     | sap_gui.connection | Finding SAP login window...
2026-09-09 17:58:37,811 | WARNING  | main | PRD: SAP GUI unavailable (TimeoutError: SAP login window did not appear within 30s. Visible windows were: '.NET-BroadcastEventWindow.1400c58.0', '.NET-BroadcastEventWindow.3d893c.0', '.NET-BroadcastEventWindow.4.0.0.0.28bc8c8.0', '10.1.0.43 - Remote Desktop Connection', '100% complete', 'APT Scan', 'Animate Manager', 'ApMsgFwdWindow', 'ApUsbPnP', 'AudioEngine For Realtek HD Audio New GUI', 'BBar', 'Battery Meter', 'BluetoothNotificationAreaIconWindowClass', 'C:\WINDOWS\system32\DellTPad\Apntex.exe', 'CTrayNotifyIcon Helper Window', 'CVenderSpecSetting', 'Chat | Prajakta Ghogare | Microsoft Teams', 'CrossDeviceResumeWindow', 'DDE Server Window', 'DWM Notification Window', 'Default IME', 'DesktopWindowXamlSource', 'Ditto', 'Ditto Clipboard Viewer', 'Elara', 'Europa', 'Firewall Settings', 'FortiTray Daemon', 'FortiTray Desktop', 'GDI+ Window (DSATray.exe)', 'GDI+ Window (Ditto.exe)', 'GDI+ Window (Explorer.EXE)', 'GDI+ Window (Lightshot.exe)', 'GDI+ Window (M365Copilot.exe)', 'GDI+ Window (RAVBg64.exe)', 'GDI+ Window (Scanner.exe)', 'GDI+ Window (ShareX.exe)', 'GDI+ Window (onlinent.exe)', 'GDI+ Window (saplogon.exe)', 'InfraBeatOps repository organization and commit strategy - Claude - Google Chrome', 'Lightshot_Tray_Wnd', 'M', 'MS_WebcheckMonitor', 'Mail - Vishal Sarode - Outlook', 'Microsoft 365 Copilot', 'Microsoft OneDrive Sync Service', 'Microsoft Teams', 'MiracastConnectionWindow', 'On-Line Protection NT', 'OneDrive - infrabeat.com', 'PopupHost', 'Program Manager', 'Quick Heal Email Protection', 'RTK AUDIO DRIVER EVENT MGR', 'RTK TRAYICON', 'Realtek HD Audio Background Process for Vista', 'Realtek HD Audio New GUI', 'Realtek HD Audio New GUI background window', 'Realtek SpeakerTestManager', 'Remote Desktop Connection', 'Rtc Video PnP Listener', 'SAP Logon 800', 'Seqrite DNAScan Warning', 'Seqrite Endpoint Protection', 'Seqrite Endpoint Protection Email Protection', 'Seqrite Firewall Warning', 'Seqrite Parental Control', 'Seqrite Virus Alert', 'Seqrite Warning', 'Settings', 'ShareX 21.0', 'Sophos Connect', 'System Entry Properties', 'System tray overflow window.', 'SystemResourceNotifyWindow', 'Task Host Window', 'Task Switching', 'The Event Manager Dashboard', 'This PC - File Explorer', 'This is a DataTip :)', 'ViennaSettingUI', 'Widgets', 'Windows Input Experience', 'Windows Push Notifications Platform', 'systems.yaml - InfraBeatOps - Visual Studio Code'. If a SAP window IS listed, add its title pattern to _LOGIN_TITLE_PATTERNS in sap_gui/connection.py. If none is listed, the desktop is probably locked or the RDP session is disconnected -- GUI scripting drives a real desktop and cannot run without one.). Continuing with RFC/SSH collectors.
2026-09-09 17:58:41,906 | WARNING  | collectors.rfc_perf | [PRD] lock owner stamps run 300 min ahead of SAP system time -- OS time zone on the app server differs from the SAP time zone. Ages corrected; tell Basis.
2026-09-09 17:58:42,562 | INFO     | collectors.rfc_perf | [PRD] SQLMD readable but 0 rows matched DDATE >= '20260902' -- SQL Monitor (transaction SQLM) is not activated on this system. Skipping this read until restart or a manual refresh.
2026-09-09 17:58:42,593 | INFO     | collectors.rfc_perf | [PRD] RFC perf collector: 11 metrics
2026-09-09 17:58:42,603 | INFO     | main | Skipping T-code GUI evidence for PRD -- GUI access disabled or no active SAP session.
2026-09-09 18:02:28,526 | ERROR    | main | Pipeline for PRD appears stuck -- no progress within 300s. Force-killing SAP processes to unblock it and moving on (this attempt counts as failed).
2026-09-09 18:02:34,022 | INFO     | main | Resetting SAP processes before retrying PRD...
2026-09-09 18:02:40,858 | INFO     | main | ===== Pipeline START for system PRD =====
2026-09-09 18:02:40,860 | INFO     | main | PRD: has_os_access=false -- skipping OS/SSH metrics entirely (not attempting).
2026-09-09 18:02:42,393 | INFO     | sap_gui.launcher | Launching SAP Logon: C:\Program Files (x86)\SAP\FrontEnd\SAPgui\saplogon.exe
2026-09-09 18:02:51,621 | INFO     | sap_gui.launcher | SAP Logon 800 pad is visible.
2026-09-09 18:02:52,627 | INFO     | sap_gui.launcher | Selecting connection: centaur system
2026-09-09 18:03:01,858 | INFO     | sap_gui.launcher | Opened connection 'centaur system' via keyboard activation.
2026-09-09 18:03:03,860 | INFO     | sap_gui.connection | Finding SAP login window...
2026-09-09 18:03:04,175 | INFO     | sap_gui.connection | SAP login window found: 'SAP' (pattern '^SAP$').
2026-09-09 18:03:05,266 | INFO     | sap_gui.connection | Moving to Client field...
2026-09-09 18:03:05,884 | INFO     | sap_gui.connection | Clearing existing Client value...
2026-09-09 18:03:06,469 | INFO     | sap_gui.connection | Entering Client: 100
2026-09-09 18:03:07,465 | INFO     | sap_gui.connection | Entering Username: basis2
2026-09-09 18:03:08,463 | INFO     | sap_gui.connection | Entering Password... (masked)
2026-09-09 18:03:09,145 | INFO     | sap_gui.connection | Client, username and password populated.
2026-09-09 18:03:09,146 | INFO     | sap_gui.connection | Submitting login (ENTER)...
2026-09-09 18:03:11,235 | INFO     | sap_gui.connection | Login submitted.
2026-09-09 18:03:11,903 | INFO     | sap_gui.connection | Login verified: SAP session window detected, login screen closed.
2026-09-09 18:03:12,096 | INFO     | sap_gui.scripting_connection | Scripting session acquired: System=PRD, Client=100, User=BASIS2
2026-09-09 18:03:14,084 | INFO     | collectors.rfc_perf | [PRD] RFC perf collector: 11 metrics
2026-09-09 18:03:15,030 | INFO     | sap_gui.scripting_connection | Scripting session acquired: System=PRD, Client=100, User=BASIS2
2026-09-09 18:03:20,665 | INFO     | sap_gui.screenshot | Screenshot saved: C:\infrabeatops\reports\2026-09-09\PRD\evidence\screenshots\AL08_180320_302688.png
2026-09-09 18:03:29,539 | DEBUG    | sap_gui.tcode_actions | Optional step skipped (DB01 header width): (-2147352567, 'Exception occurred.', (619, 'SAP Frontend Server', 'The control could not be found by id.', 'C:\\Program Files (x86)\\SAP\\FrontEnd\\SAPgui\\sapfront.HLP', 393215, 0), None)
2026-09-09 18:03:29,751 | INFO     | sap_gui.screenshot | Screenshot saved: C:\infrabeatops\reports\2026-09-09\PRD\evidence\screenshots\DB01_180329_541577.png
2026-09-09 18:03:36,711 | DEBUG    | sap_gui.tcode_actions | Optional step skipped (DB02 header width): (-2147352567, 'Exception occurred.', (619, 'SAP Frontend Server', 'The control could not be found by id.', 'C:\\Program Files (x86)\\SAP\\FrontEnd\\SAPgui\\sapfront.HLP', 393215, 0), None)
2026-09-09 18:03:36,714 | WARNING  | sap_gui.tcode_actions | DB02 tree navigation failed: (-2147352567, 'Exception occurred.', (619, 'SAP Frontend Server', 'The control could not be found by id.', 'C:\\Program Files (x86)\\SAP\\FrontEnd\\SAPgui\\sapfront.HLP', 393215, 0), None)
2026-09-09 18:03:36,935 | INFO     | sap_gui.screenshot | Screenshot saved: C:\infrabeatops\reports\2026-09-09\PRD\evidence\screenshots\DB02_180336_718261.png
2026-09-09 18:03:40,766 | DEBUG    | sap_gui.tcode_actions | Optional step skipped (DB12 sort column): (-2147352567, 'Exception occurred.', (619, 'SAP Frontend Server', 'The control could not be found by id.', 'C:\\Program Files (x86)\\SAP\\FrontEnd\\SAPgui\\sapfront.HLP', 393215, 0), None)
2026-09-09 18:03:41,032 | INFO     | sap_gui.screenshot | Screenshot saved: C:\infrabeatops\reports\2026-09-09\PRD\evidence\screenshots\DB12_180340_769180.png
2026-09-09 18:03:46,859 | INFO     | sap_gui.screenshot | Screenshot saved: C:\infrabeatops\reports\2026-09-09\PRD\evidence\screenshots\SCOT_180346_432201.png
2026-09-09 18:03:46,865 | INFO     | sap_gui.tcode_actions | SM12: trying classic 'Select Lock Entries' variant.
2026-09-09 18:03:51,863 | INFO     | sap_gui.screenshot | Screenshot saved: C:\infrabeatops\reports\2026-09-09\PRD\evidence\screenshots\SM12_180351_568011.png
2026-09-09 18:03:51,888 | DEBUG    | sap_gui.field_extractor | Could not read RowCount for wnd[0]/usr/cntlGRID1/shellcont/shell/shellcont[1]/shell: <unknown>.RowCount
2026-09-09 18:03:51,891 | INFO     | sap_gui.tcode_actions | SM12: classic 'Select Lock Entries' variant executed successfully.
2026-09-09 18:03:57,139 | INFO     | sap_gui.screenshot | Screenshot saved: C:\infrabeatops\reports\2026-09-09\PRD\evidence\screenshots\SM13_180356_815656.png
2026-09-09 18:04:02,010 | DEBUG    | sap_gui.tcode_actions | Optional step skipped (SM21 select TEXT column): (-2147352567, 'Exception occurred.', (619, 'SAP Frontend Server', 'The control could not be found by id.', 'C:\\Program Files (x86)\\SAP\\FrontEnd\\SAPgui\\sapfront.HLP', 393215, 0), None)
2026-09-09 18:04:02,305 | INFO     | sap_gui.screenshot | Screenshot saved: C:\infrabeatops\reports\2026-09-09\PRD\evidence\screenshots\SM21_180402_014650.png
2026-09-09 18:04:05,476 | INFO     | sap_gui.tcode_actions | SM37 active: SAP status = 'No job matches the selection criteria'
2026-09-09 18:04:05,477 | INFO     | sap_gui.tcode_actions | SM37 active: no running jobs found for 09.09.2026.
2026-09-09 18:04:05,670 | INFO     | sap_gui.screenshot | Screenshot saved: C:\infrabeatops\reports\2026-09-09\PRD\evidence\screenshots\SM37_180405_482208.png
2026-09-09 18:04:07,999 | INFO     | sap_gui.tcode_actions | SM37 cancelled: searching from 08.09.2026 to 09.09.2026.
2026-09-09 18:04:08,128 | INFO     | sap_gui.tcode_actions | SM37 cancelled: Canceled/ABORTED selection = True
2026-09-09 18:04:09,638 | INFO     | sap_gui.tcode_actions | SM37 cancelled: SAP status = ''
2026-09-09 18:04:09,924 | INFO     | sap_gui.screenshot | Screenshot saved: C:\infrabeatops\reports\2026-09-09\PRD\evidence\screenshots\SM37_CANCELLED_180409_641982.png
2026-09-09 18:04:12,584 | INFO     | sap_gui.tcode_actions | SM37 cancelled: 0 canceled job row(s) detected.
2026-09-09 18:04:15,970 | DEBUG    | sap_gui.tcode_actions | Optional step skipped (SM51 select all servers): (-2147352567, 'Exception occurred.', (619, 'SAP Frontend Server', 'The control could not be found by id.', 'C:\\Program Files (x86)\\SAP\\FrontEnd\\SAPgui\\sapfront.HLP', 393215, 0), None)
2026-09-09 18:04:16,225 | INFO     | sap_gui.screenshot | Screenshot saved: C:\infrabeatops\reports\2026-09-09\PRD\evidence\screenshots\SM51_180415_973286.png
2026-09-09 18:04:20,787 | INFO     | sap_gui.screenshot | Screenshot saved: C:\infrabeatops\reports\2026-09-09\PRD\evidence\screenshots\SM58_180420_560978.png
2026-09-09 18:04:32,478 | INFO     | sap_gui.screenshot | Screenshot saved: C:\infrabeatops\reports\2026-09-09\PRD\evidence\screenshots\SM50_180432_063369.png
2026-09-09 18:04:36,724 | DEBUG    | sap_gui.tcode_actions | Optional step skipped (SM66 sort column): (-2147352567, 'Exception occurred.', (619, 'SAP Frontend Server', 'The control could not be found by id.', 'C:\\Program Files (x86)\\SAP\\FrontEnd\\SAPgui\\sapfront.HLP', 393215, 0), None)
2026-09-09 18:04:37,128 | INFO     | sap_gui.screenshot | Screenshot saved: C:\infrabeatops\reports\2026-09-09\PRD\evidence\screenshots\SM66_180436_732589.png
2026-09-09 18:04:43,074 | INFO     | sap_gui.screenshot | Screenshot saved: C:\infrabeatops\reports\2026-09-09\PRD\evidence\screenshots\SMLG_180442_839947.png
2026-09-09 18:04:46,295 | INFO     | sap_gui.screenshot | Screenshot saved: C:\infrabeatops\reports\2026-09-09\PRD\evidence\screenshots\SMQ1_180446_063329.png
2026-09-09 18:04:50,452 | INFO     | sap_gui.screenshot | Screenshot saved: C:\infrabeatops\reports\2026-09-09\PRD\evidence\screenshots\SMQ2_180450_208934.png
2026-09-09 18:04:58,779 | INFO     | sap_gui.screenshot | Screenshot saved: C:\infrabeatops\reports\2026-09-09\PRD\evidence\screenshots\SOST_180458_340402.png
2026-09-09 18:05:05,520 | DEBUG    | sap_gui.tcode_actions | Optional step skipped (SP01 popup select-all): (-2147352567, 'Exception occurred.', (619, 'SAP Frontend Server', 'The control could not be found by id.', 'C:\\Program Files (x86)\\SAP\\FrontEnd\\SAPgui\\sapfront.HLP', 393215, 0), None)
2026-09-09 18:05:06,508 | INFO     | sap_gui.screenshot | Screenshot saved: C:\infrabeatops\reports\2026-09-09\PRD\evidence\screenshots\SP01_180506_190649.png
2026-09-09 18:05:18,269 | DEBUG    | sap_gui.tcode_actions | Optional step skipped (ST03N confirm popup): (-2147352567, 'Exception occurred.', (619, 'SAP Frontend Server', 'The control could not be found by id.', 'C:\\Program Files (x86)\\SAP\\FrontEnd\\SAPgui\\sapfront.HLP', 393215, 0), None)
2026-09-09 18:05:19,550 | INFO     | sap_gui.screenshot | Screenshot saved: C:\infrabeatops\reports\2026-09-09\PRD\evidence\screenshots\ST03N_180519_235090.png
2026-09-09 18:05:24,891 | INFO     | sap_gui.tcode_actions | ST22: opened ST22. Selecting TODAY only.
2026-09-09 18:05:24,895 | INFO     | sap_gui.tcode_actions | ST22: TODAY button found. Pressing it.
2026-09-09 18:05:26,637 | INFO     | sap_gui.tcode_actions | ST22: TODAY selection completed.
2026-09-09 18:05:27,022 | INFO     | sap_gui.screenshot | Screenshot saved: C:\infrabeatops\reports\2026-09-09\PRD\evidence\screenshots\ST22_today_180526_641579.png
2026-09-09 18:05:27,027 | INFO     | sap_gui.tcode_actions | ST22: TODAY screenshot captured: C:\infrabeatops\reports\2026-09-09\PRD\evidence\screenshots\ST22_today_180526_641579.png
2026-09-09 18:05:27,034 | INFO     | sap_gui.tcode_actions | ST22: status bar = 'No short dumps match the selection criteria'
2026-09-09 18:05:27,049 | INFO     | sap_gui.tcode_actions | ST22: TODAY ALV is not available. This can be normal when there are zero dumps. status='No short dumps match the selection criteria' error=com_error
2026-09-09 18:05:27,050 | INFO     | sap_gui.tcode_actions | ST22: No TODAY ALV detected. Treating TODAY as zero dumps.
2026-09-09 18:05:31,558 | INFO     | sap_gui.screenshot | Screenshot saved: C:\infrabeatops\reports\2026-09-09\PRD\evidence\screenshots\ST06_180531_187020.png
2026-09-09 18:05:33,181 | INFO     | collectors.sap_gui_collector | Collected evidence for 22 T-codes.
2026-09-09 18:05:33,916 | INFO     | collectors.rfc_perf | [PRD] 119 STAT records, 0 dialog steps in the window (task mix: 0x12, 0xb, 0xe, 0xf7, AUTOABAP, BTC, BUF.SYNC, OTHER, SPOOL) -- no GUI activity, metric left absent
2026-09-09 18:05:35,077 | INFO     | collectors.rfc_perf | [PRD] response time: STAT records unavailable, using ST03N aggregates
2026-09-09 21:56:07,943 | INFO     | main | ===== Pipeline START for system PRD =====
2026-09-09 21:56:07,945 | INFO     | main | PRD: has_os_access=false -- skipping OS/SSH metrics entirely (not attempting).
2026-09-09 21:56:09,720 | INFO     | sap_gui.launcher | Launching SAP Logon: C:\Program Files (x86)\SAP\FrontEnd\SAPgui\saplogon.exe
2026-09-09 21:56:15,318 | INFO     | sap_gui.launcher | SAP Logon 800 pad is visible.
2026-09-09 21:56:16,319 | INFO     | sap_gui.launcher | Selecting connection: centaur system
2026-09-09 21:56:32,742 | INFO     | sap_gui.launcher | Opened connection 'centaur system' via keyboard activation.
2026-09-09 21:56:35,659 | INFO     | sap_gui.connection | Finding SAP login window...
2026-09-09 21:56:41,103 | WARNING  | collectors.rfc_live | [CENTOR_QAS] live read failed, parked for 120s: host 172.16.1.22:3300 not reachable (TimeoutError) -- network/Basis check, not a code issue
2026-09-09 21:56:41,700 | WARNING  | collectors.rfc_live | [PRD] live read failed, parked for 120s: host 10.1.0.193:3300 not reachable (TimeoutError) -- network/Basis check, not a code issue
2026-09-09 21:56:43,182 | WARNING  | collectors.rfc_live | [SARLOHA QAS] live read failed, parked for 120s: host 172.22.1.127:3300 not reachable (TimeoutError) -- network/Basis check, not a code issue
2026-09-09 21:56:43,828 | WARNING  | collectors.rfc_live | [SARLOHA PRD] live read failed, parked for 120s: host 172.22.1.123:3300 not reachable (TimeoutError) -- network/Basis check, not a code issue
2026-09-09 21:56:45,224 | WARNING  | collectors.rfc_live | [PRD] live read failed, parked for 120s: host 10.1.0.193:3300 not reachable (TimeoutError) -- network/Basis check, not a code issue
2026-09-09 21:56:45,848 | WARNING  | collectors.rfc_live | [SARLOHA QAS] live read failed, parked for 120s: host 172.22.1.127:3300 not reachable (TimeoutError) -- network/Basis check, not a code issue
2026-09-09 21:56:47,267 | WARNING  | collectors.rfc_live | [SARLOHA PRD] live read failed, parked for 120s: host 172.22.1.123:3300 not reachable (TimeoutError) -- network/Basis check, not a code issue
2026-09-09 21:57:10,067 | WARNING  | main | PRD: SAP GUI unavailable (TimeoutError: SAP login window did not appear within 30s. Visible windows were: '.NET-BroadcastEventWindow.1400c58.0', '.NET-BroadcastEventWindow.3d893c.0', 'APT Scan', 'Animate Manager', 'ApMsgFwdWindow', 'ApUsbPnP', 'AudioEngine For Realtek HD Audio New GUI', 'Battery Meter', 'BluetoothNotificationAreaIconWindowClass', 'C:\WINDOWS\system32\DellTPad\Apntex.exe', 'CTrayNotifyIcon Helper Window', 'CVenderSpecSetting', 'Chat | Prajakta Ghogare | Microsoft Teams', 'CrossDeviceResumeWindow', 'DDE Server Window', 'DWM Notification Window', 'Default IME', 'DesktopWindowXamlSource', 'Ditto', 'Ditto Clipboard Viewer', 'Elara', 'Europa', 'Filter', 'FortiTray Daemon', 'FortiTray Desktop', 'GDI+ Window (Ditto.exe)', 'GDI+ Window (Lightshot.exe)', 'GDI+ Window (RAVBg64.exe)', 'GDI+ Window (ShareX.exe)', 'GDI+ Window (saplogon.exe)', 'InfraBeatOps repository organization and commit strategy - Claude - Google Chrome', 'InfraBeatOps · Live Wall - Google Chrome', 'Lightshot_Tray_Wnd', 'M', 'MS_WebcheckMonitor', 'Mail - Vishal Sarode - Outlook', 'Microsoft OneDrive Sync Service', 'Microsoft Teams', 'MiracastConnectionWindow', 'On-Line Protection NT', 'OneDrive - infrabeat.com', 'Program Manager', 'RTK AUDIO DRIVER EVENT MGR', 'RTK TRAYICON', 'Realtek HD Audio Background Process for Vista', 'Realtek HD Audio New GUI', 'Realtek HD Audio New GUI background window', 'Realtek SpeakerTestManager', 'Remote Desktop Connection', 'Rtc Video PnP Listener', 'SAP Logon 800', 'Settings', 'ShareX 21.0', 'Sophos Connect', 'System tray overflow window.', 'Task Host Window', 'Task Switching', 'The Event Manager Dashboard', 'This is a DataTip :)', 'ViennaSettingUI', 'Widgets', 'Windows Input Experience', 'Windows Push Notifications Platform', 'Windows Security', 'systems.yaml - InfraBeatOps - Visual Studio Code'. If a SAP window IS listed, add its title pattern to _LOGIN_TITLE_PATTERNS in sap_gui/connection.py. If none is listed, the desktop is probably locked or the RDP session is disconnected -- GUI scripting drives a real desktop and cannot run without one.). Continuing with RFC/SSH collectors.
2026-09-09 21:57:12,146 | INFO     | main | Skipping T-code GUI evidence for PRD -- GUI access disabled or no active SAP session.
2026-09-09 21:57:20,196 | WARNING  | collectors.rfc_live | [CENTOR_QAS] live read failed, parked for 120s: host 172.16.1.22:3300 not reachable (TimeoutError) -- network/Basis check, not a code issue
2026-09-09 21:59:40,545 | INFO     | collectors.ccms_os | [SARLOHA QAS] CCMS OS monitor 'Operating System': matched cpu=1, load_5m=1, mem_free=3, mem_total=2, swap_free=1
2026-09-09 21:59:55,640 | INFO     | collectors.rfc_perf | [SARLOHA QAS] 30 STAT records, 0 dialog steps in the window (task mix: 0x12, 0xb, 0xe, 0xf, AUTOABAP, BTC, BUF.SYNC, OTHER, SPOOL) -- no GUI activity, metric left absent
2026-09-09 21:59:59,149 | INFO     | collectors.rfc_perf | [SARLOHA QAS] response time: STAT records unavailable, using ST03N aggregates
2026-09-09 22:00:00,260 | INFO     | collectors.rfc_perf | [SARLOHA QAS] SQLMD readable but 0 rows matched DDATE >= '20260902' -- SQL Monitor (transaction SQLM) is not activated on this system. Skipping this read until restart or a manual refresh.
2026-09-09 22:01:07,952 | ERROR    | main | Pipeline for PRD appears stuck -- no progress within 300s. Force-killing SAP processes to unblock it and moving on (this attempt counts as failed).
2026-09-09 22:01:43,913 | WARNING  | collectors.rfc_live | [CENTOR_QAS] live read failed, parked for 120s: host 172.16.1.22:3300 not reachable (TimeoutError) -- network/Basis check, not a code issue
2026-09-09 22:01:43,947 | WARNING  | collectors.rfc_live | [PRD] live read failed, parked for 120s: host 10.1.0.193:3300 not reachable (TimeoutError) -- network/Basis check, not a code issue
2026-09-09 22:01:48,553 | INFO     | collectors.ccms_os | [SARLOHA QAS] CCMS OS monitor 'Operating System': matched cpu=1, load_5m=1, mem_free=3, mem_total=2, swap_free=1
2026-09-09 22:01:51,345 | INFO     | collectors.ccms_os | [SARLOHA PRD] CCMS OS monitor 'Operating System': matched cpu=2, load_5m=2, mem_free=6, mem_total=4, swap_free=2
2026-09-09 22:02:04,929 | INFO     | collectors.rfc_perf | [SARLOHA QAS] 36 STAT records, 0 dialog steps in the window (task mix: 0x12, 0xb, 0xe, 0xf, AUTOABAP, BTC, BUF.SYNC, OTHER, SPOOL) -- no GUI activity, metric left absent
2026-09-09 22:02:09,688 | INFO     | collectors.rfc_perf | [SARLOHA QAS] response time: STAT records unavailable, using ST03N aggregates
2026-09-09 22:02:10,751 | INFO     | collectors.rfc_perf | [SARLOHA PRD] SQLMD readable but 0 rows matched DDATE >= '20260902' -- SQL Monitor (transaction SQLM) is not activated on this system. Skipping this read until restart or a manual refresh.
2026-09-09 22:02:11,098 | INFO     | collectors.rfc_perf | [SARLOHA QAS] SQLMD readable but 0 rows matched DDATE >= '20260902' -- SQL Monitor (transaction SQLM) is not activated on this system. Skipping this read until restart or a manual refresh.
2026-09-09 22:02:20,541 | WARNING  | collectors.rfc_live | [PRD] live read failed, parked for 120s: host 10.1.0.193:3300 not reachable (TimeoutError) -- network/Basis check, not a code issue
2026-09-09 22:02:21,241 | INFO     | collectors.ccms_os | [SARLOHA QAS] CCMS OS monitor 'Operating System': matched cpu=1, load_5m=1, mem_free=3, mem_total=2, swap_free=1
2026-09-09 22:02:22,316 | INFO     | collectors.ccms_os | [SARLOHA PRD] CCMS OS monitor 'Operating System': matched cpu=2, load_5m=2, mem_free=6, mem_total=4, swap_free=2
2026-09-09 22:05:18,888 | WARNING  | collectors.rfc_live | [CENTOR_QAS] live read failed, parked for 120s: host 172.16.1.22:3300 not reachable (TimeoutError) -- network/Basis check, not a code issue
2026-09-09 22:05:18,966 | WARNING  | collectors.rfc_live | [PRD] live read failed, parked for 120s: host 10.1.0.193:3300 not reachable (TimeoutError) -- network/Basis check, not a code issue
2026-09-09 22:05:20,925 | WARNING  | collectors.rfc_live | [SARLOHA QAS] live read failed, parked for 120s: host 172.22.1.127:3300 not reachable (TimeoutError) -- network/Basis check, not a code issue
2026-09-09 22:05:21,033 | WARNING  | collectors.rfc_live | [SARLOHA PRD] live read failed, parked for 120s: host 172.22.1.123:3300 not reachable (TimeoutError) -- network/Basis check, not a code issue
2026-09-09 22:05:58,939 | WARNING  | collectors.rfc_live | [SARLOHA PRD] live read failed, parked for 120s: host 172.22.1.123:3300 not reachable (TimeoutError) -- network/Basis check, not a code issue
2026-09-09 22:06:39,964 | WARNING  | collectors.rfc_live | [CENTOR_QAS] live read failed, parked for 120s: host 172.16.1.22:3300 not reachable (TimeoutError) -- network/Basis check, not a code issue
2026-09-09 22:06:39,979 | WARNING  | collectors.rfc_live | [PRD] live read failed, parked for 120s: host 10.1.0.193:3300 not reachable (TimeoutError) -- network/Basis check, not a code issue
2026-09-09 22:06:42,005 | WARNING  | collectors.rfc_live | [SARLOHA QAS] live read failed, parked for 120s: host 172.22.1.127:3300 not reachable (TimeoutError) -- network/Basis check, not a code issue
2026-09-09 22:07:17,444 | INFO     | main | ===== Pipeline START for system SARLOHA QAS =====
2026-09-09 22:07:17,445 | INFO     | main | SARLOHA QAS: has_os_access=false -- skipping OS/SSH metrics entirely (not attempting).
2026-09-09 22:07:19,257 | INFO     | sap_gui.launcher | Launching SAP Logon: C:\Program Files (x86)\SAP\FrontEnd\SAPgui\saplogon.exe
2026-09-09 22:07:26,233 | INFO     | sap_gui.launcher | SAP Logon 800 pad is visible.
2026-09-09 22:07:27,235 | INFO     | sap_gui.launcher | Selecting connection: SARLOHA QAS
2026-09-09 22:07:34,909 | DEBUG    | sap_gui.launcher | Keyboard activation failed for 'SARLOHA QAS': 
2026-09-09 22:07:35,066 | INFO     | sap_gui.launcher | Double-clicked connection 'SARLOHA QAS'.
2026-09-09 22:07:35,067 | WARNING  | sap_gui.launcher | Connection matched case-insensitively: configured 'SARLOHA QAS', actual 'SARLOHA QAS'. Update the *_SAP_CONNECTION_NAME value in .env to 'SARLOHA QAS'.
2026-09-09 22:07:37,071 | INFO     | sap_gui.connection | Finding SAP login window...
2026-09-09 22:08:09,680 | WARNING  | main | SARLOHA QAS: SAP GUI unavailable (TimeoutError: SAP login window did not appear within 30s. Visible windows were: '.NET-BroadcastEventWindow.1400c58.0', '.NET-BroadcastEventWindow.3d893c.0', 'APT Scan', 'Animate Manager', 'ApMsgFwdWindow', 'ApUsbPnP', 'AudioEngine For Realtek HD Audio New GUI', 'Battery Meter', 'BluetoothNotificationAreaIconWindowClass', 'C:\WINDOWS\system32\DellTPad\Apntex.exe', 'CTrayNotifyIcon Helper Window', 'CVenderSpecSetting', 'Chat | Prajakta Ghogare | Microsoft Teams', 'CrossDeviceResumeWindow', 'DDE Server Window', 'DWM Notification Window', 'Default IME', 'DesktopWindowXamlSource', 'Ditto', 'Ditto Clipboard Viewer', 'Elara', 'Europa', 'FortiTray Daemon', 'FortiTray Desktop', 'GDI+ Window (Ditto.exe)', 'GDI+ Window (Lightshot.exe)', 'GDI+ Window (RAVBg64.exe)', 'GDI+ Window (ShareX.exe)', 'GDI+ Window (saplogon.exe)', 'InfraBeatOps repository organization and commit strategy - Claude - Google Chrome', 'InfraBeatOps · Live Wall - Google Chrome', 'Lightshot_Tray_Wnd', 'M', 'MS_WebcheckMonitor', 'Mail - Vishal Sarode - Outlook', 'Microsoft OneDrive Sync Service', 'Microsoft Teams', 'MiracastConnectionWindow', 'On-Line Protection NT', 'OneDrive - infrabeat.com', 'Program Manager', 'RTK AUDIO DRIVER EVENT MGR', 'RTK TRAYICON', 'Realtek HD Audio Background Process for Vista', 'Realtek HD Audio New GUI', 'Realtek HD Audio New GUI background window', 'Realtek SpeakerTestManager', 'Remote Desktop Connection', 'Rtc Video PnP Listener', 'SAP Logon 800', 'Settings', 'ShareX 21.0', 'Sophos Connect', 'System tray overflow window.', 'Task Host Window', 'Task Switching', 'The Event Manager Dashboard', 'This is a DataTip :)', 'ViennaSettingUI', 'Widgets', 'Windows Input Experience', 'Windows PowerShell', 'Windows Push Notifications Platform', 'Windows Security', 'Windows Terminal', 'systems.yaml - InfraBeatOps - Visual Studio Code'. If a SAP window IS listed, add its title pattern to _LOGIN_TITLE_PATTERNS in sap_gui/connection.py. If none is listed, the desktop is probably locked or the RDP session is disconnected -- GUI scripting drives a real desktop and cannot run without one.). Continuing with RFC/SSH collectors.
2026-09-09 22:08:11,729 | INFO     | main | Skipping T-code GUI evidence for SARLOHA QAS -- GUI access disabled or no active SAP session.
2026-09-09 22:08:12,028 | INFO     | core.status_snapshot | SARLOHA QAS: no GUI evidence this cycle; carrying forward 22 record(s) from 2026-09-08 11:22:39, marked stale.
2026-09-09 22:08:12,044 | INFO     | core.status_snapshot | Status snapshot saved for SARLOHA QAS: C:\infrabeatops\dashboard\snapshots\SARLOHAQAS.json
2026-09-09 22:08:13,013 | INFO     | reporting.excel_template_writer | MetroBrands Excel template filled: C:/infrabeatops/reports/2026-09-09/SARLOHA_QAS/SARLOHA_QAS_Monitoring_Sheet.xlsx
2026-09-09 22:10:05,775 | WARNING  | collectors.rfc_live | [PRD] live read failed, parked for 120s: host 10.1.0.193:3300 not reachable (TimeoutError) -- network/Basis check, not a code issue
2026-09-09 22:10:05,853 | WARNING  | collectors.rfc_live | [CENTOR_QAS] live read failed, parked for 120s: host 172.16.1.22:3300 not reachable (TimeoutError) -- network/Basis check, not a code issue
2026-09-09 22:10:10,240 | INFO     | collectors.ccms_os | [SARLOHA QAS] CCMS OS monitor 'Operating System': matched cpu=1, load_5m=1, mem_free=3, mem_total=2, swap_free=1
2026-09-09 22:10:10,637 | INFO     | collectors.ccms_os | [SARLOHA PRD] CCMS OS monitor 'Operating System': matched cpu=2, load_5m=2, mem_free=6, mem_total=4, swap_free=2
2026-09-09 22:10:53,662 | INFO     | collectors.rfc_perf | [SARLOHA QAS] 39 STAT records, 0 dialog steps in the window (task mix: 0x12, 0xb, 0xe, 0xf, AUTOABAP, BTC, BUF.SYNC, OTHER, SPOOL) -- no GUI activity, metric left absent
2026-09-09 22:11:05,984 | INFO     | collectors.rfc_perf | [SARLOHA PRD] SQLMD readable but 0 rows matched DDATE >= '20260902' -- SQL Monitor (transaction SQLM) is not activated on this system. Skipping this read until restart or a manual refresh.
2026-09-09 22:11:06,846 | INFO     | collectors.rfc_perf | [SARLOHA QAS] response time: STAT records unavailable, using ST03N aggregates
2026-09-09 22:11:10,581 | INFO     | collectors.rfc_perf | [SARLOHA QAS] SQLMD readable but 0 rows matched DDATE >= '20260902' -- SQL Monitor (transaction SQLM) is not activated on this system. Skipping this read until restart or a manual refresh.
2026-09-09 22:11:27,381 | WARNING  | collectors.rfc_live | [PRD] live read failed, parked for 120s: host 10.1.0.193:3300 not reachable (TimeoutError) -- network/Basis check, not a code issue
2026-09-09 22:13:11,846 | INFO     | collectors.ccms_os | [SARLOHA QAS] CCMS OS monitor 'Operating System': matched cpu=1, load_5m=1, mem_free=3, mem_total=2, swap_free=1
2026-09-09 22:13:46,376 | INFO     | collectors.rfc_perf | [SARLOHA QAS] 58 STAT records, 0 dialog steps in the window (task mix: 0x12, 0xb, 0xe, 0xf, BTC, BUF.SYNC, OTHER, SPOOL) -- no GUI activity, metric left absent
2026-09-09 22:13:54,649 | INFO     | collectors.rfc_perf | [SARLOHA QAS] response time: STAT records unavailable, using ST03N aggregates
2026-09-09 22:13:57,942 | INFO     | collectors.rfc_perf | [SARLOHA QAS] SQLMD readable but 0 rows matched DDATE >= '20260902' -- SQL Monitor (transaction SQLM) is not activated on this system. Skipping this read until restart or a manual refresh.
2026-09-09 22:16:21,275 | INFO     | collectors.ccms_os | [SARLOHA PRD] CCMS OS monitor 'Operating System': matched cpu=2, load_5m=2, mem_free=6, mem_total=4, swap_free=2
2026-09-09 22:16:39,039 | INFO     | collectors.rfc_perf | [SARLOHA PRD] SQLMD readable but 0 rows matched DDATE >= '20260902' -- SQL Monitor (transaction SQLM) is not activated on this system. Skipping this read until restart or a manual refresh.
2026-09-09 22:19:44,157 | WARNING  | collectors.rfc_live | [PRD] live read failed, parked for 120s: host 10.1.0.193:3300 not reachable (TimeoutError) -- network/Basis check, not a code issue
 issue
2026-09-09 22:47:23,148 | WARNING  | collectors.rfc_live | [PRD] live read failed, parked for 120s: host 10.1.0.193:3300 not reachable (TimeoutError) -- network/Basis check, not a code issue
2026-09-09 22:47:23,353 | WARNING  | collectors.rfc_live | [CENTOR_QAS] live read failed, parked for 120s: host 172.16.1.22:3300 not reachable (TimeoutError) -- network/Basis check, not a code issue
2026-09-09 22:47:27,269 | INFO     | collectors.ccms_os | [SARLOHA QAS] CCMS OS monitor 'Operating System': matched cpu=1, load_5m=1, mem_free=3, mem_total=2, swap_free=1
2026-09-09 22:47:31,665 | INFO     | collectors.ccms_os | [SARLOHA PRD] CCMS OS monitor 'Operating System': matched cpu=2, load_5m=2, mem_free=6, mem_total=4, swap_free=2
2026-09-09 22:47:47,222 | INFO     | collectors.rfc_perf | [SARLOHA QAS] SQLMD readable but 0 rows matched DDATE >= '20260902' -- SQL Monitor (transaction SQLM) is not activated on this system. Skipping this read until restart or a manual refresh.
2026-09-09 22:48:06,722 | INFO     | collectors.rfc_perf | [SARLOHA PRD] SQLMD readable but 0 rows matched DDATE >= '20260902' -- SQL Monitor (transaction SQLM) is not activated on this system. Skipping this read until restart or a manual refresh.
2026-09-09 22:48:10,350 | WARNING  | collectors.rfc_live | [CENTOR_QAS] live read failed, parked for 120s: host 172.16.1.22:3300 not reachable (TimeoutError) -- network/Basis check, not a code issue
2026-09-09 22:48:18,565 | INFO     | collectors.ccms_os | [SARLOHA PRD] CCMS OS monitor 'Operating System': matched cpu=2, load_5m=2, mem_free=6, mem_total=4, swap_free=2
2026-09-09 22:48:41,336 | INFO     | collectors.rfc_perf | [SARLOHA PRD] SQLMD readable but 0 rows matched DDATE >= '20260902' -- SQL Monitor (transaction SQLM) is not activated on this system. Skipping this read until restart or a manual refresh.
2026-09-09 22:49:59,800 | WARNING  | collectors.rfc_live | [PRD] live read failed, parked for 120s: host 10.1.0.193:3300 not reachable (TimeoutError) -- network/Basis check, not a code issue
2026-09-09 22:49:59,786 | WARNING  | collectors.rfc_live | [CENTOR_QAS] live read failed, parked for 120s: host 172.16.1.22:3300 not reachable (TimeoutError) -- network/Basis check, not a code issue
2026-09-09 22:50:09,739 | INFO     | collectors.ccms_os | [SARLOHA QAS] CCMS OS monitor 'Operating System': matched cpu=1, load_5m=1, mem_free=3, mem_total=2, swap_free=1
2026-09-09 22:50:52,828 | INFO     | collectors.rfc_perf | [SARLOHA QAS] SQLMD readable but 0 rows matched DDATE >= '20260902' -- SQL Monitor (transaction SQLM) is not activated on this system. Skipping this read until restart or a manual refresh.
2026-09-09 22:54:20,904 | WARNING  | collectors.rfc_live | [CENTOR_QAS] live read failed, parked for 120s: host 172.16.1.22:3300 not reachable (TimeoutError) -- network/Basis check, not a code issue
2026-09-09 22:54:21,077 | WARNING  | collectors.rfc_live | [PRD] live read failed, parked for 120s: host 10.1.0.193:3300 not reachable (TimeoutError) -- network/Basis check, not a code issue
2026-09-09 22:54:41,318 | INFO     | collectors.rfc_perf | [SARLOHA QAS] 38 STAT records, 0 dialog steps in the window (task mix: 0x12, 0xb, 0xe, 0xf, AUTOABAP, BTC, BUF.SYNC, OTHER, SPOOL) -- no GUI activity, metric left absent
2026-09-09 22:55:12,285 | INFO     | collectors.rfc_perf | [SARLOHA QAS] response time: STAT records unavailable, using ST03N aggregates
2026-09-09 22:57:59,756 | WARNING  | collectors.rfc_live | [PRD] live read failed, parked for 120s: host 10.1.0.193:3300 not reachable (TimeoutError) -- network/Basis check, not a code issue
 issue
2026-09-09 22:58:01,890 | INFO     | collectors.ccms_os | [SARLOHA QAS] CCMS OS monitor 'Operating System': matched cpu=1, load_5m=1, mem_free=3, mem_total=2, swap_free=1
2026-09-09 22:58:11,536 | INFO     | collectors.ccms_os | [SARLOHA PRD] CCMS OS monitor 'Operating System': matched cpu=2, load_5m=2, mem_free=6, mem_total=4, swap_free=2
2026-09-09 23:02:04,692 | WARNING  | collectors.rfc_live | [CENTOR_QAS] live read failed, parked for 120s: host 172.16.1.22:3300 not reachable (TimeoutError) -- network/Basis check, not a code issue
2026-09-09 23:02:10,626 | INFO     | collectors.ccms_os | [SARLOHA QAS] CCMS OS monitor 'Operating System': matched cpu=1, load_5m=1, mem_free=3, mem_total=2, swap_free=1
2026-09-09 23:02:12,823 | INFO     | collectors.rfc_perf | [SARLOHA QAS] 29 STAT records, 0 dialog steps in the window (task mix: 0x12, 0xb, 0xe, 0xf, AUTOABAP, BTC, BUF.SYNC, OTHER, SPOOL) -- no GUI activity, metric left absent
2026-09-09 23:02:18,344 | INFO     | collectors.rfc_perf | [SARLOHA QAS] response time: STAT records unavailable, using ST03N aggregates
2026-09-10 10:25:46,505 | INFO     | collectors.ccms_os | [CENTOR_QAS] CCMS OS monitor 'Operating System': matched cpu=1, load_5m=1, mem_free=3, mem_total=1, swap_free=1
2026-09-10 10:26:00,857 | INFO     | collectors.rfc_perf | [CENTOR_QAS] 38 STAT records, 0 dialog steps in the window (task mix: 0x12, 0xb, 0xe, 0xf, AUTOABAP, BTC, BUF.SYNC, OTHER, SPOOL) -- no GUI activity, metric left absent
2026-09-10 10:26:02,283 | INFO     | collectors.rfc_perf | [CENTOR_QAS] response time: no dialog steps in the last 5 min and no ST03N aggregate -- metric left absent (system idle or collector off)
2026-09-10 10:26:11,791 | INFO     | collectors.rfc_perf | [PRD] 105 STAT records, 0 dialog steps in the window (task mix: 0x12, 0xb, 0xe, AUTOABAP, BTC, BUF.SYNC, OTHER, SPOOL) -- no GUI activity, metric left absent
2026-09-10 10:26:14,070 | INFO     | collectors.rfc_perf | [PRD] response time: no dialog steps in the last 5 min and no ST03N aggregate -- metric left absent (system idle or collector off)
2026-09-10 10:26:14,356 | WARNING  | collectors.rfc_perf | [PRD] lock owner stamps run 285 min ahead of SAP system time -- OS time zone on the app server differs from the SAP time zone. Ages corrected; tell Basis.
2026-09-10 10:26:48,626 | INFO     | collectors.rfc_perf | [CENTOR_QAS] SQLMD readable but 0 rows matched DDATE >= '20260903' -- SQL Monitor (transaction SQLM) is not activated on this system. Skipping this read until restart or a manual refresh.
2026-09-10 10:26:49,531 | INFO     | collectors.rfc_perf | [PRD] SQLMD readable but 0 rows matched DDATE >= '20260903' -- SQL Monitor (transaction SQLM) is not activated on this system. Skipping this read until restart or a manual refresh.
2026-09-10 10:26:56,509 | WARNING  | collectors.rfc_live | [SARLOHA QAS] live read failed, parked for 120s: host 172.22.1.127:3300 not reachable (TimeoutError) -- network/Basis check, not a code issue
2026-09-10 10:26:58,598 | WARNING  | collectors.rfc_live | [SARLOHA PRD] live read failed, parked for 120s: host 172.22.1.123:3300 not reachable (TimeoutError) -- network/Basis check, not a code issue
2026-09-10 10:26:59,665 | INFO     | main | ===== Pipeline START for system PRD =====
2026-09-10 10:26:59,693 | INFO     | main | PRD: has_os_access=false -- skipping OS/SSH metrics entirely (not attempting).
2026-09-10 10:27:02,206 | INFO     | sap_gui.launcher | Launching SAP Logon: C:\Program Files (x86)\SAP\FrontEnd\SAPgui\saplogon.exe
2026-09-10 10:27:21,347 | INFO     | sap_gui.launcher | SAP Logon 800 pad is visible.
2026-09-10 10:27:22,350 | INFO     | sap_gui.launcher | Selecting connection: centaur system
2026-09-10 10:27:33,198 | DEBUG    | sap_gui.launcher | Connection item not found yet, retrying: {'title': 'SAP Logon 800', 'backend': 'uia', 'visible_only': False}
2026-09-10 10:27:34,200 | WARNING  | main | PRD: SAP GUI unavailable (TimeoutError: Could not find connection 'centaur system' in SAP Logon Pad. Entries present: none detected. Set the matching *_SAP_CONNECTION_NAME in .env (names are per-workstation and case-sensitive).). Continuing with RFC/SSH collectors.
2026-09-10 10:27:39,154 | INFO     | collectors.rfc_perf | [PRD] 103 STAT records, 0 dialog steps in the window (task mix: 0x12, 0xb, 0xe, AUTOABAP, BTC, BUF.SYNC, OTHER, SPOOL) -- no GUI activity, metric left absent
2026-09-10 10:27:40,645 | INFO     | collectors.rfc_perf | [PRD] response time: no dialog steps in the last 5 min and no ST03N aggregate -- metric left absent (system idle or collector off)
2026-09-10 10:27:40,708 | WARNING  | collectors.rfc_perf | [PRD] lock owner stamps run 270 min ahead of SAP system time -- OS time zone on the app server differs from the SAP time zone. Ages corrected; tell Basis.
2026-09-10 10:27:41,395 | INFO     | collectors.rfc_perf | [PRD] SQLMD readable but 0 rows matched DDATE >= '20260903' -- SQL Monitor (transaction SQLM) is not activated on this system. Skipping this read until restart or a manual refresh.
2026-09-10 10:27:41,424 | INFO     | collectors.rfc_perf | [PRD] RFC perf collector: 6 metrics
2026-09-10 10:27:41,460 | INFO     | main | Skipping T-code GUI evidence for PRD -- GUI access disabled or no active SAP session.
2026-09-10 10:27:42,169 | INFO     | collectors.rfc_perf | [PRD] 105 STAT records, 0 dialog steps in the window (task mix: 0x12, 0xb, 0xe, AUTOABAP, BTC, BUF.SYNC, OTHER, SPOOL) -- no GUI activity, metric left absent
2026-09-10 10:27:42,936 | INFO     | collectors.rfc_perf | [PRD] response time: no dialog steps in the last 5 min and no ST03N aggregate -- metric left absent (system idle or collector off)
2026-09-10 10:39:03,005 | INFO     | collectors.ccms_os | [CENTOR_QAS] CCMS OS monitor 'Operating System': matched cpu=1, load_5m=1, mem_free=3, mem_total=1, swap_free=1
2026-09-10 10:39:12,335 | INFO     | collectors.rfc_perf | [PRD] 206 STAT records, 0 dialog steps in the window (task mix: 0x12, 0x21, 0xb, 0xe, AUTOABAP, BTC, BUF.SYNC, OTHER, SPOOL) -- no GUI activity, metric left absent
2026-09-10 10:39:12,706 | INFO     | collectors.rfc_perf | [CENTOR_QAS] 35 STAT records, 0 dialog steps in the window (task mix: 0x12, 0xb, 0xe, 0xf, AUTOABAP, BTC, BUF.SYNC, OTHER, SPOOL) -- no GUI activity, metric left absent
2026-09-10 10:39:13,862 | INFO     | collectors.rfc_perf | [PRD] response time: no dialog steps in the last 5 min and no ST03N aggregate -- metric left absent (system idle or collector off)
2026-09-10 10:39:13,921 | WARNING  | collectors.rfc_perf | [PRD] lock owner stamps run 330 min ahead of SAP system time -- OS time zone on the app server differs from the SAP time zone. Ages corrected; tell Basis.
2026-09-10 10:39:14,027 | INFO     | collectors.rfc_perf | [CENTOR_QAS] response time: no dialog steps in the last 5 min and no ST03N aggregate -- metric left absent (system idle or collector off)
2026-09-10 10:39:14,478 | INFO     | collectors.rfc_perf | [PRD] SQLMD readable but 0 rows matched DDATE >= '20260903' -- SQL Monitor (transaction SQLM) is not activated on this system. Skipping this read until restart or a manual refresh.
2026-09-10 10:39:14,784 | INFO     | collectors.rfc_perf | [CENTOR_QAS] SQLMD readable but 0 rows matched DDATE >= '20260903' -- SQL Monitor (transaction SQLM) is not activated on this system. Skipping this read until restart or a manual refresh.
2026-09-10 10:39:20,761 | WARNING  | collectors.rfc_live | [SARLOHA QAS] live read failed, parked for 120s: host 172.22.1.127:3300 not reachable (TimeoutError) -- network/Basis check, not a code issue
2026-09-10 10:39:22,778 | WARNING  | collectors.rfc_live | [SARLOHA PRD] live read failed, parked for 120s: host 172.22.1.123:3300 not reachable (TimeoutError) -- network/Basis check, not a code issue
2026-09-10 10:39:26,050 | INFO     | collectors.ccms_os | [CENTOR_QAS] CCMS OS monitor 'Operating System': matched cpu=1, load_5m=1, mem_free=3, mem_total=1, swap_free=1
2026-09-10 10:39:40,427 | INFO     | collectors.rfc_perf | [CENTOR_QAS] 40 STAT records, 0 dialog steps in the window (task mix: 0x12, 0xb, 0xe, 0xf, AUTOABAP, BTC, BUF.SYNC, OTHER, SPOOL) -- no GUI activity, metric left absent
2026-09-10 10:39:42,490 | INFO     | collectors.rfc_perf | [CENTOR_QAS] response time: no dialog steps in the last 5 min and no ST03N aggregate -- metric left absent (system idle or collector off)
2026-09-10 10:39:43,568 | INFO     | collectors.rfc_perf | [CENTOR_QAS] SQLMD readable but 0 rows matched DDATE >= '20260903' -- SQL Monitor (transaction SQLM) is not activated on this system. Skipping this read until restart or a manual refresh.
2026-09-10 10:40:07,035 | INFO     | collectors.rfc_perf | [PRD] 163 STAT records, 0 dialog steps in the window (task mix: 0x12, 0x21, 0xb, 0xe, AUTOABAP, BTC, BUF.SYNC, OTHER, SPOOL) -- no GUI activity, metric left absent
2026-09-10 10:40:18,112 | INFO     | collectors.rfc_perf | [PRD] response time: no dialog steps in the last 5 min and no ST03N aggregate -- metric left absent (system idle or collector off)
2026-09-10 10:40:18,161 | WARNING  | collectors.rfc_perf | [PRD] lock owner stamps run 330 min ahead of SAP system time -- OS time zone on the app server differs from the SAP time zone. Ages corrected; tell Basis.
2026-09-10 10:40:30,274 | INFO     | collectors.rfc_perf | [PRD] SQLMD readable but 0 rows matched DDATE >= '20260903' -- SQL Monitor (transaction SQLM) is not activated on this system. Skipping this read until restart or a manual refresh.
2026-09-10 10:40:47,294 | WARNING  | collectors.rfc_live | [SARLOHA QAS] live read failed, parked for 120s: host 172.22.1.127:3300 not reachable (TimeoutError) -- network/Basis check, not a code issue
2026-09-10 10:40:49,490 | WARNING  | collectors.rfc_live | [SARLOHA PRD] live read failed, parked for 120s: host 172.22.1.123:3300 not reachable (TimeoutError) -- network/Basis check, not a code issue
2026-09-10 10:53:56,913 | INFO     | collectors.ccms_os | [CENTOR_QAS] CCMS OS monitor 'Operating System': matched cpu=1, load_5m=1, mem_free=3, mem_total=1, swap_free=1
2026-09-10 10:54:15,984 | INFO     | collectors.rfc_perf | [PRD] 105 STAT records, 0 dialog steps in the window (task mix: 0x12, 0xb, 0xe, AUTOABAP, BTC, BUF.SYNC, OTHER, SPOOL) -- no GUI activity, metric left absent
2026-09-10 10:54:21,890 | INFO     | collectors.rfc_perf | [CENTOR_QAS] 38 STAT records, 0 dialog steps in the window (task mix: 0x12, 0xb, 0xe, 0xf, AUTOABAP, BTC, BUF.SYNC, OTHER, SPOOL) -- no GUI activity, metric left absent
2026-09-10 10:54:23,313 | INFO     | collectors.rfc_perf | [CENTOR_QAS] response time: no dialog steps in the last 5 min and no ST03N aggregate -- metric left absent (system idle or collector off)
2026-09-10 10:54:27,000 | INFO     | collectors.rfc_perf | [PRD] response time: no dialog steps in the last 5 min and no ST03N aggregate -- metric left absent (system idle or collector off)
2026-09-10 10:54:27,076 | WARNING  | collectors.rfc_perf | [PRD] lock owner stamps run 315 min ahead of SAP system time -- OS time zone on the app server differs from the SAP time zone. Ages corrected; tell Basis.
2026-09-10 10:54:35,435 | INFO     | collectors.rfc_perf | [CENTOR_QAS] SQLMD readable but 0 rows matched DDATE >= '20260903' -- SQL Monitor (transaction SQLM) is not activated on this system. Skipping this read until restart or a manual refresh.
2026-09-10 10:54:36,895 | INFO     | collectors.rfc_perf | [PRD] SQLMD readable but 0 rows matched DDATE >= '20260903' -- SQL Monitor (transaction SQLM) is not activated on this system. Skipping this read until restart or a manual refresh.
2026-09-10 10:54:59,379 | WARNING  | collectors.rfc_live | [SARLOHA QAS] live read failed, parked for 120s: host 172.22.1.127:3300 not reachable (TimeoutError) -- network/Basis check, not a code issue
2026-09-10 10:55:01,667 | WARNING  | collectors.rfc_live | [SARLOHA PRD] live read failed, parked for 120s: host 172.22.1.123:3300 not reachable (TimeoutError) -- network/Basis check, not a code issue
2026-09-10 10:55:11,771 | INFO     | collectors.ccms_os | [CENTOR_QAS] CCMS OS monitor 'Operating System': matched cpu=1, load_5m=1, mem_free=3, mem_total=1, swap_free=1
2026-09-10 10:56:28,624 | INFO     | collectors.rfc_perf | [CENTOR_QAS] 47 STAT records, 0 dialog steps in the window (task mix: 0x12, 0xb, 0xe, 0xf, AUTOABAP, BTC, BUF.SYNC, OTHER, SPOOL) -- no GUI activity, metric left absent
2026-09-10 10:56:30,496 | INFO     | collectors.rfc_perf | [CENTOR_QAS] response time: no dialog steps in the last 5 min and no ST03N aggregate -- metric left absent (system idle or collector off)
2026-09-10 10:56:48,787 | INFO     | collectors.rfc_perf | [CENTOR_QAS] SQLMD readable but 0 rows matched DDATE >= '20260903' -- SQL Monitor (transaction SQLM) is not activated on this system. Skipping this read until restart or a manual refresh.
2026-09-10 10:57:50,305 | INFO     | collectors.rfc_perf | [PRD] 109 STAT records, 0 dialog steps in the window (task mix: 0x12, 0x21, 0xb, 0xe, AUTOABAP, BTC, BUF.SYNC, OTHER, SPOOL) -- no GUI activity, metric left absent
2026-09-10 10:57:52,121 | INFO     | collectors.rfc_perf | [PRD] response time: no dialog steps in the last 5 min and no ST03N aggregate -- metric left absent (system idle or collector off)
2026-09-10 10:57:52,195 | WARNING  | collectors.rfc_perf | [PRD] lock owner stamps run 300 min ahead of SAP system time -- OS time zone on the app server differs from the SAP time zone. Ages corrected; tell Basis.
2026-09-10 10:57:52,803 | INFO     | collectors.rfc_perf | [PRD] SQLMD readable but 0 rows matched DDATE >= '20260903' -- SQL Monitor (transaction SQLM) is not activated on this system. Skipping this read until restart or a manual refresh.
2026-09-10 10:58:01,261 | WARNING  | collectors.rfc_live | [SARLOHA QAS] live read failed, parked for 120s: host 172.22.1.127:3300 not reachable (TimeoutError) -- network/Basis check, not a code issue
2026-09-10 10:58:03,287 | WARNING  | collectors.rfc_live | [SARLOHA PRD] live read failed, parked for 120s: host 172.22.1.123:3300 not reachable (TimeoutError) -- network/Basis check, not a code issue
2026-09-10 11:05:43,604 | INFO     | collectors.rfc_perf | [PRD] 107 STAT records, 0 dialog steps in the window (task mix: 0x12, 0xb, 0xe, 0xf7, AUTOABAP, BTC, BUF.SYNC, OTHER, SPOOL) -- no GUI activity, metric left absent
2026-09-10 11:05:56,572 | INFO     | collectors.rfc_perf | [PRD] response time: no dialog steps in the last 5 min and no ST03N aggregate -- metric left absent (system idle or collector off)
2026-09-10 11:06:13,282 | WARNING  | collectors.rfc_live | [SARLOHA QAS] live read failed, parked for 120s: host 172.22.1.127:3300 not reachable (TimeoutError) -- network/Basis check, not a code issue
2026-09-10 11:06:16,090 | WARNING  | collectors.rfc_live | [SARLOHA PRD] live read failed, parked for 120s: host 172.22.1.123:3300 not reachable (TimeoutError) -- network/Basis check, not a code issue
2026-09-10 11:06:45,390 | INFO     | collectors.rfc_perf | [PRD] 104 STAT records, 0 dialog steps in the window (task mix: 0x12, 0xb, 0xe, AUTOABAP, BTC, BUF.SYNC, OTHER, SPOOL) -- no GUI activity, metric left absent
2026-09-10 11:06:59,064 | INFO     | collectors.rfc_perf | [PRD] response time: no dialog steps in the last 5 min and no ST03N aggregate -- metric left absent (system idle or collector off)
2026-09-10 11:07:28,571 | WARNING  | collectors.rfc_live | [SARLOHA QAS] live read failed, parked for 120s: host 172.22.1.127:3300 not reachable (TimeoutError) -- network/Basis check, not a code issue
2026-09-10 11:07:30,707 | WARNING  | collectors.rfc_live | [SARLOHA PRD] live read failed, parked for 120s: host 172.22.1.123:3300 not reachable (TimeoutError) -- network/Basis check, not a code issue
2026-09-10 11:28:05,522 | INFO     | collectors.ccms_os | [CENTOR_QAS] CCMS OS monitor 'Operating System': matched cpu=1, load_5m=1, mem_free=4, mem_free_inc=1, mem_total=2, swap_free=1
2026-09-10 11:28:10,487 | INFO     | collectors.rfc_perf | [PRD] 108 STAT records, 0 dialog steps in the window (task mix: 0x12, 0xb, 0xe, AUTOABAP, BTC, BUF.SYNC, OTHER, SPOOL) -- no GUI activity, metric left absent
2026-09-10 11:28:13,319 | INFO     | collectors.rfc_perf | [PRD] response time: no dialog steps in the last 5 min and no ST03N aggregate -- metric left absent (system idle or collector off)
2026-09-10 11:28:13,451 | WARNING  | collectors.rfc_perf | [PRD] lock owner stamps run 270 min ahead of SAP system time -- OS time zone on the app server differs from the SAP time zone. Ages corrected; tell Basis.
2026-09-10 11:28:15,625 | INFO     | collectors.rfc_perf | [PRD] SQLMD readable but 0 rows matched DDATE >= '20260903' -- SQL Monitor (transaction SQLM) is not activated on this system. Skipping this read until restart or a manual refresh.
2026-09-10 11:28:20,764 | INFO     | collectors.rfc_perf | [CENTOR_QAS] SQLMD readable but 0 rows matched DDATE >= '20260903' -- SQL Monitor (transaction SQLM) is not activated on this system. Skipping this read until restart or a manual refresh.
2026-09-10 11:28:35,125 | WARNING  | collectors.rfc_live | [SARLOHA QAS] live read failed, parked for 120s: host 172.22.1.127:3300 not reachable (TimeoutError) -- network/Basis check, not a code issue
2026-09-10 11:28:37,466 | WARNING  | collectors.rfc_live | [SARLOHA PRD] live read failed, parked for 120s: host 172.22.1.123:3300 not reachable (TimeoutError) -- network/Basis check, not a code issue
2026-09-10 11:29:02,890 | INFO     | collectors.rfc_perf | [CENTOR_QAS] SQLMD readable but 0 rows matched DDATE >= '20260903' -- SQL Monitor (transaction SQLM) is not activated on this system. Skipping this read until restart or a manual refresh.
2026-09-10 12:21:48,840 | INFO     | collectors.rfc_perf | [PRD] 108 STAT records, 0 dialog steps in the window (task mix: 0x12, 0xb, 0xe, AUTOABAP, BTC, BUF.SYNC, OTHER, SPOOL) -- no GUI activity, metric left absent
2026-09-10 12:21:50,789 | INFO     | collectors.rfc_perf | [PRD] response time: no dialog steps in the last 5 min and no ST03N aggregate -- metric left absent (system idle or collector off)
2026-09-10 12:21:50,845 | WARNING  | collectors.rfc_perf | [PRD] lock owner stamps run 285 min ahead of SAP system time -- OS time zone on the app server differs from the SAP time zone. Ages corrected; tell Basis.
2026-09-10 12:21:51,548 | INFO     | collectors.rfc_perf | [PRD] SQLMD readable but 0 rows matched DDATE >= '20260903' -- SQL Monitor (transaction SQLM) is not activated on this system. Skipping this read until restart or a manual refresh.
2026-09-10 12:21:53,025 | INFO     | collectors.rfc_perf | [CENTOR_QAS] SQLMD readable but 0 rows matched DDATE >= '20260903' -- SQL Monitor (transaction SQLM) is not activated on this system. Skipping this read until restart or a manual refresh.
2026-09-10 12:22:13,441 | WARNING  | collectors.rfc_live | [SARLOHA QAS] live read failed, parked for 120s: host 172.22.1.127:3300 not reachable (TimeoutError) -- network/Basis check, not a code issue
2026-09-10 12:22:15,611 | WARNING  | collectors.rfc_live | [SARLOHA PRD] live read failed, parked for 120s: host 172.22.1.123:3300 not reachable (TimeoutError) -- network/Basis check, not a code issue
2026-09-10 12:22:19,576 | INFO     | collectors.ccms_os | [CENTOR_QAS] CCMS OS monitor 'Operating System': matched cpu=1, load_5m=1, mem_free=4, mem_free_inc=1, mem_total=2, swap_free=1
2026-09-10 12:22:34,595 | INFO     | collectors.rfc_perf | [CENTOR_QAS] SQLMD readable but 0 rows matched DDATE >= '20260903' -- SQL Monitor (transaction SQLM) is not activated on this system. Skipping this read until restart or a manual refresh.
2026-09-10 12:24:31,240 | INFO     | main | ===== Pipeline START for system PRD =====
2026-09-10 12:24:31,242 | INFO     | main | PRD: has_os_access=false -- skipping OS/SSH metrics entirely (not attempting).
2026-09-10 12:24:33,742 | INFO     | sap_gui.launcher | Launching SAP Logon: C:\Program Files (x86)\SAP\FrontEnd\SAPgui\saplogon.exe
2026-09-10 12:24:38,955 | INFO     | sap_gui.launcher | SAP Logon 800 pad is visible.
2026-09-10 12:24:39,964 | INFO     | sap_gui.launcher | Selecting connection: centaur system
2026-09-10 12:24:53,863 | INFO     | sap_gui.launcher | Opened connection 'centaur system' via keyboard activation.
2026-09-10 12:24:55,901 | INFO     | sap_gui.connection | Finding SAP login window...
2026-09-10 12:24:57,206 | INFO     | sap_gui.connection | SAP login window found: 'SAP' (pattern '^SAP$').
2026-09-10 12:24:58,529 | INFO     | sap_gui.connection | Moving to Client field...
2026-09-10 12:24:59,242 | INFO     | sap_gui.connection | Clearing existing Client value...
2026-09-10 12:25:00,800 | INFO     | sap_gui.connection | Entering Client: 100
2026-09-10 12:25:02,053 | INFO     | sap_gui.connection | Entering Username: basis2
2026-09-10 12:25:04,131 | INFO     | sap_gui.connection | Entering Password... (masked)
2026-09-10 12:25:05,813 | INFO     | sap_gui.connection | Client, username and password populated.
2026-09-10 12:25:05,814 | INFO     | sap_gui.connection | Submitting login (ENTER)...
2026-09-10 12:25:09,933 | INFO     | sap_gui.connection | Login submitted.
2026-09-10 12:25:11,901 | WARNING  | collectors.rfc_live | [SARLOHA QAS] live read failed, parked for 120s: host 172.22.1.127:3300 not reachable (TimeoutError) -- network/Basis check, not a code issue
2026-09-10 12:25:12,440 | INFO     | sap_gui.connection | Login verified: SAP session window detected, login screen closed.
2026-09-10 12:25:12,664 | INFO     | sap_gui.scripting_connection | Scripting session acquired: System=PRD, Client=100, User=BASIS2
2026-09-10 12:25:13,972 | WARNING  | collectors.rfc_live | [SARLOHA PRD] live read failed, parked for 120s: host 172.22.1.123:3300 not reachable (TimeoutError) -- network/Basis check, not a code issue
2026-09-10 12:25:14,669 | INFO     | collectors.rfc_perf | [PRD] 108 STAT records, 0 dialog steps in the window (task mix: 0x12, 0xb, 0xe, AUTOABAP, BTC, BUF.SYNC, OTHER, SPOOL) -- no GUI activity, metric left absent
2026-09-10 12:25:20,126 | INFO     | collectors.rfc_perf | [PRD] response time: no dialog steps in the last 5 min and no ST03N aggregate -- metric left absent (system idle or collector off)
2026-09-10 12:25:20,276 | WARNING  | collectors.rfc_perf | [PRD] lock owner stamps run 285 min ahead of SAP system time -- OS time zone on the app server differs from the SAP time zone. Ages corrected; tell Basis.
2026-09-10 12:25:22,160 | INFO     | collectors.rfc_perf | [PRD] 108 STAT records, 0 dialog steps in the window (task mix: 0x12, 0xb, 0xe, AUTOABAP, BTC, BUF.SYNC, OTHER, SPOOL) -- no GUI activity, metric left absent
2026-09-10 12:25:23,587 | INFO     | collectors.rfc_perf | [PRD] SQLMD readable but 0 rows matched DDATE >= '20260903' -- SQL Monitor (transaction SQLM) is not activated on this system. Skipping this read until restart or a manual refresh.
2026-09-10 12:25:36,290 | INFO     | collectors.rfc_perf | [PRD] response time: no dialog steps in the last 5 min and no ST03N aggregate -- metric left absent (system idle or collector off)
2026-09-10 12:25:36,449 | WARNING  | collectors.rfc_perf | [PRD] lock owner stamps run 285 min ahead of SAP system time -- OS time zone on the app server differs from the SAP time zone. Ages corrected; tell Basis.
2026-09-10 12:25:47,055 | INFO     | collectors.rfc_perf | [PRD] SQLMD readable but 0 rows matched DDATE >= '20260903' -- SQL Monitor (transaction SQLM) is not activated on this system. Skipping this read until restart or a manual refresh.
2026-09-10 12:25:47,105 | INFO     | collectors.rfc_perf | [PRD] RFC perf collector: 6 metrics
2026-09-10 12:25:47,557 | ERROR    | sap_gui.scripting_connection | Failed to get scripting session: No SAP connections found in scripting engine.
2026-09-10 12:25:47,574 | ERROR    | collectors.sap_gui_collector | Could not acquire scripting session: RuntimeError
2026-09-10 12:25:51,086 | INFO     | collectors.rfc_perf | [PRD] 110 STAT records, 0 dialog steps in the window (task mix: 0x12, 0xb, 0xe, AUTOABAP, BTC, BUF.SYNC, OTHER, SPOOL) -- no GUI activity, metric left absent
2026-09-10 12:25:56,633 | INFO     | collectors.rfc_perf | [PRD] response time: no dialog steps in the last 5 min and no ST03N aggregate -- metric left absent (system idle or collector off)
2026-09-10 12:29:31,246 | ERROR    | main | Pipeline for PRD appears stuck -- no progress within 300s. Force-killing SAP processes to unblock it and moving on (this attempt counts as failed).
2026-09-10 12:29:41,894 | INFO     | main | Resetting SAP processes before retrying PRD...
2026-09-10 12:29:42,004 | WARNING  | collectors.rfc_live | [CARFOUR QAS] live read failed, parked for 900s: no RFC configuration (ashost, username or password missing)
2026-09-10 12:29:49,393 | INFO     | collectors.ccms_os | [CENTOR_QAS] CCMS OS monitor 'Operating System': matched cpu=1, load_5m=1, mem_free=4, mem_free_inc=1, mem_total=2, swap_free=1
2026-09-10 12:29:51,434 | INFO     | main | ===== Pipeline START for system PRD =====
2026-09-10 12:29:52,535 | INFO     | main | PRD: has_os_access=false -- skipping OS/SSH metrics entirely (not attempting).
2026-09-10 12:29:54,793 | INFO     | collectors.rfc_perf | [PRD] 108 STAT records, 0 dialog steps in the window (task mix: 0x12, 0xb, 0xe, AUTOABAP, BTC, BUF.SYNC, OTHER, SPOOL) -- no GUI activity, metric left absent
2026-09-10 12:30:26,177 | INFO     | collectors.rfc_perf | [CENTOR_QAS] 40 STAT records, 0 dialog steps in the window (task mix: 0x12, 0xb, 0xe, 0xf, AUTOABAP, BTC, BUF.SYNC, OTHER, SPOOL) -- no GUI activity, metric left absent
2026-09-10 12:30:26,873 | INFO     | sap_gui.launcher | Launching SAP Logon: C:\Program Files (x86)\SAP\FrontEnd\SAPgui\saplogon.exe
2026-09-10 12:30:28,343 | INFO     | collectors.rfc_perf | [CENTOR_QAS] response time: no dialog steps in the last 5 min and no ST03N aggregate -- metric left absent (system idle or collector off)
2026-09-10 12:30:33,135 | INFO     | collectors.rfc_perf | [PRD] response time: no dialog steps in the last 5 min and no ST03N aggregate -- metric left absent (system idle or collector off)
2026-09-10 12:31:00,531 | WARNING  | collectors.rfc_live | [SARLOHA QAS] live read failed, parked for 120s: host 172.22.1.127:3300 not reachable (TimeoutError) -- network/Basis check, not a code issue
2026-09-10 12:31:00,614 | WARNING  | main | PRD: SAP GUI unavailable (TimeoutError: SAP Logon 800 pad did not appear in time.). Continuing with RFC/SSH collectors.
2026-09-10 12:31:02,693 | WARNING  | collectors.rfc_live | [SARLOHA PRD] live read failed, parked for 120s: host 172.22.1.123:3300 not reachable (TimeoutError) -- network/Basis check, not a code issue
2026-09-10 12:31:07,227 | INFO     | collectors.rfc_perf | [PRD] 104 STAT records, 0 dialog steps in the window (task mix: 0x12, 0xb, 0xe, AUTOABAP, BTC, BUF.SYNC, OTHER, SPOOL) -- no GUI activity, metric left absent
2026-09-10 12:31:16,277 | INFO     | collectors.rfc_perf | [PRD] response time: no dialog steps in the last 5 min and no ST03N aggregate -- metric left absent (system idle or collector off)
2026-09-10 12:31:24,020 | INFO     | collectors.rfc_perf | [PRD] RFC perf collector: 6 metrics
2026-09-10 12:31:24,402 | INFO     | main | Skipping T-code GUI evidence for PRD -- GUI access disabled or no active SAP session.
2026-09-10 12:31:29,107 | INFO     | collectors.rfc_perf | [PRD] 106 STAT records, 0 dialog steps in the window (task mix: 0x12, 0xb, 0xe, AUTOABAP, BTC, BUF.SYNC, OTHER, SPOOL) -- no GUI activity, metric left absent
2026-09-10 12:31:36,314 | INFO     | collectors.rfc_perf | [PRD] response time: no dialog steps in the last 5 min and no ST03N aggregate -- metric left absent (system idle or collector off)
2026-09-10 12:34:51,476 | ERROR    | main | Pipeline for PRD appears stuck -- no progress within 300s. Force-killing SAP processes to unblock it and moving on (this attempt counts as failed).
2026-09-10 12:35:16,223 | ERROR    | main | All 2 attempts exhausted for PRD -- skipping this system for this cycle. Last error: Pipeline for PRD did not complete within 300s (hung).
2026-09-10 12:36:34,736 | INFO     | collectors.rfc_perf | [CENTOR_QAS] 41 STAT records, 0 dialog steps in the window (task mix: 0x12, 0xb, 0xe, 0xf, AUTOABAP, BTC, BUF.SYNC, OTHER, SPOOL) -- no GUI activity, metric left absent
2026-09-10 12:36:35,855 | INFO     | collectors.rfc_perf | [PRD] 149 STAT records, 0 dialog steps in the window (task mix: 0x12, 0x21, 0xb, 0xe, AUTOABAP, BTC, BUF.SYNC, OTHER, SPOOL) -- no GUI activity, metric left absent
2026-09-10 12:36:36,231 | INFO     | collectors.rfc_perf | [CENTOR_QAS] response time: no dialog steps in the last 5 min and no ST03N aggregate -- metric left absent (system idle or collector off)
2026-09-10 12:36:39,331 | INFO     | collectors.rfc_perf | [PRD] response time: no dialog steps in the last 5 min and no ST03N aggregate -- metric left absent (system idle or collector off)
2026-09-10 12:36:39,355 | WARNING  | collectors.rfc_perf | [PRD] lock owner stamps run 330 min ahead of SAP system time -- OS time zone on the app server differs from the SAP time zone. Ages corrected; tell Basis.
2026-09-10 12:36:56,434 | WARNING  | collectors.rfc_live | [SARLOHA QAS] live read failed, parked for 120s: host 172.22.1.127:3300 not reachable (TimeoutError) -- network/Basis check, not a code issue
2026-09-10 12:36:58,662 | WARNING  | collectors.rfc_live | [SARLOHA PRD] live read failed, parked for 120s: host 172.22.1.123:3300 not reachable (TimeoutError) -- network/Basis check, not a code issue
2026-09-10 12:39:12,117 | INFO     | core.status_snapshot | PRD: no GUI evidence this cycle; carrying forward 22 record(s) from 2026-09-04 15:13:17, marked stale.
2026-09-10 12:39:12,787 | INFO     | core.status_snapshot | Status snapshot saved for PRD: C:\infrabeatops\dashboard\snapshots\PRD.json
2026-09-10 12:39:24,526 | INFO     | reporting.excel_template_writer | MetroBrands Excel template filled: C:/infrabeatops/reports/2026-09-10/PRD/PRD_Monitoring_Sheet.xlsx
2026-09-10 12:39:57,488 | INFO     | main | ===== Pipeline COMPLETE for system PRD (gui_available=True) =====
2026-09-10 12:47:21,318 | INFO     | core.status_snapshot | PRD: no GUI evidence this cycle; carrying forward 22 record(s) from 2026-09-04 15:13:17, marked stale.
2026-09-10 12:47:21,346 | INFO     | core.status_snapshot | Status snapshot saved for PRD: C:\infrabeatops\dashboard\snapshots\PRD.json
2026-09-10 12:47:22,072 | INFO     | reporting.excel_template_writer | MetroBrands Excel template filled: C:/infrabeatops/reports/2026-09-10/PRD/PRD_Monitoring_Sheet.xlsx
2026-09-10 12:47:54,714 | INFO     | main | ===== Pipeline COMPLETE for system PRD (gui_available=False) =====
2026-09-10 12:53:24,594 | INFO     | collectors.ccms_os | [CENTOR_QAS] CCMS OS monitor 'Operating System': matched cpu=1, load_5m=1, mem_free=4, mem_free_inc=1, mem_total=2, swap_free=1
2026-09-10 12:53:24,683 | INFO     | collectors.ccms_os | [PRD] CCMS OS monitor 'Operating System': matched cpu=1, load_5m=1, mem_free=4, mem_free_inc=1, mem_total=2, swap_free=1
2026-09-10 12:53:29,842 | INFO     | collectors.rfc_perf | [PRD] 103 STAT records, 0 dialog steps in the window (task mix: 0x12, 0xb, 0xe, AUTOABAP, BTC, BUF.SYNC, OTHER, SPOOL) -- no GUI activity, metric left absent
2026-09-10 12:53:30,615 | INFO     | collectors.rfc_perf | [CENTOR_QAS] 38 STAT records, 0 dialog steps in the window (task mix: 0x12, 0xb, 0xe, 0xf, AUTOABAP, BTC, BUF.SYNC, OTHER, SPOOL) -- no GUI activity, metric left absent
2026-09-10 12:53:31,409 | INFO     | collectors.rfc_perf | [PRD] response time: no dialog steps in the last 5 min and no ST03N aggregate -- metric left absent (system idle or collector off)
2026-09-10 12:53:31,460 | WARNING  | collectors.rfc_perf | [PRD] lock owner stamps run 315 min ahead of SAP system time -- OS time zone on the app server differs from the SAP time zone. Ages corrected; tell Basis.
2026-09-10 12:53:32,008 | INFO     | collectors.rfc_perf | [CENTOR_QAS] response time: no dialog steps in the last 5 min and no ST03N aggregate -- metric left absent (system idle or collector off)
2026-09-10 12:53:32,052 | INFO     | collectors.rfc_perf | [PRD] SQLMD readable but 0 rows matched DDATE >= '20260903' -- SQL Monitor (transaction SQLM) is not activated on this system. Skipping this read until restart or a manual refresh.
2026-09-10 12:53:32,708 | INFO     | collectors.rfc_perf | [CENTOR_QAS] SQLMD readable but 0 rows matched DDATE >= '20260903' -- SQL Monitor (transaction SQLM) is not activated on this system. Skipping this read until restart or a manual refresh.
2026-09-10 12:53:37,676 | WARNING  | collectors.rfc_live | [SARLOHA QAS] live read failed, parked for 120s: host 172.22.1.127:3300 not reachable (TimeoutError) -- network/Basis check, not a code issue
2026-09-10 12:53:39,732 | WARNING  | collectors.rfc_live | [SARLOHA PRD] live read failed, parked for 120s: host 172.22.1.123:3300 not reachable (TimeoutError) -- network/Basis check, not a code issue
2026-09-10 12:53:43,172 | INFO     | collectors.ccms_os | [CENTOR_QAS] CCMS OS monitor 'Operating System': matched cpu=1, load_5m=1, mem_free=4, mem_free_inc=1, mem_total=2, swap_free=1
2026-09-10 12:53:55,458 | INFO     | collectors.rfc_perf | [CENTOR_QAS] 41 STAT records, 0 dialog steps in the window (task mix: 0x12, 0xb, 0xe, 0xf, AUTOABAP, BTC, BUF.SYNC, OTHER, SPOOL) -- no GUI activity, metric left absent
2026-09-10 12:53:57,386 | INFO     | collectors.rfc_perf | [CENTOR_QAS] response time: no dialog steps in the last 5 min and no ST03N aggregate -- metric left absent (system idle or collector off)
2026-09-10 12:53:58,410 | INFO     | collectors.rfc_perf | [CENTOR_QAS] SQLMD readable but 0 rows matched DDATE >= '20260903' -- SQL Monitor (transaction SQLM) is not activated on this system. Skipping this read until restart or a manual refresh.
2026-09-10 12:57:43,113 | INFO     | collectors.ccms_os | [PRD] CCMS OS monitor 'Operating System': matched cpu=1, load_5m=1, mem_free=4, mem_free_inc=1, mem_total=2, swap_free=1
2026-09-10 12:57:48,648 | INFO     | collectors.rfc_perf | [PRD] 105 STAT records, 0 dialog steps in the window (task mix: 0x12, 0xb, 0xe, AUTOABAP, BTC, BUF.SYNC, OTHER, SPOOL) -- no GUI activity, metric left absent
2026-09-10 12:57:51,352 | INFO     | collectors.rfc_perf | [PRD] response time: no dialog steps in the last 5 min and no ST03N aggregate -- metric left absent (system idle or collector off)
2026-09-10 12:57:51,455 | WARNING  | collectors.rfc_perf | [PRD] lock owner stamps run 300 min ahead of SAP system time -- OS time zone on the app server differs from the SAP time zone. Ages corrected; tell Basis.
2026-09-10 12:57:53,584 | INFO     | collectors.rfc_perf | [PRD] SQLMD readable but 0 rows matched DDATE >= '20260903' -- SQL Monitor (transaction SQLM) is not activated on this system. Skipping this read until restart or a manual refresh.
2026-09-10 12:58:05,222 | WARNING  | collectors.rfc_live | [SARLOHA QAS] live read failed, parked for 120s: host 172.22.1.127:3300 not reachable (TimeoutError) -- network/Basis check, not a code issue
2026-09-10 12:58:07,276 | WARNING  | collectors.rfc_live | [SARLOHA PRD] live read failed, parked for 120s: host 172.22.1.123:3300 not reachable (TimeoutError) -- network/Basis check, not a code issue
2026-09-10 12:59:15,574 | INFO     | main | ===== Pipeline START for system CARFOUR QAS =====
2026-09-10 12:59:15,575 | INFO     | main | CARFOUR QAS: has_os_access=false -- skipping OS/SSH metrics entirely (not attempting).
2026-09-10 12:59:17,389 | INFO     | sap_gui.launcher | Launching SAP Logon: C:\Program Files (x86)\SAP\FrontEnd\SAPgui\saplogon.exe
2026-09-10 12:59:24,084 | INFO     | sap_gui.launcher | SAP Logon 800 pad is visible.
2026-09-10 12:59:25,086 | INFO     | sap_gui.launcher | Selecting connection: CARFOUR QAS
2026-09-10 12:59:35,032 | INFO     | sap_gui.launcher | Opened connection 'CARFOUR QAS' via keyboard activation.
2026-09-10 12:59:37,034 | INFO     | sap_gui.connection | Finding SAP login window...
2026-09-10 12:59:37,232 | INFO     | sap_gui.connection | SAP login window found: 'SAP' (pattern '^SAP$').
2026-09-10 12:59:38,262 | INFO     | sap_gui.connection | Moving to Client field...
2026-09-10 12:59:38,808 | INFO     | sap_gui.connection | Clearing existing Client value...
2026-09-10 12:59:39,235 | INFO     | sap_gui.connection | Entering Client: 800
2026-09-10 12:59:40,146 | INFO     | sap_gui.connection | Entering Username: CAQ_admin
2026-09-10 12:59:41,124 | INFO     | sap_gui.connection | Entering Password... (masked)
2026-09-10 12:59:41,855 | INFO     | sap_gui.connection | Client, username and password populated.
2026-09-10 12:59:41,855 | INFO     | sap_gui.connection | Submitting login (ENTER)...
2026-09-10 12:59:43,902 | INFO     | sap_gui.connection | Login submitted.
2026-09-10 12:59:44,456 | INFO     | sap_gui.connection | Login verified: SAP session window detected, login screen closed.
2026-09-10 12:59:44,645 | INFO     | sap_gui.scripting_connection | Scripting session acquired: System=CAQ, Client=800, User=CAQ_ADMIN
2026-09-10 12:59:45,165 | INFO     | sap_gui.scripting_connection | Scripting session acquired: System=CAQ, Client=800, User=CAQ_ADMIN
2026-09-10 12:59:49,503 | INFO     | sap_gui.screenshot | Screenshot saved: C:\infrabeatops\reports\2026-09-10\CARFOUR_QAS\evidence\screenshots\AL08_125949_189918.png
2026-09-10 12:59:57,704 | INFO     | sap_gui.screenshot | Screenshot saved: C:\infrabeatops\reports\2026-09-10\CARFOUR_QAS\evidence\screenshots\DB01_125957_459785.png
2026-09-10 13:00:06,826 | INFO     | sap_gui.screenshot | Screenshot saved: C:\infrabeatops\reports\2026-09-10\CARFOUR_QAS\evidence\screenshots\DB02_130006_483572.png
2026-09-10 13:00:12,968 | INFO     | sap_gui.screenshot | Screenshot saved: C:\infrabeatops\reports\2026-09-10\CARFOUR_QAS\evidence\screenshots\DB12_130012_636205.png
2026-09-10 13:00:18,526 | WARNING  | sap_gui.tcode_actions | SCOT SMTP node navigation failed: (-2147352567, 'Exception occurred.', (0, 'SAP Frontend Server', '', None, 0, -2147467259), None)
2026-09-10 13:00:18,732 | INFO     | sap_gui.screenshot | Screenshot saved: C:\infrabeatops\reports\2026-09-10\CARFOUR_QAS\evidence\screenshots\SCOT_130018_530128.png
2026-09-10 13:00:18,737 | INFO     | sap_gui.tcode_actions | SM12: trying classic 'Select Lock Entries' variant.
2026-09-10 13:00:21,560 | WARNING  | sap_gui.tcode_actions | SM12: classic variant unavailable/failed: com_error: (-2147352567, 'Exception occurred.', (619, 'SAP Frontend Server', 'The control could not be found by id.', 'C:\\Program Files (x86)\\SAP\\FrontEnd\\SAPgui\\sapfront.HLP', 393215, 0), None)
2026-09-10 13:00:21,562 | INFO     | sap_gui.tcode_actions | SM12: trying 'Enqueue Administration' variant.
2026-09-10 13:00:21,569 | INFO     | sap_gui.tcode_actions | SM12: command field found for Enqueue Administration.
2026-09-10 13:00:21,582 | INFO     | sap_gui.tcode_actions | SM12: entering /NSM12.
2026-09-10 13:00:22,701 | INFO     | sap_gui.tcode_actions | SM12: /NSM12 submitted.
2026-09-10 13:00:22,704 | INFO     | sap_gui.tcode_actions | SM12: Enqueue Administration USERNAME field found.
2026-09-10 13:00:22,708 | INFO     | sap_gui.tcode_actions | SM12: Enqueue Administration USERNAME set to '*'.
2026-09-10 13:00:22,711 | INFO     | sap_gui.tcode_actions | SM12: Enqueue Administration LIMIT field found.
2026-09-10 13:00:22,717 | INFO     | sap_gui.tcode_actions | SM12: Enqueue Administration LIMIT cleared.
2026-09-10 13:00:22,721 | INFO     | sap_gui.tcode_actions | SM12: Enqueue Administration LOAD button found.
2026-09-10 13:00:23,344 | INFO     | sap_gui.tcode_actions | SM12: Enqueue Administration LOAD pressed.
2026-09-10 13:00:24,215 | INFO     | sap_gui.screenshot | Screenshot saved: C:\infrabeatops\reports\2026-09-10\CARFOUR_QAS\evidence\screenshots\SM12_130024_047202.png
2026-09-10 13:00:24,218 | INFO     | sap_gui.tcode_actions | SM12: Enqueue Administration variant executed successfully. Screenshot=C:\infrabeatops\reports\2026-09-10\CARFOUR_QAS\evidence\screenshots\SM12_130024_047202.png
2026-09-10 13:00:25,110 | INFO     | sap_gui.tcode_actions | SM12: Lock Table count = 3
2026-09-10 13:00:29,404 | INFO     | sap_gui.screenshot | Screenshot saved: C:\infrabeatops\reports\2026-09-10\CARFOUR_QAS\evidence\screenshots\SM13_130029_181685.png
2026-09-10 13:00:35,618 | INFO     | sap_gui.screenshot | Screenshot saved: C:\infrabeatops\reports\2026-09-10\CARFOUR_QAS\evidence\screenshots\SM21_130035_391228.png
2026-09-10 13:00:39,422 | INFO     | sap_gui.tcode_actions | SM37 active: SAP status = 'No job matches the selection criteria'
2026-09-10 13:00:39,424 | INFO     | sap_gui.tcode_actions | SM37 active: no running jobs found for 10.09.2026.
2026-09-10 13:00:39,554 | INFO     | sap_gui.screenshot | Screenshot saved: C:\infrabeatops\reports\2026-09-10\CARFOUR_QAS\evidence\screenshots\SM37_130039_425096.png
2026-09-10 13:00:41,779 | INFO     | sap_gui.tcode_actions | SM37 cancelled: searching from 09.09.2026 to 10.09.2026.
2026-09-10 13:00:41,844 | INFO     | sap_gui.tcode_actions | SM37 cancelled: Canceled/ABORTED selection = True
2026-09-10 13:00:43,303 | INFO     | sap_gui.tcode_actions | SM37 cancelled: SAP status = ''
2026-09-10 13:00:43,505 | INFO     | sap_gui.screenshot | Screenshot saved: C:\infrabeatops\reports\2026-09-10\CARFOUR_QAS\evidence\screenshots\SM37_CANCELLED_130043_305236.png
2026-09-10 13:00:44,407 | INFO     | sap_gui.tcode_actions | SM37 cancelled: 1 canceled job row(s) detected.
2026-09-10 13:00:44,408 | INFO     | sap_gui.tcode_actions | SM37 cancelled job 1: name='TRANSFER_SALERETUEN_UNRESR', user='IB_HARSH', date='09.09.2026', time='14:25:33', duration='0', delay='36', client=''
2026-09-10 13:00:47,782 | DEBUG    | sap_gui.tcode_actions | Optional step skipped (SM51 select all servers): (-2147352567, 'Exception occurred.', (619, 'SAP Frontend Server', 'The control could not be found by id.', 'C:\\Program Files (x86)\\SAP\\FrontEnd\\SAPgui\\sapfront.HLP', 393215, 0), None)
2026-09-10 13:00:48,030 | INFO     | sap_gui.screenshot | Screenshot saved: C:\infrabeatops\reports\2026-09-10\CARFOUR_QAS\evidence\screenshots\SM51_130047_784044.png
2026-09-10 13:00:51,899 | INFO     | sap_gui.screenshot | Screenshot saved: C:\infrabeatops\reports\2026-09-10\CARFOUR_QAS\evidence\screenshots\SM58_130051_756436.png
2026-09-10 13:00:58,326 | INFO     | sap_gui.screenshot | Screenshot saved: C:\infrabeatops\reports\2026-09-10\CARFOUR_QAS\evidence\screenshots\SM50_130058_049313.png
2026-09-10 13:01:03,393 | DEBUG    | sap_gui.tcode_actions | Optional step skipped (SM66 sort column): (-2147352567, 'Exception occurred.', (619, 'SAP Frontend Server', 'The control could not be found by id.', 'C:\\Program Files (x86)\\SAP\\FrontEnd\\SAPgui\\sapfront.HLP', 393215, 0), None)
2026-09-10 13:01:03,635 | INFO     | sap_gui.screenshot | Screenshot saved: C:\infrabeatops\reports\2026-09-10\CARFOUR_QAS\evidence\screenshots\SM66_130103_394338.png
2026-09-10 13:01:08,514 | INFO     | sap_gui.screenshot | Screenshot saved: C:\infrabeatops\reports\2026-09-10\CARFOUR_QAS\evidence\screenshots\SMLG_130108_338003.png
2026-09-10 13:01:11,559 | INFO     | sap_gui.screenshot | Screenshot saved: C:\infrabeatops\reports\2026-09-10\CARFOUR_QAS\evidence\screenshots\SMQ1_130111_421411.png
2026-09-10 13:01:15,191 | INFO     | sap_gui.screenshot | Screenshot saved: C:\infrabeatops\reports\2026-09-10\CARFOUR_QAS\evidence\screenshots\SMQ2_130115_044630.png
2026-09-10 13:01:22,857 | INFO     | sap_gui.screenshot | Screenshot saved: C:\infrabeatops\reports\2026-09-10\CARFOUR_QAS\evidence\screenshots\SOST_130122_571682.png
2026-09-10 13:01:29,364 | DEBUG    | sap_gui.tcode_actions | Optional step skipped (SP01 popup select-all): (-2147352567, 'Exception occurred.', (619, 'SAP Frontend Server', 'The control could not be found by id.', 'C:\\Program Files (x86)\\SAP\\FrontEnd\\SAPgui\\sapfront.HLP', 393215, 0), None)
2026-09-10 13:01:30,312 | INFO     | sap_gui.screenshot | Screenshot saved: C:\infrabeatops\reports\2026-09-10\CARFOUR_QAS\evidence\screenshots\SP01_130130_098773.png
2026-09-10 13:01:39,293 | INFO     | sap_gui.screenshot | Screenshot saved: C:\infrabeatops\reports\2026-09-10\CARFOUR_QAS\evidence\screenshots\ST03N_130139_088626.png
2026-09-10 13:01:44,250 | INFO     | sap_gui.tcode_actions | ST22: opened ST22. Selecting TODAY only.
2026-09-10 13:01:44,254 | INFO     | sap_gui.tcode_actions | ST22: TODAY button found. Pressing it.
2026-09-10 13:01:45,811 | INFO     | sap_gui.tcode_actions | ST22: TODAY selection completed.
2026-09-10 13:01:46,017 | INFO     | sap_gui.screenshot | Screenshot saved: C:\infrabeatops\reports\2026-09-10\CARFOUR_QAS\evidence\screenshots\ST22_today_130145_814548.png
2026-09-10 13:01:46,018 | INFO     | sap_gui.tcode_actions | ST22: TODAY screenshot captured: C:\infrabeatops\reports\2026-09-10\CARFOUR_QAS\evidence\screenshots\ST22_today_130145_814548.png
2026-09-10 13:01:46,023 | INFO     | sap_gui.tcode_actions | ST22: status bar = 'No short dumps match the selection criteria'
2026-09-10 13:01:46,036 | INFO     | sap_gui.tcode_actions | ST22: TODAY ALV is not available. This can be normal when there are zero dumps. status='No short dumps match the selection criteria' error=com_error
2026-09-10 13:01:46,037 | INFO     | sap_gui.tcode_actions | ST22: No TODAY ALV detected. Treating TODAY as zero dumps.
2026-09-10 13:01:50,155 | INFO     | sap_gui.screenshot | Screenshot saved: C:\infrabeatops\reports\2026-09-10\CARFOUR_QAS\evidence\screenshots\ST06_130149_885442.png
2026-09-10 13:01:51,533 | INFO     | collectors.sap_gui_collector | Collected evidence for 22 T-codes.
2026-09-10 13:01:51,654 | INFO     | core.status_snapshot | Status snapshot saved for CARFOUR QAS: C:\infrabeatops\dashboard\snapshots\CARFOURQAS.json
2026-09-10 13:01:54,770 | INFO     | reporting.excel_template_writer | MetroBrands Excel template filled: C:/infrabeatops/reports/2026-09-10/CARFOUR_QAS/CARFOUR_QAS_Monitoring_Sheet.xlsx
2026-09-10 13:02:18,868 | WARNING  | collectors.rfc_live | [CARFOUR QAS] live read failed, parked for 900s: 2 (rc=2): key=RFC_LOGON_FAILURE, message=Name or password is incorrect (repeat logon) [MSG: class=, type=, number=, v1-4:=;;;]
2026-09-10 13:02:22,379 | INFO     | collectors.rfc_perf | [CENTOR_QAS] 42 STAT records, 0 dialog steps in the window (task mix: 0x12, 0xb, 0xe, 0xf, AUTOABAP, BTC, BUF.SYNC, OTHER, SPOOL) -- no GUI activity, metric left absent
2026-09-10 13:02:22,473 | INFO     | collectors.rfc_perf | [CENTOR_QAS] response time: no dialog steps in the last 5 min and no ST03N aggregate -- metric left absent (system idle or collector off)
2026-09-10 13:02:31,928 | WARNING  | collectors.rfc_live | [SARLOHA QAS] live read failed, parked for 120s: host 172.22.1.127:3300 not reachable (TimeoutError) -- network/Basis check, not a code issue
2026-09-10 13:02:34,018 | WARNING  | collectors.rfc_live | [SARLOHA PRD] live read failed, parked for 120s: host 172.22.1.123:3300 not reachable (TimeoutError) -- network/Basis check, not a code issue
2026-09-10 13:02:46,094 | INFO     | main | ===== Pipeline COMPLETE for system CARFOUR QAS (gui_available=True) =====
2026-09-10 14:03:49,852 | INFO     | collectors.ccms_os | [PRD] CCMS OS monitor 'Operating System': matched cpu=1, load_5m=1, mem_free=4, mem_free_inc=1, mem_total=2, swap_free=1
2026-09-10 14:03:50,711 | INFO     | collectors.ccms_os | [CENTOR_QAS] CCMS OS monitor 'Operating System': matched cpu=1, load_5m=1, mem_free=4, mem_free_inc=1, mem_total=2, swap_free=1
2026-09-10 14:03:57,187 | INFO     | collectors.rfc_perf | [PRD] 111 STAT records, 0 dialog steps in the window (task mix: 0x12, 0xb, 0xe, 0xf7, AUTOABAP, BTC, BUF.SYNC, OTHER, SPOOL) -- no GUI activity, metric left absent
2026-09-10 14:03:59,174 | INFO     | collectors.rfc_perf | [CENTOR_QAS] 39 STAT records, 0 dialog steps in the window (task mix: 0x12, 0xb, 0xe, 0xf, AUTOABAP, BTC, BUF.SYNC, OTHER, SPOOL) -- no GUI activity, metric left absent
2026-09-10 14:04:00,297 | INFO     | collectors.rfc_perf | [PRD] response time: STAT records unavailable, using ST03N aggregates
2026-09-10 14:04:00,542 | INFO     | collectors.rfc_perf | [CENTOR_QAS] response time: no dialog steps in the last 5 min and no ST03N aggregate -- metric left absent (system idle or collector off)
2026-09-10 14:04:00,901 | WARNING  | collectors.rfc_perf | [PRD] lock owner stamps run 300 min ahead of SAP system time -- OS time zone on the app server differs from the SAP time zone. Ages corrected; tell Basis.
2026-09-10 14:04:02,127 | INFO     | collectors.rfc_perf | [CENTOR_QAS] SQLMD readable but 0 rows matched DDATE >= '20260903' -- SQL Monitor (transaction SQLM) is not activated on this system. Skipping this read until restart or a manual refresh.
2026-09-10 14:04:02,643 | INFO     | collectors.rfc_perf | [PRD] SQLMD readable but 0 rows matched DDATE >= '20260903' -- SQL Monitor (transaction SQLM) is not activated on this system. Skipping this read until restart or a manual refresh.
2026-09-10 14:04:09,206 | WARNING  | collectors.rfc_live | [SARLOHA QAS] live read failed, parked for 120s: host 172.22.1.127:3300 not reachable (TimeoutError) -- network/Basis check, not a code issue
2026-09-10 14:04:11,219 | WARNING  | collectors.rfc_live | [SARLOHA PRD] live read failed, parked for 120s: host 172.22.1.123:3300 not reachable (TimeoutError) -- network/Basis check, not a code issue
2026-09-10 14:04:13,404 | WARNING  | collectors.rfc_live | [CARFOUR QAS] live read failed, parked for 120s: host 172.28.202.213:3300 not reachable (TimeoutError) -- network/Basis check, not a code issue
2026-09-10 14:04:14,763 | INFO     | collectors.ccms_os | [CENTOR_QAS] CCMS OS monitor 'Operating System': matched cpu=1, load_5m=1, mem_free=4, mem_free_inc=1, mem_total=2, swap_free=1
2026-09-10 14:04:20,620 | INFO     | collectors.rfc_perf | [CENTOR_QAS] 43 STAT records, 0 dialog steps in the window (task mix: 0x12, 0xb, 0xe, 0xf, AUTOABAP, BTC, BUF.SYNC, OTHER, SPOOL) -- no GUI activity, metric left absent
2026-09-10 14:04:21,757 | INFO     | collectors.rfc_perf | [CENTOR_QAS] response time: no dialog steps in the last 5 min and no ST03N aggregate -- metric left absent (system idle or collector off)
2026-09-10 14:04:22,424 | INFO     | collectors.rfc_perf | [CENTOR_QAS] SQLMD readable but 0 rows matched DDATE >= '20260903' -- SQL Monitor (transaction SQLM) is not activated on this system. Skipping this read until restart or a manual refresh.
2026-09-10 14:04:32,730 | INFO     | collectors.ccms_os | [PRD] CCMS OS monitor 'Operating System': matched cpu=1, load_5m=1, mem_free=4, mem_free_inc=1, mem_total=2, swap_free=1
2026-09-10 14:04:36,748 | INFO     | collectors.rfc_perf | [PRD] 113 STAT records, 0 dialog steps in the window (task mix: 0x12, 0xb, 0xe, 0xf7, AUTOABAP, BTC, BUF.SYNC, OTHER, SPOOL) -- no GUI activity, metric left absent
2026-09-10 14:04:37,747 | INFO     | collectors.rfc_perf | [PRD] response time: STAT records unavailable, using ST03N aggregates
2026-09-10 14:04:37,960 | WARNING  | collectors.rfc_perf | [PRD] lock owner stamps run 300 min ahead of SAP system time -- OS time zone on the app server differs from the SAP time zone. Ages corrected; tell Basis.
2026-09-10 14:04:38,327 | INFO     | collectors.rfc_perf | [PRD] SQLMD readable but 0 rows matched DDATE >= '20260903' -- SQL Monitor (transaction SQLM) is not activated on this system. Skipping this read until restart or a manual refresh.
2026-09-10 14:04:45,291 | WARNING  | collectors.rfc_live | [SARLOHA PRD] live read failed, parked for 120s: host 172.22.1.123:3300 not reachable (TimeoutError) -- network/Basis check, not a code issue
2026-09-10 14:09:13,788 | INFO     | collectors.ccms_os | [PRD] CCMS OS monitor 'Operating System': matched cpu=1, load_5m=1, mem_free=4, mem_free_inc=1, mem_total=2, swap_free=1
2026-09-10 14:09:13,924 | INFO     | collectors.ccms_os | [CENTOR_QAS] CCMS OS monitor 'Operating System': matched cpu=1, load_5m=1, mem_free=4, mem_free_inc=1, mem_total=2, swap_free=1
2026-09-10 14:09:19,971 | INFO     | collectors.rfc_perf | [PRD] 107 STAT records, 0 dialog steps in the window (task mix: 0x12, 0xb, 0xe, AUTOABAP, BTC, BUF.SYNC, OTHER, SPOOL) -- no GUI activity, metric left absent
2026-09-10 14:09:21,532 | INFO     | collectors.rfc_perf | [CENTOR_QAS] 41 STAT records, 0 dialog steps in the window (task mix: 0x12, 0xb, 0xe, 0xf, AUTOABAP, BTC, BUF.SYNC, OTHER, SPOOL) -- no GUI activity, metric left absent
2026-09-10 14:09:21,803 | INFO     | collectors.rfc_perf | [PRD] response time: STAT records unavailable, using ST03N aggregates
2026-09-10 14:09:22,188 | WARNING  | collectors.rfc_perf | [PRD] lock owner stamps run 300 min ahead of SAP system time -- OS time zone on the app server differs from the SAP time zone. Ages corrected; tell Basis.
2026-09-10 14:09:22,732 | INFO     | collectors.rfc_perf | [CENTOR_QAS] response time: no dialog steps in the last 5 min and no ST03N aggregate -- metric left absent (system idle or collector off)
2026-09-10 14:09:22,964 | INFO     | collectors.rfc_perf | [PRD] SQLMD readable but 0 rows matched DDATE >= '20260903' -- SQL Monitor (transaction SQLM) is not activated on this system. Skipping this read until restart or a manual refresh.
2026-09-10 14:09:23,907 | INFO     | collectors.rfc_perf | [CENTOR_QAS] SQLMD readable but 0 rows matched DDATE >= '20260903' -- SQL Monitor (transaction SQLM) is not activated on this system. Skipping this read until restart or a manual refresh.
2026-09-10 14:09:29,416 | WARNING  | collectors.rfc_live | [SARLOHA QAS] live read failed, parked for 120s: host 172.22.1.127:3300 not reachable (TimeoutError) -- network/Basis check, not a code issue
2026-09-10 14:09:31,476 | WARNING  | collectors.rfc_live | [SARLOHA PRD] live read failed, parked for 120s: host 172.22.1.123:3300 not reachable (TimeoutError) -- network/Basis check, not a code issue
2026-09-10 14:09:33,773 | INFO     | collectors.ccms_os | [CARFOUR QAS] CCMS OS monitor 'Operating System': matched cpu=1, load_5m=1, mem_free=6, mem_free_inc=1, mem_total=4, swap_free=1
2026-09-10 14:09:54,977 | INFO     | collectors.rfc_perf | [CARFOUR QAS] 327 STAT records, 0 dialog steps in the window (task mix: 0x12, 0x15, 0x19, 0xb, 0xe, 0xf, 0xf8, AUTOABAP, BTC, BUF.SYNC, OTHER, RFC, SPOOL, UPDATE) -- no GUI activity, metric left absent
2026-09-10 14:10:00,634 | INFO     | collectors.rfc_perf | [CARFOUR QAS] response time: STAT records unavailable, using ST03N aggregates
2026-09-10 14:10:03,452 | INFO     | collectors.rfc_perf | [CARFOUR QAS] SQLMD readable but 0 rows matched DDATE >= '20260903' -- SQL Monitor (transaction SQLM) is not activated on this system. Skipping this read until restart or a manual refresh.
2026-09-10 14:12:43,740 | WARNING  | collectors.rfc_live | [SARLOHA QAS] live read failed, parked for 120s: host 172.22.1.127:3300 not reachable (TimeoutError) -- network/Basis check, not a code issue
2026-09-10 14:12:45,800 | WARNING  | collectors.rfc_live | [SARLOHA PRD] live read failed, parked for 120s: host 172.22.1.123:3300 not reachable (TimeoutError) -- network/Basis check, not a code issue
2026-09-10 14:14:43,902 | INFO     | collectors.ccms_os | [CARFOUR QAS] CCMS OS monitor 'Operating System': matched cpu=1, load_5m=1, mem_free=6, mem_free_inc=1, mem_total=4, swap_free=1
2026-09-10 14:15:06,538 | INFO     | collectors.rfc_perf | [CARFOUR QAS] 283 STAT records, 0 dialog steps in the window (task mix: 0x12, 0x15, 0x19, 0xb, 0xe, 0xf, 0xf8, AUTOABAP, BTC, BUF.SYNC, OTHER, RFC, SPOOL, UPDATE) -- no GUI activity, metric left absent
2026-09-10 14:15:10,040 | INFO     | collectors.rfc_perf | [CARFOUR QAS] response time: STAT records unavailable, using ST03N aggregates
2026-09-10 14:15:11,884 | INFO     | collectors.rfc_perf | [CARFOUR QAS] SQLMD readable but 0 rows matched DDATE >= '20260903' -- SQL Monitor (transaction SQLM) is not activated on this system. Skipping this read until restart or a manual refresh.
2026-09-10 14:17:09,419 | INFO     | collectors.ccms_os | [PRD] CCMS OS monitor 'Operating System': matched cpu=1, load_5m=1, mem_free=4, mem_free_inc=1, mem_total=2, swap_free=1
2026-09-10 14:17:10,191 | INFO     | collectors.ccms_os | [CENTOR_QAS] CCMS OS monitor 'Operating System': matched cpu=1, load_5m=1, mem_free=4, mem_free_inc=1, mem_total=2, swap_free=1
2026-09-10 14:17:17,241 | INFO     | collectors.rfc_perf | [PRD] 102 STAT records, 0 dialog steps in the window (task mix: 0x12, 0x21, 0xb, 0xe, AUTOABAP, BTC, BUF.SYNC, OTHER, SPOOL) -- no GUI activity, metric left absent
2026-09-10 14:17:20,116 | INFO     | collectors.rfc_perf | [CENTOR_QAS] 39 STAT records, 0 dialog steps in the window (task mix: 0x12, 0xb, 0xe, 0xf, AUTOABAP, BTC, BUF.SYNC, OTHER, SPOOL) -- no GUI activity, metric left absent
2026-09-10 14:17:21,399 | INFO     | collectors.rfc_perf | [CENTOR_QAS] response time: no dialog steps in the last 5 min and no ST03N aggregate -- metric left absent (system idle or collector off)
2026-09-10 14:17:22,581 | INFO     | collectors.rfc_perf | [PRD] response time: STAT records unavailable, using ST03N aggregates
2026-09-10 14:17:23,293 | INFO     | collectors.rfc_perf | [CENTOR_QAS] SQLMD readable but 0 rows matched DDATE >= '20260903' -- SQL Monitor (transaction SQLM) is not activated on this system. Skipping this read until restart or a manual refresh.
2026-09-10 14:17:24,546 | WARNING  | collectors.rfc_perf | [PRD] lock owner stamps run 285 min ahead of SAP system time -- OS time zone on the app server differs from the SAP time zone. Ages corrected; tell Basis.
2026-09-10 14:17:26,011 | INFO     | collectors.rfc_perf | [PRD] SQLMD readable but 0 rows matched DDATE >= '20260903' -- SQL Monitor (transaction SQLM) is not activated on this system. Skipping this read until restart or a manual refresh.
2026-09-10 14:17:37,187 | WARNING  | collectors.rfc_live | [SARLOHA QAS] live read failed, parked for 120s: host 172.22.1.127:3300 not reachable (TimeoutError) -- network/Basis check, not a code issue
2026-09-10 14:17:39,266 | WARNING  | collectors.rfc_live | [SARLOHA PRD] live read failed, parked for 120s: host 172.22.1.123:3300 not reachable (TimeoutError) -- network/Basis check, not a code issue
2026-09-10 14:17:45,171 | INFO     | main | ===== Pipeline START for system CARFOUR QAS =====
2026-09-10 14:17:45,187 | INFO     | main | CARFOUR QAS: has_os_access=false -- skipping OS/SSH metrics entirely (not attempting).
2026-09-10 14:17:49,903 | INFO     | sap_gui.launcher | Launching SAP Logon: C:\Program Files (x86)\SAP\FrontEnd\SAPgui\saplogon.exe
2026-09-10 14:18:18,563 | INFO     | sap_gui.launcher | SAP Logon 800 pad is visible.
2026-09-10 14:18:19,572 | INFO     | sap_gui.launcher | Selecting connection: CARFOUR QAS
2026-09-10 14:18:44,833 | INFO     | sap_gui.launcher | Opened connection 'CARFOUR QAS' via keyboard activation.
2026-09-10 14:18:47,015 | INFO     | sap_gui.connection | Finding SAP login window...
2026-09-10 14:18:49,104 | INFO     | sap_gui.connection | SAP login window found: 'SAP' (pattern '^SAP$').
2026-09-10 14:18:50,149 | INFO     | sap_gui.connection | Moving to Client field...
2026-09-10 14:18:50,705 | INFO     | sap_gui.connection | Clearing existing Client value...
2026-09-10 14:18:51,158 | INFO     | sap_gui.connection | Entering Client: 800
2026-09-10 14:18:52,134 | INFO     | sap_gui.connection | Entering Username: CAQ_admin
2026-09-10 14:18:53,134 | INFO     | sap_gui.connection | Entering Password... (masked)
2026-09-10 14:18:53,876 | INFO     | sap_gui.connection | Client, username and password populated.
2026-09-10 14:18:53,878 | INFO     | sap_gui.connection | Submitting login (ENTER)...
2026-09-10 14:18:55,932 | INFO     | sap_gui.connection | Login submitted.
2026-09-10 14:18:56,501 | INFO     | sap_gui.connection | Login verified: SAP session window detected, login screen closed.
2026-09-10 14:18:57,098 | INFO     | sap_gui.scripting_connection | Scripting session acquired: System=CAQ, Client=800, User=CAQ_ADMIN
2026-09-10 14:19:27,026 | INFO     | collectors.rfc_perf | [CARFOUR QAS] SQLMD readable but 0 rows matched DDATE >= '20260903' -- SQL Monitor (transaction SQLM) is not activated on this system. Skipping this read until restart or a manual refresh.
2026-09-10 14:19:27,039 | INFO     | collectors.rfc_perf | [CARFOUR QAS] RFC perf collector: 11 metrics
2026-09-10 14:19:27,169 | INFO     | sap_gui.scripting_connection | Scripting session acquired: System=CAQ, Client=000, User=
2026-09-10 14:19:29,461 | INFO     | sap_gui.screenshot | Screenshot saved: C:\infrabeatops\reports\2026-09-10\CARFOUR_QAS\evidence\screenshots\AL08_141929_281208.png
2026-09-10 14:19:32,641 | DEBUG    | sap_gui.tcode_actions | Optional step skipped (DB01 header width): (-2147352567, 'Exception occurred.', (619, 'SAP Frontend Server', 'The control could not be found by id.', 'C:\\Program Files (x86)\\SAP\\FrontEnd\\SAPgui\\sapfront.HLP', 393215, 0), None)
2026-09-10 14:19:32,756 | INFO     | sap_gui.screenshot | Screenshot saved: C:\infrabeatops\reports\2026-09-10\CARFOUR_QAS\evidence\screenshots\DB01_141932_644459.png
2026-09-10 14:19:35,396 | DEBUG    | sap_gui.tcode_actions | Optional step skipped (DB02 header width): (-2147352567, 'Exception occurred.', (619, 'SAP Frontend Server', 'The control could not be found by id.', 'C:\\Program Files (x86)\\SAP\\FrontEnd\\SAPgui\\sapfront.HLP', 393215, 0), None)
2026-09-10 14:19:35,399 | WARNING  | sap_gui.tcode_actions | DB02 tree navigation failed: (-2147352567, 'Exception occurred.', (619, 'SAP Frontend Server', 'The control could not be found by id.', 'C:\\Program Files (x86)\\SAP\\FrontEnd\\SAPgui\\sapfront.HLP', 393215, 0), None)
2026-09-10 14:19:35,530 | INFO     | sap_gui.screenshot | Screenshot saved: C:\infrabeatops\reports\2026-09-10\CARFOUR_QAS\evidence\screenshots\DB02_141935_404215.png
2026-09-10 14:19:38,061 | DEBUG    | sap_gui.tcode_actions | Optional step skipped (DB12 sort column): (-2147352567, 'Exception occurred.', (619, 'SAP Frontend Server', 'The control could not be found by id.', 'C:\\Program Files (x86)\\SAP\\FrontEnd\\SAPgui\\sapfront.HLP', 393215, 0), None)
2026-09-10 14:19:38,206 | INFO     | sap_gui.screenshot | Screenshot saved: C:\infrabeatops\reports\2026-09-10\CARFOUR_QAS\evidence\screenshots\DB12_141938_062569.png
2026-09-10 14:19:40,747 | WARNING  | sap_gui.tcode_actions | SCOT SMTP node navigation failed: (-2147352567, 'Exception occurred.', (619, 'SAP Frontend Server', 'The control could not be found by id.', 'C:\\Program Files (x86)\\SAP\\FrontEnd\\SAPgui\\sapfront.HLP', 393215, 0), None)
2026-09-10 14:19:40,870 | INFO     | sap_gui.screenshot | Screenshot saved: C:\infrabeatops\reports\2026-09-10\CARFOUR_QAS\evidence\screenshots\SCOT_141940_750778.png
2026-09-10 14:19:41,606 | INFO     | sap_gui.tcode_actions | SM12: trying classic 'Select Lock Entries' variant.
2026-09-10 14:19:43,706 | WARNING  | sap_gui.tcode_actions | SM12: classic variant unavailable/failed: com_error: (-2147352567, 'Exception occurred.', (619, 'SAP Frontend Server', 'The control could not be found by id.', 'C:\\Program Files (x86)\\SAP\\FrontEnd\\SAPgui\\sapfront.HLP', 393215, 0), None)
2026-09-10 14:19:43,707 | INFO     | sap_gui.tcode_actions | SM12: trying 'Enqueue Administration' variant.
2026-09-10 14:19:43,710 | INFO     | sap_gui.tcode_actions | SM12: command field found for Enqueue Administration.
2026-09-10 14:19:43,718 | INFO     | sap_gui.tcode_actions | SM12: entering /NSM12.
2026-09-10 14:19:44,606 | INFO     | sap_gui.tcode_actions | SM12: /NSM12 submitted.
2026-09-10 14:19:44,823 | WARNING  | collectors.sap_gui_collector | T-code SM12 attempt 1/3 failed (kind=session): com_error
2026-09-10 14:19:51,039 | INFO     | sap_gui.tcode_navigator | Recovered session back to easy-access screen for retry.
2026-09-10 14:19:52,031 | INFO     | sap_gui.scripting_connection | Scripting session acquired: System=CAQ, Client=000, User=
2026-09-10 14:19:54,182 | INFO     | sap_gui.tcode_actions | SM12: trying classic 'Select Lock Entries' variant.
2026-09-10 14:19:57,206 | WARNING  | sap_gui.tcode_actions | SM12: classic variant unavailable/failed: com_error: (-2147352567, 'Exception occurred.', (619, 'SAP Frontend Server', 'The control could not be found by id.', 'C:\\Program Files (x86)\\SAP\\FrontEnd\\SAPgui\\sapfront.HLP', 393215, 0), None)
2026-09-10 14:19:57,206 | INFO     | sap_gui.tcode_actions | SM12: trying 'Enqueue Administration' variant.
2026-09-10 14:19:57,208 | INFO     | sap_gui.tcode_actions | SM12: command field found for Enqueue Administration.
2026-09-10 14:19:57,213 | INFO     | sap_gui.tcode_actions | SM12: entering /NSM12.
2026-09-10 14:19:57,836 | INFO     | sap_gui.tcode_actions | SM12: /NSM12 submitted.
2026-09-10 14:19:57,838 | WARNING  | collectors.sap_gui_collector | T-code SM12 attempt 2/3 failed (kind=session): com_error
2026-09-10 14:20:01,454 | INFO     | sap_gui.tcode_navigator | Recovered session back to easy-access screen for retry.
2026-09-10 14:20:02,427 | ERROR    | sap_gui.scripting_connection | Failed to get scripting session: (-2147352567, 'Exception occurred.', (614, 'saplogon', 'The enumerator of the collection cannot find an element with the specified index.', 'C:\\Program Files (x86)\\SAP\\FrontEnd\\SAPgui\\saplogon.HLP', 393215, 0), None)
2026-09-10 14:20:02,431 | WARNING  | collectors.sap_gui_collector | Could not reacquire SAP GUI session: com_error
2026-09-10 14:20:06,434 | INFO     | sap_gui.tcode_actions | SM12: trying classic 'Select Lock Entries' variant.
2026-09-10 14:20:06,437 | WARNING  | sap_gui.tcode_actions | SM12: classic variant unavailable/failed: com_error: (-2147417848, 'The object invoked has disconnected from its clients.', None, None)
2026-09-10 14:20:06,438 | INFO     | sap_gui.tcode_actions | SM12: trying 'Enqueue Administration' variant.
2026-09-10 14:20:06,441 | WARNING  | collectors.sap_gui_collector | T-code SM12 attempt 3/3 failed (kind=session): com_error
2026-09-10 14:20:06,442 | WARNING  | collectors.sap_gui_collector | T-code SM13 attempt 1/3 failed (kind=session): com_error
2026-09-10 14:20:06,467 | WARNING  | sap_gui.tcode_navigator | recover_session: could not return to easy-access screen: (-2147417848, 'The object invoked has disconnected from its clients.', None, None)
2026-09-10 14:20:06,525 | ERROR    | sap_gui.scripting_connection | Failed to get scripting session: No SAP connections found in scripting engine.
2026-09-10 14:20:06,526 | WARNING  | collectors.sap_gui_collector | Could not reacquire SAP GUI session: RuntimeError
2026-09-10 14:20:08,580 | WARNING  | collectors.sap_gui_collector | T-code SM13 attempt 2/3 failed (kind=session): com_error
2026-09-10 14:20:08,731 | WARNING  | sap_gui.tcode_navigator | recover_session: could not return to easy-access screen: (-2147417848, 'The object invoked has disconnected from its clients.', None, None)
2026-09-10 14:20:11,462 | ERROR    | sap_gui.scripting_connection | Failed to get scripting session: No SAP connections found in scripting engine.
2026-09-10 14:20:11,525 | WARNING  | collectors.sap_gui_collector | Could not reacquire SAP GUI session: RuntimeError
2026-09-10 14:20:15,771 | WARNING  | collectors.sap_gui_collector | T-code SM13 attempt 3/3 failed (kind=session): com_error
2026-09-10 14:20:15,846 | WARNING  | collectors.sap_gui_collector | T-code SM21 attempt 1/3 failed (kind=session): com_error
2026-09-10 14:20:16,060 | WARNING  | sap_gui.tcode_navigator | recover_session: could not return to easy-access screen: (-2147417848, 'The object invoked has disconnected from its clients.', None, None)
2026-09-10 14:20:16,805 | ERROR    | sap_gui.scripting_connection | Failed to get scripting session: No SAP connections found in scripting engine.
2026-09-10 14:20:16,869 | WARNING  | collectors.sap_gui_collector | Could not reacquire SAP GUI session: RuntimeError
2026-09-10 14:20:19,106 | WARNING  | collectors.sap_gui_collector | T-code SM21 attempt 2/3 failed (kind=session): com_error
2026-09-10 14:20:19,415 | WARNING  | sap_gui.tcode_navigator | recover_session: could not return to easy-access screen: (-2147417848, 'The object invoked has disconnected from its clients.', None, None)
2026-09-10 14:20:20,026 | ERROR    | sap_gui.scripting_connection | Failed to get scripting session: No SAP connections found in scripting engine.
2026-09-10 14:20:20,061 | WARNING  | collectors.sap_gui_collector | Could not reacquire SAP GUI session: RuntimeError
2026-09-10 14:20:24,198 | WARNING  | collectors.sap_gui_collector | T-code SM21 attempt 3/3 failed (kind=session): com_error
2026-09-10 14:20:24,239 | WARNING  | collectors.sap_gui_collector | T-code SM37 attempt 1/3 failed (kind=session): com_error
2026-09-10 14:20:24,387 | WARNING  | sap_gui.tcode_navigator | recover_session: could not return to easy-access screen: (-2147417848, 'The object invoked has disconnected from its clients.', None, None)
2026-09-10 14:20:24,548 | ERROR    | sap_gui.scripting_connection | Failed to get scripting session: No SAP connections found in scripting engine.
2026-09-10 14:20:24,609 | WARNING  | collectors.sap_gui_collector | Could not reacquire SAP GUI session: RuntimeError
2026-09-10 14:20:26,642 | WARNING  | collectors.sap_gui_collector | T-code SM37 attempt 2/3 failed (kind=session): com_error
2026-09-10 14:20:26,728 | WARNING  | sap_gui.tcode_navigator | recover_session: could not return to easy-access screen: (-2147417848, 'The object invoked has disconnected from its clients.', None, None)
2026-09-10 14:20:29,230 | ERROR    | sap_gui.scripting_connection | Failed to get scripting session: SAP connection found but no sessions attached. Try fully closing SAP Logon/SAP GUI and logging in fresh.
2026-09-10 14:20:29,280 | WARNING  | collectors.sap_gui_collector | Could not reacquire SAP GUI session: RuntimeError
2026-09-10 14:20:33,323 | WARNING  | collectors.sap_gui_collector | T-code SM37 attempt 3/3 failed (kind=session): com_error
2026-09-10 14:20:33,326 | WARNING  | collectors.sap_gui_collector | T-code SM37_CANCELLED attempt 1/3 failed (kind=session): com_error
2026-09-10 14:20:33,330 | WARNING  | sap_gui.tcode_navigator | recover_session: could not return to easy-access screen: (-2147417848, 'The object invoked has disconnected from its clients.', None, None)
2026-09-10 14:20:33,582 | INFO     | sap_gui.scripting_connection | Scripting session acquired: System=CAQ, Client=000, User=
2026-09-10 14:20:37,679 | INFO     | sap_gui.tcode_actions | SM37 cancelled: searching from 09.09.2026 to 10.09.2026.
2026-09-10 14:20:37,682 | WARNING  | collectors.sap_gui_collector | T-code SM37_CANCELLED attempt 2/3 failed (kind=session): com_error
2026-09-10 14:20:39,783 | INFO     | sap_gui.tcode_navigator | Recovered session back to easy-access screen for retry.
2026-09-10 14:20:39,921 | INFO     | sap_gui.scripting_connection | Scripting session acquired: System=CAQ, Client=000, User=
2026-09-10 14:22:49,572 | WARNING  | collectors.rfc_live | [SARLOHA PRD] live read failed, parked for 120s: host 172.22.1.123:3300 not reachable (TimeoutError) -- network/Basis check, not a code issue
2026-09-10 14:22:49,757 | INFO     | collectors.ccms_os | [CENTOR_QAS] CCMS OS monitor 'Operating System': matched cpu=1, load_5m=1, mem_free=4, mem_free_inc=1, mem_total=2, swap_free=1
2026-09-10 14:22:51,466 | INFO     | collectors.ccms_os | [PRD] CCMS OS monitor 'Operating System': matched cpu=1, load_5m=1, mem_free=4, mem_free_inc=1, mem_total=2, swap_free=1
2026-09-10 14:22:57,537 | INFO     | collectors.rfc_perf | [PRD] 103 STAT records, 0 dialog steps in the window (task mix: 0x12, 0xb, 0xe, AUTOABAP, BTC, BUF.SYNC, OTHER, SPOOL) -- no GUI activity, metric left absent
2026-09-10 14:23:00,021 | INFO     | collectors.rfc_perf | [CENTOR_QAS] SQLMD readable but 0 rows matched DDATE >= '20260903' -- SQL Monitor (transaction SQLM) is not activated on this system. Skipping this read until restart or a manual refresh.
2026-09-10 14:23:00,247 | INFO     | collectors.rfc_perf | [PRD] response time: STAT records unavailable, using ST03N aggregates
2026-09-10 14:23:01,043 | WARNING  | collectors.rfc_perf | [PRD] lock owner stamps run 285 min ahead of SAP system time -- OS time zone on the app server differs from the SAP time zone. Ages corrected; tell Basis.
2026-09-10 14:23:02,042 | INFO     | collectors.rfc_perf | [PRD] SQLMD readable but 0 rows matched DDATE >= '20260903' -- SQL Monitor (transaction SQLM) is not activated on this system. Skipping this read until restart or a manual refresh.
2026-09-10 14:23:02,741 | INFO     | main | ===== Pipeline START for system CARFOUR QAS =====
2026-09-10 14:23:02,744 | INFO     | main | CARFOUR QAS: has_os_access=false -- skipping OS/SSH metrics entirely (not attempting).
2026-09-10 14:23:05,388 | INFO     | sap_gui.launcher | Launching SAP Logon: C:\Program Files (x86)\SAP\FrontEnd\SAPgui\saplogon.exe
2026-09-10 14:23:11,473 | WARNING  | collectors.rfc_live | [SARLOHA QAS] live read failed, parked for 120s: host 172.22.1.127:3300 not reachable (TimeoutError) -- network/Basis check, not a code issue
2026-09-10 14:23:14,909 | INFO     | collectors.ccms_os | [CARFOUR QAS] CCMS OS monitor 'Operating System': matched cpu=1, load_5m=1, mem_free=6, mem_free_inc=1, mem_total=4, swap_free=1
2026-09-10 14:23:28,983 | INFO     | sap_gui.launcher | SAP Logon 800 pad is visible.
2026-09-10 14:23:30,001 | INFO     | sap_gui.launcher | Selecting connection: CARFOUR QAS
2026-09-10 14:23:54,968 | INFO     | collectors.rfc_perf | [CARFOUR QAS] SQLMD readable but 0 rows matched DDATE >= '20260903' -- SQL Monitor (transaction SQLM) is not activated on this system. Skipping this read until restart or a manual refresh.
2026-09-10 14:23:59,857 | INFO     | sap_gui.launcher | Opened connection 'CARFOUR QAS' via keyboard activation.
2026-09-10 14:24:02,709 | INFO     | sap_gui.connection | Finding SAP login window...
2026-09-10 14:24:04,346 | INFO     | sap_gui.connection | SAP login window found: 'SAP' (pattern '^SAP$').
2026-09-10 14:24:05,380 | INFO     | sap_gui.connection | Moving to Client field...
2026-09-10 14:24:05,931 | INFO     | sap_gui.connection | Clearing existing Client value...
2026-09-10 14:24:06,366 | INFO     | sap_gui.connection | Entering Client: 800
2026-09-10 14:24:07,307 | INFO     | sap_gui.connection | Entering Username: CAQ_admin
2026-09-10 14:24:08,299 | INFO     | sap_gui.connection | Entering Password... (masked)
2026-09-10 14:24:09,041 | INFO     | sap_gui.connection | Client, username and password populated.
2026-09-10 14:24:09,042 | INFO     | sap_gui.connection | Submitting login (ENTER)...
2026-09-10 14:24:11,102 | INFO     | sap_gui.connection | Login submitted.
2026-09-10 14:24:11,681 | INFO     | sap_gui.connection | Login verified: SAP session window detected, login screen closed.
2026-09-10 14:24:11,824 | INFO     | sap_gui.scripting_connection | Scripting session acquired: System=CAQ, Client=800, User=CAQ_ADMIN
2026-09-10 14:24:30,945 | INFO     | collectors.rfc_perf | [CARFOUR QAS] SQLMD readable but 0 rows matched DDATE >= '20260903' -- SQL Monitor (transaction SQLM) is not activated on this system. Skipping this read until restart or a manual refresh.
2026-09-10 14:24:30,964 | INFO     | collectors.rfc_perf | [CARFOUR QAS] RFC perf collector: 11 metrics
2026-09-10 14:24:31,041 | INFO     | sap_gui.scripting_connection | Scripting session acquired: System=CAQ, Client=800, User=CAQ_ADMIN
2026-09-10 14:24:36,238 | INFO     | sap_gui.screenshot | Screenshot saved: C:\infrabeatops\reports\2026-09-10\CARFOUR_QAS\evidence\screenshots\AL08_142435_910655.png
2026-09-10 14:24:48,985 | INFO     | sap_gui.screenshot | Screenshot saved: C:\infrabeatops\reports\2026-09-10\CARFOUR_QAS\evidence\screenshots\DB01_142448_679325.png
2026-09-10 14:24:58,300 | INFO     | sap_gui.screenshot | Screenshot saved: C:\infrabeatops\reports\2026-09-10\CARFOUR_QAS\evidence\screenshots\DB02_142458_011733.png
2026-09-10 14:25:04,596 | INFO     | sap_gui.screenshot | Screenshot saved: C:\infrabeatops\reports\2026-09-10\CARFOUR_QAS\evidence\screenshots\DB12_142504_243874.png
2026-09-10 14:25:11,154 | WARNING  | sap_gui.tcode_actions | SCOT SMTP node navigation failed: (-2147352567, 'Exception occurred.', (0, 'SAP Frontend Server', '', None, 0, -2147467259), None)
2026-09-10 14:25:11,354 | INFO     | sap_gui.screenshot | Screenshot saved: C:\infrabeatops\reports\2026-09-10\CARFOUR_QAS\evidence\screenshots\SCOT_142511_157141.png
2026-09-10 14:25:12,148 | INFO     | sap_gui.tcode_actions | SM12: trying classic 'Select Lock Entries' variant.
2026-09-10 14:25:15,010 | WARNING  | sap_gui.tcode_actions | SM12: classic variant unavailable/failed: com_error: (-2147352567, 'Exception occurred.', (619, 'SAP Frontend Server', 'The control could not be found by id.', 'C:\\Program Files (x86)\\SAP\\FrontEnd\\SAPgui\\sapfront.HLP', 393215, 0), None)
2026-09-10 14:25:15,012 | INFO     | sap_gui.tcode_actions | SM12: trying 'Enqueue Administration' variant.
2026-09-10 14:25:15,023 | INFO     | sap_gui.tcode_actions | SM12: command field found for Enqueue Administration.
2026-09-10 14:25:15,034 | INFO     | sap_gui.tcode_actions | SM12: entering /NSM12.
2026-09-10 14:25:16,190 | INFO     | sap_gui.tcode_actions | SM12: /NSM12 submitted.
2026-09-10 14:25:16,199 | INFO     | sap_gui.tcode_actions | SM12: Enqueue Administration USERNAME field found.
2026-09-10 14:25:16,215 | INFO     | sap_gui.tcode_actions | SM12: Enqueue Administration USERNAME set to '*'.
2026-09-10 14:25:16,228 | INFO     | sap_gui.tcode_actions | SM12: Enqueue Administration LIMIT field found.
2026-09-10 14:25:16,235 | INFO     | sap_gui.tcode_actions | SM12: Enqueue Administration LIMIT cleared.
2026-09-10 14:25:16,240 | INFO     | sap_gui.tcode_actions | SM12: Enqueue Administration LOAD button found.
2026-09-10 14:25:16,889 | INFO     | sap_gui.tcode_actions | SM12: Enqueue Administration LOAD pressed.
2026-09-10 14:25:17,692 | INFO     | sap_gui.screenshot | Screenshot saved: C:\infrabeatops\reports\2026-09-10\CARFOUR_QAS\evidence\screenshots\SM12_142517_528016.png
2026-09-10 14:25:17,694 | INFO     | sap_gui.tcode_actions | SM12: Enqueue Administration variant executed successfully. Screenshot=C:\infrabeatops\reports\2026-09-10\CARFOUR_QAS\evidence\screenshots\SM12_142517_528016.png
2026-09-10 14:25:18,577 | INFO     | sap_gui.tcode_actions | SM12: Lock Table count = 2
2026-09-10 14:25:22,732 | INFO     | sap_gui.screenshot | Screenshot saved: C:\infrabeatops\reports\2026-09-10\CARFOUR_QAS\evidence\screenshots\SM13_142522_531944.png
2026-09-10 14:25:29,261 | INFO     | sap_gui.screenshot | Screenshot saved: C:\infrabeatops\reports\2026-09-10\CARFOUR_QAS\evidence\screenshots\SM21_142529_031183.png
2026-09-10 14:25:35,004 | INFO     | sap_gui.tcode_actions | SM37 active: SAP status = 'No job matches the selection criteria'
2026-09-10 14:25:35,006 | INFO     | sap_gui.tcode_actions | SM37 active: no running jobs found for 10.09.2026.
2026-09-10 14:25:35,155 | INFO     | sap_gui.screenshot | Screenshot saved: C:\infrabeatops\reports\2026-09-10\CARFOUR_QAS\evidence\screenshots\SM37_142535_007904.png
2026-09-10 14:25:38,068 | INFO     | sap_gui.tcode_actions | SM37 cancelled: searching from 09.09.2026 to 10.09.2026.
2026-09-10 14:25:38,163 | INFO     | sap_gui.tcode_actions | SM37 cancelled: Canceled/ABORTED selection = True
2026-09-10 14:25:39,574 | INFO     | sap_gui.tcode_actions | SM37 cancelled: SAP status = ''
2026-09-10 14:25:39,754 | INFO     | sap_gui.screenshot | Screenshot saved: C:\infrabeatops\reports\2026-09-10\CARFOUR_QAS\evidence\screenshots\SM37_CANCELLED_142539_578983.png
2026-09-10 14:25:40,911 | INFO     | sap_gui.tcode_actions | SM37 cancelled: 2 canceled job row(s) detected.
2026-09-10 14:25:40,913 | INFO     | sap_gui.tcode_actions | SM37 cancelled job 1: name='TRANSFER_SALERETUEN_UNRESR', user='IB_HARSH', date='09.09.2026', time='14:25:33', duration='0', delay='36', client=''
2026-09-10 14:25:40,913 | INFO     | sap_gui.tcode_actions | SM37 cancelled job 2: name='TRANSFER_SALERETUEN_UNRESR', user='IB_HARSH', date='10.09.2026', time='14:25:35', duration='0', delay='38', client=''
2026-09-10 14:25:45,160 | DEBUG    | sap_gui.tcode_actions | Optional step skipped (SM51 select all servers): (-2147352567, 'Exception occurred.', (619, 'SAP Frontend Server', 'The control could not be found by id.', 'C:\\Program Files (x86)\\SAP\\FrontEnd\\SAPgui\\sapfront.HLP', 393215, 0), None)
2026-09-10 14:25:45,414 | INFO     | sap_gui.screenshot | Screenshot saved: C:\infrabeatops\reports\2026-09-10\CARFOUR_QAS\evidence\screenshots\SM51_142545_161936.png
2026-09-10 14:25:49,715 | INFO     | sap_gui.screenshot | Screenshot saved: C:\infrabeatops\reports\2026-09-10\CARFOUR_QAS\evidence\screenshots\SM58_142549_598318.png
2026-09-10 14:25:56,008 | INFO     | sap_gui.screenshot | Screenshot saved: C:\infrabeatops\reports\2026-09-10\CARFOUR_QAS\evidence\screenshots\SM50_142555_722605.png
2026-09-10 14:26:02,823 | DEBUG    | sap_gui.tcode_actions | Optional step skipped (SM66 sort column): (-2147352567, 'Exception occurred.', (619, 'SAP Frontend Server', 'The control could not be found by id.', 'C:\\Program Files (x86)\\SAP\\FrontEnd\\SAPgui\\sapfront.HLP', 393215, 0), None)
2026-09-10 14:26:03,033 | INFO     | sap_gui.screenshot | Screenshot saved: C:\infrabeatops\reports\2026-09-10\CARFOUR_QAS\evidence\screenshots\SM66_142602_825037.png
2026-09-10 14:26:08,344 | INFO     | sap_gui.screenshot | Screenshot saved: C:\infrabeatops\reports\2026-09-10\CARFOUR_QAS\evidence\screenshots\SMLG_142608_208037.png
2026-09-10 14:26:12,010 | INFO     | sap_gui.screenshot | Screenshot saved: C:\infrabeatops\reports\2026-09-10\CARFOUR_QAS\evidence\screenshots\SMQ1_142611_860608.png
2026-09-10 14:26:16,129 | INFO     | sap_gui.screenshot | Screenshot saved: C:\infrabeatops\reports\2026-09-10\CARFOUR_QAS\evidence\screenshots\SMQ2_142615_965639.png
2026-09-10 14:26:24,553 | INFO     | sap_gui.screenshot | Screenshot saved: C:\infrabeatops\reports\2026-09-10\CARFOUR_QAS\evidence\screenshots\SOST_142624_237969.png
2026-09-10 14:26:31,065 | DEBUG    | sap_gui.tcode_actions | Optional step skipped (SP01 popup select-all): (-2147352567, 'Exception occurred.', (619, 'SAP Frontend Server', 'The control could not be found by id.', 'C:\\Program Files (x86)\\SAP\\FrontEnd\\SAPgui\\sapfront.HLP', 393215, 0), None)
2026-09-10 14:26:31,939 | INFO     | sap_gui.screenshot | Screenshot saved: C:\infrabeatops\reports\2026-09-10\CARFOUR_QAS\evidence\screenshots\SP01_142631_757783.png
2026-09-10 14:26:38,904 | DEBUG    | sap_gui.tcode_actions | Optional step skipped (ST03N confirm popup): (-2147352567, 'Exception occurred.', (619, 'SAP Frontend Server', 'The control could not be found by id.', 'C:\\Program Files (x86)\\SAP\\FrontEnd\\SAPgui\\sapfront.HLP', 393215, 0), None)
2026-09-10 14:26:39,953 | INFO     | sap_gui.screenshot | Screenshot saved: C:\infrabeatops\reports\2026-09-10\CARFOUR_QAS\evidence\screenshots\ST03N_142639_749273.png
2026-09-10 14:26:44,772 | INFO     | sap_gui.tcode_actions | ST22: opened ST22. Selecting TODAY only.
2026-09-10 14:26:44,774 | INFO     | sap_gui.tcode_actions | ST22: TODAY button found. Pressing it.
2026-09-10 14:26:46,289 | INFO     | sap_gui.tcode_actions | ST22: TODAY selection completed.
2026-09-10 14:26:46,462 | INFO     | sap_gui.screenshot | Screenshot saved: C:\infrabeatops\reports\2026-09-10\CARFOUR_QAS\evidence\screenshots\ST22_today_142646_290435.png
2026-09-10 14:26:46,463 | INFO     | sap_gui.tcode_actions | ST22: TODAY screenshot captured: C:\infrabeatops\reports\2026-09-10\CARFOUR_QAS\evidence\screenshots\ST22_today_142646_290435.png
2026-09-10 14:26:46,469 | INFO     | sap_gui.tcode_actions | ST22: status bar = 'No short dumps match the selection criteria'
2026-09-10 14:26:46,484 | INFO     | sap_gui.tcode_actions | ST22: TODAY ALV is not available. This can be normal when there are zero dumps. status='No short dumps match the selection criteria' error=com_error
2026-09-10 14:26:46,485 | INFO     | sap_gui.tcode_actions | ST22: No TODAY ALV detected. Treating TODAY as zero dumps.
2026-09-10 14:26:51,581 | INFO     | sap_gui.screenshot | Screenshot saved: C:\infrabeatops\reports\2026-09-10\CARFOUR_QAS\evidence\screenshots\ST06_142651_312823.png
2026-09-10 14:26:54,124 | INFO     | collectors.sap_gui_collector | Collected evidence for 22 T-codes.
2026-09-10 14:26:55,329 | INFO     | collectors.ccms_os | [CARFOUR QAS] CCMS OS monitor 'Operating System': matched cpu=1, load_5m=1, mem_free=6, mem_free_inc=1, mem_total=4, swap_free=1
2026-09-10 14:27:28,897 | INFO     | core.status_snapshot | Status snapshot saved for CARFOUR QAS: C:\infrabeatops\dashboard\snapshots\CARFOURQAS.json
2026-09-10 14:27:29,399 | INFO     | reporting.excel_template_writer | MetroBrands Excel template filled: C:/infrabeatops/reports/2026-09-10/CARFOUR_QAS/CARFOUR_QAS_Monitoring_Sheet.xlsx
2026-09-10 14:27:57,691 | INFO     | main | ===== Pipeline COMPLETE for system CARFOUR QAS (gui_available=True) =====
2026-09-10 14:27:59,289 | INFO     | main | CARFOUR QAS: SAP GUI closed after successful sweep.
2026-09-10 14:28:02,324 | INFO     | main | ===== Pipeline START for system PRD =====
2026-09-10 14:28:02,324 | INFO     | main | PRD: has_os_access=false -- skipping OS/SSH metrics entirely (not attempting).
2026-09-10 14:28:03,710 | INFO     | sap_gui.launcher | Launching SAP Logon: C:\Program Files (x86)\SAP\FrontEnd\SAPgui\saplogon.exe
2026-09-10 14:28:08,267 | INFO     | sap_gui.launcher | SAP Logon 800 pad is visible.
2026-09-10 14:28:09,267 | INFO     | sap_gui.launcher | Selecting connection: centaur system
2026-09-10 14:28:22,802 | INFO     | sap_gui.launcher | Opened connection 'centaur system' via keyboard activation.
2026-09-10 14:28:24,805 | INFO     | sap_gui.connection | Finding SAP login window...
2026-09-10 14:28:25,214 | INFO     | sap_gui.connection | SAP login window found: 'SAP' (pattern '^SAP$').
2026-09-10 14:28:31,249 | WARNING  | sap_gui.connection | Could not focus the SAP window: {'title_re': '^SAP$', 'visible_only': True, 'top_level_only': True, 'backend': 'win32'}
2026-09-10 14:28:31,250 | INFO     | sap_gui.connection | Moving to Client field...
2026-09-10 14:28:36,276 | WARNING  | main | PRD: SAP GUI unavailable (ElementNotFoundError: {'title_re': '^SAP$', 'visible_only': True, 'top_level_only': True, 'backend': 'win32'}). Continuing with RFC/SSH collectors.
2026-09-10 14:28:43,339 | INFO     | collectors.rfc_perf | [PRD] 108 STAT records, 0 dialog steps in the window (task mix: 0x12, 0xb, 0xe, AUTOABAP, BTC, BUF.SYNC, OTHER, SPOOL) -- no GUI activity, metric left absent
2026-09-10 14:28:44,169 | INFO     | collectors.rfc_perf | [PRD] response time: STAT records unavailable, using ST03N aggregates
2026-09-10 14:28:44,383 | WARNING  | collectors.rfc_perf | [PRD] lock owner stamps run 270 min ahead of SAP system time -- OS time zone on the app server differs from the SAP time zone. Ages corrected; tell Basis.
2026-09-10 14:28:44,797 | INFO     | collectors.rfc_perf | [PRD] SQLMD readable but 0 rows matched DDATE >= '20260903' -- SQL Monitor (transaction SQLM) is not activated on this system. Skipping this read until restart or a manual refresh.
2026-09-10 14:28:44,812 | INFO     | collectors.rfc_perf | [PRD] RFC perf collector: 9 metrics
2026-09-10 14:28:44,815 | INFO     | main | Skipping T-code GUI evidence for PRD -- GUI access disabled or no active SAP session.
2026-09-10 14:28:45,306 | INFO     | collectors.ccms_os | [PRD] CCMS OS monitor 'Operating System': matched cpu=1, load_5m=1, mem_free=4, mem_free_inc=1, mem_total=2, swap_free=1
2026-09-10 14:28:46,068 | INFO     | collectors.rfc_perf | [PRD] 106 STAT records, 0 dialog steps in the window (task mix: 0x12, 0xb, 0xe, AUTOABAP, BTC, BUF.SYNC, OTHER, SPOOL) -- no GUI activity, metric left absent
2026-09-10 14:28:46,431 | INFO     | collectors.rfc_perf | [PRD] response time: STAT records unavailable, using ST03N aggregates
2026-09-10 14:33:02,330 | ERROR    | main | Pipeline for PRD appears stuck -- no progress within 300s. Force-killing SAP processes to unblock it and moving on (this attempt counts as failed).
2026-09-10 14:33:08,601 | INFO     | main | Resetting SAP processes before retrying PRD...
2026-09-10 14:33:14,956 | INFO     | main | ===== Pipeline START for system PRD =====
2026-09-10 14:33:14,957 | INFO     | main | PRD: has_os_access=false -- skipping OS/SSH metrics entirely (not attempting).
2026-09-10 14:33:16,338 | INFO     | sap_gui.launcher | Launching SAP Logon: C:\Program Files (x86)\SAP\FrontEnd\SAPgui\saplogon.exe
2026-09-10 14:33:21,041 | INFO     | sap_gui.launcher | SAP Logon 800 pad is visible.
2026-09-10 14:33:22,043 | INFO     | sap_gui.launcher | Selecting connection: centaur system
2026-09-10 14:33:32,483 | DEBUG    | sap_gui.launcher | Connection item not found yet, retrying: {'title': 'SAP Logon 800', 'backend': 'uia', 'process': 24112}
2026-09-10 14:33:33,505 | WARNING  | main | PRD: SAP GUI unavailable (TimeoutError: Could not find connection 'centaur system' in SAP Logon Pad. Entries present: none detected. Set the matching *_SAP_CONNECTION_NAME in .env (names are per-workstation and case-sensitive).). Continuing with RFC/SSH collectors.
2026-09-10 14:33:36,731 | INFO     | collectors.rfc_perf | [PRD] 104 STAT records, 0 dialog steps in the window (task mix: 0x12, 0x21, 0xb, 0xe, AUTOABAP, BTC, BUF.SYNC, OTHER, SPOOL) -- no GUI activity, metric left absent
2026-09-10 14:33:41,840 | INFO     | collectors.rfc_perf | [PRD] response time: STAT records unavailable, using ST03N aggregates
2026-09-10 14:33:44,573 | INFO     | collectors.rfc_perf | [PRD] RFC perf collector: 9 metrics
2026-09-10 14:33:44,635 | INFO     | main | Skipping T-code GUI evidence for PRD -- GUI access disabled or no active SAP session.
2026-09-10 14:37:08,737 | INFO     | core.status_snapshot | PRD: no GUI evidence this cycle; carrying forward 22 record(s) from 2026-09-04 15:13:17, marked stale.
2026-09-10 14:37:08,755 | INFO     | core.status_snapshot | Status snapshot saved for PRD: C:\infrabeatops\dashboard\snapshots\PRD.json
2026-09-10 14:37:09,195 | INFO     | reporting.excel_template_writer | MetroBrands Excel template filled: C:/infrabeatops/reports/2026-09-10/PRD/PRD_Monitoring_Sheet.xlsx
2026-09-10 14:37:37,839 | INFO     | main | ===== Pipeline COMPLETE for system PRD (gui_available=False) =====
2026-09-10 14:38:14,975 | ERROR    | main | Pipeline for PRD appears stuck -- no progress within 300s. Force-killing SAP processes to unblock it and moving on (this attempt counts as failed).
2026-09-10 14:38:21,129 | ERROR    | main | All 2 attempts exhausted for PRD -- skipping this system for this cycle. Last error: Pipeline for PRD did not complete within 300s (hung).
2026-09-10 14:42:17,189 | INFO     | core.status_snapshot | PRD: no GUI evidence this cycle; carrying forward 22 record(s) from 2026-09-04 15:13:17, marked stale.
2026-09-10 14:42:17,202 | INFO     | core.status_snapshot | Status snapshot saved for PRD: C:\infrabeatops\dashboard\snapshots\PRD.json
2026-09-10 14:42:17,589 | INFO     | reporting.excel_template_writer | MetroBrands Excel template filled: C:/infrabeatops/reports/2026-09-10/PRD/PRD_Monitoring_Sheet.xlsx
2026-09-10 14:42:47,226 | INFO     | main | ===== Pipeline COMPLETE for system PRD (gui_available=False) =====
2026-09-10 14:44:32,575 | INFO     | main | ===== Pipeline START for system CARFOUR QAS =====
2026-09-10 14:44:32,575 | INFO     | main | CARFOUR QAS: has_os_access=false -- skipping OS/SSH metrics entirely (not attempting).
2026-09-10 14:44:33,935 | INFO     | sap_gui.launcher | Launching SAP Logon: C:\Program Files (x86)\SAP\FrontEnd\SAPgui\saplogon.exe
2026-09-10 14:44:39,918 | INFO     | sap_gui.launcher | SAP Logon 800 pad is visible.
2026-09-10 14:44:41,049 | INFO     | sap_gui.launcher | Selecting connection: CARFOUR QAS
2026-09-10 14:44:50,547 | INFO     | collectors.ccms_os | [PRD] CCMS OS monitor 'Operating System': matched cpu=1, load_5m=1, mem_free=4, mem_free_inc=1, mem_total=2, swap_free=1
2026-09-10 14:44:51,066 | INFO     | collectors.ccms_os | [CENTOR_QAS] CCMS OS monitor 'Operating System': matched cpu=1, load_5m=1, mem_free=4, mem_free_inc=1, mem_total=2, swap_free=1
2026-09-10 14:44:55,684 | INFO     | collectors.rfc_perf | [PRD] 104 STAT records, 0 dialog steps in the window (task mix: 0x12, 0x21, 0xb, 0xe, AUTOABAP, BTC, BUF.SYNC, OTHER, SPOOL) -- no GUI activity, metric left absent
2026-09-10 14:44:57,754 | INFO     | collectors.rfc_perf | [PRD] response time: STAT records unavailable, using ST03N aggregates
2026-09-10 14:44:58,402 | WARNING  | collectors.rfc_perf | [PRD] lock owner stamps run 315 min ahead of SAP system time -- OS time zone on the app server differs from the SAP time zone. Ages corrected; tell Basis.
2026-09-10 14:44:58,779 | INFO     | collectors.rfc_perf | [PRD] SQLMD readable but 0 rows matched DDATE >= '20260903' -- SQL Monitor (transaction SQLM) is not activated on this system. Skipping this read until restart or a manual refresh.
2026-09-10 14:44:59,336 | INFO     | collectors.rfc_perf | [CENTOR_QAS] SQLMD readable but 0 rows matched DDATE >= '20260903' -- SQL Monitor (transaction SQLM) is not activated on this system. Skipping this read until restart or a manual refresh.
2026-09-10 14:45:03,407 | WARNING  | collectors.rfc_live | [SARLOHA QAS] live read failed, parked for 120s: host 172.22.1.127:3300 not reachable (TimeoutError) -- network/Basis check, not a code issue
2026-09-10 14:45:05,420 | WARNING  | collectors.rfc_live | [SARLOHA PRD] live read failed, parked for 120s: host 172.22.1.123:3300 not reachable (TimeoutError) -- network/Basis check, not a code issue
2026-09-10 14:45:08,379 | INFO     | collectors.ccms_os | [CARFOUR QAS] CCMS OS monitor 'Operating System': matched cpu=1, load_5m=1, mem_free=6, mem_free_inc=1, mem_total=4, swap_free=1
2026-09-10 14:45:31,351 | INFO     | collectors.rfc_perf | [CARFOUR QAS] 267 STAT records, 0 dialog steps in the window (task mix: 0x12, 0x15, 0x19, 0xb, 0xe, 0xf, AUTOABAP, BTC, BUF.SYNC, OTHER, RFC, SPOOL, UPDATE) -- no GUI activity, metric left absent
2026-09-10 14:45:35,038 | INFO     | collectors.rfc_perf | [CARFOUR QAS] response time: STAT records unavailable, using ST03N aggregates
2026-09-10 14:45:36,345 | INFO     | collectors.rfc_perf | [CARFOUR QAS] SQLMD readable but 0 rows matched DDATE >= '20260903' -- SQL Monitor (transaction SQLM) is not activated on this system. Skipping this read until restart or a manual refresh.
2026-09-10 14:45:43,268 | DEBUG    | sap_gui.launcher | Connection item not found yet, retrying: {'title': 'SAP Logon 800', 'backend': 'uia', 'visible_only': False}
2026-09-10 14:45:44,269 | WARNING  | main | CARFOUR QAS: SAP GUI unavailable (TimeoutError: Could not find connection 'CARFOUR QAS' in SAP Logon Pad. Entries present: none detected. Set the matching *_SAP_CONNECTION_NAME in .env (names are per-workstation and case-sensitive).). Continuing with RFC/SSH collectors.
2026-09-10 14:46:02,028 | INFO     | collectors.ccms_os | [PRD] CCMS OS monitor 'Operating System': matched cpu=1, load_5m=1, mem_free=4, mem_free_inc=1, mem_total=2, swap_free=1
2026-09-10 14:46:03,036 | INFO     | collectors.rfc_perf | [CARFOUR QAS] 281 STAT records, 0 dialog steps in the window (task mix: 0x12, 0x15, 0x19, 0xb, 0xe, 0xf, AUTOABAP, BTC, BUF.SYNC, OTHER, RFC, SPOOL, UPDATE) -- no GUI activity, metric left absent
2026-09-10 14:46:05,202 | INFO     | collectors.rfc_perf | [PRD] 104 STAT records, 0 dialog steps in the window (task mix: 0x12, 0x21, 0xb, 0xe, AUTOABAP, BTC, BUF.SYNC, OTHER, SPOOL) -- no GUI activity, metric left absent
2026-09-10 14:46:06,213 | INFO     | collectors.rfc_perf | [PRD] response time: STAT records unavailable, using ST03N aggregates
2026-09-10 14:46:06,381 | WARNING  | collectors.rfc_perf | [PRD] lock owner stamps run 315 min ahead of SAP system time -- OS time zone on the app server differs from the SAP time zone. Ages corrected; tell Basis.
2026-09-10 14:46:06,777 | INFO     | collectors.rfc_perf | [PRD] SQLMD readable but 0 rows matched DDATE >= '20260903' -- SQL Monitor (transaction SQLM) is not activated on this system. Skipping this read until restart or a manual refresh.
2026-09-10 14:46:06,905 | INFO     | collectors.rfc_perf | [CARFOUR QAS] response time: STAT records unavailable, using ST03N aggregates
2026-09-10 14:46:08,177 | INFO     | collectors.rfc_perf | [CARFOUR QAS] SQLMD readable but 0 rows matched DDATE >= '20260903' -- SQL Monitor (transaction SQLM) is not activated on this system. Skipping this read until restart or a manual refresh.
2026-09-10 14:46:08,198 | INFO     | collectors.rfc_perf | [CARFOUR QAS] RFC perf collector: 9 metrics
2026-09-10 14:46:08,201 | INFO     | main | Skipping T-code GUI evidence for CARFOUR QAS -- GUI access disabled or no active SAP session.
2026-09-10 14:46:12,248 | INFO     | collectors.ccms_os | [CARFOUR QAS] CCMS OS monitor 'Operating System': matched cpu=1, load_5m=1, mem_free=6, mem_free_inc=1, mem_total=4, swap_free=1
2026-09-10 14:46:15,106 | INFO     | collectors.rfc_perf | [CARFOUR QAS] 292 STAT records, 0 dialog steps in the window (task mix: 0x12, 0x15, 0x19, 0xb, 0xe, 0xf, AUTOABAP, BTC, BUF.SYNC, OTHER, RFC, SPOOL, UPDATE) -- no GUI activity, metric left absent
2026-09-10 14:46:15,758 | INFO     | collectors.rfc_perf | [CARFOUR QAS] response time: STAT records unavailable, using ST03N aggregates
2026-09-10 14:49:32,579 | ERROR    | main | Pipeline for CARFOUR QAS appears stuck -- no progress within 300s. Force-killing SAP processes to unblock it and moving on (this attempt counts as failed).
2026-09-10 14:49:39,559 | INFO     | main | Resetting SAP processes before retrying CARFOUR QAS...
2026-09-10 14:49:40,528 | INFO     | core.status_snapshot | CARFOUR QAS: no GUI evidence this cycle; carrying forward 22 record(s) from 2026-09-10 14:24:11, marked stale.
2026-09-10 14:49:40,617 | INFO     | core.status_snapshot | Status snapshot saved for CARFOUR QAS: C:\infrabeatops\dashboard\snapshots\CARFOURQAS.json
2026-09-10 14:49:42,460 | INFO     | reporting.excel_template_writer | MetroBrands Excel template filled: C:/infrabeatops/reports/2026-09-10/CARFOUR_QAS/CARFOUR_QAS_Monitoring_Sheet.xlsx
2026-09-10 14:49:46,889 | INFO     | main | ===== Pipeline START for system CARFOUR QAS =====
2026-09-10 14:49:46,903 | INFO     | main | CARFOUR QAS: has_os_access=false -- skipping OS/SSH metrics entirely (not attempting).
2026-09-10 14:49:49,151 | INFO     | sap_gui.launcher | Launching SAP Logon: C:\Program Files (x86)\SAP\FrontEnd\SAPgui\saplogon.exe
2026-09-10 14:50:01,233 | INFO     | sap_gui.launcher | SAP Logon 800 pad is visible.
2026-09-10 14:50:02,236 | INFO     | sap_gui.launcher | Selecting connection: CARFOUR QAS
2026-09-10 14:50:13,329 | INFO     | main | ===== Pipeline COMPLETE for system CARFOUR QAS (gui_available=False) =====
2026-09-10 14:50:17,331 | INFO     | sap_gui.launcher | Opened connection 'CARFOUR QAS' via keyboard activation.
2026-09-10 14:50:19,348 | INFO     | sap_gui.connection | Finding SAP login window...
2026-09-10 14:50:20,221 | INFO     | sap_gui.connection | SAP login window found: 'SAP' (pattern '^SAP$').
2026-09-10 14:50:21,257 | INFO     | sap_gui.connection | Moving to Client field...
2026-09-10 14:50:21,811 | INFO     | sap_gui.connection | Clearing existing Client value...
2026-09-10 14:50:22,245 | INFO     | sap_gui.connection | Entering Client: 800
2026-09-10 14:50:23,194 | INFO     | sap_gui.connection | Entering Username: CAQ_admin
2026-09-10 14:50:24,181 | INFO     | sap_gui.connection | Entering Password... (masked)
2026-09-10 14:50:24,923 | INFO     | sap_gui.connection | Client, username and password populated.
2026-09-10 14:50:24,924 | INFO     | sap_gui.connection | Submitting login (ENTER)...
2026-09-10 14:50:26,985 | INFO     | sap_gui.connection | Login submitted.
2026-09-10 14:50:27,639 | INFO     | sap_gui.connection | Login verified: SAP session window detected, login screen closed.
2026-09-10 14:50:27,828 | INFO     | sap_gui.scripting_connection | Scripting session acquired: System=CAQ, Client=800, User=CAQ_ADMIN
2026-09-10 14:50:30,948 | INFO     | collectors.rfc_perf | [CARFOUR QAS] RFC perf collector: 11 metrics
2026-09-10 14:50:31,036 | INFO     | sap_gui.scripting_connection | Scripting session acquired: System=CAQ, Client=800, User=CAQ_ADMIN
2026-09-10 14:50:39,930 | INFO     | sap_gui.screenshot | Screenshot saved: C:\infrabeatops\reports\2026-09-10\CARFOUR_QAS\evidence\screenshots\AL08_145037_762118.png
2026-09-10 14:50:41,643 | INFO     | collectors.rfc_perf | [PRD] 106 STAT records, 0 dialog steps in the window (task mix: 0x12, 0xb, 0xe, AUTOABAP, BTC, BUF.SYNC, OTHER, SPOOL) -- no GUI activity, metric left absent
2026-09-10 14:50:43,254 | INFO     | collectors.rfc_perf | [PRD] response time: STAT records unavailable, using ST03N aggregates
2026-09-10 14:50:49,664 | WARNING  | collectors.rfc_live | [SARLOHA QAS] live read failed, parked for 120s: host 172.22.1.127:3300 not reachable (TimeoutError) -- network/Basis check, not a code issue
2026-09-10 14:50:51,864 | WARNING  | collectors.rfc_live | [SARLOHA PRD] live read failed, parked for 120s: host 172.22.1.123:3300 not reachable (TimeoutError) -- network/Basis check, not a code issue
2026-09-10 14:51:03,635 | INFO     | sap_gui.screenshot | Screenshot saved: C:\infrabeatops\reports\2026-09-10\CARFOUR_QAS\evidence\screenshots\DB01_145103_283864.png
2026-09-10 14:51:13,165 | INFO     | sap_gui.screenshot | Screenshot saved: C:\infrabeatops\reports\2026-09-10\CARFOUR_QAS\evidence\screenshots\DB02_145112_591819.png
2026-09-10 14:51:17,611 | WARNING  | collectors.sap_gui_collector | T-code DB12 attempt 1/3 failed (kind=transient): com_error
2026-09-10 14:51:19,633 | WARNING  | collectors.sap_gui_collector | T-code DB12 attempt 2/3 failed (kind=session): com_error
2026-09-10 14:51:19,638 | WARNING  | sap_gui.tcode_navigator | recover_session: could not return to easy-access screen: (-2147417848, 'The object invoked has disconnected from its clients.', None, None)
2026-09-10 14:51:19,672 | ERROR    | sap_gui.scripting_connection | Failed to get scripting session: No SAP connections found in scripting engine.
2026-09-10 14:51:19,673 | WARNING  | collectors.sap_gui_collector | Could not reacquire SAP GUI session: RuntimeError
2026-09-10 14:51:23,678 | WARNING  | collectors.sap_gui_collector | T-code DB12 attempt 3/3 failed (kind=session): com_error
2026-09-10 14:51:23,680 | WARNING  | collectors.sap_gui_collector | T-code SCOT attempt 1/3 failed (kind=session): com_error
2026-09-10 14:51:23,712 | WARNING  | sap_gui.tcode_navigator | recover_session: could not return to easy-access screen: (-2147417848, 'The object invoked has disconnected from its clients.', None, None)
2026-09-10 14:51:23,770 | ERROR    | sap_gui.scripting_connection | Failed to get scripting session: No SAP connections found in scripting engine.
2026-09-10 14:51:23,772 | WARNING  | collectors.sap_gui_collector | Could not reacquire SAP GUI session: RuntimeError
2026-09-10 14:51:25,776 | WARNING  | collectors.sap_gui_collector | T-code SCOT attempt 2/3 failed (kind=session): com_error
2026-09-10 14:51:25,780 | WARNING  | sap_gui.tcode_navigator | recover_session: could not return to easy-access screen: (-2147417848, 'The object invoked has disconnected from its clients.', None, None)
2026-09-10 14:51:25,825 | ERROR    | sap_gui.scripting_connection | Failed to get scripting session: No SAP connections found in scripting engine.
2026-09-10 14:51:25,827 | WARNING  | collectors.sap_gui_collector | Could not reacquire SAP GUI session: RuntimeError
2026-09-10 14:51:29,833 | WARNING  | collectors.sap_gui_collector | T-code SCOT attempt 3/3 failed (kind=session): com_error
2026-09-10 14:51:29,834 | INFO     | sap_gui.tcode_actions | SM12: trying classic 'Select Lock Entries' variant.
2026-09-10 14:51:29,836 | WARNING  | sap_gui.tcode_actions | SM12: classic variant unavailable/failed: com_error: (-2147417848, 'The object invoked has disconnected from its clients.', None, None)
2026-09-10 14:51:29,838 | INFO     | sap_gui.tcode_actions | SM12: trying 'Enqueue Administration' variant.
2026-09-10 14:51:29,840 | WARNING  | collectors.sap_gui_collector | T-code SM12 attempt 1/3 failed (kind=session): com_error
2026-09-10 14:51:29,847 | WARNING  | sap_gui.tcode_navigator | recover_session: could not return to easy-access screen: (-2147417848, 'The object invoked has disconnected from its clients.', None, None)
2026-09-10 14:51:29,883 | ERROR    | sap_gui.scripting_connection | Failed to get scripting session: No SAP connections found in scripting engine.
2026-09-10 14:51:29,884 | WARNING  | collectors.sap_gui_collector | Could not reacquire SAP GUI session: RuntimeError
2026-09-10 14:51:31,887 | INFO     | sap_gui.tcode_actions | SM12: trying classic 'Select Lock Entries' variant.
2026-09-10 14:51:31,888 | WARNING  | sap_gui.tcode_actions | SM12: classic variant unavailable/failed: com_error: (-2147417848, 'The object invoked has disconnected from its clients.', None, None)
2026-09-10 14:51:31,888 | INFO     | sap_gui.tcode_actions | SM12: trying 'Enqueue Administration' variant.
2026-09-10 14:51:31,890 | WARNING  | collectors.sap_gui_collector | T-code SM12 attempt 2/3 failed (kind=session): com_error
2026-09-10 14:51:31,893 | WARNING  | sap_gui.tcode_navigator | recover_session: could not return to easy-access screen: (-2147417848, 'The object invoked has disconnected from its clients.', None, None)
2026-09-10 14:51:31,920 | ERROR    | sap_gui.scripting_connection | Failed to get scripting session: No SAP connections found in scripting engine.
2026-09-10 14:51:31,921 | WARNING  | collectors.sap_gui_collector | Could not reacquire SAP GUI session: RuntimeError
2026-09-10 14:51:35,924 | INFO     | sap_gui.tcode_actions | SM12: trying classic 'Select Lock Entries' variant.
2026-09-10 14:51:35,926 | WARNING  | sap_gui.tcode_actions | SM12: classic variant unavailable/failed: com_error: (-2147417848, 'The object invoked has disconnected from its clients.', None, None)
2026-09-10 14:51:35,927 | INFO     | sap_gui.tcode_actions | SM12: trying 'Enqueue Administration' variant.
2026-09-10 14:51:35,928 | WARNING  | collectors.sap_gui_collector | T-code SM12 attempt 3/3 failed (kind=session): com_error
2026-09-10 14:51:35,930 | WARNING  | collectors.sap_gui_collector | T-code SM13 attempt 1/3 failed (kind=session): com_error
2026-09-10 14:51:35,933 | WARNING  | sap_gui.tcode_navigator | recover_session: could not return to easy-access screen: (-2147417848, 'The object invoked has disconnected from its clients.', None, None)
2026-09-10 14:51:35,964 | ERROR    | sap_gui.scripting_connection | Failed to get scripting session: No SAP connections found in scripting engine.
2026-09-10 14:51:35,965 | WARNING  | collectors.sap_gui_collector | Could not reacquire SAP GUI session: RuntimeError
2026-09-10 14:51:37,969 | WARNING  | collectors.sap_gui_collector | T-code SM13 attempt 2/3 failed (kind=session): com_error
2026-09-10 14:51:37,973 | WARNING  | sap_gui.tcode_navigator | recover_session: could not return to easy-access screen: (-2147417848, 'The object invoked has disconnected from its clients.', None, None)
2026-09-10 14:51:38,010 | ERROR    | sap_gui.scripting_connection | Failed to get scripting session: No SAP connections found in scripting engine.
2026-09-10 14:51:38,011 | WARNING  | collectors.sap_gui_collector | Could not reacquire SAP GUI session: RuntimeError
2026-09-10 14:55:46,445 | INFO     | collectors.ccms_os | [PRD] CCMS OS monitor 'Operating System': matched cpu=1, load_5m=1, mem_free=4, mem_free_inc=1, mem_total=2, swap_free=1
2026-09-10 14:55:46,805 | INFO     | collectors.ccms_os | [CENTOR_QAS] CCMS OS monitor 'Operating System': matched cpu=1, load_5m=1, mem_free=4, mem_free_inc=1, mem_total=2, swap_free=1
2026-09-10 14:55:49,703 | INFO     | collectors.rfc_perf | [PRD] 107 STAT records, 0 dialog steps in the window (task mix: 0x12, 0xb, 0xe, AUTOABAP, BTC, BUF.SYNC, OTHER, SPOOL) -- no GUI activity, metric left absent
2026-09-10 14:55:50,545 | INFO     | collectors.rfc_perf | [PRD] response time: STAT records unavailable, using ST03N aggregates
2026-09-10 14:55:50,670 | WARNING  | collectors.rfc_perf | [PRD] lock owner stamps run 315 min ahead of SAP system time -- OS time zone on the app server differs from the SAP time zone. Ages corrected; tell Basis.
2026-09-10 14:55:50,996 | INFO     | collectors.rfc_perf | [PRD] SQLMD readable but 0 rows matched DDATE >= '20260903' -- SQL Monitor (transaction SQLM) is not activated on this system. Skipping this read until restart or a manual refresh.
2026-09-10 14:55:52,751 | INFO     | collectors.rfc_perf | [CENTOR_QAS] SQLMD readable but 0 rows matched DDATE >= '20260903' -- SQL Monitor (transaction SQLM) is not activated on this system. Skipping this read until restart or a manual refresh.
2026-09-10 14:55:55,591 | WARNING  | collectors.rfc_live | [SARLOHA QAS] live read failed, parked for 120s: host 172.22.1.127:3300 not reachable (TimeoutError) -- network/Basis check, not a code issue
2026-09-10 14:55:57,752 | WARNING  | collectors.rfc_live | [SARLOHA PRD] live read failed, parked for 120s: host 172.22.1.123:3300 not reachable (TimeoutError) -- network/Basis check, not a code issue
2026-09-10 14:56:00,486 | INFO     | collectors.ccms_os | [CARFOUR QAS] CCMS OS monitor 'Operating System': matched cpu=1, load_5m=1, mem_free=6, mem_free_inc=1, mem_total=4, swap_free=1
2026-09-10 14:56:40,302 | INFO     | collectors.rfc_perf | [CARFOUR QAS] SQLMD readable but 0 rows matched DDATE >= '20260903' -- SQL Monitor (transaction SQLM) is not activated on this system. Skipping this read until restart or a manual refresh.
2026-09-10 14:57:28,640 | INFO     | collectors.ccms_os | [PRD] CCMS OS monitor 'Operating System': matched cpu=1, load_5m=1, mem_free=4, mem_free_inc=1, mem_total=2, swap_free=1
2026-09-10 14:57:32,089 | INFO     | collectors.rfc_perf | [PRD] 103 STAT records, 0 dialog steps in the window (task mix: 0x12, 0xb, 0xe, AUTOABAP, BTC, BUF.SYNC, OTHER, SPOOL) -- no GUI activity, metric left absent
2026-09-10 14:57:32,906 | INFO     | collectors.rfc_perf | [PRD] response time: STAT records unavailable, using ST03N aggregates
2026-09-10 14:57:33,070 | WARNING  | collectors.rfc_perf | [PRD] lock owner stamps run 300 min ahead of SAP system time -- OS time zone on the app server differs from the SAP time zone. Ages corrected; tell Basis.
2026-09-10 14:57:33,456 | INFO     | collectors.rfc_perf | [PRD] SQLMD readable but 0 rows matched DDATE >= '20260903' -- SQL Monitor (transaction SQLM) is not activated on this system. Skipping this read until restart or a manual refresh.
2026-09-10 15:00:15,655 | WARNING  | collectors.rfc_live | [SARLOHA QAS] live read failed, parked for 120s: host 172.22.1.127:3300 not reachable (TimeoutError) -- network/Basis check, not a code issue
2026-09-10 15:00:17,741 | WARNING  | collectors.rfc_live | [SARLOHA PRD] live read failed, parked for 120s: host 172.22.1.123:3300 not reachable (TimeoutError) -- network/Basis check, not a code issue
2026-09-10 15:03:37,953 | INFO     | collectors.rfc_perf | [PRD] 109 STAT records, 0 dialog steps in the window (task mix: 0x12, 0xb, 0xe, 0xf7, AUTOABAP, BTC, BUF.SYNC, OTHER, SPOOL) -- no GUI activity, metric left absent
2026-09-10 15:03:42,008 | INFO     | collectors.rfc_perf | [PRD] response time: STAT records unavailable, using ST03N aggregates
2026-09-10 15:03:58,680 | WARNING  | collectors.rfc_live | [SARLOHA QAS] live read failed, parked for 120s: host 172.22.1.127:3300 not reachable (TimeoutError) -- network/Basis check, not a code issue
2026-09-10 15:04:00,750 | WARNING  | collectors.rfc_live | [SARLOHA PRD] live read failed, parked for 120s: host 172.22.1.123:3300 not reachable (TimeoutError) -- network/Basis check, not a code issue
2026-09-10 15:07:53,529 | INFO     | collectors.ccms_os | [CARFOUR QAS] CCMS OS monitor 'Operating System': matched cpu=1, load_5m=1, mem_free=6, mem_free_inc=1, mem_total=4, swap_free=1
2026-09-10 15:08:23,329 | INFO     | collectors.rfc_perf | [CARFOUR QAS] SQLMD readable but 0 rows matched DDATE >= '20260903' -- SQL Monitor (transaction SQLM) is not activated on this system. Skipping this read until restart or a manual refresh.
2026-09-10 15:14:58,443 | INFO     | collectors.rfc_perf | [PRD] 101 STAT records, 0 dialog steps in the window (task mix: 0x12, 0xb, 0xe, AUTOABAP, BTC, BUF.SYNC, OTHER, SPOOL) -- no GUI activity, metric left absent
2026-09-10 15:15:03,350 | INFO     | collectors.rfc_perf | [PRD] response time: STAT records unavailable, using ST03N aggregates
2026-09-10 15:15:14,709 | WARNING  | collectors.rfc_live | [SARLOHA QAS] live read failed, parked for 120s: host 172.22.1.127:3300 not reachable (TimeoutError) -- network/Basis check, not a code issue
2026-09-10 15:15:16,800 | WARNING  | collectors.rfc_live | [SARLOHA PRD] live read failed, parked for 120s: host 172.22.1.123:3300 not reachable (TimeoutError) -- network/Basis check, not a code issue
2026-09-10 15:34:01,170 | INFO     | collectors.rfc_perf | [CENTOR_QAS] 38 STAT records, 0 dialog steps in the window (task mix: 0x12, 0xb, 0xe, 0xf, AUTOABAP, BTC, BUF.SYNC, OTHER, SPOOL) -- no GUI activity, metric left absent
2026-09-10 15:34:02,695 | INFO     | collectors.rfc_perf | [CENTOR_QAS] response time: no dialog steps in the last 5 min and no ST03N aggregate -- metric left absent (system idle or collector off)
2026-09-10 15:34:05,417 | INFO     | collectors.rfc_perf | [PRD] 106 STAT records, 0 dialog steps in the window (task mix: 0x12, 0x21, 0xb, 0xe, AUTOABAP, BTC, BUF.SYNC, OTHER, SPOOL) -- no GUI activity, metric left absent
2026-09-10 15:34:33,834 | INFO     | collectors.rfc_perf | [PRD] response time: STAT records unavailable, using ST03N aggregates
2026-09-10 15:35:04,513 | WARNING  | collectors.rfc_live | [SARLOHA QAS] live read failed, parked for 120s: host 172.22.1.127:3300 not reachable (TimeoutError) -- network/Basis check, not a code issue
2026-09-10 15:35:07,163 | WARNING  | collectors.rfc_live | [SARLOHA PRD] live read failed, parked for 120s: host 172.22.1.123:3300 not reachable (TimeoutError) -- network/Basis check, not a code issue
2026-09-10 15:48:41,115 | INFO     | collectors.ccms_os | [PRD] CCMS OS monitor 'Operating System': matched cpu=1, load_5m=1, mem_free=4, mem_free_inc=1, mem_total=2, swap_free=1
2026-09-10 15:48:41,284 | INFO     | collectors.ccms_os | [CENTOR_QAS] CCMS OS monitor 'Operating System': matched cpu=1, load_5m=1, mem_free=4, mem_free_inc=1, mem_total=2, swap_free=1
2026-09-10 15:48:49,065 | INFO     | collectors.rfc_perf | [PRD] 106 STAT records, 0 dialog steps in the window (task mix: 0x12, 0xb, 0xe, AUTOABAP, BTC, BUF.SYNC, OTHER, SPOOL) -- no GUI activity, metric left absent
2026-09-10 15:48:52,262 | INFO     | collectors.rfc_perf | [CENTOR_QAS] 41 STAT records, 0 dialog steps in the window (task mix: 0x12, 0xb, 0xe, 0xf, AUTOABAP, BTC, BUF.SYNC, OTHER, SPOOL) -- no GUI activity, metric left absent
2026-09-10 15:48:53,595 | INFO     | collectors.rfc_perf | [CENTOR_QAS] response time: no dialog steps in the last 5 min and no ST03N aggregate -- metric left absent (system idle or collector off)
2026-09-10 15:48:54,759 | INFO     | collectors.rfc_perf | [PRD] response time: STAT records unavailable, using ST03N aggregates
2026-09-10 15:48:55,738 | WARNING  | collectors.rfc_perf | [PRD] lock owner stamps run 315 min ahead of SAP system time -- OS time zone on the app server differs from the SAP time zone. Ages corrected; tell Basis.
2026-09-10 15:48:56,777 | INFO     | collectors.rfc_perf | [PRD] SQLMD readable but 0 rows matched DDATE >= '20260903' -- SQL Monitor (transaction SQLM) is not activated on this system. Skipping this read until restart or a manual refresh.
2026-09-10 15:48:57,358 | INFO     | collectors.rfc_perf | [CENTOR_QAS] SQLMD readable but 0 rows matched DDATE >= '20260903' -- SQL Monitor (transaction SQLM) is not activated on this system. Skipping this read until restart or a manual refresh.
2026-09-10 15:49:05,766 | WARNING  | collectors.rfc_live | [SARLOHA QAS] live read failed, parked for 120s: host 172.22.1.127:3300 not reachable (TimeoutError) -- network/Basis check, not a code issue
2026-09-10 15:49:07,842 | WARNING  | collectors.rfc_live | [SARLOHA PRD] live read failed, parked for 120s: host 172.22.1.123:3300 not reachable (TimeoutError) -- network/Basis check, not a code issue
2026-09-10 15:49:08,048 | WARNING  | collectors.rfc_live | [CARFOUR QAS] live read failed, parked for 900s: 2 (rc=2): key=RFC_LOGON_FAILURE, message=Name or password is incorrect (repeat logon) [MSG: class=, type=, number=, v1-4:=;;;]
2026-09-10 15:49:09,859 | INFO     | collectors.ccms_os | [CENTOR_QAS] CCMS OS monitor 'Operating System': matched cpu=1, load_5m=1, mem_free=4, mem_free_inc=1, mem_total=2, swap_free=1
2026-09-10 15:49:18,513 | INFO     | collectors.rfc_perf | [CENTOR_QAS] 44 STAT records, 0 dialog steps in the window (task mix: 0x12, 0xb, 0xe, 0xf, AUTOABAP, BTC, BUF.SYNC, OTHER, SPOOL) -- no GUI activity, metric left absent
2026-09-10 15:49:19,755 | INFO     | collectors.rfc_perf | [CENTOR_QAS] response time: no dialog steps in the last 5 min and no ST03N aggregate -- metric left absent (system idle or collector off)
2026-09-10 15:49:21,162 | INFO     | collectors.rfc_perf | [CENTOR_QAS] SQLMD readable but 0 rows matched DDATE >= '20260903' -- SQL Monitor (transaction SQLM) is not activated on this system. Skipping this read until restart or a manual refresh.
2026-09-10 15:50:01,059 | INFO     | main | ===== Pipeline START for system CARFOUR QAS =====
2026-09-10 15:50:01,072 | INFO     | main | CARFOUR QAS: has_os_access=false -- skipping OS/SSH metrics entirely (not attempting).
2026-09-10 15:50:04,214 | INFO     | sap_gui.launcher | Launching SAP Logon: C:\Program Files (x86)\SAP\FrontEnd\SAPgui\saplogon.exe
2026-09-10 15:50:16,718 | INFO     | sap_gui.launcher | SAP Logon 800 pad is visible.
2026-09-10 15:50:17,726 | INFO     | sap_gui.launcher | Selecting connection: CARFOUR QAS
2026-09-10 15:50:36,870 | INFO     | sap_gui.launcher | Opened connection 'CARFOUR QAS' via keyboard activation.
2026-09-10 15:50:38,925 | INFO     | sap_gui.connection | Finding SAP login window...
2026-09-10 15:50:42,127 | INFO     | sap_gui.connection | SAP login window found: 'SAP' (pattern '^SAP$').
2026-09-10 15:50:43,175 | INFO     | sap_gui.connection | Moving to Client field...
2026-09-10 15:50:43,732 | INFO     | sap_gui.connection | Clearing existing Client value...
2026-09-10 15:50:44,209 | INFO     | sap_gui.connection | Entering Client: 800
2026-09-10 15:50:45,160 | INFO     | sap_gui.connection | Entering Username: CAQ_admin
2026-09-10 15:50:46,196 | INFO     | sap_gui.connection | Entering Password... (masked)
2026-09-10 15:50:47,016 | INFO     | sap_gui.connection | Client, username and password populated.
2026-09-10 15:50:47,020 | INFO     | sap_gui.connection | Submitting login (ENTER)...
2026-09-10 15:50:49,079 | INFO     | sap_gui.connection | Login submitted.
2026-09-10 15:50:51,078 | INFO     | sap_gui.connection | Login verified: SAP session window detected, login screen closed.
2026-09-10 15:50:51,260 | INFO     | sap_gui.scripting_connection | Scripting session acquired: System=CAQ, Client=800, User=CAQ_ADMIN
2026-09-10 15:50:51,749 | INFO     | sap_gui.scripting_connection | Scripting session acquired: System=CAQ, Client=800, User=CAQ_ADMIN
2026-09-10 15:50:56,969 | INFO     | sap_gui.screenshot | Screenshot saved: C:\infrabeatops\reports\2026-09-10\CARFOUR_QAS\evidence\screenshots\AL08_155056_591707.png
2026-09-10 15:51:03,599 | INFO     | collectors.ccms_os | [PRD] CCMS OS monitor 'Operating System': matched cpu=1, load_5m=1, mem_free=4, mem_free_inc=1, mem_total=2, swap_free=1
2026-09-10 15:51:08,002 | INFO     | collectors.rfc_perf | [PRD] 106 STAT records, 0 dialog steps in the window (task mix: 0x12, 0xb, 0xe, AUTOABAP, BTC, BUF.SYNC, OTHER, SPOOL) -- no GUI activity, metric left absent
2026-09-10 15:51:10,154 | INFO     | sap_gui.screenshot | Screenshot saved: C:\infrabeatops\reports\2026-09-10\CARFOUR_QAS\evidence\screenshots\DB01_155109_783134.png
2026-09-10 15:51:10,407 | INFO     | collectors.rfc_perf | [PRD] response time: STAT records unavailable, using ST03N aggregates
2026-09-10 15:51:10,953 | WARNING  | collectors.rfc_perf | [PRD] lock owner stamps run 315 min ahead of SAP system time -- OS time zone on the app server differs from the SAP time zone. Ages corrected; tell Basis.
2026-09-10 15:51:11,824 | INFO     | collectors.rfc_perf | [PRD] SQLMD readable but 0 rows matched DDATE >= '20260903' -- SQL Monitor (transaction SQLM) is not activated on this system. Skipping this read until restart or a manual refresh.
2026-09-10 15:51:12,120 | WARNING  | collectors.rfc_live | [SARLOHA QAS] live read failed, parked for 120s: host 172.22.1.127:3300 not reachable (TimeoutError) -- network/Basis check, not a code issue
2026-09-10 15:51:14,205 | WARNING  | collectors.rfc_live | [SARLOHA PRD] live read failed, parked for 120s: host 172.22.1.123:3300 not reachable (TimeoutError) -- network/Basis check, not a code issue
2026-09-10 15:51:20,258 | INFO     | sap_gui.screenshot | Screenshot saved: C:\infrabeatops\reports\2026-09-10\CARFOUR_QAS\evidence\screenshots\DB02_155119_667214.png
2026-09-10 15:51:27,038 | INFO     | sap_gui.screenshot | Screenshot saved: C:\infrabeatops\reports\2026-09-10\CARFOUR_QAS\evidence\screenshots\DB12_155126_546016.png
2026-09-10 15:51:33,356 | WARNING  | sap_gui.tcode_actions | SCOT SMTP node navigation failed: (-2147352567, 'Exception occurred.', (0, 'SAP Frontend Server', '', None, 0, -2147467259), None)
2026-09-10 15:51:33,616 | INFO     | sap_gui.screenshot | Screenshot saved: C:\infrabeatops\reports\2026-09-10\CARFOUR_QAS\evidence\screenshots\SCOT_155133_357607.png
2026-09-10 15:51:34,691 | INFO     | sap_gui.tcode_actions | SM12: trying classic 'Select Lock Entries' variant.
2026-09-10 15:51:36,726 | WARNING  | sap_gui.tcode_actions | SM12: classic variant unavailable/failed: com_error: (-2147352567, 'Exception occurred.', (619, 'SAP Frontend Server', 'The control could not be found by id.', 'C:\\Program Files (x86)\\SAP\\FrontEnd\\SAPgui\\sapfront.HLP', 393215, 0), None)
2026-09-10 15:51:36,727 | INFO     | sap_gui.tcode_actions | SM12: trying 'Enqueue Administration' variant.
2026-09-10 15:51:36,731 | INFO     | sap_gui.tcode_actions | SM12: command field found for Enqueue Administration.
2026-09-10 15:51:36,737 | INFO     | sap_gui.tcode_actions | SM12: entering /NSM12.
2026-09-10 15:51:38,141 | INFO     | sap_gui.tcode_actions | SM12: /NSM12 submitted.
2026-09-10 15:51:38,145 | INFO     | sap_gui.tcode_actions | SM12: Enqueue Administration USERNAME field found.
2026-09-10 15:51:38,150 | INFO     | sap_gui.tcode_actions | SM12: Enqueue Administration USERNAME set to '*'.
2026-09-10 15:51:38,156 | INFO     | sap_gui.tcode_actions | SM12: Enqueue Administration LIMIT field found.
2026-09-10 15:51:38,162 | INFO     | sap_gui.tcode_actions | SM12: Enqueue Administration LIMIT cleared.
2026-09-10 15:51:38,167 | INFO     | sap_gui.tcode_actions | SM12: Enqueue Administration LOAD button found.
2026-09-10 15:51:38,913 | INFO     | sap_gui.tcode_actions | SM12: Enqueue Administration LOAD pressed.
2026-09-10 15:51:39,863 | INFO     | sap_gui.screenshot | Screenshot saved: C:\infrabeatops\reports\2026-09-10\CARFOUR_QAS\evidence\screenshots\SM12_155139_654725.png
2026-09-10 15:51:39,870 | INFO     | sap_gui.tcode_actions | SM12: Enqueue Administration variant executed successfully. Screenshot=C:\infrabeatops\reports\2026-09-10\CARFOUR_QAS\evidence\screenshots\SM12_155139_654725.png
2026-09-10 15:51:41,489 | INFO     | sap_gui.tcode_actions | SM12: Lock Table count = 9
2026-09-10 15:51:45,372 | INFO     | sap_gui.screenshot | Screenshot saved: C:\infrabeatops\reports\2026-09-10\CARFOUR_QAS\evidence\screenshots\SM13_155145_156198.png
2026-09-10 15:51:51,370 | INFO     | sap_gui.screenshot | Screenshot saved: C:\infrabeatops\reports\2026-09-10\CARFOUR_QAS\evidence\screenshots\SM21_155151_005800.png
2026-09-10 15:51:56,816 | INFO     | sap_gui.tcode_actions | SM37 active: SAP status = 'No job matches the selection criteria'
2026-09-10 15:51:56,817 | INFO     | sap_gui.tcode_actions | SM37 active: no running jobs found for 10.09.2026.
2026-09-10 15:51:56,977 | INFO     | sap_gui.screenshot | Screenshot saved: C:\infrabeatops\reports\2026-09-10\CARFOUR_QAS\evidence\screenshots\SM37_155156_819367.png
2026-09-10 15:51:58,723 | INFO     | sap_gui.tcode_actions | SM37 cancelled: searching from 09.09.2026 to 10.09.2026.
2026-09-10 15:51:58,786 | INFO     | sap_gui.tcode_actions | SM37 cancelled: Canceled/ABORTED selection = True
2026-09-10 15:52:00,452 | INFO     | sap_gui.tcode_actions | SM37 cancelled: SAP status = ''
2026-09-10 15:52:00,676 | INFO     | sap_gui.screenshot | Screenshot saved: C:\infrabeatops\reports\2026-09-10\CARFOUR_QAS\evidence\screenshots\SM37_CANCELLED_155200_453976.png
2026-09-10 15:52:01,943 | INFO     | sap_gui.tcode_actions | SM37 cancelled: 2 canceled job row(s) detected.
2026-09-10 15:52:01,945 | INFO     | sap_gui.tcode_actions | SM37 cancelled job 1: name='TRANSFER_SALERETUEN_UNRESR', user='IB_HARSH', date='09.09.2026', time='14:25:33', duration='0', delay='36', client=''
2026-09-10 15:52:01,945 | INFO     | sap_gui.tcode_actions | SM37 cancelled job 2: name='TRANSFER_SALERETUEN_UNRESR', user='IB_HARSH', date='10.09.2026', time='14:25:35', duration='0', delay='38', client=''
2026-09-10 15:52:05,567 | DEBUG    | sap_gui.tcode_actions | Optional step skipped (SM51 select all servers): (-2147352567, 'Exception occurred.', (619, 'SAP Frontend Server', 'The control could not be found by id.', 'C:\\Program Files (x86)\\SAP\\FrontEnd\\SAPgui\\sapfront.HLP', 393215, 0), None)
2026-09-10 15:52:05,826 | INFO     | sap_gui.screenshot | Screenshot saved: C:\infrabeatops\reports\2026-09-10\CARFOUR_QAS\evidence\screenshots\SM51_155205_569027.png
2026-09-10 15:52:10,025 | INFO     | sap_gui.screenshot | Screenshot saved: C:\infrabeatops\reports\2026-09-10\CARFOUR_QAS\evidence\screenshots\SM58_155209_863101.png
2026-09-10 15:52:17,370 | INFO     | sap_gui.screenshot | Screenshot saved: C:\infrabeatops\reports\2026-09-10\CARFOUR_QAS\evidence\screenshots\SM50_155217_032290.png
2026-09-10 15:52:23,261 | DEBUG    | sap_gui.tcode_actions | Optional step skipped (SM66 sort column): (-2147352567, 'Exception occurred.', (619, 'SAP Frontend Server', 'The control could not be found by id.', 'C:\\Program Files (x86)\\SAP\\FrontEnd\\SAPgui\\sapfront.HLP', 393215, 0), None)
2026-09-10 15:52:23,498 | INFO     | sap_gui.screenshot | Screenshot saved: C:\infrabeatops\reports\2026-09-10\CARFOUR_QAS\evidence\screenshots\SM66_155223_262801.png
2026-09-10 15:52:28,396 | INFO     | sap_gui.screenshot | Screenshot saved: C:\infrabeatops\reports\2026-09-10\CARFOUR_QAS\evidence\screenshots\SMLG_155228_227721.png
2026-09-10 15:52:31,315 | INFO     | sap_gui.screenshot | Screenshot saved: C:\infrabeatops\reports\2026-09-10\CARFOUR_QAS\evidence\screenshots\SMQ1_155231_157438.png
2026-09-10 15:52:34,472 | INFO     | sap_gui.screenshot | Screenshot saved: C:\infrabeatops\reports\2026-09-10\CARFOUR_QAS\evidence\screenshots\SMQ2_155234_318433.png
2026-09-10 15:52:42,062 | INFO     | sap_gui.screenshot | Screenshot saved: C:\infrabeatops\reports\2026-09-10\CARFOUR_QAS\evidence\screenshots\SOST_155241_733761.png
2026-09-10 15:52:50,810 | DEBUG    | sap_gui.tcode_actions | Optional step skipped (SP01 popup select-all): (-2147352567, 'Exception occurred.', (619, 'SAP Frontend Server', 'The control could not be found by id.', 'C:\\Program Files (x86)\\SAP\\FrontEnd\\SAPgui\\sapfront.HLP', 393215, 0), None)
2026-09-10 15:52:51,839 | INFO     | sap_gui.screenshot | Screenshot saved: C:\infrabeatops\reports\2026-09-10\CARFOUR_QAS\evidence\screenshots\SP01_155251_598971.png
2026-09-10 15:52:58,787 | DEBUG    | sap_gui.tcode_actions | Optional step skipped (ST03N confirm popup): (-2147352567, 'Exception occurred.', (619, 'SAP Frontend Server', 'The control could not be found by id.', 'C:\\Program Files (x86)\\SAP\\FrontEnd\\SAPgui\\sapfront.HLP', 393215, 0), None)
2026-09-10 15:53:00,206 | INFO     | sap_gui.screenshot | Screenshot saved: C:\infrabeatops\reports\2026-09-10\CARFOUR_QAS\evidence\screenshots\ST03N_155259_903694.png
2026-09-10 15:53:06,553 | INFO     | sap_gui.tcode_actions | ST22: opened ST22. Selecting TODAY only.
2026-09-10 15:53:06,555 | INFO     | sap_gui.tcode_actions | ST22: TODAY button found. Pressing it.
2026-09-10 15:53:08,107 | INFO     | sap_gui.tcode_actions | ST22: TODAY selection completed.
2026-09-10 15:53:08,387 | INFO     | sap_gui.screenshot | Screenshot saved: C:\infrabeatops\reports\2026-09-10\CARFOUR_QAS\evidence\screenshots\ST22_today_155308_108711.png
2026-09-10 15:53:08,390 | INFO     | sap_gui.tcode_actions | ST22: TODAY screenshot captured: C:\infrabeatops\reports\2026-09-10\CARFOUR_QAS\evidence\screenshots\ST22_today_155308_108711.png
2026-09-10 15:53:08,394 | INFO     | sap_gui.tcode_actions | ST22: status bar = 'No short dumps match the selection criteria'
2026-09-10 15:53:08,406 | INFO     | sap_gui.tcode_actions | ST22: TODAY ALV is not available. This can be normal when there are zero dumps. status='No short dumps match the selection criteria' error=com_error
2026-09-10 15:53:08,406 | INFO     | sap_gui.tcode_actions | ST22: No TODAY ALV detected. Treating TODAY as zero dumps.
2026-09-10 15:53:12,909 | INFO     | sap_gui.screenshot | Screenshot saved: C:\infrabeatops\reports\2026-09-10\CARFOUR_QAS\evidence\screenshots\ST06_155312_663668.png
2026-09-10 15:53:16,577 | INFO     | collectors.sap_gui_collector | Collected evidence for 22 T-codes.
2026-09-10 15:53:16,756 | INFO     | core.status_snapshot | Status snapshot saved for CARFOUR QAS: C:\infrabeatops\dashboard\snapshots\CARFOURQAS.json
2026-09-10 15:53:17,350 | INFO     | reporting.excel_template_writer | MetroBrands Excel template filled: C:/infrabeatops/reports/2026-09-10/CARFOUR_QAS/CARFOUR_QAS_Monitoring_Sheet.xlsx
2026-09-10 15:53:46,719 | INFO     | main | ===== Pipeline COMPLETE for system CARFOUR QAS (gui_available=True) =====
2026-09-10 15:53:49,267 | INFO     | main | CARFOUR QAS: SAP GUI closed after successful sweep.
