2026-09-07 17:39:48,159 | INFO     | dashboard.app | Scheduler started -- runs only what the Profiles page schedules.
2026-09-07 17:39:48,212 | INFO     | dashboard.app | Scheduler: no run on startup.
2026-09-07 17:39:48,244 | INFO     | dashboard.app | Scheduler: profile-driven. prd-quick (PRD -> whatsapp); prd-full (PRD -> email)
2026-09-07 17:39:48,285 | INFO     | dashboard.app | Scheduler: profile 'prd-quick' is due (PRD, 4 T-code(s), -> ['whatsapp']).
2026-09-07 17:54:23,951 | INFO     | dashboard.app | Scheduler started -- runs only what the Profiles page schedules.
2026-09-07 17:54:23,990 | INFO     | dashboard.app | Scheduler: no run on startup.
2026-09-07 17:54:24,010 | INFO     | dashboard.app | Scheduler: profile-driven. prd-quick (PRD -> whatsapp); prd-full (PRD -> email)
2026-09-08 09:41:21,319 | INFO     | dashboard.app | Scheduler started -- runs only what the Profiles page schedules.
2026-09-08 09:41:21,480 | INFO     | dashboard.app | Scheduler: no run on startup.
2026-09-08 09:41:21,538 | INFO     | dashboard.app | Scheduler: profile-driven. prd-quick (PRD -> whatsapp); prd-full (PRD -> email)
2026-09-08 09:41:21,613 | INFO     | dashboard.app | Scheduler: profile 'prd-quick' is due (PRD, 4 T-code(s), -> ['whatsapp']).
2026-09-08 09:41:56,349 | INFO     | dashboard.app | Stop requested from the dashboard. Finishing PRD then stopping. Automatic monitoring paused.
2026-09-08 09:47:58,542 | INFO     | dashboard.app | Scheduler started -- runs only what the Profiles page schedules.
2026-09-08 09:47:58,590 | INFO     | dashboard.app | Scheduler: no run on startup.
2026-09-08 09:47:58,608 | INFO     | dashboard.app | Scheduler: profile-driven. prd-quick (PRD -> whatsapp); prd-full (PRD -> email)
2026-09-08 10:08:52,743 | INFO     | dashboard.app | Scheduler started -- runs only what the Profiles page schedules.
2026-09-08 10:08:52,832 | INFO     | dashboard.app | Scheduler: no run on startup.
2026-09-08 10:08:52,928 | INFO     | dashboard.app | Scheduler: profile-driven. prd-quick (PRD -> whatsapp); prd-full (PRD -> email)
2026-09-08 10:30:57,357 | INFO     | dashboard.app | Scheduler started -- runs only what the Profiles page schedules.
2026-09-08 10:30:57,391 | INFO     | dashboard.app | Scheduler: no run on startup.
2026-09-08 10:30:57,409 | INFO     | dashboard.app | Scheduler: profile-driven. prd-quick (PRD -> whatsapp); prd-full (PRD -> email)
2026-09-08 10:43:22,510 | INFO     | dashboard.app | Stop requested from the dashboard. Finishing SARLOHA QAS then stopping. Automatic monitoring paused.
2026-09-08 10:54:49,585 | INFO     | dashboard.app | Scheduler started -- runs only what the Profiles page schedules.
2026-09-08 10:54:49,663 | INFO     | dashboard.app | Scheduler: no run on startup.
2026-09-08 10:54:49,696 | INFO     | dashboard.app | Scheduler: profile-driven. prd-quick (PRD -> whatsapp); prd-full (PRD -> email)
2026-09-08 11:29:45,253 | INFO     | dashboard.app | Scheduler started -- runs only what the Profiles page schedules.
2026-09-08 11:29:45,293 | INFO     | dashboard.app | Scheduler: no run on startup.
2026-09-08 11:29:45,316 | INFO     | dashboard.app | Scheduler: profile-driven. prd-quick (PRD -> whatsapp); prd-full (PRD -> email)
2026-09-08 11:35:17,744 | INFO     | dashboard.app | Scheduler started -- runs only what the Profiles page schedules.
2026-09-08 11:35:17,789 | INFO     | dashboard.app | Scheduler: no run on startup.
2026-09-08 11:35:17,812 | INFO     | dashboard.app | Scheduler: profile-driven. prd-quick (PRD -> whatsapp); prd-full (PRD -> email)
2026-09-08 11:41:23,566 | INFO     | dashboard.app | Scheduler: profile 'prd-quick' is due (PRD, 4 T-code(s), -> ['whatsapp']).
2026-09-08 11:44:17,589 | INFO     | dashboard.app | Scheduler started -- runs only what the Profiles page schedules.
2026-09-08 11:44:17,630 | INFO     | dashboard.app | Scheduler: no run on startup.
2026-09-08 11:44:17,662 | INFO     | dashboard.app | Scheduler: profile-driven. prd-quick (PRD -> whatsapp); prd-full (PRD -> email)
2026-09-08 11:45:41,193 | INFO     | dashboard.app | Scheduler started -- runs only what the Profiles page schedules.
2026-09-08 11:45:41,404 | INFO     | dashboard.app | Scheduler: no run on startup.
2026-09-08 11:45:41,511 | INFO     | dashboard.app | Scheduler: profile-driven. prd-quick (PRD -> whatsapp); prd-full (PRD -> email)
2026-09-08 11:52:12,641 | INFO     | dashboard.app | Scheduler started -- runs only what the Profiles page schedules.
2026-09-08 11:52:12,720 | INFO     | dashboard.app | Scheduler: no run on startup.
2026-09-08 11:52:12,791 | INFO     | dashboard.app | Scheduler: profile-driven. prd-quick (PRD -> whatsapp); prd-full (PRD -> email)
2026-09-08 12:00:15,406 | INFO     | dashboard.app | Scheduler started -- runs only what the Profiles page schedules.
2026-09-08 12:00:15,455 | INFO     | dashboard.app | Scheduler: no run on startup.
2026-09-08 12:00:15,482 | INFO     | dashboard.app | Scheduler: profile-driven. prd-quick (PRD -> whatsapp); prd-full (PRD -> email)
2026-09-08 12:01:31,615 | INFO     | dashboard.app | Scheduler started -- runs only what the Profiles page schedules.
2026-09-08 12:01:31,663 | INFO     | dashboard.app | Scheduler: no run on startup.
2026-09-08 12:01:31,677 | INFO     | dashboard.app | Scheduler: profile-driven. prd-quick (PRD -> whatsapp); prd-full (PRD -> email)
2026-09-08 12:09:48,664 | INFO     | dashboard.app | Scheduler started -- runs only what the Profiles page schedules.
2026-09-08 12:09:48,719 | INFO     | dashboard.app | Scheduler: no run on startup.
2026-09-08 12:09:48,755 | INFO     | dashboard.app | Scheduler: profile-driven. prd-quick (PRD -> whatsapp); prd-full (PRD -> email)
2026-09-08 12:18:17,561 | INFO     | dashboard.app | Scheduler started -- runs only what the Profiles page schedules.
2026-09-08 12:18:17,602 | INFO     | dashboard.app | Scheduler: no run on startup.
2026-09-08 12:18:17,620 | INFO     | dashboard.app | Scheduler: profile-driven. prd-quick (PRD -> whatsapp); prd-full (PRD -> email)
2026-09-08 12:23:54,769 | INFO     | dashboard.app | Scheduler started -- runs only what the Profiles page schedules.
2026-09-08 12:23:54,877 | INFO     | dashboard.app | Scheduler: no run on startup.
2026-09-08 12:23:54,895 | INFO     | dashboard.app | Scheduler: profile-driven. prd-quick (PRD -> whatsapp); prd-full (PRD -> email)
2026-09-08 12:29:57,576 | INFO     | dashboard.app | Scheduler started -- runs only what the Profiles page schedules.
2026-09-08 12:29:57,626 | INFO     | dashboard.app | Scheduler: no run on startup.
2026-09-08 12:29:57,647 | INFO     | dashboard.app | Scheduler: profile-driven. prd-quick (PRD -> whatsapp); prd-full (PRD -> email)
2026-09-08 12:52:59,285 | INFO     | dashboard.app | Scheduler started -- runs only what the Profiles page schedules.
2026-09-08 12:52:59,356 | INFO     | dashboard.app | Scheduler: no run on startup.
2026-09-08 12:52:59,429 | INFO     | dashboard.app | Scheduler: profile-driven. prd-quick (PRD -> whatsapp); prd-full (PRD -> email)
2026-09-08 14:03:22,320 | INFO     | dashboard.app | Scheduler: profile 'prd-quick' is due (PRD, 4 T-code(s), -> ['whatsapp']).
2026-09-08 14:04:05,605 | INFO     | dashboard.app | Scheduler started -- runs only what the Profiles page schedules.
2026-09-08 14:04:05,720 | INFO     | dashboard.app | Scheduler: no run on startup.
2026-09-08 14:04:05,786 | INFO     | dashboard.app | Scheduler: profile-driven. prd-quick (PRD -> whatsapp); prd-full (PRD -> email)
2026-09-08 15:19:26,648 | INFO     | dashboard.app | Scheduler started -- runs only what the Profiles page schedules.
2026-09-08 15:19:26,846 | INFO     | dashboard.app | Scheduler: no run on startup.
2026-09-08 15:19:26,969 | INFO     | dashboard.app | Scheduler: profile-driven. prd-quick (PRD -> whatsapp); prd-full (PRD -> email)
2026-09-08 15:38:22,275 | INFO     | dashboard.app | Scheduler started -- runs only what the Profiles page schedules.
2026-09-08 15:38:22,352 | INFO     | dashboard.app | Scheduler: no run on startup.
2026-09-08 15:38:22,400 | INFO     | dashboard.app | Scheduler: profile-driven. prd-quick (PRD -> whatsapp); prd-full (PRD -> email)
2026-09-08 15:48:16,418 | INFO     | dashboard.app | Scheduler started -- runs only what the Profiles page schedules.
2026-09-08 15:48:16,452 | INFO     | dashboard.app | Live refresher started -- background RFC reads every 8s; HTTP requests never call RFC directly.
2026-09-08 15:48:16,513 | INFO     | dashboard.app | Scheduler: no run on startup.
2026-09-08 15:48:16,565 | INFO     | dashboard.app | Scheduler: profile-driven. prd-quick (PRD -> whatsapp); prd-full (PRD -> email)
2026-09-08 16:03:27,830 | INFO     | dashboard.app | Scheduler: profile 'prd-quick' is due (PRD, 4 T-code(s), -> ['whatsapp']).
2026-09-08 16:07:47,558 | INFO     | dashboard.app | Scheduler started -- runs only what the Profiles page schedules.
2026-09-08 16:07:47,622 | INFO     | dashboard.app | Live refresher started -- background RFC reads every 8s; HTTP requests never call RFC directly.
2026-09-08 16:07:47,710 | INFO     | dashboard.app | Scheduler: no run on startup.
2026-09-08 16:07:47,792 | INFO     | dashboard.app | Scheduler: profile-driven. prd-quick (PRD -> whatsapp); prd-full (PRD -> email)
2026-09-08 16:28:34,975 | INFO     | dashboard.app | Scheduler started -- runs only what the Profiles page schedules.
2026-09-08 16:28:35,007 | INFO     | dashboard.app | Live refresher started -- background RFC reads every 8s; HTTP requests never call RFC directly.
2026-09-08 16:28:35,140 | INFO     | dashboard.app | Scheduler: no run on startup.
2026-09-08 16:28:35,182 | INFO     | dashboard.app | Scheduler: profile-driven. prd-quick (PRD -> whatsapp); prd-full (PRD -> email)
2026-09-08 16:56:49,538 | INFO     | dashboard.app | Scheduler started -- runs only what the Profiles page schedules.
2026-09-08 16:56:49,541 | INFO     | dashboard.app | Live refresher started -- background RFC reads every 8s; HTTP requests never call RFC directly.
2026-09-08 16:56:49,609 | INFO     | dashboard.app | Scheduler: no run on startup.
2026-09-08 16:56:49,636 | INFO     | dashboard.app | Scheduler: profile-driven. prd-quick (PRD -> whatsapp); prd-full (PRD -> email)
2026-09-08 17:02:01,087 | INFO     | dashboard.app | Scheduler started -- runs only what the Profiles page schedules.
2026-09-08 17:02:01,092 | INFO     | dashboard.app | Live refresher started -- background RFC reads every 8s; HTTP requests never call RFC directly.
2026-09-08 17:02:01,157 | INFO     | dashboard.app | Scheduler: no run on startup.
2026-09-08 17:02:01,188 | INFO     | dashboard.app | Scheduler: profile-driven. prd-quick (PRD -> whatsapp); prd-full (PRD -> email)
2026-09-08 17:50:43,191 | INFO     | dashboard.app | Scheduler started -- runs only what the Profiles page schedules.
2026-09-08 17:50:43,211 | INFO     | dashboard.app | Live refresher started -- background RFC reads every 8s; HTTP requests never call RFC directly.
2026-09-08 17:50:43,261 | INFO     | dashboard.app | Scheduler: no run on startup.
2026-09-08 17:50:43,288 | INFO     | dashboard.app | Scheduler: profile-driven. prd-quick (PRD -> whatsapp); prd-full (PRD -> email)
2026-09-08 17:56:01,735 | INFO     | dashboard.app | Scheduler started -- runs only what the Profiles page schedules.
2026-09-08 17:56:01,741 | INFO     | dashboard.app | Live refresher started -- background RFC reads every 8s; HTTP requests never call RFC directly.
2026-09-08 17:56:01,823 | INFO     | dashboard.app | Scheduler: no run on startup.
2026-09-08 17:56:01,913 | INFO     | dashboard.app | Scheduler: profile-driven. prd-quick (PRD -> whatsapp); prd-full (PRD -> email)
2026-09-08 17:56:45,995 | INFO     | dashboard.app | Scheduler started -- runs only what the Profiles page schedules.
2026-09-08 17:56:46,002 | INFO     | dashboard.app | Live refresher started -- background RFC reads every 8s; HTTP requests never call RFC directly.
2026-09-08 17:56:46,128 | INFO     | dashboard.app | Scheduler: no run on startup.
2026-09-08 17:56:46,146 | INFO     | dashboard.app | Scheduler: profile-driven. prd-quick (PRD -> whatsapp); prd-full (PRD -> email)
2026-09-08 22:13:09,045 | INFO     | dashboard.app | Scheduler started -- runs only what the Profiles page schedules.
2026-09-08 22:13:09,068 | INFO     | dashboard.app | Live refresher started -- background RFC reads every 8s; HTTP requests never call RFC directly.
2026-09-08 22:13:09,140 | INFO     | dashboard.app | Scheduler: no run on startup.
2026-09-08 22:13:09,173 | INFO     | dashboard.app | Scheduler: profile-driven. prd-quick (PRD -> whatsapp); prd-full (PRD -> email)
2026-09-08 22:13:09,245 | INFO     | dashboard.app | Scheduler: profile 'prd-quick' is due (PRD, 4 T-code(s), -> ['whatsapp']).
2026-09-08 22:32:23,868 | INFO     | dashboard.app | Scheduler started -- runs only what the Profiles page schedules.
2026-09-08 22:32:23,887 | INFO     | dashboard.app | Live refresher started -- background RFC reads every 8s; HTTP requests never call RFC directly.
2026-09-08 22:32:23,981 | INFO     | dashboard.app | Scheduler: no run on startup.
2026-09-08 22:32:24,024 | INFO     | dashboard.app | Scheduler: profile-driven. prd-quick (PRD -> whatsapp); prd-full (PRD -> email)
2026-09-09 09:56:45,345 | INFO     | dashboard.app | Scheduler: profile 'prd-quick' is due (PRD, 4 T-code(s), -> ['whatsapp']).
2026-09-09 10:21:33,039 | INFO     | dashboard.app | Scheduler started -- runs only what the Profiles page schedules.
2026-09-09 10:21:33,292 | INFO     | dashboard.app | Live refresher started -- background RFC reads every 8s; HTTP requests never call RFC directly.
2026-09-09 10:21:33,608 | INFO     | dashboard.app | Scheduler: no run on startup.
2026-09-09 10:21:33,694 | INFO     | dashboard.app | Scheduler: profile-driven. prd-quick (PRD -> whatsapp); prd-full (PRD -> email)
2026-09-09 10:29:09,314 | INFO     | dashboard.app | Scheduler started -- runs only what the Profiles page schedules.
2026-09-09 10:29:09,421 | INFO     | dashboard.app | Live refresher started -- background RFC reads every 8s; HTTP requests never call RFC directly.
2026-09-09 10:29:09,426 | INFO     | dashboard.app | Scheduler: no run on startup.
2026-09-09 10:29:09,534 | INFO     | dashboard.app | Scheduler: profile-driven. prd-quick (PRD -> whatsapp); prd-full (PRD -> email)
2026-09-09 11:10:10,592 | INFO     | dashboard.app | Scheduler started -- runs only what the Profiles page schedules.
2026-09-09 11:10:10,605 | INFO     | dashboard.app | Live refresher started -- background RFC reads every 60s (pass ceiling 45s); HTTP requests never call RFC directly.
2026-09-09 11:10:10,677 | INFO     | dashboard.app | Scheduler: no run on startup.
2026-09-09 11:10:10,712 | INFO     | dashboard.app | Scheduler: profile-driven. prd-quick (PRD -> whatsapp); prd-full (PRD -> email)
2026-09-09 11:11:37,199 | WARNING  | dashboard.app | Live refresh pass hit the 45s ceiling with 3 system(s) still reading. Their cached values are held and they are left to finish in the background.
2026-09-09 11:13:25,038 | WARNING  | dashboard.app | Live refresh pass hit the 45s ceiling with 2 system(s) still reading. Their cached values are held and they are left to finish in the background.
2026-09-09 11:21:57,467 | INFO     | dashboard.app | Scheduler started -- runs only what the Profiles page schedules.
2026-09-09 11:21:57,471 | INFO     | dashboard.app | Live refresher started -- background RFC reads every 60s (pass ceiling 45s); HTTP requests never call RFC directly.
2026-09-09 11:21:57,538 | INFO     | dashboard.app | Scheduler: no run on startup.
2026-09-09 11:21:57,571 | INFO     | dashboard.app | Scheduler: profile-driven. prd-quick (PRD -> whatsapp); prd-full (PRD -> email)
2026-09-09 11:23:10,765 | WARNING  | dashboard.app | Live refresh pass hit the 45s ceiling with 2 system(s) still reading. Their cached values are held and they are left to finish in the background.
2026-09-09 11:24:25,826 | WARNING  | dashboard.app | Live refresh pass hit the 45s ceiling with 2 system(s) still reading. Their cached values are held and they are left to finish in the background.
2026-09-09 11:26:22,387 | WARNING  | dashboard.app | Live refresh pass hit the 45s ceiling with 1 system(s) still reading. Their cached values are held and they are left to finish in the background.
2026-09-09 11:52:17,657 | WARNING  | dashboard.app | Live refresh pass hit the 45s ceiling with 1 system(s) still reading. Their cached values are held and they are left to finish in the background.
2026-09-09 11:56:55,920 | INFO     | dashboard.app | Scheduler: profile 'prd-quick' is due (PRD, 4 T-code(s), -> ['whatsapp']).
2026-09-09 12:00:16,986 | WARNING  | dashboard.app | Live refresh pass hit the 45s ceiling with 2 system(s) still reading. Their cached values are held and they are left to finish in the background.
2026-09-09 12:08:48,688 | WARNING  | dashboard.app | Live refresh pass hit the 45s ceiling with 2 system(s) still reading. Their cached values are held and they are left to finish in the background.
2026-09-09 12:12:50,926 | INFO     | dashboard.app | Scheduler started -- runs only what the Profiles page schedules.
2026-09-09 12:12:50,933 | INFO     | dashboard.app | Live refresher started -- background RFC reads every 60s (pass ceiling 45s); HTTP requests never call RFC directly.
2026-09-09 12:12:51,055 | INFO     | dashboard.app | Scheduler: no run on startup.
2026-09-09 12:12:51,082 | INFO     | dashboard.app | Scheduler: profile-driven. prd-quick (PRD -> whatsapp); prd-full (PRD -> email)
2026-09-09 12:13:44,034 | WARNING  | dashboard.app | Live refresh pass hit the 45s ceiling with 2 system(s) still reading. Their cached values are held and they are left to finish in the background.
2026-09-09 12:17:42,797 | WARNING  | dashboard.app | Live refresh pass hit the 45s ceiling with 1 system(s) still reading. Their cached values are held and they are left to finish in the background.
2026-09-09 12:18:24,738 | INFO     | dashboard.app | Scheduler started -- runs only what the Profiles page schedules.
2026-09-09 12:18:24,762 | INFO     | dashboard.app | Live refresher started -- background RFC reads every 60s (pass ceiling 45s); HTTP requests never call RFC directly.
2026-09-09 12:18:24,834 | INFO     | dashboard.app | Scheduler: no run on startup.
2026-09-09 12:18:24,867 | INFO     | dashboard.app | Scheduler: profile-driven. prd-quick (PRD -> whatsapp); prd-full (PRD -> email)
2026-09-09 12:19:57,557 | WARNING  | dashboard.app | Live refresh pass hit the 45s ceiling with 3 system(s) still reading. Their cached values are held and they are left to finish in the background.
2026-09-09 12:21:09,260 | WARNING  | dashboard.app | Live refresh pass hit the 45s ceiling with 2 system(s) still reading. Their cached values are held and they are left to finish in the background.
2026-09-09 12:23:20,848 | WARNING  | dashboard.app | Live refresh pass hit the 45s ceiling with 1 system(s) still reading. Their cached values are held and they are left to finish in the background.
2026-09-09 12:27:35,074 | INFO     | dashboard.app | Scheduler started -- runs only what the Profiles page schedules.
2026-09-09 12:27:35,079 | INFO     | dashboard.app | Live refresher started -- background RFC reads every 60s (pass ceiling 45s); HTTP requests never call RFC directly.
2026-09-09 12:27:35,145 | INFO     | dashboard.app | Scheduler: no run on startup.
2026-09-09 12:27:35,231 | INFO     | dashboard.app | Scheduler: profile-driven. prd-quick (PRD -> whatsapp); prd-full (PRD -> email)
2026-09-09 12:29:08,244 | WARNING  | dashboard.app | Live refresh pass hit the 45s ceiling with 3 system(s) still reading. Their cached values are held and they are left to finish in the background.
2026-09-09 12:30:13,012 | WARNING  | dashboard.app | Live refresh pass hit the 45s ceiling with 1 system(s) still reading. Their cached values are held and they are left to finish in the background.
2026-09-09 12:32:14,433 | WARNING  | dashboard.app | Live refresh pass hit the 45s ceiling with 1 system(s) still reading. Their cached values are held and they are left to finish in the background.
2026-09-09 12:36:28,700 | WARNING  | dashboard.app | Live refresh pass hit the 45s ceiling with 1 system(s) still reading. Their cached values are held and they are left to finish in the background.
2026-09-09 12:39:37,693 | INFO     | dashboard.app | Scheduler started -- runs only what the Profiles page schedules.
2026-09-09 12:39:37,698 | INFO     | dashboard.app | Live refresher started -- background RFC reads every 60s (pass ceiling 45s); HTTP requests never call RFC directly.
2026-09-09 12:39:37,798 | INFO     | dashboard.app | Scheduler: no run on startup.
2026-09-09 12:39:37,821 | INFO     | dashboard.app | Scheduler: profile-driven. prd-quick (PRD -> whatsapp); prd-full (PRD -> email)
2026-09-09 12:41:14,238 | WARNING  | dashboard.app | Live refresh pass hit the 45s ceiling with 3 system(s) still reading. Their cached values are held and they are left to finish in the background.
2026-09-09 12:43:20,129 | WARNING  | dashboard.app | Live refresh pass hit the 45s ceiling with 1 system(s) still reading. Their cached values are held and they are left to finish in the background.
2026-09-09 12:45:42,341 | WARNING  | dashboard.app | Live refresh pass hit the 45s ceiling with 1 system(s) still reading. Their cached values are held and they are left to finish in the background.
2026-09-09 12:48:31,643 | WARNING  | dashboard.app | Live refresh pass hit the 45s ceiling with 1 system(s) still reading. Their cached values are held and they are left to finish in the background.
2026-09-09 12:51:10,668 | WARNING  | dashboard.app | Live refresh pass hit the 45s ceiling with 1 system(s) still reading. Their cached values are held and they are left to finish in the background.
2026-09-09 12:53:04,168 | WARNING  | dashboard.app | Live refresh pass hit the 45s ceiling with 1 system(s) still reading. Their cached values are held and they are left to finish in the background.
2026-09-09 12:57:30,746 | WARNING  | dashboard.app | Live refresh pass hit the 45s ceiling with 1 system(s) still reading. Their cached values are held and they are left to finish in the background.
2026-09-09 12:58:21,332 | WARNING  | dashboard.app | Live refresh pass hit the 45s ceiling with 3 system(s) still reading. Their cached values are held and they are left to finish in the background.
2026-09-09 12:59:24,057 | WARNING  | dashboard.app | Live refresh pass hit the 45s ceiling with 4 system(s) still reading. Their cached values are held and they are left to finish in the background.
2026-09-09 13:00:33,111 | WARNING  | dashboard.app | Live refresh pass hit the 45s ceiling with 3 system(s) still reading. Their cached values are held and they are left to finish in the background.
2026-09-09 13:06:03,164 | WARNING  | dashboard.app | Live refresh pass hit the 45s ceiling with 2 system(s) still reading. Their cached values are held and they are left to finish in the background.
2026-09-09 13:08:05,358 | WARNING  | dashboard.app | Live refresh pass hit the 45s ceiling with 1 system(s) still reading. Their cached values are held and they are left to finish in the background.
2026-09-09 13:09:52,535 | WARNING  | dashboard.app | Live refresh pass hit the 45s ceiling with 1 system(s) still reading. Their cached values are held and they are left to finish in the background.
2026-09-09 13:15:55,439 | WARNING  | dashboard.app | Live refresh pass hit the 45s ceiling with 1 system(s) still reading. Their cached values are held and they are left to finish in the background.
2026-09-09 13:53:37,061 | WARNING  | dashboard.app | Live refresh pass hit the 45s ceiling with 2 system(s) still reading. Their cached values are held and they are left to finish in the background.
2026-09-09 13:55:03,662 | WARNING  | dashboard.app | Live refresh pass failed: RuntimeError: cannot schedule new futures after interpreter shutdown
2026-09-09 13:55:03,726 | INFO     | dashboard.app | Scheduler started -- runs only what the Profiles page schedules.
2026-09-09 13:55:03,828 | INFO     | dashboard.app | Live refresher started -- background RFC reads every 60s (pass ceiling 45s); HTTP requests never call RFC directly.
2026-09-09 13:55:03,994 | INFO     | dashboard.app | Scheduler: no run on startup.
2026-09-09 13:55:04,117 | INFO     | dashboard.app | Scheduler: profile-driven. prd-quick (PRD -> whatsapp); prd-full (PRD -> email)
2026-09-09 13:56:23,764 | WARNING  | dashboard.app | Live refresh pass hit the 45s ceiling with 2 system(s) still reading. Their cached values are held and they are left to finish in the background.
2026-09-09 13:57:07,945 | INFO     | dashboard.app | Scheduler: profile 'prd-quick' is due (PRD, 4 T-code(s), -> ['whatsapp']).
2026-09-09 13:58:34,220 | WARNING  | dashboard.app | Live refresh pass hit the 45s ceiling with 1 system(s) still reading. Their cached values are held and they are left to finish in the background.
2026-09-09 13:59:15,879 | INFO     | dashboard.app | Scheduler started -- runs only what the Profiles page schedules.
2026-09-09 13:59:15,961 | INFO     | dashboard.app | Live refresher started -- background RFC reads every 60s (pass ceiling 45s); HTTP requests never call RFC directly.
2026-09-09 13:59:16,114 | INFO     | dashboard.app | Scheduler: no run on startup.
2026-09-09 13:59:16,209 | INFO     | dashboard.app | Scheduler: profile-driven. prd-quick (PRD -> whatsapp); prd-full (PRD -> email)
2026-09-09 14:00:34,106 | WARNING  | dashboard.app | Live refresh pass hit the 45s ceiling with 4 system(s) still reading. Their cached values are held and they are left to finish in the background.
2026-09-09 14:01:27,257 | WARNING  | dashboard.app | Live refresh pass hit the 45s ceiling with 3 system(s) still reading. Their cached values are held and they are left to finish in the background.
2026-09-09 14:03:33,344 | WARNING  | dashboard.app | Live refresh pass hit the 45s ceiling with 2 system(s) still reading. Their cached values are held and they are left to finish in the background.
2026-09-09 14:05:31,326 | INFO     | dashboard.app | Scheduler started -- runs only what the Profiles page schedules.
2026-09-09 14:05:31,429 | INFO     | dashboard.app | Live refresher started -- background RFC reads every 60s (pass ceiling 45s); HTTP requests never call RFC directly.
2026-09-09 14:05:31,461 | INFO     | dashboard.app | Scheduler: no run on startup.
2026-09-09 14:05:31,639 | INFO     | dashboard.app | Scheduler: profile-driven. prd-quick (PRD -> whatsapp); prd-full (PRD -> email)
2026-09-09 14:07:37,279 | WARNING  | dashboard.app | Live refresh pass hit the 45s ceiling with 3 system(s) still reading. Their cached values are held and they are left to finish in the background.
2026-09-09 14:10:30,632 | WARNING  | dashboard.app | Live refresh pass hit the 45s ceiling with 3 system(s) still reading. Their cached values are held and they are left to finish in the background.
2026-09-09 14:12:39,852 | WARNING  | dashboard.app | Live refresh pass hit the 45s ceiling with 3 system(s) still reading. Their cached values are held and they are left to finish in the background.
2026-09-09 14:12:46,827 | WARNING  | dashboard.app | Live refresh pass failed: RuntimeError: cannot schedule new futures after interpreter shutdown
2026-09-09 14:15:19,504 | INFO     | dashboard.app | Scheduler started -- runs only what the Profiles page schedules.
2026-09-09 14:15:19,517 | INFO     | dashboard.app | Live refresher started -- background RFC reads every 60s (pass ceiling 45s); HTTP requests never call RFC directly.
2026-09-09 14:15:19,681 | INFO     | dashboard.app | Scheduler: no run on startup.
2026-09-09 14:15:19,749 | INFO     | dashboard.app | Scheduler: profile-driven. prd-quick (PRD -> whatsapp); prd-full (PRD -> email)
2026-09-09 15:01:50,127 | INFO     | dashboard.app | Scheduler started -- runs only what the Profiles page schedules.
2026-09-09 15:01:50,134 | INFO     | dashboard.app | Live refresher started -- background RFC reads every 60s (pass ceiling 45s); HTTP requests never call RFC directly.
2026-09-09 15:01:50,251 | INFO     | dashboard.app | Scheduler: no run on startup.
2026-09-09 15:01:50,317 | INFO     | dashboard.app | Scheduler: profile-driven. prd-quick (PRD -> whatsapp); prd-full (PRD -> email)
2026-09-09 15:03:47,567 | INFO     | dashboard.app | Scheduler started -- runs only what the Profiles page schedules.
2026-09-09 15:03:47,598 | INFO     | dashboard.app | Live refresher started -- background RFC reads every 60s (pass ceiling 45s); HTTP requests never call RFC directly.
2026-09-09 15:03:47,672 | INFO     | dashboard.app | Scheduler: no run on startup.
2026-09-09 15:03:47,762 | INFO     | dashboard.app | Scheduler: profile-driven. prd-quick (PRD -> whatsapp); prd-full (PRD -> email)
2026-09-09 15:10:28,034 | INFO     | dashboard.app | Scheduler started -- runs only what the Profiles page schedules.
2026-09-09 15:10:28,040 | INFO     | dashboard.app | Live refresher started -- background RFC reads every 60s (pass ceiling 45s); HTTP requests never call RFC directly.
2026-09-09 15:10:28,109 | INFO     | dashboard.app | Scheduler: no run on startup.
2026-09-09 15:10:28,131 | INFO     | dashboard.app | Scheduler: profile-driven. prd-quick (PRD -> whatsapp); prd-full (PRD -> email)
2026-09-09 15:12:50,365 | INFO     | dashboard.app | Scheduler started -- runs only what the Profiles page schedules.
2026-09-09 15:12:50,371 | INFO     | dashboard.app | Live refresher started -- background RFC reads every 60s (pass ceiling 45s); HTTP requests never call RFC directly.
2026-09-09 15:12:50,424 | INFO     | dashboard.app | Scheduler: no run on startup.
2026-09-09 15:12:50,486 | INFO     | dashboard.app | Scheduler: profile-driven. prd-quick (PRD -> whatsapp); prd-full (PRD -> email)
2026-09-09 15:14:33,314 | INFO     | dashboard.app | Scheduler started -- runs only what the Profiles page schedules.
2026-09-09 15:14:33,319 | INFO     | dashboard.app | Live refresher started -- background RFC reads every 60s (pass ceiling 45s); HTTP requests never call RFC directly.
2026-09-09 15:14:33,368 | INFO     | dashboard.app | Scheduler: no run on startup.
2026-09-09 15:14:33,391 | INFO     | dashboard.app | Scheduler: profile-driven. prd-quick (PRD -> whatsapp); prd-full (PRD -> email)
2026-09-09 15:22:26,207 | INFO     | dashboard.app | Scheduler started -- runs only what the Profiles page schedules.
2026-09-09 15:22:26,208 | INFO     | dashboard.app | Live refresher is ON-DEMAND -- systems are read only when 'Read live' is clicked (/api/live/refresh). Set IBO_LIVE_AUTO_REFRESH=1 for the old timer-driven mode.
2026-09-09 15:22:26,276 | INFO     | dashboard.app | Scheduler: no run on startup.
2026-09-09 15:22:26,305 | INFO     | dashboard.app | Scheduler: profile-driven. prd-quick (PRD -> whatsapp); prd-full (PRD -> email)
2026-09-09 15:27:44,708 | INFO     | dashboard.app | Scheduler started -- runs only what the Profiles page schedules.
2026-09-09 15:27:44,711 | INFO     | dashboard.app | Live refresher is ON-DEMAND -- systems are read only when 'Read live' is clicked (/api/live/refresh). Set IBO_LIVE_AUTO_REFRESH=1 for the old timer-driven mode.
2026-09-09 15:27:44,775 | INFO     | dashboard.app | Scheduler: no run on startup.
2026-09-09 15:27:44,817 | INFO     | dashboard.app | Scheduler: profile-driven. prd-quick (PRD -> whatsapp); prd-full (PRD -> email)
2026-09-09 15:33:13,369 | INFO     | dashboard.app | Scheduler started -- runs only what the Profiles page schedules.
2026-09-09 15:33:13,370 | INFO     | dashboard.app | Live refresher is ON-DEMAND -- systems are read only when 'Read live' is clicked (/api/live/refresh). Set IBO_LIVE_AUTO_REFRESH=1 for the old timer-driven mode.
2026-09-09 15:33:13,437 | INFO     | dashboard.app | Scheduler: no run on startup.
2026-09-09 15:33:13,474 | INFO     | dashboard.app | Scheduler: profile-driven. prd-quick (PRD -> whatsapp); prd-full (PRD -> email)
2026-09-09 15:36:07,194 | INFO     | dashboard.app | Scheduler started -- runs only what the Profiles page schedules.
2026-09-09 15:36:07,195 | INFO     | dashboard.app | Live refresher is ON-DEMAND -- systems are read only when 'Read live' is clicked (/api/live/refresh). Set IBO_LIVE_AUTO_REFRESH=1 for the old timer-driven mode.
2026-09-09 15:36:07,252 | INFO     | dashboard.app | Scheduler: no run on startup.
2026-09-09 15:36:07,306 | INFO     | dashboard.app | Scheduler: profile-driven. prd-quick (PRD -> whatsapp); prd-full (PRD -> email)
2026-09-09 15:37:17,026 | INFO     | dashboard.app | Scheduler started -- runs only what the Profiles page schedules.
2026-09-09 15:37:17,027 | INFO     | dashboard.app | Live refresher is ON-DEMAND -- systems are read only when 'Read live' is clicked (/api/live/refresh). Set IBO_LIVE_AUTO_REFRESH=1 for the old timer-driven mode.
2026-09-09 15:37:17,060 | INFO     | dashboard.app | Scheduler: no run on startup.
2026-09-09 15:37:17,073 | INFO     | dashboard.app | Scheduler: profile-driven. prd-quick (PRD -> whatsapp); prd-full (PRD -> email)
2026-09-09 15:37:22,761 | WARNING  | dashboard.app | SLOW GET /api/scheduler -> 511 ms
2026-09-09 15:37:23,982 | WARNING  | dashboard.app | [CENTOR_QAS] kicked refresh failed: ImportError: cannot import name 'SapSession' from 'collectors.rfc_collector' (C:\infrabeatops\collectors\rfc_collector.py)
2026-09-09 15:37:23,996 | WARNING  | dashboard.app | [PRD] kicked refresh failed: ImportError: cannot import name 'SapSession' from 'collectors.rfc_collector' (C:\infrabeatops\collectors\rfc_collector.py)
2026-09-09 15:37:24,011 | WARNING  | dashboard.app | [SARLOHA PRD] kicked refresh failed: ImportError: cannot import name 'read_live' from 'collectors.rfc_live' (C:\infrabeatops\collectors\rfc_live.py)
2026-09-09 15:37:24,042 | WARNING  | dashboard.app | [SARLOHA QAS] kicked refresh failed: ImportError: cannot import name 'SapSession' from 'collectors.rfc_collector' (C:\infrabeatops\collectors\rfc_collector.py)
2026-09-09 15:37:24,991 | WARNING  | dashboard.app | [CENTOR_QAS] kicked refresh failed: ImportError: cannot import name 'SapSession' from 'collectors.rfc_collector' (C:\infrabeatops\collectors\rfc_collector.py)
2026-09-09 15:37:24,996 | WARNING  | dashboard.app | [PRD] kicked refresh failed: ImportError: cannot import name 'SapSession' from 'collectors.rfc_collector' (C:\infrabeatops\collectors\rfc_collector.py)
2026-09-09 15:37:25,003 | WARNING  | dashboard.app | [SARLOHA QAS] kicked refresh failed: ImportError: cannot import name 'SapSession' from 'collectors.rfc_collector' (C:\infrabeatops\collectors\rfc_collector.py)
2026-09-09 15:37:25,040 | WARNING  | dashboard.app | [SARLOHA PRD] kicked refresh failed: ImportError: cannot import name 'SapSession' from 'collectors.rfc_collector' (C:\infrabeatops\collectors\rfc_collector.py)
2026-09-09 15:37:28,597 | WARNING  | dashboard.app | [CENTOR_QAS] kicked refresh failed: ImportError: cannot import name 'SapSession' from 'collectors.rfc_collector' (C:\infrabeatops\collectors\rfc_collector.py)
2026-09-09 15:37:28,632 | WARNING  | dashboard.app | [PRD] kicked refresh failed: ImportError: cannot import name 'SapSession' from 'collectors.rfc_collector' (C:\infrabeatops\collectors\rfc_collector.py)
2026-09-09 15:37:28,632 | WARNING  | dashboard.app | [SARLOHA QAS] kicked refresh failed: ImportError: cannot import name 'read_live' from 'collectors.rfc_live' (C:\infrabeatops\collectors\rfc_live.py)
2026-09-09 15:37:28,825 | WARNING  | dashboard.app | [SARLOHA PRD] kicked refresh failed: ImportError: cannot import name 'SapSession' from 'collectors.rfc_collector' (C:\infrabeatops\collectors\rfc_collector.py)
2026-09-09 15:38:18,647 | WARNING  | dashboard.app | [CENTOR_QAS] kicked refresh failed: ImportError: cannot import name 'SapSession' from 'collectors.rfc_collector' (C:\infrabeatops\collectors\rfc_collector.py)
2026-09-09 15:38:18,673 | WARNING  | dashboard.app | [PRD] kicked refresh failed: ImportError: cannot import name 'SapSession' from 'collectors.rfc_collector' (C:\infrabeatops\collectors\rfc_collector.py)
2026-09-09 15:38:18,689 | WARNING  | dashboard.app | [SARLOHA QAS] kicked refresh failed: ImportError: cannot import name 'SapSession' from 'collectors.rfc_collector' (C:\infrabeatops\collectors\rfc_collector.py)
2026-09-09 15:38:18,908 | WARNING  | dashboard.app | [SARLOHA PRD] kicked refresh failed: ImportError: cannot import name 'SapSession' from 'collectors.rfc_collector' (C:\infrabeatops\collectors\rfc_collector.py)
2026-09-09 15:38:19,042 | WARNING  | dashboard.app | [PRD] kicked refresh failed: ImportError: cannot import name 'SapSession' from 'collectors.rfc_collector' (C:\infrabeatops\collectors\rfc_collector.py)
2026-09-09 15:38:19,048 | WARNING  | dashboard.app | [CENTOR_QAS] kicked refresh failed: ImportError: cannot import name 'SapSession' from 'collectors.rfc_collector' (C:\infrabeatops\collectors\rfc_collector.py)
2026-09-09 15:38:19,074 | WARNING  | dashboard.app | [SARLOHA QAS] kicked refresh failed: ImportError: cannot import name 'SapSession' from 'collectors.rfc_collector' (C:\infrabeatops\collectors\rfc_collector.py)
2026-09-09 15:38:19,181 | WARNING  | dashboard.app | [SARLOHA PRD] kicked refresh failed: ImportError: cannot import name 'SapSession' from 'collectors.rfc_collector' (C:\infrabeatops\collectors\rfc_collector.py)
2026-09-09 15:38:21,092 | WARNING  | dashboard.app | [CENTOR_QAS] kicked refresh failed: ImportError: cannot import name 'SapSession' from 'collectors.rfc_collector' (C:\infrabeatops\collectors\rfc_collector.py)
2026-09-09 15:38:21,113 | WARNING  | dashboard.app | [PRD] kicked refresh failed: ImportError: cannot import name 'read_live' from 'collectors.rfc_live' (C:\infrabeatops\collectors\rfc_live.py)
2026-09-09 15:38:21,148 | WARNING  | dashboard.app | [SARLOHA QAS] kicked refresh failed: ImportError: cannot import name 'SapSession' from 'collectors.rfc_collector' (C:\infrabeatops\collectors\rfc_collector.py)
2026-09-09 15:38:21,325 | WARNING  | dashboard.app | [SARLOHA PRD] kicked refresh failed: ImportError: cannot import name 'SapSession' from 'collectors.rfc_collector' (C:\infrabeatops\collectors\rfc_collector.py)
2026-09-09 15:38:22,505 | WARNING  | dashboard.app | [CENTOR_QAS] kicked refresh failed: ImportError: cannot import name 'SapSession' from 'collectors.rfc_collector' (C:\infrabeatops\collectors\rfc_collector.py)
2026-09-09 15:38:22,513 | WARNING  | dashboard.app | [PRD] kicked refresh failed: ImportError: cannot import name 'SapSession' from 'collectors.rfc_collector' (C:\infrabeatops\collectors\rfc_collector.py)
2026-09-09 15:38:22,537 | WARNING  | dashboard.app | [SARLOHA QAS] kicked refresh failed: ImportError: cannot import name 'SapSession' from 'collectors.rfc_collector' (C:\infrabeatops\collectors\rfc_collector.py)
2026-09-09 15:38:22,562 | WARNING  | dashboard.app | [SARLOHA PRD] kicked refresh failed: ImportError: cannot import name 'SapSession' from 'collectors.rfc_collector' (C:\infrabeatops\collectors\rfc_collector.py)
2026-09-09 15:38:24,934 | WARNING  | dashboard.app | [CENTOR_QAS] kicked refresh failed: ImportError: cannot import name 'SapSession' from 'collectors.rfc_collector' (C:\infrabeatops\collectors\rfc_collector.py)
2026-09-09 15:38:24,954 | WARNING  | dashboard.app | [PRD] kicked refresh failed: ImportError: cannot import name 'SapSession' from 'collectors.rfc_collector' (C:\infrabeatops\collectors\rfc_collector.py)
2026-09-09 15:38:24,978 | WARNING  | dashboard.app | [SARLOHA QAS] kicked refresh failed: ImportError: cannot import name 'SapSession' from 'collectors.rfc_collector' (C:\infrabeatops\collectors\rfc_collector.py)
2026-09-09 15:38:25,062 | WARNING  | dashboard.app | [SARLOHA PRD] kicked refresh failed: ImportError: cannot import name 'SapSession' from 'collectors.rfc_collector' (C:\infrabeatops\collectors\rfc_collector.py)
2026-09-09 15:38:25,826 | WARNING  | dashboard.app | [CENTOR_QAS] kicked refresh failed: ImportError: cannot import name 'SapSession' from 'collectors.rfc_collector' (C:\infrabeatops\collectors\rfc_collector.py)
2026-09-09 15:38:25,879 | WARNING  | dashboard.app | [PRD] kicked refresh failed: ImportError: cannot import name 'read_live' from 'collectors.rfc_live' (C:\infrabeatops\collectors\rfc_live.py)
2026-09-09 15:38:25,913 | WARNING  | dashboard.app | [SARLOHA QAS] kicked refresh failed: ImportError: cannot import name 'SapSession' from 'collectors.rfc_collector' (C:\infrabeatops\collectors\rfc_collector.py)
2026-09-09 15:38:25,977 | WARNING  | dashboard.app | [SARLOHA PRD] kicked refresh failed: ImportError: cannot import name 'read_live' from 'collectors.rfc_live' (C:\infrabeatops\collectors\rfc_live.py)
2026-09-09 15:38:44,005 | ERROR    | dashboard.app | Single-system run failed for CENTOR_QAS: cannot import name 'SapSession' from 'collectors.rfc_collector' (C:\infrabeatops\collectors\rfc_collector.py)
2026-09-09 15:38:44,151 | WARNING  | dashboard.app | [CENTOR_QAS] kicked refresh failed: ImportError: cannot import name 'SapSession' from 'collectors.rfc_collector' (C:\infrabeatops\collectors\rfc_collector.py)
2026-09-09 15:38:44,164 | WARNING  | dashboard.app | [PRD] kicked refresh failed: ImportError: cannot import name 'SapSession' from 'collectors.rfc_collector' (C:\infrabeatops\collectors\rfc_collector.py)
2026-09-09 15:38:44,187 | WARNING  | dashboard.app | [SARLOHA QAS] kicked refresh failed: ImportError: cannot import name 'SapSession' from 'collectors.rfc_collector' (C:\infrabeatops\collectors\rfc_collector.py)
2026-09-09 15:38:44,234 | WARNING  | dashboard.app | [SARLOHA PRD] kicked refresh failed: ImportError: cannot import name 'SapSession' from 'collectors.rfc_collector' (C:\infrabeatops\collectors\rfc_collector.py)
2026-09-09 15:38:53,282 | ERROR    | dashboard.app | Single-system run failed for PRD: cannot import name 'SapSession' from 'collectors.rfc_collector' (C:\infrabeatops\collectors\rfc_collector.py)
2026-09-09 15:38:55,297 | WARNING  | dashboard.app | [CENTOR_QAS] kicked refresh failed: ImportError: cannot import name 'SapSession' from 'collectors.rfc_collector' (C:\infrabeatops\collectors\rfc_collector.py)
2026-09-09 15:38:55,302 | WARNING  | dashboard.app | [PRD] kicked refresh failed: ImportError: cannot import name 'SapSession' from 'collectors.rfc_collector' (C:\infrabeatops\collectors\rfc_collector.py)
2026-09-09 15:38:55,319 | WARNING  | dashboard.app | [SARLOHA QAS] kicked refresh failed: ImportError: cannot import name 'SapSession' from 'collectors.rfc_collector' (C:\infrabeatops\collectors\rfc_collector.py)
2026-09-09 15:38:55,382 | WARNING  | dashboard.app | [SARLOHA PRD] kicked refresh failed: ImportError: cannot import name 'SapSession' from 'collectors.rfc_collector' (C:\infrabeatops\collectors\rfc_collector.py)
2026-09-09 15:39:26,416 | INFO     | dashboard.app | Scheduler started -- runs only what the Profiles page schedules.
2026-09-09 15:39:26,417 | INFO     | dashboard.app | Live refresher is ON-DEMAND -- systems are read only when 'Read live' is clicked (/api/live/refresh). Set IBO_LIVE_AUTO_REFRESH=1 for the old timer-driven mode.
2026-09-09 15:39:26,474 | INFO     | dashboard.app | Scheduler: no run on startup.
2026-09-09 15:39:26,507 | INFO     | dashboard.app | Scheduler: profile-driven. prd-quick (PRD -> whatsapp); prd-full (PRD -> email)
2026-09-09 15:39:29,434 | WARNING  | dashboard.app | [CENTOR_QAS] kicked refresh failed: ImportError: cannot import name 'SapSession' from 'collectors.rfc_collector' (C:\infrabeatops\collectors\rfc_collector.py)
2026-09-09 15:39:29,438 | WARNING  | dashboard.app | [PRD] kicked refresh failed: ImportError: cannot import name 'SapSession' from 'collectors.rfc_collector' (C:\infrabeatops\collectors\rfc_collector.py)
2026-09-09 15:39:29,442 | WARNING  | dashboard.app | [SARLOHA PRD] kicked refresh failed: ImportError: cannot import name 'SapSession' from 'collectors.rfc_collector' (C:\infrabeatops\collectors\rfc_collector.py)
2026-09-09 15:39:29,448 | WARNING  | dashboard.app | [SARLOHA QAS] kicked refresh failed: ImportError: cannot import name 'SapSession' from 'collectors.rfc_collector' (C:\infrabeatops\collectors\rfc_collector.py)
2026-09-09 15:41:13,416 | INFO     | dashboard.app | Scheduler started -- runs only what the Profiles page schedules.
2026-09-09 15:41:13,420 | INFO     | dashboard.app | Live refresher is ON-DEMAND -- systems are read only when 'Read live' is clicked (/api/live/refresh). Set IBO_LIVE_AUTO_REFRESH=1 for the old timer-driven mode.
2026-09-09 15:41:13,484 | INFO     | dashboard.app | Scheduler: no run on startup.
2026-09-09 15:41:13,517 | INFO     | dashboard.app | Scheduler: profile-driven. prd-quick (PRD -> whatsapp); prd-full (PRD -> email)
2026-09-09 15:42:29,573 | WARNING  | dashboard.app | SLOW GET /overview -> 519 ms
2026-09-09 15:43:04,701 | WARNING  | dashboard.app | SLOW GET /api/scheduler -> 533 ms
2026-09-09 15:44:13,495 | WARNING  | dashboard.app | SLOW GET /api/scheduler -> 560 ms
2026-09-09 15:44:13,562 | WARNING  | dashboard.app | SLOW GET /api/scheduler -> 685 ms
2026-09-09 15:44:14,127 | WARNING  | dashboard.app | SLOW GET /api/live -> 633 ms
2026-09-09 15:44:14,165 | WARNING  | dashboard.app | SLOW GET /api/scheduler -> 923 ms
2026-09-09 15:44:26,937 | WARNING  | dashboard.app | SLOW GET /api/rca -> 927 ms
2026-09-09 15:45:24,425 | WARNING  | dashboard.app | SLOW POST /api/rca/analyze/CENTOR_QAS -> 43969 ms
2026-09-09 15:46:15,437 | WARNING  | dashboard.app | SLOW GET /api/incidents -> 1767 ms
2026-09-09 15:46:25,676 | WARNING  | dashboard.app | SLOW GET /api/correlation/rules -> 2101 ms
2026-09-09 15:46:37,836 | WARNING  | dashboard.app | SLOW GET /api/incidents -> 2072 ms
2026-09-09 15:47:08,282 | WARNING  | dashboard.app | SLOW GET /api/report/CENTOR_QAS -> 23092 ms
2026-09-09 15:47:31,491 | WARNING  | dashboard.app | SLOW GET /api/report/PRD -> 2533 ms
2026-09-09 15:47:32,644 | WARNING  | dashboard.app | SLOW GET /api/report/PRD -> 1266 ms
2026-09-09 15:47:49,205 | WARNING  | dashboard.app | SLOW GET /api/scheduler -> 956 ms
2026-09-09 15:47:49,215 | WARNING  | dashboard.app | SLOW GET /api/scheduler -> 935 ms
2026-09-09 15:57:11,569 | INFO     | dashboard.app | Scheduler: profile 'prd-quick' is due (PRD, 4 T-code(s), -> ['whatsapp']).
2026-09-09 16:01:16,032 | INFO     | dashboard.app | Scheduler started -- runs only what the Profiles page schedules.
2026-09-09 16:01:16,033 | INFO     | dashboard.app | Live refresher is ON-DEMAND -- systems are read only when 'Read live' is clicked (/api/live/refresh). Set IBO_LIVE_AUTO_REFRESH=1 for the old timer-driven mode.
2026-09-09 16:01:16,098 | INFO     | dashboard.app | Scheduler: no run on startup.
2026-09-09 16:01:16,142 | INFO     | dashboard.app | Scheduler: profile-driven. prd-quick (PRD -> whatsapp); prd-full (PRD -> email)
2026-09-09 16:01:36,088 | WARNING  | dashboard.app | SLOW GET /api/live/refresh/status -> 1788 ms
2026-09-09 16:01:39,040 | WARNING  | dashboard.app | SLOW GET /api/scheduler -> 2300 ms
2026-09-09 16:01:40,806 | WARNING  | dashboard.app | SLOW GET /api/live/refresh/status -> 1783 ms
2026-09-09 16:02:13,935 | WARNING  | dashboard.app | SLOW GET /api/live -> 28676 ms
2026-09-09 16:02:14,628 | WARNING  | dashboard.app | SLOW GET /api/scheduler -> 11510 ms
2026-09-09 16:02:14,695 | WARNING  | dashboard.app | SLOW GET /api/scheduler -> 11176 ms
2026-09-09 16:02:14,715 | WARNING  | dashboard.app | SLOW GET /rca-page -> 11593 ms
2026-09-09 16:02:15,135 | WARNING  | dashboard.app | SLOW GET /wall -> 1203 ms
2026-09-09 16:02:15,337 | WARNING  | dashboard.app | SLOW GET /api/scheduler -> 895 ms
2026-09-09 16:02:15,610 | WARNING  | dashboard.app | SLOW GET /api/scheduler -> 1675 ms
2026-09-09 16:02:15,823 | WARNING  | dashboard.app | SLOW GET /incidents-page -> 11355 ms
2026-09-09 16:02:15,875 | WARNING  | dashboard.app | SLOW GET / -> 1183 ms
2026-09-09 16:02:21,820 | WARNING  | dashboard.app | SLOW GET /static/brand/ibops-logo.png -> 5235 ms
2026-09-09 16:03:27,491 | WARNING  | dashboard.app | SLOW GET /static/brand/ibops-3d-poster.jpg -> 30546 ms
2026-09-09 16:03:27,644 | WARNING  | dashboard.app | SLOW GET /api/tcodes -> 30554 ms
2026-09-09 16:03:27,728 | WARNING  | dashboard.app | SLOW GET /wall -> 30632 ms
2026-09-09 16:03:27,785 | WARNING  | dashboard.app | SLOW GET /api/systems -> 30668 ms
2026-09-09 16:03:29,223 | WARNING  | dashboard.app | SLOW GET /static/shell.css -> 895 ms
2026-09-09 16:03:29,233 | WARNING  | dashboard.app | SLOW GET /static/shell.js -> 633 ms
2026-09-09 16:03:31,794 | WARNING  | dashboard.app | SLOW GET /static/brand/ibops-word.png -> 643 ms
2026-09-09 16:03:31,908 | WARNING  | dashboard.app | SLOW GET /api/scheduler -> 765 ms
2026-09-09 16:04:23,104 | WARNING  | dashboard.app | SLOW GET /api/auth-token -> 50977 ms
2026-09-09 16:04:23,924 | WARNING  | dashboard.app | SLOW GET /api/scheduler -> 851 ms
2026-09-09 16:04:24,036 | WARNING  | dashboard.app | SLOW GET /api/scheduler -> 963 ms
2026-09-09 16:04:24,915 | WARNING  | dashboard.app | SLOW GET /api/scheduler -> 1838 ms
2026-09-09 16:04:24,998 | WARNING  | dashboard.app | SLOW GET /api/scheduler -> 1919 ms
2026-09-09 16:04:25,185 | WARNING  | dashboard.app | SLOW GET /wall -> 1414 ms
2026-09-09 16:04:25,424 | WARNING  | dashboard.app | SLOW GET /api/scheduler -> 1649 ms
2026-09-09 16:04:26,188 | WARNING  | dashboard.app | SLOW GET /api/scheduler -> 1301 ms
2026-09-09 16:04:26,264 | WARNING  | dashboard.app | SLOW GET /api/scheduler -> 1376 ms
2026-09-09 16:04:26,643 | WARNING  | dashboard.app | SLOW GET /api/scheduler -> 781 ms
2026-09-09 16:04:26,700 | WARNING  | dashboard.app | SLOW GET /api/scheduler -> 837 ms
2026-09-09 16:04:26,790 | WARNING  | dashboard.app | SLOW GET /api/scheduler -> 682 ms
2026-09-09 16:04:27,040 | WARNING  | dashboard.app | SLOW GET /api/scheduler -> 582 ms
2026-09-09 16:04:27,090 | WARNING  | dashboard.app | SLOW GET /api/live -> 597 ms
2026-09-09 16:04:27,407 | WARNING  | dashboard.app | SLOW GET /static/brand/favicon.png -> 778 ms
2026-09-09 16:04:36,531 | WARNING  | dashboard.app | SLOW GET /api/scheduler -> 586 ms
2026-09-09 16:04:36,734 | WARNING  | dashboard.app | SLOW GET /api/scheduler -> 766 ms
2026-09-09 16:04:51,849 | WARNING  | dashboard.app | SLOW GET /api/scheduler -> 1051 ms
2026-09-09 16:05:22,270 | WARNING  | dashboard.app | SLOW GET /api/rca -> 1386 ms
2026-09-09 16:05:58,507 | WARNING  | dashboard.app | SLOW POST /api/rca/analyze/SARLOHA PRD -> 34749 ms
2026-09-09 16:06:05,899 | WARNING  | dashboard.app | SLOW GET /api/live -> 535 ms
2026-09-09 16:06:05,901 | WARNING  | dashboard.app | SLOW GET /api/scheduler -> 681 ms
2026-09-09 16:06:05,909 | WARNING  | dashboard.app | SLOW GET /api/scheduler -> 668 ms
2026-09-09 16:07:09,035 | WARNING  | dashboard.app | SLOW GET /api/live -> 62396 ms
2026-09-09 16:07:10,430 | WARNING  | dashboard.app | SLOW GET /api/scheduler -> 1133 ms
2026-09-09 16:07:10,453 | WARNING  | dashboard.app | SLOW GET /api/scheduler -> 1154 ms
2026-09-09 16:07:10,501 | WARNING  | dashboard.app | SLOW GET /sky -> 1230 ms
2026-09-09 16:07:10,502 | WARNING  | dashboard.app | SLOW GET /sky -> 1262 ms
2026-09-09 16:07:10,507 | WARNING  | dashboard.app | SLOW GET /api/scheduler -> 1109 ms
2026-09-09 16:07:10,607 | WARNING  | dashboard.app | SLOW GET /api/scheduler -> 1189 ms
2026-09-09 16:07:50,903 | WARNING  | dashboard.app | SLOW GET /api/live -> 1514 ms
2026-09-09 16:07:51,074 | WARNING  | dashboard.app | SLOW GET /overview -> 1638 ms
2026-09-09 16:07:51,088 | WARNING  | dashboard.app | SLOW GET /wall -> 1652 ms
2026-09-09 16:07:52,590 | WARNING  | dashboard.app | SLOW GET /api/live -> 665 ms
2026-09-09 16:07:52,599 | WARNING  | dashboard.app | SLOW GET /api/scheduler -> 826 ms
2026-09-09 16:07:52,778 | WARNING  | dashboard.app | SLOW GET /api/scheduler -> 1004 ms
2026-09-09 16:10:07,075 | WARNING  | dashboard.app | SLOW GET /api/scheduler -> 576 ms
2026-09-09 16:10:22,136 | INFO     | dashboard.app | Stop requested from the dashboard. Finishing SARLOHA PRD then stopping. Automatic monitoring paused.
2026-09-09 16:10:22,336 | WARNING  | dashboard.app | SLOW POST /api/run-stop -> 1044 ms
2026-09-09 16:10:22,554 | WARNING  | dashboard.app | SLOW GET /api/scheduler -> 983 ms
2026-09-09 16:10:22,953 | WARNING  | dashboard.app | SLOW GET /api/scheduler -> 1349 ms
2026-09-09 16:10:26,723 | WARNING  | dashboard.app | SLOW GET /api/scheduler -> 1870 ms
2026-09-09 16:10:27,252 | WARNING  | dashboard.app | SLOW GET /api/scheduler -> 747 ms
2026-09-09 16:10:30,158 | INFO     | dashboard.app | Stop requested from the dashboard. Finishing SARLOHA PRD then stopping. Automatic monitoring paused.
2026-09-09 16:10:31,514 | WARNING  | dashboard.app | SLOW POST /api/run-stop -> 1741 ms
2026-09-09 16:10:32,138 | WARNING  | dashboard.app | SLOW GET /api/run-status -> 924 ms
2026-09-09 16:10:32,823 | WARNING  | dashboard.app | SLOW GET /api/scheduler -> 540 ms
2026-09-09 16:10:35,593 | WARNING  | dashboard.app | SLOW GET /api/run-status -> 999 ms
2026-09-09 16:10:37,202 | INFO     | dashboard.app | Stop requested from the dashboard. Finishing SARLOHA PRD then stopping. Automatic monitoring paused.
2026-09-09 16:10:37,231 | WARNING  | dashboard.app | SLOW GET /api/scheduler -> 3142 ms
2026-09-09 16:10:37,952 | WARNING  | dashboard.app | SLOW POST /api/run-stop -> 2488 ms
2026-09-09 16:10:39,567 | WARNING  | dashboard.app | SLOW GET /api/scheduler -> 2570 ms
2026-09-09 16:10:40,412 | WARNING  | dashboard.app | SLOW GET /api/scheduler -> 3254 ms
2026-09-09 16:10:40,588 | WARNING  | dashboard.app | SLOW GET /api/run-status -> 1878 ms
2026-09-09 16:10:40,721 | INFO     | dashboard.app | Stop requested from the dashboard. Finishing SARLOHA PRD then stopping. Automatic monitoring paused.
2026-09-09 16:10:40,805 | WARNING  | dashboard.app | SLOW POST /api/run-stop -> 549 ms
2026-09-09 16:10:45,753 | INFO     | dashboard.app | Stop requested from the dashboard. Finishing SARLOHA PRD then stopping. Automatic monitoring paused.
2026-09-09 16:10:47,532 | WARNING  | dashboard.app | SLOW GET /api/live -> 1786 ms
2026-09-09 16:10:47,622 | WARNING  | dashboard.app | SLOW POST /api/run-stop -> 2428 ms
2026-09-09 16:16:45,589 | INFO     | dashboard.app | Scheduler started -- runs only what the Profiles page schedules.
2026-09-09 16:16:45,591 | INFO     | dashboard.app | Live refresher is ON-DEMAND -- systems are read only when 'Read live' is clicked (/api/live/refresh). Set IBO_LIVE_AUTO_REFRESH=1 for the old timer-driven mode.
2026-09-09 16:16:45,659 | INFO     | dashboard.app | Scheduler: no run on startup.
2026-09-09 16:16:45,706 | INFO     | dashboard.app | Scheduler: profile-driven. prd-quick (PRD -> whatsapp); prd-full (PRD -> email)
2026-09-09 16:17:50,669 | WARNING  | dashboard.app | SLOW GET /api/scheduler -> 506 ms
2026-09-09 16:17:50,693 | WARNING  | dashboard.app | SLOW GET /api/scheduler -> 504 ms
2026-09-09 16:18:00,300 | WARNING  | dashboard.app | SLOW GET /api/live -> 581 ms
2026-09-09 16:18:01,807 | WARNING  | dashboard.app | SLOW GET /api/scheduler -> 1011 ms
2026-09-09 16:18:05,680 | WARNING  | dashboard.app | SLOW GET /api/scheduler -> 526 ms
2026-09-09 16:18:06,571 | WARNING  | dashboard.app | SLOW GET /api/scheduler -> 1403 ms
2026-09-09 16:18:21,834 | WARNING  | dashboard.app | SLOW GET /api/scheduler -> 1530 ms
2026-09-09 16:18:22,050 | WARNING  | dashboard.app | SLOW GET /api/scheduler -> 1665 ms
2026-09-09 16:18:26,162 | WARNING  | dashboard.app | SLOW GET /api/live -> 687 ms
2026-09-09 16:18:26,233 | WARNING  | dashboard.app | SLOW GET /api/scheduler -> 1076 ms
2026-09-09 16:18:28,594 | WARNING  | dashboard.app | SLOW GET /api/live -> 1762 ms
2026-09-09 16:18:31,002 | WARNING  | dashboard.app | SLOW GET /api/live -> 1215 ms
2026-09-09 16:18:32,395 | WARNING  | dashboard.app | SLOW GET /api/scheduler -> 1086 ms
2026-09-09 16:18:33,507 | WARNING  | dashboard.app | SLOW GET /api/live -> 705 ms
2026-09-09 16:18:35,744 | WARNING  | dashboard.app | SLOW GET /api/scheduler -> 561 ms
2026-09-09 16:18:35,877 | WARNING  | dashboard.app | SLOW GET /api/scheduler -> 725 ms
2026-09-09 16:18:40,777 | WARNING  | dashboard.app | SLOW GET /api/scheduler -> 619 ms
2026-09-09 16:18:51,668 | WARNING  | dashboard.app | SLOW GET /api/live -> 729 ms
2026-09-09 16:18:51,782 | WARNING  | dashboard.app | SLOW GET /api/scheduler -> 1635 ms
2026-09-09 16:18:52,285 | WARNING  | dashboard.app | SLOW GET /api/scheduler -> 1396 ms
2026-09-09 16:18:57,353 | WARNING  | dashboard.app | SLOW GET /api/live -> 532 ms
2026-09-09 16:18:58,918 | WARNING  | dashboard.app | SLOW GET /api/live -> 697 ms
2026-09-09 16:19:02,235 | WARNING  | dashboard.app | SLOW GET /api/live -> 720 ms
2026-09-09 16:19:02,436 | WARNING  | dashboard.app | SLOW GET /api/run-status -> 854 ms
2026-09-09 16:19:04,858 | WARNING  | dashboard.app | SLOW GET /api/live -> 561 ms
2026-09-09 16:19:07,368 | WARNING  | dashboard.app | SLOW GET /api/live -> 1629 ms
2026-09-09 16:19:07,586 | WARNING  | dashboard.app | SLOW GET /api/scheduler -> 2284 ms
2026-09-09 16:19:07,695 | WARNING  | dashboard.app | SLOW GET /api/scheduler -> 2464 ms
2026-09-09 16:19:08,052 | WARNING  | dashboard.app | SLOW GET /api/run-status -> 528 ms
2026-09-09 16:19:09,384 | WARNING  | dashboard.app | SLOW GET /api/live -> 668 ms
2026-09-09 16:19:10,799 | WARNING  | dashboard.app | SLOW GET /api/scheduler -> 632 ms
2026-09-09 16:19:18,348 | WARNING  | dashboard.app | SLOW GET /api/live -> 620 ms
2026-09-09 16:19:21,230 | WARNING  | dashboard.app | SLOW GET /api/scheduler -> 1020 ms
2026-09-09 16:19:21,307 | WARNING  | dashboard.app | SLOW GET /api/scheduler -> 1126 ms
2026-09-09 16:19:22,801 | WARNING  | dashboard.app | SLOW GET /api/live -> 538 ms
2026-09-09 16:19:25,846 | WARNING  | dashboard.app | SLOW GET /api/live -> 613 ms
2026-09-09 16:19:26,143 | WARNING  | dashboard.app | SLOW GET /api/scheduler -> 967 ms
2026-09-09 16:19:29,050 | WARNING  | dashboard.app | SLOW GET /api/live -> 839 ms
2026-09-09 16:19:30,882 | WARNING  | dashboard.app | SLOW GET /api/scheduler -> 690 ms
2026-09-09 16:19:35,044 | WARNING  | dashboard.app | SLOW GET /api/live -> 701 ms
2026-09-09 16:19:37,724 | WARNING  | dashboard.app | SLOW GET /api/live -> 1943 ms
2026-09-09 16:19:37,890 | WARNING  | dashboard.app | SLOW GET /api/run-status -> 1799 ms
2026-09-09 16:19:38,021 | WARNING  | dashboard.app | SLOW GET /api/scheduler -> 2805 ms
2026-09-09 16:19:38,075 | WARNING  | dashboard.app | SLOW GET /api/scheduler -> 2860 ms
2026-09-09 16:19:42,121 | WARNING  | dashboard.app | SLOW GET /api/live -> 1876 ms
2026-09-09 16:19:42,700 | WARNING  | dashboard.app | SLOW GET /api/run-status -> 2188 ms
2026-09-09 16:19:42,989 | WARNING  | dashboard.app | SLOW GET /api/scheduler -> 2829 ms
2026-09-09 16:19:47,914 | WARNING  | dashboard.app | SLOW GET /api/live -> 3028 ms
2026-09-09 16:19:49,086 | WARNING  | dashboard.app | SLOW GET /api/run-status -> 667 ms
2026-09-09 16:19:49,359 | WARNING  | dashboard.app | SLOW GET /api/live/refresh/status -> 574 ms
2026-09-09 16:19:50,231 | WARNING  | dashboard.app | SLOW GET /api/scheduler -> 1907 ms
2026-09-09 16:19:50,936 | WARNING  | dashboard.app | SLOW GET /api/scheduler -> 733 ms
2026-09-09 16:19:51,382 | WARNING  | dashboard.app | SLOW GET /api/scheduler -> 1179 ms
2026-09-09 16:19:54,435 | WARNING  | dashboard.app | SLOW GET /api/live -> 719 ms
2026-09-09 16:19:56,159 | WARNING  | dashboard.app | SLOW GET /api/scheduler -> 604 ms
2026-09-09 16:19:57,780 | WARNING  | dashboard.app | SLOW GET /api/live -> 1042 ms
2026-09-09 16:21:49,673 | WARNING  | dashboard.app | SLOW GET /api/live/refresh/status -> 783 ms
2026-09-09 16:21:52,040 | WARNING  | dashboard.app | SLOW GET /api/scheduler -> 3515 ms
2026-09-09 16:21:53,909 | WARNING  | dashboard.app | SLOW POST /api/run-now/SARLOHA QAS -> 1992 ms
2026-09-09 16:21:55,861 | WARNING  | dashboard.app | SLOW GET /api/scheduler -> 3560 ms
2026-09-09 16:21:56,371 | WARNING  | dashboard.app | SLOW GET /api/scheduler -> 3976 ms
2026-09-09 16:21:58,443 | WARNING  | dashboard.app | SLOW GET /api/run-status -> 2866 ms
2026-09-09 16:21:58,909 | WARNING  | dashboard.app | SLOW GET /api/scheduler -> 3117 ms
2026-09-09 16:22:02,470 | WARNING  | dashboard.app | SLOW GET /api/run-status -> 937 ms
2026-09-09 16:22:07,185 | WARNING  | dashboard.app | SLOW GET /api/scheduler -> 6159 ms
2026-09-09 16:22:11,492 | WARNING  | dashboard.app | SLOW GET /api/run-status -> 2653 ms
2026-09-09 16:22:14,546 | WARNING  | dashboard.app | SLOW GET /api/scheduler -> 9209 ms
2026-09-09 16:22:14,918 | WARNING  | dashboard.app | SLOW GET /api/scheduler -> 9134 ms
2026-09-09 16:22:16,886 | WARNING  | dashboard.app | SLOW GET /api/scheduler -> 5784 ms
2026-09-09 16:22:17,459 | WARNING  | dashboard.app | SLOW GET /api/scheduler -> 2245 ms
2026-09-09 16:22:17,715 | WARNING  | dashboard.app | SLOW GET /api/run-status -> 954 ms
2026-09-09 16:22:23,278 | WARNING  | dashboard.app | SLOW GET /api/run-status -> 2499 ms
2026-09-09 16:22:28,137 | WARNING  | dashboard.app | SLOW GET /api/run-status -> 1804 ms
2026-09-09 16:22:28,783 | WARNING  | dashboard.app | SLOW GET /api/scheduler -> 8604 ms
2026-09-09 16:22:30,405 | WARNING  | dashboard.app | SLOW GET /api/scheduler -> 9460 ms
2026-09-09 16:22:33,097 | WARNING  | dashboard.app | SLOW GET /api/scheduler -> 7838 ms
2026-09-09 16:22:41,028 | WARNING  | dashboard.app | SLOW GET /api/run-status -> 8059 ms
2026-09-09 16:22:59,199 | WARNING  | dashboard.app | SLOW GET /api/scheduler -> 24130 ms
2026-09-09 16:23:10,844 | WARNING  | dashboard.app | SLOW GET /api/scheduler -> 32406 ms
2026-09-09 16:23:15,870 | WARNING  | dashboard.app | SLOW GET /api/run-status -> 12724 ms
2026-09-09 16:23:17,056 | WARNING  | dashboard.app | SLOW GET /api/scheduler -> 38902 ms
2026-09-09 16:23:17,165 | WARNING  | dashboard.app | SLOW GET /api/scheduler -> 21225 ms
2026-09-09 16:23:17,213 | WARNING  | dashboard.app | SLOW GET /api/scheduler -> 7134 ms
2026-09-09 16:23:17,215 | WARNING  | dashboard.app | SLOW GET /api/scheduler -> 24809 ms
2026-09-09 16:41:30,355 | INFO     | dashboard.app | Scheduler started -- runs only what the Profiles page schedules.
2026-09-09 16:41:30,357 | INFO     | dashboard.app | Live refresher is ON-DEMAND -- systems are read only when 'Read live' is clicked (/api/live/refresh). Set IBO_LIVE_AUTO_REFRESH=1 for the old timer-driven mode.
2026-09-09 16:41:46,442 | WARNING  | dashboard.app | SLOW GET /api/scheduler -> 973 ms
2026-09-09 16:47:36,358 | INFO     | dashboard.app | Scheduler started -- runs only what the Profiles page schedules.
2026-09-09 16:47:36,361 | INFO     | dashboard.app | Live refresher is ON-DEMAND -- systems are read only when 'Read live' is clicked (/api/live/refresh). Set IBO_LIVE_AUTO_REFRESH=1 for the old timer-driven mode.
2026-09-09 16:47:36,484 | INFO     | dashboard.app | Scheduler: no run on startup.
2026-09-09 16:47:36,511 | INFO     | dashboard.app | Scheduler: profile-driven. prd-quick (PRD -> whatsapp); prd-full (PRD -> email)
2026-09-09 16:47:44,791 | WARNING  | dashboard.app | SLOW GET /api/scheduler -> 626 ms
2026-09-09 16:47:44,843 | WARNING  | dashboard.app | SLOW GET /api/live -> 673 ms
2026-09-09 16:48:24,859 | WARNING  | dashboard.app | SLOW GET /api/scheduler -> 812 ms
2026-09-09 16:48:38,225 | WARNING  | dashboard.app | SLOW GET /api/live -> 522 ms
2026-09-09 16:48:41,358 | WARNING  | dashboard.app | SLOW GET /api/live -> 1047 ms
2026-09-09 16:48:41,556 | WARNING  | dashboard.app | SLOW GET /api/live/refresh/status -> 1248 ms
2026-09-09 16:48:51,158 | WARNING  | dashboard.app | SLOW GET /api/live -> 1529 ms
2026-09-09 16:48:53,690 | WARNING  | dashboard.app | SLOW GET /api/live -> 1058 ms
2026-09-09 16:48:57,469 | WARNING  | dashboard.app | SLOW GET /api/live -> 1765 ms
2026-09-09 16:48:57,703 | WARNING  | dashboard.app | SLOW GET /api/scheduler -> 2443 ms
2026-09-09 16:49:02,172 | WARNING  | dashboard.app | SLOW GET /api/live -> 1821 ms
2026-09-09 16:49:02,829 | WARNING  | dashboard.app | SLOW GET /api/scheduler -> 3467 ms
2026-09-09 16:49:03,027 | WARNING  | dashboard.app | SLOW GET /api/scheduler -> 3665 ms
2026-09-09 16:49:03,631 | WARNING  | dashboard.app | SLOW GET /api/live/refresh/status -> 818 ms
2026-09-09 16:49:06,948 | WARNING  | dashboard.app | SLOW GET /api/live -> 2303 ms
2026-09-09 16:49:09,533 | WARNING  | dashboard.app | SLOW GET /api/scheduler -> 5449 ms
2026-09-09 16:49:10,102 | WARNING  | dashboard.app | SLOW GET /api/live/refresh/status -> 583 ms
2026-09-09 16:49:10,768 | WARNING  | dashboard.app | SLOW POST /api/run-now/SARLOHA QAS -> 2344 ms
2026-09-09 16:49:11,313 | WARNING  | dashboard.app | SLOW GET /api/scheduler -> 1582 ms
2026-09-09 16:49:15,080 | WARNING  | dashboard.app | SLOW GET /api/scheduler -> 782 ms
2026-09-09 16:49:15,213 | WARNING  | dashboard.app | SLOW GET /api/scheduler -> 895 ms
2026-09-09 16:49:17,168 | WARNING  | dashboard.app | SLOW GET /api/live -> 1971 ms
2026-09-09 16:52:16,184 | INFO     | dashboard.app | Scheduler started -- runs only what the Profiles page schedules.
2026-09-09 16:52:16,187 | INFO     | dashboard.app | Live refresher is ON-DEMAND -- systems are read only when 'Read live' is clicked (/api/live/refresh). Set IBO_LIVE_AUTO_REFRESH=1 for the old timer-driven mode.
2026-09-09 16:52:16,248 | INFO     | dashboard.app | Scheduler: no run on startup.
2026-09-09 16:52:16,296 | INFO     | dashboard.app | Scheduler: profile-driven. prd-quick (PRD -> whatsapp); prd-full (PRD -> email)
2026-09-09 16:52:32,696 | WARNING  | dashboard.app | SLOW GET /api/scheduler -> 1500 ms
2026-09-09 16:52:33,054 | WARNING  | dashboard.app | SLOW GET /api/scheduler -> 1814 ms
2026-09-09 16:52:33,388 | WARNING  | dashboard.app | SLOW GET /wall -> 793 ms
2026-09-09 16:52:34,510 | WARNING  | dashboard.app | SLOW GET /api/auth-token -> 549 ms
2026-09-09 16:52:34,811 | WARNING  | dashboard.app | SLOW GET /api/scheduler -> 1221 ms
2026-09-09 16:52:34,968 | WARNING  | dashboard.app | SLOW GET /api/scheduler -> 1332 ms
2026-09-09 16:52:59,452 | WARNING  | dashboard.app | SLOW GET /api/scheduler -> 855 ms
2026-09-09 16:53:01,266 | WARNING  | dashboard.app | SLOW POST /api/run-now/SARLOHA QAS -> 1276 ms
2026-09-09 17:04:33,592 | INFO     | dashboard.app | Scheduler started -- runs only what the Profiles page schedules.
2026-09-09 17:04:33,676 | INFO     | dashboard.app | Live refresher is ON-DEMAND -- systems are read only when 'Read live' is clicked (/api/live/refresh). Set IBO_LIVE_AUTO_REFRESH=1 for the old timer-driven mode.
2026-09-09 17:04:33,784 | INFO     | dashboard.app | Scheduler: no run on startup.
2026-09-09 17:04:33,858 | INFO     | dashboard.app | Scheduler: profile-driven. prd-quick (PRD -> whatsapp); prd-full (PRD -> email)
2026-09-09 17:16:58,341 | WARNING  | dashboard.app | SLOW GET /api/live -> 540 ms
2026-09-09 17:17:02,199 | WARNING  | dashboard.app | SLOW GET /api/live -> 1481 ms
2026-09-09 17:17:04,576 | WARNING  | dashboard.app | SLOW GET /api/live -> 818 ms
2026-09-09 17:17:04,672 | WARNING  | dashboard.app | SLOW GET /api/scheduler -> 1010 ms
2026-09-09 17:17:07,363 | WARNING  | dashboard.app | SLOW GET /api/live -> 647 ms
2026-09-09 17:17:14,625 | WARNING  | dashboard.app | SLOW GET /api/scheduler -> 980 ms
2026-09-09 17:17:20,452 | WARNING  | dashboard.app | SLOW GET /api/scheduler -> 1841 ms
2026-09-09 17:17:27,089 | WARNING  | dashboard.app | SLOW GET /api/live -> 741 ms
2026-09-09 17:17:30,440 | WARNING  | dashboard.app | SLOW GET /api/live -> 947 ms
2026-09-09 17:17:30,646 | WARNING  | dashboard.app | SLOW GET /api/scheduler -> 1955 ms
2026-09-09 17:17:30,857 | WARNING  | dashboard.app | SLOW GET /api/scheduler -> 2228 ms
2026-09-09 17:17:31,642 | WARNING  | dashboard.app | SLOW GET /api/run-status -> 1689 ms
2026-09-09 17:17:33,066 | WARNING  | dashboard.app | SLOW GET /api/live -> 853 ms
2026-09-09 17:17:34,817 | WARNING  | dashboard.app | SLOW GET /api/live -> 1094 ms
2026-09-09 17:17:35,019 | WARNING  | dashboard.app | SLOW GET /api/scheduler -> 1413 ms
2026-09-09 17:17:44,607 | WARNING  | dashboard.app | SLOW GET /api/run-status -> 609 ms
2026-09-09 17:17:45,026 | WARNING  | dashboard.app | SLOW GET /api/scheduler -> 1396 ms
2026-09-09 17:17:45,117 | WARNING  | dashboard.app | SLOW GET /api/scheduler -> 1504 ms
2026-09-09 17:17:47,819 | WARNING  | dashboard.app | SLOW GET /api/live -> 594 ms
2026-09-09 17:17:49,552 | WARNING  | dashboard.app | SLOW GET /api/live -> 832 ms
2026-09-09 17:17:49,745 | WARNING  | dashboard.app | SLOW GET /api/scheduler -> 1111 ms
2026-09-09 17:17:53,866 | WARNING  | dashboard.app | SLOW GET /api/live -> 601 ms
2026-09-09 17:17:55,527 | WARNING  | dashboard.app | SLOW GET /api/scheduler -> 1465 ms
2026-09-09 17:17:59,556 | WARNING  | dashboard.app | SLOW GET /api/scheduler -> 937 ms
2026-09-09 17:18:00,039 | WARNING  | dashboard.app | SLOW GET /api/run-status -> 811 ms
2026-09-09 17:18:00,191 | WARNING  | dashboard.app | SLOW GET /api/live -> 810 ms
2026-09-09 17:18:00,271 | WARNING  | dashboard.app | SLOW GET /api/scheduler -> 1616 ms
2026-09-09 17:18:04,352 | WARNING  | dashboard.app | SLOW GET /api/live -> 613 ms
2026-09-09 17:18:04,629 | WARNING  | dashboard.app | SLOW GET /api/scheduler -> 1016 ms
2026-09-09 17:18:05,536 | WARNING  | dashboard.app | SLOW GET /api/run-status -> 923 ms
2026-09-09 17:18:06,064 | WARNING  | dashboard.app | SLOW GET /api/live/refresh/status -> 572 ms
2026-09-09 17:18:09,285 | WARNING  | dashboard.app | SLOW GET /api/scheduler -> 549 ms
2026-09-09 17:18:14,642 | WARNING  | dashboard.app | SLOW GET /api/scheduler -> 989 ms
2026-09-09 17:18:14,932 | WARNING  | dashboard.app | SLOW GET /api/scheduler -> 1295 ms
2026-09-09 17:18:17,937 | WARNING  | dashboard.app | SLOW GET /api/live -> 668 ms
2026-09-09 17:18:19,380 | WARNING  | dashboard.app | SLOW GET /api/live -> 635 ms
2026-09-09 17:18:19,831 | WARNING  | dashboard.app | SLOW GET /api/scheduler -> 1211 ms
2026-09-09 17:18:19,976 | WARNING  | dashboard.app | SLOW GET /api/run-status -> 500 ms
2026-09-09 17:18:23,040 | WARNING  | dashboard.app | SLOW GET /api/live -> 1319 ms
2026-09-09 17:18:24,383 | WARNING  | dashboard.app | SLOW GET /api/run-status -> 914 ms
2026-09-09 17:18:25,112 | WARNING  | dashboard.app | SLOW GET /api/live/refresh/status -> 1257 ms
2026-09-09 17:18:27,800 | WARNING  | dashboard.app | SLOW GET /api/scheduler -> 3942 ms
2026-09-09 17:18:30,767 | WARNING  | dashboard.app | SLOW GET /api/live -> 4083 ms
2026-09-09 17:18:30,925 | WARNING  | dashboard.app | SLOW GET /api/run-status -> 3532 ms
2026-09-09 17:22:53,116 | WARNING  | dashboard.app | SLOW GET /api/live/refresh/status -> 922 ms
2026-09-09 17:22:53,806 | WARNING  | dashboard.app | SLOW GET /api/scheduler -> 1630 ms
2026-09-09 17:22:53,884 | WARNING  | dashboard.app | SLOW GET /api/scheduler -> 1710 ms
2026-09-09 17:22:54,321 | WARNING  | dashboard.app | SLOW GET /api/scheduler -> 597 ms
2026-09-09 17:23:09,399 | WARNING  | dashboard.app | SLOW GET /api/scheduler -> 706 ms
2026-09-09 17:23:14,148 | WARNING  | dashboard.app | SLOW GET /api/scheduler -> 528 ms
2026-09-09 17:23:15,551 | WARNING  | dashboard.app | SLOW GET /api/scheduler -> 1870 ms
2026-09-09 17:23:19,147 | WARNING  | dashboard.app | SLOW GET /api/scheduler -> 536 ms
2026-09-09 17:41:25,148 | INFO     | dashboard.app | Scheduler started -- runs only what the Profiles page schedules.
2026-09-09 17:41:25,151 | INFO     | dashboard.app | Live refresher is ON-DEMAND -- systems are read only when 'Read live' is clicked (/api/live/refresh). Set IBO_LIVE_AUTO_REFRESH=1 for the old timer-driven mode.
2026-09-09 17:41:25,223 | INFO     | dashboard.app | Scheduler: no run on startup.
2026-09-09 17:41:25,274 | INFO     | dashboard.app | Scheduler: profile-driven. prd-quick (PRD -> whatsapp); prd-full (PRD -> email)
2026-09-09 17:41:32,275 | WARNING  | dashboard.app | SLOW GET /api/tcodes -> 564 ms
2026-09-09 17:41:37,494 | WARNING  | dashboard.app | SLOW GET /api/scheduler -> 980 ms
2026-09-09 17:41:37,957 | WARNING  | dashboard.app | SLOW GET /static/brand/ibops-word.png -> 952 ms
2026-09-09 17:41:38,136 | WARNING  | dashboard.app | SLOW GET /api/live -> 1487 ms
2026-09-09 17:41:38,829 | WARNING  | dashboard.app | SLOW GET /api/scheduler -> 2184 ms
2026-09-09 17:41:40,939 | WARNING  | dashboard.app | SLOW POST /api/live/refresh -> 1504 ms
2026-09-09 17:41:44,305 | WARNING  | dashboard.app | SLOW GET /api/live -> 723 ms
2026-09-09 17:41:44,998 | WARNING  | dashboard.app | SLOW GET /api/scheduler -> 1857 ms
2026-09-09 17:41:47,544 | WARNING  | dashboard.app | SLOW GET /api/scheduler -> 1043 ms
2026-09-09 17:41:52,775 | WARNING  | dashboard.app | SLOW GET /api/scheduler -> 1099 ms
2026-09-09 17:41:53,240 | WARNING  | dashboard.app | SLOW GET /api/scheduler -> 1581 ms
2026-09-09 17:41:55,687 | WARNING  | dashboard.app | SLOW GET /api/live -> 1051 ms
2026-09-09 17:41:58,668 | WARNING  | dashboard.app | SLOW GET /api/scheduler -> 2167 ms
2026-09-09 17:41:58,963 | WARNING  | dashboard.app | SLOW GET /api/live/refresh/status -> 581 ms
2026-09-09 17:42:02,506 | WARNING  | dashboard.app | SLOW GET /api/live -> 523 ms
2026-09-09 17:42:03,044 | WARNING  | dashboard.app | SLOW GET /api/scheduler -> 1477 ms
2026-09-09 17:42:11,300 | WARNING  | dashboard.app | SLOW GET /api/live -> 521 ms
2026-09-09 17:42:13,176 | WARNING  | dashboard.app | SLOW GET /api/scheduler -> 6612 ms
2026-09-09 17:42:13,733 | WARNING  | dashboard.app | SLOW GET /api/scheduler -> 7251 ms
2026-09-09 17:42:14,211 | WARNING  | dashboard.app | SLOW GET /api/live/refresh/status -> 1182 ms
2026-09-09 17:42:15,593 | WARNING  | dashboard.app | SLOW GET /api/scheduler -> 2553 ms
2026-09-09 17:42:17,814 | WARNING  | dashboard.app | SLOW GET /api/scheduler -> 1311 ms
2026-09-09 17:42:23,492 | WARNING  | dashboard.app | SLOW GET /api/scheduler -> 1793 ms
2026-09-09 17:42:23,647 | WARNING  | dashboard.app | SLOW GET /api/live -> 782 ms
2026-09-09 17:42:23,778 | WARNING  | dashboard.app | SLOW GET /api/scheduler -> 2133 ms
2026-09-09 17:42:28,009 | WARNING  | dashboard.app | SLOW GET /api/scheduler -> 1376 ms
2026-09-09 17:42:33,151 | WARNING  | dashboard.app | SLOW GET /api/scheduler -> 1697 ms
2026-09-09 17:42:37,253 | WARNING  | dashboard.app | SLOW GET /api/scheduler -> 750 ms
2026-09-09 17:42:37,361 | WARNING  | dashboard.app | SLOW GET /api/scheduler -> 830 ms
2026-09-09 17:43:03,720 | WARNING  | dashboard.app | SLOW GET /api/live -> 18475 ms
2026-09-09 17:43:03,911 | WARNING  | dashboard.app | SLOW GET /api/scheduler -> 19870 ms
2026-09-09 17:43:11,093 | WARNING  | dashboard.app | SLOW GET /api/scheduler -> 7314 ms
2026-09-09 17:43:11,506 | WARNING  | dashboard.app | SLOW GET /api/scheduler -> 8198 ms
2026-09-09 17:43:11,758 | WARNING  | dashboard.app | SLOW GET /api/scheduler -> 7978 ms
2026-09-09 17:43:11,958 | WARNING  | dashboard.app | SLOW GET /api/scheduler -> 7927 ms
2026-09-09 17:43:12,046 | WARNING  | dashboard.app | SLOW GET /api/scheduler -> 5636 ms
2026-09-09 17:43:12,139 | WARNING  | dashboard.app | SLOW GET /api/scheduler -> 8362 ms
2026-09-09 17:43:18,530 | WARNING  | dashboard.app | SLOW GET /api/scheduler -> 6137 ms
2026-09-09 17:43:18,548 | WARNING  | dashboard.app | SLOW GET /api/scheduler -> 6802 ms
2026-09-09 17:43:24,809 | WARNING  | dashboard.app | SLOW GET /api/live -> 3636 ms
2026-09-09 17:43:25,075 | WARNING  | dashboard.app | SLOW GET /api/scheduler -> 8663 ms
2026-09-09 17:43:41,384 | WARNING  | dashboard.app | SLOW GET /api/scheduler -> 16759 ms
2026-09-09 17:43:41,502 | WARNING  | dashboard.app | SLOW GET /api/scheduler -> 16932 ms
2026-09-09 17:43:41,566 | WARNING  | dashboard.app | SLOW GET /api/scheduler -> 15183 ms
2026-09-09 17:43:45,914 | WARNING  | dashboard.app | SLOW GET /api/live/refresh/status -> 1544 ms
2026-09-09 17:43:47,489 | WARNING  | dashboard.app | SLOW GET /api/scheduler -> 11097 ms
2026-09-09 17:43:48,090 | WARNING  | dashboard.app | SLOW GET /api/scheduler -> 11726 ms
2026-09-09 17:43:48,351 | WARNING  | dashboard.app | SLOW GET /api/scheduler -> 16968 ms
2026-09-09 17:43:48,585 | WARNING  | dashboard.app | SLOW GET /api/scheduler -> 6848 ms
2026-09-09 17:44:01,019 | WARNING  | dashboard.app | SLOW GET /api/scheduler -> 13988 ms
2026-09-09 17:44:04,447 | WARNING  | dashboard.app | SLOW GET /api/scheduler -> 13077 ms
2026-09-09 17:44:04,735 | WARNING  | dashboard.app | SLOW GET /api/scheduler -> 13197 ms
2026-09-09 17:44:10,370 | WARNING  | dashboard.app | SLOW GET /api/scheduler -> 14022 ms
2026-09-09 17:44:28,147 | WARNING  | dashboard.app | SLOW GET /api/live -> 916 ms
2026-09-09 17:44:29,197 | WARNING  | dashboard.app | SLOW GET /api/scheduler -> 17876 ms
2026-09-09 17:44:31,612 | WARNING  | dashboard.app | SLOW GET /api/scheduler -> 25265 ms
2026-09-09 17:44:31,771 | WARNING  | dashboard.app | SLOW GET /api/scheduler -> 30448 ms
2026-09-09 17:44:31,880 | WARNING  | dashboard.app | SLOW GET /api/scheduler -> 25542 ms
2026-09-09 17:44:36,130 | WARNING  | dashboard.app | SLOW GET /api/scheduler -> 8055 ms
2026-09-09 17:44:36,149 | WARNING  | dashboard.app | SLOW GET /api/scheduler -> 7488 ms
2026-09-09 17:44:45,713 | WARNING  | dashboard.app | SLOW GET /api/scheduler -> 13516 ms
2026-09-09 17:44:47,723 | WARNING  | dashboard.app | SLOW GET /api/live/refresh/status -> 1321 ms
2026-09-09 17:44:49,649 | WARNING  | dashboard.app | SLOW GET /api/scheduler -> 13277 ms
2026-09-09 17:44:49,952 | WARNING  | dashboard.app | SLOW GET /api/scheduler -> 18093 ms
2026-09-09 17:44:50,268 | WARNING  | dashboard.app | SLOW GET /api/scheduler -> 8960 ms
2026-09-09 17:44:50,483 | WARNING  | dashboard.app | SLOW GET /api/scheduler -> 19831 ms
2026-09-09 17:44:50,836 | WARNING  | dashboard.app | SLOW GET /api/scheduler -> 14466 ms
2026-09-09 17:44:57,287 | WARNING  | dashboard.app | SLOW GET /api/scheduler -> 7647 ms
2026-09-09 17:44:57,509 | WARNING  | dashboard.app | SLOW GET /api/scheduler -> 6119 ms
2026-09-09 17:44:57,624 | WARNING  | dashboard.app | SLOW GET /api/scheduler -> 6235 ms
2026-09-09 17:45:13,110 | WARNING  | dashboard.app | SLOW GET /api/scheduler -> 16101 ms
2026-09-09 17:45:25,113 | WARNING  | dashboard.app | SLOW GET /api/scheduler -> 18842 ms
2026-09-09 17:45:25,650 | WARNING  | dashboard.app | SLOW GET /api/scheduler -> 14384 ms
2026-09-09 17:45:25,682 | WARNING  | dashboard.app | SLOW GET /api/scheduler -> 19356 ms
2026-09-09 17:45:25,832 | WARNING  | dashboard.app | SLOW GET /api/scheduler -> 9552 ms
2026-09-09 17:45:25,915 | WARNING  | dashboard.app | SLOW GET /api/scheduler -> 4643 ms
2026-09-09 17:45:26,046 | WARNING  | dashboard.app | SLOW GET /api/scheduler -> 24770 ms
2026-09-09 17:45:32,373 | WARNING  | dashboard.app | SLOW GET /api/scheduler -> 6732 ms
2026-09-09 17:45:32,641 | WARNING  | dashboard.app | SLOW GET /api/live/refresh/status -> 570 ms
2026-09-09 17:45:32,791 | WARNING  | dashboard.app | SLOW GET /api/scheduler -> 6483 ms
2026-09-09 17:46:00,465 | WARNING  | dashboard.app | SLOW GET /api/scheduler -> 24214 ms
2026-09-09 17:46:02,497 | WARNING  | dashboard.app | SLOW GET /api/scheduler -> 11268 ms
2026-09-09 17:46:04,279 | WARNING  | dashboard.app | SLOW GET /api/scheduler -> 23025 ms
2026-09-09 17:46:05,960 | WARNING  | dashboard.app | SLOW GET /api/scheduler -> 34628 ms
2026-09-09 17:46:06,286 | WARNING  | dashboard.app | SLOW GET /api/scheduler -> 20071 ms
2026-09-09 17:46:06,721 | WARNING  | dashboard.app | SLOW GET /api/scheduler -> 30477 ms
2026-09-09 17:46:07,423 | WARNING  | dashboard.app | SLOW GET /api/live -> 794 ms
2026-09-09 17:46:22,398 | WARNING  | dashboard.app | SLOW GET /api/scheduler -> 15227 ms
2026-09-09 17:46:22,996 | WARNING  | dashboard.app | SLOW GET /api/scheduler -> 16010 ms
2026-09-09 17:46:23,153 | WARNING  | dashboard.app | SLOW GET /api/scheduler -> 15984 ms
2026-09-09 17:46:23,636 | WARNING  | dashboard.app | SLOW GET /api/scheduler -> 19951 ms
2026-09-09 17:46:23,830 | WARNING  | dashboard.app | SLOW GET /api/live -> 597 ms
2026-09-09 17:46:31,862 | WARNING  | dashboard.app | SLOW GET /api/scheduler -> 24598 ms
2026-09-09 17:46:32,057 | WARNING  | dashboard.app | SLOW GET /api/scheduler -> 20846 ms
2026-09-09 17:46:37,860 | WARNING  | dashboard.app | SLOW GET /api/scheduler -> 11664 ms
2026-09-09 17:46:38,051 | WARNING  | dashboard.app | SLOW GET /api/scheduler -> 14265 ms
2026-09-09 17:46:38,204 | WARNING  | dashboard.app | SLOW GET /api/scheduler -> 14647 ms
2026-09-09 17:46:38,352 | WARNING  | dashboard.app | SLOW GET /api/scheduler -> 14536 ms
2026-09-09 17:46:42,638 | WARNING  | dashboard.app | SLOW GET /api/scheduler -> 10361 ms
2026-09-09 17:46:50,473 | WARNING  | dashboard.app | SLOW GET /api/scheduler -> 9283 ms
2026-09-09 17:46:50,541 | WARNING  | dashboard.app | SLOW GET /api/scheduler -> 12205 ms
2026-09-09 17:46:50,722 | WARNING  | dashboard.app | SLOW GET /api/scheduler -> 12863 ms
2026-09-09 17:47:04,158 | WARNING  | dashboard.app | SLOW GET /api/live -> 1106 ms
2026-09-09 17:47:04,312 | WARNING  | dashboard.app | SLOW GET /api/scheduler -> 13089 ms
2026-09-09 17:47:04,419 | WARNING  | dashboard.app | SLOW GET /api/scheduler -> 8204 ms
2026-09-09 17:47:04,498 | WARNING  | dashboard.app | SLOW GET /api/scheduler -> 18289 ms
2026-09-09 17:47:04,617 | WARNING  | dashboard.app | SLOW GET /api/scheduler -> 3422 ms
2026-09-09 17:47:04,851 | WARNING  | dashboard.app | SLOW GET /api/scheduler -> 13662 ms
2026-09-09 17:47:19,198 | WARNING  | dashboard.app | SLOW GET /api/live -> 2197 ms
2026-09-09 17:47:19,379 | WARNING  | dashboard.app | SLOW GET /api/scheduler -> 13051 ms
2026-09-09 17:47:19,582 | WARNING  | dashboard.app | SLOW GET /api/scheduler -> 13253 ms
2026-09-09 17:47:21,528 | WARNING  | dashboard.app | SLOW GET /api/live -> 507 ms
2026-09-09 17:47:37,270 | WARNING  | dashboard.app | SLOW GET /api/live/refresh/status -> 4448 ms
2026-09-09 17:47:40,985 | WARNING  | dashboard.app | SLOW GET /api/scheduler -> 14792 ms
2026-09-09 17:47:41,518 | WARNING  | dashboard.app | SLOW GET /api/scheduler -> 19762 ms
2026-09-09 17:47:41,738 | WARNING  | dashboard.app | SLOW GET /api/scheduler -> 19993 ms
2026-09-09 17:47:42,031 | WARNING  | dashboard.app | SLOW GET /api/scheduler -> 27253 ms
2026-09-09 17:47:42,262 | WARNING  | dashboard.app | SLOW GET /api/scheduler -> 23729 ms
2026-09-09 17:47:43,017 | WARNING  | dashboard.app | SLOW GET /api/live -> 794 ms
2026-09-09 17:47:46,322 | WARNING  | dashboard.app | SLOW GET /api/live -> 832 ms
2026-09-09 17:48:02,350 | WARNING  | dashboard.app | SLOW GET /api/scheduler -> 21526 ms
2026-09-09 17:48:09,903 | WARNING  | dashboard.app | SLOW GET /api/scheduler -> 27297 ms
2026-09-09 17:48:11,448 | WARNING  | dashboard.app | SLOW GET /api/scheduler -> 29226 ms
2026-09-09 17:48:12,560 | WARNING  | dashboard.app | SLOW GET /api/scheduler -> 26087 ms
2026-09-09 17:48:12,825 | WARNING  | dashboard.app | SLOW GET /api/scheduler -> 21193 ms
2026-09-09 17:48:13,117 | WARNING  | dashboard.app | SLOW GET /api/scheduler -> 30894 ms
2026-09-09 17:48:23,633 | WARNING  | dashboard.app | SLOW GET /api/scheduler -> 21050 ms
2026-09-09 17:48:23,766 | WARNING  | dashboard.app | SLOW GET /api/scheduler -> 10169 ms
2026-09-09 17:48:23,771 | WARNING  | dashboard.app | SLOW GET /api/scheduler -> 9900 ms
2026-09-09 17:48:23,779 | WARNING  | dashboard.app | SLOW GET /api/scheduler -> 10399 ms
2026-09-09 17:48:23,783 | WARNING  | dashboard.app | SLOW GET /api/scheduler -> 10188 ms
2026-09-09 17:48:23,788 | WARNING  | dashboard.app | SLOW GET /api/scheduler -> 10194 ms
2026-09-09 17:48:24,863 | WARNING  | dashboard.app | SLOW GET /api/scheduler -> 1055 ms
2026-09-09 17:48:24,867 | WARNING  | dashboard.app | SLOW GET /api/scheduler -> 1059 ms
2026-09-09 17:48:24,875 | WARNING  | dashboard.app | SLOW GET /api/scheduler -> 1066 ms
2026-09-09 17:48:47,019 | WARNING  | dashboard.app | SLOW GET /api/scheduler -> 585 ms
2026-09-09 17:48:52,604 | WARNING  | dashboard.app | SLOW GET /api/live -> 2673 ms
2026-09-09 17:48:54,667 | WARNING  | dashboard.app | SLOW GET /api/live -> 549 ms
2026-09-09 17:49:03,177 | WARNING  | dashboard.app | SLOW GET /api/scheduler -> 10221 ms
2026-09-09 17:49:03,210 | WARNING  | dashboard.app | SLOW GET /api/scheduler -> 7013 ms
2026-09-09 17:49:03,236 | WARNING  | dashboard.app | SLOW GET /api/scheduler -> 10382 ms
2026-09-09 17:57:20,642 | INFO     | dashboard.app | Scheduler: profile 'prd-quick' is due (PRD, 4 T-code(s), -> ['whatsapp']).
2026-09-09 18:02:38,082 | INFO     | dashboard.app | Scheduler started -- runs only what the Profiles page schedules.
2026-09-09 18:02:38,082 | INFO     | dashboard.app | Live refresher is ON-DEMAND -- systems are read only when 'Read live' is clicked (/api/live/refresh). Set IBO_LIVE_AUTO_REFRESH=1 for the old timer-driven mode.
2026-09-09 18:02:38,152 | INFO     | dashboard.app | Scheduler: no run on startup.
2026-09-09 18:02:38,167 | INFO     | dashboard.app | Scheduler: profile-driven. prd-quick (PRD -> whatsapp); prd-full (PRD -> email)
2026-09-09 21:56:01,880 | INFO     | dashboard.app | Scheduler started -- runs only what the Profiles page schedules.
2026-09-09 21:56:01,881 | INFO     | dashboard.app | Live refresher is ON-DEMAND -- systems are read only when 'Read live' is clicked (/api/live/refresh). Set IBO_LIVE_AUTO_REFRESH=1 for the old timer-driven mode.
2026-09-09 21:56:02,059 | INFO     | dashboard.app | Scheduler: no run on startup.
2026-09-09 21:56:02,131 | INFO     | dashboard.app | Scheduler: profile-driven. prd-quick (PRD -> whatsapp); prd-full (PRD -> email)
2026-09-09 21:56:02,203 | INFO     | dashboard.app | Scheduler: profile 'prd-quick' is due (PRD, 4 T-code(s), -> ['whatsapp']).
2026-09-09 21:56:31,691 | WARNING  | dashboard.app | SLOW GET /api/live -> 979 ms
2026-09-09 21:56:32,696 | WARNING  | dashboard.app | SLOW POST /api/live/refresh -> 795 ms
2026-09-09 21:56:36,729 | WARNING  | dashboard.app | SLOW GET /api/scheduler -> 650 ms
2026-09-09 21:59:03,508 | WARNING  | dashboard.app | SLOW GET /api/scheduler -> 828 ms
2026-09-09 21:59:03,713 | WARNING  | dashboard.app | SLOW GET /api/scheduler -> 1022 ms
2026-09-09 21:59:19,914 | WARNING  | dashboard.app | SLOW GET /api/scheduler -> 3424 ms
2026-09-09 21:59:21,629 | WARNING  | dashboard.app | SLOW GET /api/scheduler -> 3880 ms
2026-09-09 21:59:22,637 | WARNING  | dashboard.app | SLOW GET /api/scheduler -> 4887 ms
2026-09-09 21:59:28,060 | WARNING  | dashboard.app | SLOW GET /api/scheduler -> 1789 ms
2026-09-09 21:59:28,550 | WARNING  | dashboard.app | SLOW GET /api/live -> 898 ms
2026-09-09 21:59:28,665 | WARNING  | dashboard.app | SLOW GET /api/scheduler -> 3327 ms
2026-09-09 21:59:28,748 | WARNING  | dashboard.app | SLOW GET /api/scheduler -> 1729 ms
2026-09-09 21:59:34,118 | WARNING  | dashboard.app | SLOW POST /api/live/refresh -> 810 ms
2026-09-09 21:59:35,995 | WARNING  | dashboard.app | SLOW GET /api/scheduler -> 2699 ms
2026-09-09 22:01:27,034 | INFO     | dashboard.app | Scheduler started -- runs only what the Profiles page schedules.
2026-09-09 22:01:27,035 | INFO     | dashboard.app | Live refresher is ON-DEMAND -- systems are read only when 'Read live' is clicked (/api/live/refresh). Set IBO_LIVE_AUTO_REFRESH=1 for the old timer-driven mode.
2026-09-09 22:01:27,095 | INFO     | dashboard.app | Scheduler: no run on startup.
2026-09-09 22:01:27,115 | INFO     | dashboard.app | Scheduler: profile-driven. prd-quick (PRD -> whatsapp); prd-full (PRD -> email)
2026-09-09 22:01:38,377 | WARNING  | dashboard.app | SLOW GET /api/live -> 1271 ms
2026-09-09 22:01:38,630 | WARNING  | dashboard.app | SLOW GET /api/scheduler -> 1523 ms
2026-09-09 22:05:08,833 | INFO     | dashboard.app | Scheduler started -- runs only what the Profiles page schedules.
2026-09-09 22:05:08,834 | INFO     | dashboard.app | Live refresher is ON-DEMAND -- systems are read only when 'Read live' is clicked (/api/live/refresh). Set IBO_LIVE_AUTO_REFRESH=1 for the old timer-driven mode.
2026-09-09 22:05:08,880 | INFO     | dashboard.app | Scheduler: no run on startup.
2026-09-09 22:05:08,900 | INFO     | dashboard.app | Scheduler: profile-driven. prd-quick (PRD -> whatsapp); prd-full (PRD -> email)
2026-09-09 22:08:48,113 | INFO     | dashboard.app | Scheduler started -- runs only what the Profiles page schedules.
2026-09-09 22:08:48,114 | INFO     | dashboard.app | Live refresher is ON-DEMAND -- systems are read only when 'Read live' is clicked (/api/live/refresh). Set IBO_LIVE_AUTO_REFRESH=1 for the old timer-driven mode.
2026-09-09 22:08:48,192 | INFO     | dashboard.app | Scheduler: no run on startup.
2026-09-09 22:08:48,249 | INFO     | dashboard.app | Scheduler: profile-driven. prd-quick (PRD -> whatsapp); prd-full (PRD -> email)
2026-09-09 22:09:57,217 | INFO     | dashboard.app | Scheduler started -- runs only what the Profiles page schedules.
2026-09-09 22:09:57,222 | INFO     | dashboard.app | Live refresher is ON-DEMAND -- systems are read only when 'Read live' is clicked (/api/live/refresh). Set IBO_LIVE_AUTO_REFRESH=1 for the old timer-driven mode.
2026-09-09 22:09:57,364 | INFO     | dashboard.app | Scheduler: no run on startup.
2026-09-09 22:09:57,435 | INFO     | dashboard.app | Scheduler: profile-driven. prd-quick (PRD -> whatsapp); prd-full (PRD -> email)
2026-09-09 22:10:14,940 | WARNING  | dashboard.app | SLOW GET /api/scheduler -> 500 ms
2026-09-09 22:10:29,986 | WARNING  | dashboard.app | SLOW GET /api/scheduler -> 527 ms
2026-09-09 22:10:59,973 | WARNING  | dashboard.app | SLOW GET /api/scheduler -> 569 ms
2026-09-09 22:11:00,260 | WARNING  | dashboard.app | SLOW GET /api/scheduler -> 804 ms
2026-09-09 22:11:14,902 | WARNING  | dashboard.app | SLOW GET /api/scheduler -> 506 ms
2026-09-09 22:11:15,054 | WARNING  | dashboard.app | SLOW GET /api/scheduler -> 600 ms
2026-09-09 22:11:29,973 | WARNING  | dashboard.app | SLOW GET /api/live -> 1309 ms
2026-09-09 22:11:31,059 | WARNING  | dashboard.app | SLOW GET /api/scheduler -> 979 ms
2026-09-09 22:11:32,493 | WARNING  | dashboard.app | SLOW GET /api/live -> 672 ms
2026-09-09 22:11:32,620 | WARNING  | dashboard.app | SLOW GET /api/scheduler -> 2539 ms
2026-09-09 22:11:34,091 | WARNING  | dashboard.app | SLOW GET /api/live -> 923 ms
2026-09-09 22:11:35,062 | WARNING  | dashboard.app | SLOW GET /api/scheduler -> 614 ms
2026-09-09 22:11:36,747 | WARNING  | dashboard.app | SLOW GET /api/live -> 555 ms
2026-09-09 22:11:39,995 | WARNING  | dashboard.app | SLOW GET /api/scheduler -> 589 ms
2026-09-09 22:11:47,178 | WARNING  | dashboard.app | SLOW GET /api/live -> 518 ms
2026-09-09 22:11:52,199 | WARNING  | dashboard.app | SLOW GET /api/live -> 1014 ms
2026-09-09 22:12:02,406 | WARNING  | dashboard.app | SLOW GET /api/scheduler -> 3003 ms
2026-09-09 22:12:02,549 | WARNING  | dashboard.app | SLOW GET /api/scheduler -> 3101 ms
2026-09-09 22:12:50,106 | WARNING  | dashboard.app | SLOW GET /api/scheduler -> 705 ms
2026-09-09 22:12:51,005 | WARNING  | dashboard.app | SLOW GET /system -> 673 ms
2026-09-09 22:14:40,113 | WARNING  | dashboard.app | SLOW POST /api/rca/analyze/SARLOHA QAS -> 101642 ms
2026-09-09 22:14:56,602 | WARNING  | dashboard.app | SLOW POST /api/rca/analyze/SARLOHA QAS -> 108173 ms
2026-09-09 22:17:06,547 | WARNING  | dashboard.app | SLOW POST /api/rca/analyze/SARLOHA PRD -> 53142 ms
2026-09-09 22:19:44,875 | WARNING  | dashboard.app | SLOW GET /api/live -> 1278 ms
2026-09-09 22:19:48,614 | WARNING  | dashboard.app | SLOW GET /api/live -> 521 ms
2026-09-09 22:19:50,367 | WARNING  | dashboard.app | SLOW GET /api/live -> 770 ms
2026-09-09 22:19:53,146 | WARNING  | dashboard.app | SLOW GET /api/live -> 531 ms
2026-09-09 22:19:53,314 | WARNING  | dashboard.app | SLOW GET /api/scheduler -> 1408 ms
2026-09-09 22:19:54,666 | WARNING  | dashboard.app | SLOW GET /api/live -> 553 ms
2026-09-09 22:19:57,815 | WARNING  | dashboard.app | SLOW GET /api/scheduler -> 934 ms
2026-09-09 22:19:57,893 | WARNING  | dashboard.app | SLOW GET /api/scheduler -> 1005 ms
2026-09-09 22:19:58,163 | WARNING  | dashboard.app | SLOW GET /api/live -> 1014 ms
2026-09-09 22:20:00,797 | WARNING  | dashboard.app | SLOW GET /api/live -> 699 ms
2026-09-09 22:20:02,528 | WARNING  | dashboard.app | SLOW GET /api/live -> 926 ms
2026-09-09 22:20:03,168 | WARNING  | dashboard.app | SLOW GET /api/scheduler -> 559 ms
2026-09-09 22:21:12,426 | WARNING  | dashboard.app | SLOW GET /api/scheduler -> 545 ms
2026-09-09 22:47:00,342 | INFO     | dashboard.app | Scheduler started -- runs only what the Profiles page schedules.
2026-09-09 22:47:00,345 | INFO     | dashboard.app | Live refresher is ON-DEMAND -- systems are read only when 'Read live' is clicked (/api/live/refresh). Set IBO_LIVE_AUTO_REFRESH=1 for the old timer-driven mode.
2026-09-09 22:47:00,436 | INFO     | dashboard.app | Scheduler: no run on startup.
2026-09-09 22:47:00,490 | INFO     | dashboard.app | Scheduler: profile-driven. prd-quick (PRD -> whatsapp); prd-full (PRD -> email)
2026-09-09 22:47:14,391 | WARNING  | dashboard.app | SLOW GET /api/scheduler -> 2515 ms
2026-09-09 22:47:14,777 | WARNING  | dashboard.app | SLOW GET /api/scheduler -> 2809 ms
2026-09-09 22:47:50,953 | WARNING  | dashboard.app | SLOW GET /api/live/refresh/status -> 677 ms
2026-09-09 22:47:52,548 | WARNING  | dashboard.app | SLOW GET /api/scheduler -> 1597 ms
2026-09-09 22:47:57,539 | WARNING  | dashboard.app | SLOW GET /api/scheduler -> 2361 ms
2026-09-09 22:47:57,954 | WARNING  | dashboard.app | SLOW GET /api/scheduler -> 2719 ms
2026-09-09 22:48:02,750 | WARNING  | dashboard.app | SLOW GET /api/scheduler -> 2480 ms
2026-09-09 22:49:53,207 | WARNING  | dashboard.app | SLOW GET /api/live -> 1189 ms
2026-09-09 22:49:53,277 | WARNING  | dashboard.app | SLOW GET /api/scheduler -> 1522 ms
2026-09-09 22:49:53,597 | WARNING  | dashboard.app | SLOW GET /api/scheduler -> 1842 ms
2026-09-09 22:49:54,884 | WARNING  | dashboard.app | SLOW GET /wall -> 796 ms
2026-09-09 22:49:55,220 | WARNING  | dashboard.app | SLOW GET /api/live/refresh/status -> 840 ms
2026-09-09 22:49:57,406 | WARNING  | dashboard.app | SLOW GET /api/scheduler -> 2001 ms
2026-09-09 22:49:57,407 | WARNING  | dashboard.app | SLOW GET /api/scheduler -> 1961 ms
2026-09-09 22:49:57,425 | WARNING  | dashboard.app | SLOW GET /api/live -> 1600 ms
2026-09-09 22:49:57,507 | WARNING  | dashboard.app | SLOW GET /api/scheduler -> 2102 ms
2026-09-09 22:49:57,534 | WARNING  | dashboard.app | SLOW GET /api/scheduler -> 1709 ms
2026-09-09 22:50:08,172 | WARNING  | dashboard.app | SLOW GET /api/live -> 7282 ms
2026-09-09 22:50:08,979 | WARNING  | dashboard.app | SLOW GET /api/scheduler -> 8630 ms
2026-09-09 22:50:10,329 | WARNING  | dashboard.app | SLOW GET /api/live -> 540 ms
2026-09-09 22:50:17,016 | WARNING  | dashboard.app | SLOW GET /api/live -> 4130 ms
2026-09-09 22:50:17,732 | WARNING  | dashboard.app | SLOW GET /api/scheduler -> 7300 ms
2026-09-09 22:50:17,918 | WARNING  | dashboard.app | SLOW GET /api/scheduler -> 7432 ms
2026-09-09 22:50:18,403 | WARNING  | dashboard.app | SLOW GET /api/scheduler -> 9717 ms
2026-09-09 22:50:29,767 | WARNING  | dashboard.app | SLOW GET /api/live -> 6390 ms
2026-09-09 22:50:29,776 | WARNING  | dashboard.app | SLOW GET /api/scheduler -> 10706 ms
2026-09-09 22:50:29,803 | WARNING  | dashboard.app | SLOW GET /api/scheduler -> 9345 ms
2026-09-09 22:50:31,112 | WARNING  | dashboard.app | SLOW GET /api/scheduler -> 1341 ms
2026-09-09 22:50:32,414 | WARNING  | dashboard.app | SLOW GET /api/scheduler -> 2642 ms
2026-09-09 22:50:34,042 | WARNING  | dashboard.app | SLOW GET /api/live -> 1052 ms
2026-09-09 22:50:34,180 | WARNING  | dashboard.app | SLOW GET /api/scheduler -> 1805 ms
2026-09-09 22:50:35,016 | WARNING  | dashboard.app | SLOW GET /api/live -> 578 ms
2026-09-09 22:50:37,552 | WARNING  | dashboard.app | SLOW GET /api/live -> 1620 ms
2026-09-09 22:50:38,800 | WARNING  | dashboard.app | SLOW GET /api/scheduler -> 3457 ms
2026-09-09 22:54:06,028 | WARNING  | dashboard.app | SLOW GET /api/live -> 748 ms
2026-09-09 22:54:06,206 | WARNING  | dashboard.app | SLOW GET /api/scheduler -> 912 ms
2026-09-09 22:54:06,357 | WARNING  | dashboard.app | SLOW GET /api/scheduler -> 1064 ms
2026-09-09 22:54:11,020 | WARNING  | dashboard.app | SLOW GET /api/scheduler -> 621 ms
2026-09-09 22:54:11,287 | WARNING  | dashboard.app | SLOW GET /api/scheduler -> 923 ms
2026-09-09 22:54:16,597 | WARNING  | dashboard.app | SLOW GET /api/live -> 964 ms
2026-09-09 22:54:17,120 | WARNING  | dashboard.app | SLOW GET /api/scheduler -> 1565 ms
2026-09-09 22:54:17,450 | WARNING  | dashboard.app | SLOW GET /api/scheduler -> 1925 ms
2026-09-09 22:54:20,857 | WARNING  | dashboard.app | SLOW GET /api/live -> 1812 ms
2026-09-09 22:54:25,343 | WARNING  | dashboard.app | SLOW GET /api/live -> 3412 ms
2026-09-09 22:54:25,925 | WARNING  | dashboard.app | SLOW GET /api/scheduler -> 4970 ms
2026-09-09 22:54:29,782 | WARNING  | dashboard.app | SLOW GET /api/live/refresh/status -> 948 ms
2026-09-09 22:54:33,830 | WARNING  | dashboard.app | SLOW GET /api/live -> 2854 ms
2026-09-09 22:54:33,978 | WARNING  | dashboard.app | SLOW GET /api/scheduler -> 4654 ms
2026-09-09 22:54:34,113 | WARNING  | dashboard.app | SLOW GET /api/scheduler -> 3407 ms
2026-09-09 22:54:34,145 | WARNING  | dashboard.app | SLOW GET /api/scheduler -> 3585 ms
2026-09-09 22:54:36,696 | WARNING  | dashboard.app | SLOW GET /api/live -> 1300 ms
2026-09-09 22:54:37,728 | WARNING  | dashboard.app | SLOW GET /api/scheduler -> 1067 ms
2026-09-09 22:54:40,315 | WARNING  | dashboard.app | SLOW GET /api/live -> 1901 ms
2026-09-09 22:54:43,884 | WARNING  | dashboard.app | SLOW GET /api/live -> 2480 ms
2026-09-09 22:54:44,187 | WARNING  | dashboard.app | SLOW GET /api/scheduler -> 3475 ms
2026-09-09 22:54:48,723 | WARNING  | dashboard.app | SLOW GET /api/live -> 2710 ms
2026-09-09 22:54:48,970 | WARNING  | dashboard.app | SLOW GET /api/scheduler -> 3573 ms
2026-09-09 22:54:49,103 | WARNING  | dashboard.app | SLOW GET /api/scheduler -> 3676 ms
2026-09-09 22:54:51,700 | WARNING  | dashboard.app | SLOW GET /api/live -> 1294 ms
2026-09-09 22:54:54,267 | WARNING  | dashboard.app | SLOW GET /api/live -> 870 ms
2026-09-09 22:54:54,355 | WARNING  | dashboard.app | SLOW GET /api/scheduler -> 2540 ms
2026-09-09 22:54:55,812 | WARNING  | dashboard.app | SLOW GET /api/live -> 931 ms
2026-09-09 22:54:57,246 | WARNING  | dashboard.app | SLOW GET /api/scheduler -> 1280 ms
2026-09-09 22:54:59,050 | WARNING  | dashboard.app | SLOW GET /api/live -> 1146 ms
2026-09-09 22:55:00,223 | WARNING  | dashboard.app | SLOW GET /api/live -> 841 ms
2026-09-09 22:55:02,989 | WARNING  | dashboard.app | SLOW GET /api/live -> 2091 ms
2026-09-09 22:55:03,164 | WARNING  | dashboard.app | SLOW GET /api/scheduler -> 2679 ms
2026-09-09 22:55:03,299 | WARNING  | dashboard.app | SLOW GET /api/scheduler -> 2811 ms
2026-09-09 22:55:06,107 | WARNING  | dashboard.app | SLOW GET /api/live -> 2216 ms
2026-09-09 22:55:07,473 | WARNING  | dashboard.app | SLOW GET /api/live -> 579 ms
2026-09-09 22:55:07,598 | WARNING  | dashboard.app | SLOW GET /api/scheduler -> 1343 ms
2026-09-09 22:55:15,086 | WARNING  | dashboard.app | SLOW GET /api/live -> 701 ms
2026-09-09 22:55:16,243 | WARNING  | dashboard.app | SLOW GET /api/scheduler -> 849 ms
2026-09-09 22:55:17,918 | WARNING  | dashboard.app | SLOW GET /api/live -> 1920 ms
2026-09-09 22:55:17,949 | WARNING  | dashboard.app | SLOW GET /api/scheduler -> 2525 ms
2026-09-09 22:55:19,935 | WARNING  | dashboard.app | SLOW GET /api/live -> 1043 ms
2026-09-09 22:55:24,434 | WARNING  | dashboard.app | SLOW GET /api/live -> 3579 ms
2026-09-09 22:55:24,872 | WARNING  | dashboard.app | SLOW GET /api/scheduler -> 3854 ms
2026-09-09 22:55:27,823 | WARNING  | dashboard.app | SLOW GET /api/live -> 1410 ms
2026-09-09 22:55:27,938 | WARNING  | dashboard.app | SLOW GET /api/scheduler -> 2402 ms
2026-09-09 22:55:32,831 | WARNING  | dashboard.app | SLOW GET /api/live -> 1836 ms
2026-09-09 22:55:33,143 | WARNING  | dashboard.app | SLOW GET /api/scheduler -> 2730 ms
2026-09-09 22:55:33,262 | WARNING  | dashboard.app | SLOW GET /api/scheduler -> 2865 ms
2026-09-09 22:55:36,246 | WARNING  | dashboard.app | SLOW GET /api/live -> 855 ms
2026-09-09 22:55:36,562 | WARNING  | dashboard.app | SLOW GET /api/scheduler -> 1023 ms
2026-09-09 22:55:38,890 | WARNING  | dashboard.app | SLOW GET /api/live -> 508 ms
2026-09-09 22:55:40,490 | WARNING  | dashboard.app | SLOW GET /api/live -> 613 ms
2026-09-09 22:55:48,157 | WARNING  | dashboard.app | SLOW GET /api/live -> 2646 ms
2026-09-09 22:55:51,237 | WARNING  | dashboard.app | SLOW GET /api/live -> 1186 ms
2026-09-09 22:55:51,423 | WARNING  | dashboard.app | SLOW GET /api/scheduler -> 5745 ms
2026-09-09 22:55:51,468 | WARNING  | dashboard.app | SLOW GET /api/scheduler -> 2945 ms
2026-09-09 22:55:52,571 | WARNING  | dashboard.app | SLOW GET /api/live/refresh/status -> 801 ms
2026-09-09 22:55:55,573 | WARNING  | dashboard.app | SLOW GET /api/live -> 1049 ms
2026-09-09 22:55:55,706 | WARNING  | dashboard.app | SLOW GET /api/scheduler -> 4149 ms
2026-09-09 22:55:58,851 | WARNING  | dashboard.app | SLOW GET /api/live -> 1313 ms
2026-09-09 22:55:59,006 | WARNING  | dashboard.app | SLOW GET /api/scheduler -> 3350 ms
2026-09-09 22:56:09,138 | WARNING  | dashboard.app | SLOW GET /api/live -> 4329 ms
2026-09-09 22:56:09,675 | WARNING  | dashboard.app | SLOW GET /api/scheduler -> 9260 ms
2026-09-09 22:56:10,016 | WARNING  | dashboard.app | SLOW GET /api/scheduler -> 9612 ms
2026-09-09 22:56:10,883 | WARNING  | dashboard.app | SLOW GET /wall -> 5559 ms
2026-09-09 22:56:11,353 | WARNING  | dashboard.app | SLOW GET /api/live/refresh/status -> 504 ms
2026-09-09 22:56:12,968 | WARNING  | dashboard.app | SLOW GET /api/scheduler -> 2165 ms
2026-09-09 22:56:13,016 | WARNING  | dashboard.app | SLOW GET /api/live -> 1730 ms
2026-09-09 22:56:13,183 | WARNING  | dashboard.app | SLOW GET /api/scheduler -> 1967 ms
2026-09-09 22:56:13,352 | WARNING  | dashboard.app | SLOW GET /api/scheduler -> 2037 ms
2026-09-09 22:56:13,497 | WARNING  | dashboard.app | SLOW GET /api/scheduler -> 2184 ms
2026-09-09 22:56:18,095 | WARNING  | dashboard.app | SLOW GET /api/live -> 3523 ms
2026-09-09 22:56:20,436 | WARNING  | dashboard.app | SLOW GET /api/live/refresh/status -> 2050 ms
2026-09-09 22:56:21,640 | WARNING  | dashboard.app | SLOW GET /api/scheduler -> 3444 ms
2026-09-09 22:56:23,948 | WARNING  | dashboard.app | SLOW GET /api/live -> 1754 ms
2026-09-09 22:56:24,147 | WARNING  | dashboard.app | SLOW GET /api/scheduler -> 2311 ms
2026-09-09 22:56:26,104 | WARNING  | dashboard.app | SLOW GET /api/live -> 1039 ms
2026-09-09 22:56:27,070 | WARNING  | dashboard.app | SLOW GET /api/live/refresh/status -> 616 ms
2026-09-09 22:56:31,163 | WARNING  | dashboard.app | SLOW GET /api/live -> 3070 ms
2026-09-09 22:56:31,620 | WARNING  | dashboard.app | SLOW GET /api/scheduler -> 5135 ms
2026-09-09 22:56:31,902 | WARNING  | dashboard.app | SLOW GET /api/scheduler -> 5461 ms
2026-09-09 22:56:35,681 | WARNING  | dashboard.app | SLOW GET /api/scheduler -> 3073 ms
2026-09-09 22:56:36,074 | WARNING  | dashboard.app | SLOW GET /api/live -> 1897 ms
2026-09-09 22:56:37,148 | WARNING  | dashboard.app | SLOW GET /api/live/refresh/status -> 506 ms
2026-09-09 22:56:38,142 | WARNING  | dashboard.app | SLOW GET /api/scheduler -> 1548 ms
2026-09-09 22:56:39,292 | WARNING  | dashboard.app | SLOW GET /api/live -> 726 ms
2026-09-09 22:56:42,169 | WARNING  | dashboard.app | SLOW GET /api/live -> 601 ms
2026-09-09 22:56:42,255 | WARNING  | dashboard.app | SLOW GET /api/scheduler -> 1099 ms
2026-09-09 22:56:42,366 | WARNING  | dashboard.app | SLOW GET /api/scheduler -> 1206 ms
2026-09-09 22:56:43,823 | WARNING  | dashboard.app | SLOW GET /api/live -> 766 ms
2026-09-09 22:56:52,898 | WARNING  | dashboard.app | SLOW GET /api/live -> 833 ms
2026-09-09 22:56:56,993 | WARNING  | dashboard.app | SLOW GET /api/live -> 1938 ms
2026-09-09 22:56:57,957 | WARNING  | dashboard.app | SLOW GET /api/scheduler -> 833 ms
2026-09-09 22:56:59,351 | WARNING  | dashboard.app | SLOW GET /api/live -> 912 ms
2026-09-09 22:56:59,747 | WARNING  | dashboard.app | SLOW GET /api/scheduler -> 2615 ms
2026-09-09 22:57:03,199 | WARNING  | dashboard.app | SLOW GET /api/live -> 2107 ms
2026-09-09 22:57:04,716 | WARNING  | dashboard.app | SLOW GET /api/live/refresh/status -> 532 ms
2026-09-09 22:57:06,317 | WARNING  | dashboard.app | SLOW GET /api/live -> 735 ms
2026-09-09 22:57:06,667 | WARNING  | dashboard.app | SLOW GET /api/scheduler -> 2766 ms
2026-09-09 22:57:09,393 | WARNING  | dashboard.app | SLOW GET /api/live -> 794 ms
2026-09-09 22:57:09,559 | WARNING  | dashboard.app | SLOW GET /api/scheduler -> 2119 ms
2026-09-09 22:57:12,477 | WARNING  | dashboard.app | SLOW GET /api/scheduler -> 1345 ms
2026-09-09 22:57:12,694 | WARNING  | dashboard.app | SLOW GET /api/scheduler -> 1546 ms
2026-09-09 22:57:14,378 | WARNING  | dashboard.app | SLOW GET /api/live -> 2762 ms
2026-09-09 22:57:16,806 | WARNING  | dashboard.app | SLOW GET /api/live -> 743 ms
2026-09-09 22:57:18,180 | WARNING  | dashboard.app | SLOW GET /api/live -> 602 ms
2026-09-09 22:57:18,313 | WARNING  | dashboard.app | SLOW GET /api/scheduler -> 1260 ms
2026-09-09 22:57:20,232 | WARNING  | dashboard.app | SLOW GET /api/live -> 1133 ms
2026-09-09 22:57:23,016 | WARNING  | dashboard.app | SLOW GET /api/live -> 2444 ms
2026-09-09 22:57:36,649 | WARNING  | dashboard.app | SLOW GET /api/scheduler -> 523 ms
2026-09-09 22:57:41,956 | WARNING  | dashboard.app | SLOW GET /api/scheduler -> 825 ms
2026-09-09 22:57:41,980 | WARNING  | dashboard.app | SLOW GET /api/scheduler -> 775 ms
2026-09-09 22:57:54,861 | WARNING  | dashboard.app | SLOW GET /wall -> 802 ms
2026-09-09 22:57:56,233 | WARNING  | dashboard.app | SLOW GET /api/scheduler -> 5097 ms
2026-09-09 22:57:57,242 | WARNING  | dashboard.app | SLOW GET /api/live -> 1127 ms
2026-09-09 22:57:57,265 | WARNING  | dashboard.app | SLOW GET /api/scheduler -> 1295 ms
2026-09-09 22:57:57,382 | WARNING  | dashboard.app | SLOW GET /api/scheduler -> 1267 ms
2026-09-09 22:57:58,467 | WARNING  | dashboard.app | SLOW GET /api/live -> 736 ms
2026-09-09 22:58:01,482 | WARNING  | dashboard.app | SLOW GET /api/live -> 759 ms
2026-09-09 22:58:02,007 | WARNING  | dashboard.app | SLOW GET /api/scheduler -> 1100 ms
2026-09-09 22:58:05,962 | WARNING  | dashboard.app | SLOW GET /api/live -> 729 ms
2026-09-09 22:58:06,871 | WARNING  | dashboard.app | SLOW GET /api/scheduler -> 738 ms
2026-09-09 22:58:10,604 | WARNING  | dashboard.app | SLOW GET /api/live -> 2386 ms
2026-09-09 22:58:12,721 | WARNING  | dashboard.app | SLOW GET /api/live -> 1213 ms
2026-09-09 22:58:12,905 | WARNING  | dashboard.app | SLOW GET /api/scheduler -> 2041 ms
2026-09-09 22:58:13,032 | WARNING  | dashboard.app | SLOW GET /api/scheduler -> 2177 ms
2026-09-09 22:58:14,851 | WARNING  | dashboard.app | SLOW GET /api/live -> 644 ms
2026-09-09 22:58:16,533 | WARNING  | dashboard.app | SLOW GET /api/live -> 815 ms
2026-09-09 22:58:19,664 | WARNING  | dashboard.app | SLOW GET /api/live -> 2255 ms
2026-09-09 22:58:20,419 | WARNING  | dashboard.app | SLOW GET /api/scheduler -> 3755 ms
2026-09-09 22:58:23,230 | WARNING  | dashboard.app | SLOW GET /api/live -> 1513 ms
2026-09-09 22:58:23,529 | WARNING  | dashboard.app | SLOW GET /api/scheduler -> 2212 ms
2026-09-09 22:58:25,308 | WARNING  | dashboard.app | SLOW GET /api/live -> 610 ms
2026-09-09 22:58:29,909 | WARNING  | dashboard.app | SLOW GET /api/live -> 3667 ms
2026-09-09 22:58:30,048 | WARNING  | dashboard.app | SLOW GET /api/scheduler -> 4190 ms
2026-09-09 22:58:30,224 | WARNING  | dashboard.app | SLOW GET /api/scheduler -> 4375 ms
2026-09-09 22:58:33,443 | WARNING  | dashboard.app | SLOW GET /api/live -> 1148 ms
2026-09-09 22:58:33,459 | WARNING  | dashboard.app | SLOW GET /api/scheduler -> 2544 ms
2026-09-09 22:58:37,670 | WARNING  | dashboard.app | SLOW GET /api/live -> 2357 ms
2026-09-09 22:58:40,297 | WARNING  | dashboard.app | SLOW GET /api/scheduler -> 2525 ms
2026-09-09 22:58:41,811 | WARNING  | dashboard.app | SLOW GET /api/live -> 2100 ms
2026-09-09 22:58:45,308 | WARNING  | dashboard.app | SLOW GET /api/live -> 2596 ms
2026-09-09 22:58:45,639 | WARNING  | dashboard.app | SLOW GET /api/scheduler -> 3574 ms
2026-09-09 22:58:45,776 | WARNING  | dashboard.app | SLOW GET /api/scheduler -> 3604 ms
2026-09-09 22:58:48,101 | WARNING  | dashboard.app | SLOW GET /api/live -> 867 ms
2026-09-09 22:58:49,351 | WARNING  | dashboard.app | SLOW GET /api/live -> 626 ms
2026-09-09 22:58:50,077 | WARNING  | dashboard.app | SLOW GET / -> 641 ms
2026-09-09 23:02:04,716 | WARNING  | dashboard.app | SLOW POST /api/rca/analyze/CENTOR_QAS -> 6660 ms
2026-09-09 23:03:23,862 | WARNING  | dashboard.app | SLOW POST /api/rca/analyze/SARLOHA QAS -> 74399 ms
2026-09-10 10:23:48,794 | INFO     | dashboard.app | Scheduler: profile 'prd-quick' is due (PRD, 4 T-code(s), -> ['whatsapp']).
2026-09-10 10:24:21,483 | WARNING  | dashboard.app | SLOW GET /api/systems/SARLOHA PRD/overview -> 9241 ms
2026-09-10 10:24:21,824 | WARNING  | dashboard.app | SLOW GET /api/systems/CENTOR_QAS/overview -> 9646 ms
2026-09-10 10:24:22,124 | WARNING  | dashboard.app | SLOW GET /api/systems/PRD/overview -> 9882 ms
2026-09-10 10:24:22,550 | WARNING  | dashboard.app | SLOW GET /api/systems/SARLOHA QAS/overview -> 10307 ms
2026-09-10 10:24:47,499 | WARNING  | dashboard.app | SLOW GET /api/systems/SARLOHA PRD/overview -> 6848 ms
2026-09-10 10:24:47,644 | WARNING  | dashboard.app | SLOW GET /api/systems/CENTOR_QAS/overview -> 7009 ms
2026-09-10 10:24:47,752 | WARNING  | dashboard.app | SLOW GET /api/systems/SARLOHA QAS/overview -> 7101 ms
2026-09-10 10:24:47,858 | WARNING  | dashboard.app | SLOW GET /api/systems/PRD/overview -> 7207 ms
2026-09-10 10:25:05,115 | WARNING  | dashboard.app | SLOW GET /api/live -> 2142 ms
2026-09-10 10:25:05,299 | WARNING  | dashboard.app | SLOW GET /api/scheduler -> 2984 ms
2026-09-10 10:25:05,833 | WARNING  | dashboard.app | SLOW GET /api/scheduler -> 3459 ms
2026-09-10 10:25:06,270 | WARNING  | dashboard.app | SLOW GET /static/brand/ibops-word.png -> 2557 ms
2026-09-10 10:25:07,868 | WARNING  | dashboard.app | SLOW GET /api/auth-token -> 932 ms
2026-09-10 10:25:09,469 | WARNING  | dashboard.app | SLOW GET /static/brand/favicon.png -> 2216 ms
2026-09-10 10:25:15,742 | WARNING  | dashboard.app | SLOW GET /api/scheduler -> 7957 ms
2026-09-10 10:25:26,309 | WARNING  | dashboard.app | SLOW POST /api/live/refresh -> 17834 ms
2026-09-10 10:25:30,060 | WARNING  | dashboard.app | SLOW GET /api/scheduler -> 15026 ms
2026-09-10 10:25:49,118 | WARNING  | dashboard.app | SLOW GET /api/scheduler -> 22810 ms
2026-09-10 10:25:49,138 | WARNING  | dashboard.app | SLOW GET /api/live -> 15464 ms
2026-09-10 10:25:49,179 | WARNING  | dashboard.app | SLOW GET /api/scheduler -> 16173 ms
2026-09-10 10:25:49,197 | WARNING  | dashboard.app | SLOW GET /api/scheduler -> 16190 ms
2026-09-10 10:25:49,209 | WARNING  | dashboard.app | SLOW GET /api/scheduler -> 1205 ms
2026-09-10 10:25:49,336 | WARNING  | dashboard.app | SLOW GET /api/scheduler -> 1336 ms
2026-09-10 10:25:51,335 | WARNING  | dashboard.app | SLOW GET /api/live -> 651 ms
2026-09-10 10:25:51,352 | WARNING  | dashboard.app | SLOW GET /api/scheduler -> 672 ms
2026-09-10 10:25:51,385 | WARNING  | dashboard.app | SLOW GET /api/scheduler -> 836 ms
2026-09-10 10:26:52,698 | WARNING  | dashboard.app | SLOW GET /api/auth-token -> 50788 ms
2026-09-10 10:26:52,958 | WARNING  | dashboard.app | SLOW GET /api/scheduler -> 51046 ms
2026-09-10 10:26:53,872 | WARNING  | dashboard.app | SLOW GET /wall -> 947 ms
2026-09-10 10:26:54,034 | WARNING  | dashboard.app | SLOW GET /api/scheduler -> 1119 ms
2026-09-10 10:26:54,227 | WARNING  | dashboard.app | SLOW GET /api/scheduler -> 1290 ms
2026-09-10 10:26:54,353 | WARNING  | dashboard.app | SLOW GET /api/scheduler -> 1417 ms
2026-09-10 10:26:54,690 | WARNING  | dashboard.app | SLOW GET /api/scheduler -> 820 ms
2026-09-10 10:38:08,940 | INFO     | dashboard.app | Scheduler started -- runs only what the Profiles page schedules.
2026-09-10 10:38:08,947 | INFO     | dashboard.app | Live refresher is ON-DEMAND -- systems are read only when 'Read live' is clicked (/api/live/refresh). Set IBO_LIVE_AUTO_REFRESH=1 for the old timer-driven mode.
2026-09-10 10:38:09,026 | INFO     | dashboard.app | Scheduler: no run on startup.
2026-09-10 10:38:09,078 | INFO     | dashboard.app | Scheduler: profile-driven. prd-quick (PRD -> whatsapp); prd-full (PRD -> email)
2026-09-10 10:38:47,853 | WARNING  | dashboard.app | SLOW GET /api/scheduler -> 1612 ms
2026-09-10 10:38:47,960 | WARNING  | dashboard.app | SLOW GET /api/scheduler -> 1554 ms
2026-09-10 10:38:48,546 | WARNING  | dashboard.app | SLOW GET /static/brand/ibops-word.png -> 816 ms
2026-09-10 10:38:49,856 | WARNING  | dashboard.app | SLOW POST /api/live/refresh -> 621 ms
2026-09-10 10:38:51,427 | WARNING  | dashboard.app | SLOW GET /api/live/refresh/status -> 704 ms
2026-09-10 10:38:53,366 | WARNING  | dashboard.app | SLOW GET /api/scheduler -> 1973 ms
2026-09-10 10:38:56,860 | WARNING  | dashboard.app | SLOW GET /api/scheduler -> 612 ms
2026-09-10 10:39:11,945 | WARNING  | dashboard.app | SLOW GET /api/scheduler -> 694 ms
2026-09-10 10:39:29,584 | WARNING  | dashboard.app | SLOW GET /api/live -> 962 ms
2026-09-10 10:39:56,155 | WARNING  | dashboard.app | SLOW GET /api/live -> 1163 ms
2026-09-10 10:39:57,441 | WARNING  | dashboard.app | SLOW GET /api/scheduler -> 2450 ms
2026-09-10 10:39:59,337 | WARNING  | dashboard.app | SLOW GET /api/scheduler -> 548 ms
2026-09-10 10:40:02,287 | WARNING  | dashboard.app | SLOW GET /api/scheduler -> 933 ms
2026-09-10 10:40:04,052 | WARNING  | dashboard.app | SLOW GET /api/scheduler -> 2699 ms
2026-09-10 10:40:06,130 | WARNING  | dashboard.app | SLOW GET /api/live -> 2131 ms
2026-09-10 10:40:07,768 | WARNING  | dashboard.app | SLOW GET /api/live -> 679 ms
2026-09-10 10:40:07,962 | WARNING  | dashboard.app | SLOW GET /api/scheduler -> 1504 ms
2026-09-10 10:40:10,565 | WARNING  | dashboard.app | SLOW GET /api/live -> 566 ms
2026-09-10 10:40:14,140 | WARNING  | dashboard.app | SLOW GET /api/live -> 2623 ms
2026-09-10 10:40:14,465 | WARNING  | dashboard.app | SLOW GET /api/scheduler -> 3159 ms
2026-09-10 10:40:16,912 | WARNING  | dashboard.app | SLOW GET /api/live -> 886 ms
2026-09-10 10:40:17,597 | WARNING  | dashboard.app | SLOW GET /api/scheduler -> 586 ms
2026-09-10 10:40:17,709 | WARNING  | dashboard.app | SLOW GET /api/scheduler -> 558 ms
2026-09-10 10:40:22,640 | WARNING  | dashboard.app | SLOW GET /api/scheduler -> 1397 ms
2026-09-10 10:40:28,968 | WARNING  | dashboard.app | SLOW GET /api/live -> 924 ms
2026-09-10 10:40:29,108 | WARNING  | dashboard.app | SLOW GET /api/scheduler -> 2864 ms
2026-09-10 10:40:42,801 | WARNING  | dashboard.app | SLOW GET /api/live -> 981 ms
2026-09-10 10:40:43,090 | WARNING  | dashboard.app | SLOW GET /api/scheduler -> 1834 ms
2026-09-10 10:40:45,289 | WARNING  | dashboard.app | SLOW GET /api/live -> 787 ms
2026-09-10 10:40:46,672 | WARNING  | dashboard.app | SLOW GET /api/live -> 676 ms
2026-09-10 10:40:47,784 | WARNING  | dashboard.app | SLOW GET /api/live/refresh/status -> 613 ms
2026-09-10 10:40:48,545 | WARNING  | dashboard.app | SLOW GET /api/scheduler -> 1433 ms
2026-09-10 10:40:48,912 | WARNING  | dashboard.app | SLOW GET /api/scheduler -> 2057 ms
2026-09-10 10:41:05,903 | WARNING  | dashboard.app | SLOW GET /api/scheduler -> 1471 ms
2026-09-10 10:41:10,179 | WARNING  | dashboard.app | SLOW GET /api/live -> 4531 ms
2026-09-10 10:41:10,252 | WARNING  | dashboard.app | SLOW GET /api/scheduler -> 5211 ms
2026-09-10 10:41:10,464 | WARNING  | dashboard.app | SLOW GET /api/scheduler -> 5681 ms
2026-09-10 10:41:11,048 | WARNING  | dashboard.app | SLOW GET /api/scheduler -> 4785 ms
2026-09-10 10:41:18,145 | WARNING  | dashboard.app | SLOW GET /api/scheduler -> 1894 ms
2026-09-10 10:41:18,583 | WARNING  | dashboard.app | SLOW GET /api/scheduler -> 7253 ms
2026-09-10 10:41:18,628 | WARNING  | dashboard.app | SLOW GET /api/scheduler -> 2384 ms
2026-09-10 10:41:29,145 | WARNING  | dashboard.app | SLOW GET /api/scheduler -> 2885 ms
2026-09-10 10:41:29,159 | WARNING  | dashboard.app | SLOW GET /api/scheduler -> 7911 ms
2026-09-10 10:41:41,160 | WARNING  | dashboard.app | SLOW GET /api/scheduler -> 9915 ms
2026-09-10 10:41:41,186 | WARNING  | dashboard.app | SLOW GET /api/scheduler -> 9946 ms
2026-09-10 10:41:42,170 | WARNING  | dashboard.app | SLOW GET /api/scheduler -> 5917 ms
2026-09-10 10:41:48,965 | WARNING  | dashboard.app | SLOW GET /api/scheduler -> 7680 ms
2026-09-10 10:42:01,628 | WARNING  | dashboard.app | SLOW GET /api/scheduler -> 15310 ms
2026-09-10 10:42:01,924 | WARNING  | dashboard.app | SLOW GET /api/scheduler -> 15662 ms
2026-09-10 10:42:06,628 | WARNING  | dashboard.app | SLOW GET /api/live -> 622 ms
2026-09-10 10:42:06,692 | WARNING  | dashboard.app | SLOW GET /api/scheduler -> 15445 ms
2026-09-10 10:42:06,792 | WARNING  | dashboard.app | SLOW GET /api/scheduler -> 10529 ms
2026-09-10 10:42:06,910 | WARNING  | dashboard.app | SLOW GET /api/scheduler -> 5634 ms
2026-09-10 10:42:07,043 | WARNING  | dashboard.app | SLOW GET /api/scheduler -> 5417 ms
2026-09-10 10:42:14,105 | WARNING  | dashboard.app | SLOW GET /api/scheduler -> 7811 ms
2026-09-10 10:42:14,123 | WARNING  | dashboard.app | SLOW GET /api/scheduler -> 2878 ms
2026-09-10 10:42:31,850 | WARNING  | dashboard.app | SLOW GET /api/scheduler -> 15596 ms
2026-09-10 10:42:31,967 | WARNING  | dashboard.app | SLOW GET /api/scheduler -> 5719 ms
2026-09-10 10:42:32,052 | WARNING  | dashboard.app | SLOW GET /api/scheduler -> 15799 ms
2026-09-10 10:42:32,165 | WARNING  | dashboard.app | SLOW GET /api/scheduler -> 10905 ms
2026-09-10 10:42:36,083 | WARNING  | dashboard.app | SLOW GET /api/scheduler -> 4836 ms
2026-09-10 10:42:36,145 | WARNING  | dashboard.app | SLOW GET /api/scheduler -> 4895 ms
2026-09-10 10:42:38,782 | WARNING  | dashboard.app | SLOW GET /api/scheduler -> 2535 ms
2026-09-10 10:42:42,054 | WARNING  | dashboard.app | SLOW GET /api/scheduler -> 798 ms
2026-09-10 10:42:47,267 | WARNING  | dashboard.app | SLOW GET /api/scheduler -> 1024 ms
2026-09-10 10:42:48,628 | WARNING  | dashboard.app | SLOW GET /api/scheduler -> 2336 ms
2026-09-10 10:43:06,836 | WARNING  | dashboard.app | SLOW GET /api/scheduler -> 598 ms
2026-09-10 10:43:36,974 | WARNING  | dashboard.app | SLOW GET /api/scheduler -> 704 ms
2026-09-10 10:43:44,570 | WARNING  | dashboard.app | SLOW GET /api/scheduler -> 3259 ms
2026-09-10 10:43:47,551 | WARNING  | dashboard.app | SLOW GET /api/scheduler -> 728 ms
2026-09-10 10:43:47,636 | WARNING  | dashboard.app | SLOW GET /api/scheduler -> 1330 ms
2026-09-10 10:44:09,495 | WARNING  | dashboard.app | SLOW GET /api/scheduler -> 8251 ms
2026-09-10 10:44:09,563 | WARNING  | dashboard.app | SLOW GET /api/scheduler -> 3315 ms
2026-09-10 10:44:09,612 | WARNING  | dashboard.app | SLOW GET /api/scheduler -> 8346 ms
2026-09-10 10:44:28,790 | WARNING  | dashboard.app | SLOW GET /api/scheduler -> 12546 ms
2026-09-10 10:44:28,803 | WARNING  | dashboard.app | SLOW GET /api/scheduler -> 17563 ms
2026-09-10 10:44:28,822 | WARNING  | dashboard.app | SLOW GET /api/scheduler -> 12580 ms
2026-09-10 10:44:29,973 | WARNING  | dashboard.app | SLOW GET /api/scheduler -> 8731 ms
2026-09-10 10:44:31,588 | WARNING  | dashboard.app | SLOW GET /api/scheduler -> 5349 ms
2026-09-10 10:44:32,418 | WARNING  | dashboard.app | SLOW GET /api/scheduler -> 1182 ms
2026-09-10 10:44:32,505 | WARNING  | dashboard.app | SLOW GET /api/scheduler -> 1267 ms
2026-09-10 10:45:08,392 | WARNING  | dashboard.app | SLOW GET /api/scheduler -> 1325 ms
2026-09-10 10:45:12,400 | WARNING  | dashboard.app | SLOW GET /api/scheduler -> 1154 ms
2026-09-10 10:45:19,507 | WARNING  | dashboard.app | SLOW GET /api/scheduler -> 3268 ms
2026-09-10 10:45:19,886 | WARNING  | dashboard.app | SLOW GET /api/scheduler -> 3165 ms
2026-09-10 10:45:21,890 | WARNING  | dashboard.app | SLOW GET /api/scheduler -> 604 ms
2026-09-10 10:45:34,572 | WARNING  | dashboard.app | SLOW GET /api/scheduler -> 1038 ms
2026-09-10 10:45:34,880 | WARNING  | dashboard.app | SLOW GET /api/scheduler -> 1271 ms
2026-09-10 10:45:37,081 | WARNING  | dashboard.app | SLOW GET /api/scheduler -> 852 ms
2026-09-10 10:51:38,500 | INFO     | dashboard.app | Scheduler started -- runs only what the Profiles page schedules.
2026-09-10 10:51:38,507 | INFO     | dashboard.app | Live refresher is ON-DEMAND -- systems are read only when 'Read live' is clicked (/api/live/refresh). Set IBO_LIVE_AUTO_REFRESH=1 for the old timer-driven mode.
2026-09-10 10:51:38,578 | INFO     | dashboard.app | Scheduler: no run on startup.
2026-09-10 10:51:38,649 | INFO     | dashboard.app | Scheduler: profile-driven. prd-quick (PRD -> whatsapp); prd-full (PRD -> email)
2026-09-10 10:53:20,049 | WARNING  | dashboard.app | SLOW GET / -> 707 ms
2026-09-10 10:53:22,909 | WARNING  | dashboard.app | SLOW GET /api/systems/SARLOHA PRD/overview -> 508 ms
2026-09-10 10:53:30,351 | WARNING  | dashboard.app | SLOW GET /api/scheduler -> 1287 ms
2026-09-10 10:53:30,862 | WARNING  | dashboard.app | SLOW GET /static/brand/ibops-word.png -> 1564 ms
2026-09-10 10:53:31,087 | WARNING  | dashboard.app | SLOW GET /api/live -> 1794 ms
2026-09-10 10:53:31,449 | WARNING  | dashboard.app | SLOW GET /api/scheduler -> 2197 ms
2026-09-10 10:53:32,656 | WARNING  | dashboard.app | SLOW POST /api/live/refresh -> 681 ms
2026-09-10 10:53:35,722 | WARNING  | dashboard.app | SLOW GET /api/live/refresh/status -> 685 ms
2026-09-10 10:53:36,553 | WARNING  | dashboard.app | SLOW GET /api/scheduler -> 2487 ms
2026-09-10 10:53:40,063 | WARNING  | dashboard.app | SLOW GET /api/scheduler -> 975 ms
2026-09-10 10:53:45,507 | WARNING  | dashboard.app | SLOW GET /api/live/refresh/status -> 1002 ms
2026-09-10 10:53:47,016 | WARNING  | dashboard.app | SLOW GET /api/scheduler -> 2674 ms
2026-09-10 10:53:47,635 | WARNING  | dashboard.app | SLOW GET /api/scheduler -> 3493 ms
2026-09-10 10:53:47,987 | WARNING  | dashboard.app | SLOW GET /api/live -> 1253 ms
2026-09-10 10:53:50,343 | WARNING  | dashboard.app | SLOW GET /api/scheduler -> 1235 ms
2026-09-10 10:53:55,232 | WARNING  | dashboard.app | SLOW GET /api/scheduler -> 1083 ms
2026-09-10 10:54:00,430 | WARNING  | dashboard.app | SLOW GET /api/scheduler -> 1357 ms
2026-09-10 10:54:00,742 | WARNING  | dashboard.app | SLOW GET /api/scheduler -> 1653 ms
2026-09-10 10:54:00,962 | WARNING  | dashboard.app | SLOW GET /api/live -> 609 ms
2026-09-10 10:54:05,067 | WARNING  | dashboard.app | SLOW GET /api/scheduler -> 991 ms
2026-09-10 10:54:10,293 | WARNING  | dashboard.app | SLOW GET /api/live -> 1183 ms
2026-09-10 10:54:11,650 | WARNING  | dashboard.app | SLOW GET /api/scheduler -> 2506 ms
2026-09-10 10:54:15,241 | WARNING  | dashboard.app | SLOW GET /api/live/refresh/status -> 843 ms
2026-09-10 10:54:16,006 | WARNING  | dashboard.app | SLOW GET /api/scheduler -> 1696 ms
2026-09-10 10:54:16,164 | WARNING  | dashboard.app | SLOW GET /api/scheduler -> 1837 ms
2026-09-10 10:54:19,829 | WARNING  | dashboard.app | SLOW GET /api/scheduler -> 759 ms
2026-09-10 10:54:25,287 | WARNING  | dashboard.app | SLOW GET /api/scheduler -> 1074 ms
2026-09-10 10:54:31,379 | WARNING  | dashboard.app | SLOW GET /api/scheduler -> 2316 ms
2026-09-10 10:54:31,520 | WARNING  | dashboard.app | SLOW GET /api/scheduler -> 2452 ms
2026-09-10 10:54:34,859 | WARNING  | dashboard.app | SLOW GET /api/scheduler -> 795 ms
2026-09-10 10:54:40,600 | WARNING  | dashboard.app | SLOW GET /api/scheduler -> 1402 ms
2026-09-10 10:54:48,978 | WARNING  | dashboard.app | SLOW GET /api/scheduler -> 4912 ms
2026-09-10 10:54:49,014 | WARNING  | dashboard.app | SLOW GET /api/scheduler -> 4917 ms
2026-09-10 10:54:58,191 | WARNING  | dashboard.app | SLOW GET /api/live -> 1061 ms
2026-09-10 10:54:58,494 | WARNING  | dashboard.app | SLOW GET /api/scheduler -> 4404 ms
2026-09-10 10:54:58,652 | WARNING  | dashboard.app | SLOW GET /api/scheduler -> 9537 ms
2026-09-10 10:55:01,943 | WARNING  | dashboard.app | SLOW GET /api/live -> 1832 ms
2026-09-10 10:55:02,467 | WARNING  | dashboard.app | SLOW GET /api/scheduler -> 3338 ms
2026-09-10 10:55:02,719 | WARNING  | dashboard.app | SLOW GET /api/scheduler -> 3549 ms
2026-09-10 10:55:05,940 | WARNING  | dashboard.app | SLOW GET /api/live -> 1348 ms
2026-09-10 10:55:06,623 | WARNING  | dashboard.app | SLOW GET /api/scheduler -> 2548 ms
2026-09-10 10:55:08,739 | WARNING  | dashboard.app | SLOW GET /api/live -> 1151 ms
2026-09-10 10:55:09,818 | WARNING  | dashboard.app | SLOW GET /api/live/refresh/status -> 580 ms
2026-09-10 10:55:11,285 | WARNING  | dashboard.app | SLOW GET /api/scheduler -> 2104 ms
2026-09-10 10:55:22,001 | WARNING  | dashboard.app | SLOW GET /api/live -> 873 ms
2026-09-10 10:55:22,363 | WARNING  | dashboard.app | SLOW GET /api/scheduler -> 8261 ms
2026-09-10 10:55:22,415 | WARNING  | dashboard.app | SLOW GET /api/scheduler -> 8345 ms
2026-09-10 10:55:22,598 | WARNING  | dashboard.app | SLOW GET /api/scheduler -> 3532 ms
2026-09-10 10:55:23,241 | WARNING  | dashboard.app | SLOW GET /api/live/refresh/status -> 816 ms
2026-09-10 10:55:37,014 | WARNING  | dashboard.app | SLOW GET /api/scheduler -> 12861 ms
2026-09-10 10:55:42,754 | WARNING  | dashboard.app | SLOW GET /api/live -> 9879 ms
2026-09-10 10:55:43,024 | WARNING  | dashboard.app | SLOW GET /wall -> 10155 ms
2026-09-10 10:55:43,128 | WARNING  | dashboard.app | SLOW GET /api/scheduler -> 13574 ms
2026-09-10 10:55:43,205 | WARNING  | dashboard.app | SLOW GET /api/scheduler -> 10695 ms
2026-09-10 10:56:06,091 | WARNING  | dashboard.app | SLOW GET /api/live -> 14285 ms
2026-09-10 10:56:13,112 | WARNING  | dashboard.app | SLOW GET /api/scheduler -> 29781 ms
2026-09-10 10:56:14,423 | WARNING  | dashboard.app | SLOW GET /api/scheduler -> 31581 ms
2026-09-10 10:56:14,945 | WARNING  | dashboard.app | SLOW GET /api/scheduler -> 26645 ms
2026-09-10 10:56:17,337 | WARNING  | dashboard.app | SLOW GET /api/scheduler -> 33999 ms
2026-09-10 10:56:18,313 | WARNING  | dashboard.app | SLOW GET /api/scheduler -> 35279 ms
2026-09-10 10:56:22,044 | WARNING  | dashboard.app | SLOW GET /api/live/refresh/status -> 2751 ms
2026-09-10 10:56:22,462 | WARNING  | dashboard.app | SLOW GET /api/scheduler -> 9409 ms
2026-09-10 10:56:22,563 | WARNING  | dashboard.app | SLOW GET /api/scheduler -> 9448 ms
2026-09-10 10:56:22,882 | WARNING  | dashboard.app | SLOW GET /api/scheduler -> 9829 ms
2026-09-10 10:56:23,960 | WARNING  | dashboard.app | SLOW GET /api/live -> 714 ms
2026-09-10 10:56:40,175 | WARNING  | dashboard.app | SLOW GET /api/scheduler -> 15944 ms
2026-09-10 10:56:40,748 | WARNING  | dashboard.app | SLOW GET /api/scheduler -> 21214 ms
2026-09-10 10:56:41,212 | WARNING  | dashboard.app | SLOW GET /api/scheduler -> 18170 ms
2026-09-10 10:56:41,397 | WARNING  | dashboard.app | SLOW GET /api/scheduler -> 21863 ms
2026-09-10 10:56:41,597 | WARNING  | dashboard.app | SLOW GET /api/scheduler -> 18607 ms
2026-09-10 10:56:41,847 | WARNING  | dashboard.app | SLOW GET /api/scheduler -> 19042 ms
2026-09-10 10:56:42,509 | WARNING  | dashboard.app | SLOW GET /api/live/refresh/status -> 1310 ms
2026-09-10 10:56:48,283 | WARNING  | dashboard.app | SLOW GET /api/scheduler -> 6924 ms
2026-09-10 10:56:48,316 | WARNING  | dashboard.app | SLOW GET /api/scheduler -> 5879 ms
2026-09-10 10:56:48,325 | WARNING  | dashboard.app | SLOW GET /api/scheduler -> 6042 ms
2026-09-10 10:56:48,333 | WARNING  | dashboard.app | SLOW GET /api/scheduler -> 5002 ms
2026-09-10 10:56:48,347 | WARNING  | dashboard.app | SLOW GET /api/scheduler -> 5030 ms
2026-09-10 10:56:48,361 | WARNING  | dashboard.app | SLOW GET /api/scheduler -> 5926 ms
2026-09-10 10:58:22,441 | WARNING  | dashboard.app | SLOW GET /api/live/refresh/status -> 2009 ms
2026-09-10 10:58:23,375 | WARNING  | dashboard.app | SLOW GET /api/scheduler -> 4057 ms
2026-09-10 10:58:23,671 | WARNING  | dashboard.app | SLOW GET /api/scheduler -> 4087 ms
2026-09-10 10:58:24,439 | WARNING  | dashboard.app | SLOW GET /api/scheduler -> 664 ms
2026-09-10 10:58:31,530 | WARNING  | dashboard.app | SLOW GET /api/scheduler -> 3170 ms
2026-09-10 10:58:32,231 | WARNING  | dashboard.app | SLOW GET /api/scheduler -> 3870 ms
2026-09-10 10:58:35,901 | WARNING  | dashboard.app | SLOW GET /api/scheduler -> 2524 ms
2026-09-10 10:58:39,012 | WARNING  | dashboard.app | SLOW GET /api/scheduler -> 592 ms
2026-09-10 10:58:44,988 | WARNING  | dashboard.app | SLOW GET /api/scheduler -> 1591 ms
2026-09-10 10:58:45,344 | WARNING  | dashboard.app | SLOW GET /api/scheduler -> 1614 ms
2026-09-10 10:59:09,440 | WARNING  | dashboard.app | SLOW GET /api/scheduler -> 5793 ms
2026-09-10 10:59:10,245 | WARNING  | dashboard.app | SLOW GET /api/scheduler -> 6594 ms
2026-09-10 10:59:10,631 | WARNING  | dashboard.app | SLOW GET /api/scheduler -> 2062 ms
2026-09-10 10:59:14,341 | WARNING  | dashboard.app | SLOW GET /api/scheduler -> 970 ms
2026-09-10 10:59:14,789 | WARNING  | dashboard.app | SLOW GET /api/scheduler -> 1307 ms
2026-09-10 11:05:32,264 | WARNING  | dashboard.app | SLOW GET /api/scheduler -> 617 ms
2026-09-10 11:05:32,399 | WARNING  | dashboard.app | SLOW GET /api/scheduler -> 658 ms
2026-09-10 11:05:33,466 | WARNING  | dashboard.app | SLOW POST /api/live/refresh -> 692 ms
2026-09-10 11:05:35,451 | WARNING  | dashboard.app | SLOW GET /api/live -> 1405 ms
2026-09-10 11:05:37,421 | WARNING  | dashboard.app | SLOW GET /api/live -> 603 ms
2026-09-10 11:05:37,504 | WARNING  | dashboard.app | SLOW GET /api/scheduler -> 849 ms
2026-09-10 11:05:42,543 | WARNING  | dashboard.app | SLOW GET /api/scheduler -> 748 ms
2026-09-10 11:05:44,966 | WARNING  | dashboard.app | SLOW GET /api/live -> 706 ms
2026-09-10 11:05:48,593 | WARNING  | dashboard.app | SLOW GET /api/live -> 1269 ms
2026-09-10 11:05:48,693 | WARNING  | dashboard.app | SLOW GET /api/scheduler -> 1864 ms
2026-09-10 11:05:48,787 | WARNING  | dashboard.app | SLOW GET /api/scheduler -> 2125 ms
2026-09-10 11:05:50,793 | WARNING  | dashboard.app | SLOW GET /api/live -> 532 ms
2026-09-10 11:05:52,560 | WARNING  | dashboard.app | SLOW GET /api/live -> 772 ms
2026-09-10 11:05:52,810 | WARNING  | dashboard.app | SLOW GET /api/scheduler -> 1151 ms
2026-09-10 11:05:59,907 | WARNING  | dashboard.app | SLOW GET /api/live -> 647 ms
2026-09-10 11:06:04,487 | WARNING  | dashboard.app | SLOW GET /api/live -> 2193 ms
2026-09-10 11:06:04,989 | WARNING  | dashboard.app | SLOW GET /api/scheduler -> 3248 ms
2026-09-10 11:06:07,598 | WARNING  | dashboard.app | SLOW GET /api/scheduler -> 5857 ms
2026-09-10 11:06:23,766 | WARNING  | dashboard.app | SLOW GET /api/scheduler -> 720 ms
2026-09-10 11:06:28,154 | WARNING  | dashboard.app | SLOW GET /api/scheduler -> 656 ms
2026-09-10 11:06:33,304 | WARNING  | dashboard.app | SLOW GET /api/scheduler -> 1648 ms
2026-09-10 11:06:33,683 | WARNING  | dashboard.app | SLOW GET /api/scheduler -> 1597 ms
2026-09-10 11:06:37,318 | WARNING  | dashboard.app | SLOW GET /api/scheduler -> 804 ms
2026-09-10 11:06:37,326 | WARNING  | dashboard.app | SLOW GET /api/scheduler -> 813 ms
2026-09-10 11:06:39,115 | WARNING  | dashboard.app | SLOW GET /api/live -> 780 ms
2026-09-10 11:06:42,375 | WARNING  | dashboard.app | SLOW GET /api/live -> 952 ms
2026-09-10 11:06:44,288 | WARNING  | dashboard.app | SLOW GET /api/live -> 1329 ms
2026-09-10 11:06:44,565 | WARNING  | dashboard.app | SLOW GET /api/scheduler -> 2188 ms
2026-09-10 11:06:46,589 | WARNING  | dashboard.app | SLOW GET /api/live -> 819 ms
2026-09-10 11:06:48,406 | WARNING  | dashboard.app | SLOW GET /api/live -> 1088 ms
2026-09-10 11:06:48,667 | WARNING  | dashboard.app | SLOW GET /api/scheduler -> 1942 ms
2026-09-10 11:06:51,363 | WARNING  | dashboard.app | SLOW GET /api/live -> 1094 ms
2026-09-10 11:06:55,036 | WARNING  | dashboard.app | SLOW GET /api/live -> 1760 ms
2026-09-10 11:06:55,305 | WARNING  | dashboard.app | SLOW GET /api/scheduler -> 3126 ms
2026-09-10 11:06:55,636 | WARNING  | dashboard.app | SLOW GET /api/scheduler -> 3101 ms
2026-09-10 11:06:56,318 | WARNING  | dashboard.app | SLOW GET /api/live/refresh/status -> 1013 ms
2026-09-10 11:06:57,171 | WARNING  | dashboard.app | SLOW GET /api/scheduler -> 645 ms
2026-09-10 11:07:01,314 | WARNING  | dashboard.app | SLOW GET /api/live -> 543 ms
2026-09-10 11:07:05,959 | WARNING  | dashboard.app | SLOW GET /api/live -> 695 ms
2026-09-10 11:07:07,950 | WARNING  | dashboard.app | SLOW GET /api/live -> 971 ms
2026-09-10 11:07:08,131 | WARNING  | dashboard.app | SLOW GET /api/scheduler -> 1616 ms
2026-09-10 11:07:08,268 | WARNING  | dashboard.app | SLOW GET /api/scheduler -> 1724 ms
2026-09-10 11:07:10,366 | WARNING  | dashboard.app | SLOW GET /api/live -> 582 ms
2026-09-10 11:07:12,328 | WARNING  | dashboard.app | SLOW GET /api/scheduler -> 615 ms
2026-09-10 11:07:13,345 | WARNING  | dashboard.app | SLOW GET /api/live -> 566 ms
2026-09-10 11:07:14,945 | WARNING  | dashboard.app | SLOW GET /api/live -> 653 ms
2026-09-10 11:07:17,174 | WARNING  | dashboard.app | SLOW GET /api/scheduler -> 626 ms
2026-09-10 11:07:18,307 | WARNING  | dashboard.app | SLOW GET /api/live -> 737 ms
2026-09-10 11:07:19,862 | WARNING  | dashboard.app | SLOW GET /api/live -> 1052 ms
2026-09-10 11:07:23,076 | WARNING  | dashboard.app | SLOW GET /api/live -> 1158 ms
2026-09-10 11:07:23,176 | WARNING  | dashboard.app | SLOW GET /api/scheduler -> 1584 ms
2026-09-10 11:07:23,265 | WARNING  | dashboard.app | SLOW GET /api/scheduler -> 1752 ms
2026-09-10 11:07:25,655 | WARNING  | dashboard.app | SLOW GET /api/live -> 850 ms
2026-09-10 11:07:27,529 | WARNING  | dashboard.app | SLOW GET /api/live/refresh/status -> 517 ms
2026-09-10 11:07:28,408 | WARNING  | dashboard.app | SLOW GET /api/live -> 631 ms
2026-09-10 11:07:28,544 | WARNING  | dashboard.app | SLOW GET /api/scheduler -> 1665 ms
2026-09-10 11:07:29,894 | WARNING  | dashboard.app | SLOW GET /api/live -> 617 ms
2026-09-10 11:07:32,943 | WARNING  | dashboard.app | SLOW GET /api/live -> 625 ms
2026-09-10 11:07:33,016 | WARNING  | dashboard.app | SLOW GET /api/scheduler -> 1469 ms
2026-09-10 11:07:34,342 | WARNING  | dashboard.app | SLOW GET /api/live -> 571 ms
2026-09-10 11:07:36,034 | WARNING  | dashboard.app | SLOW GET /api/live -> 760 ms
2026-09-10 11:07:37,967 | WARNING  | dashboard.app | SLOW GET /api/live -> 1158 ms
2026-09-10 11:07:38,066 | WARNING  | dashboard.app | SLOW GET /api/scheduler -> 1559 ms
2026-09-10 11:07:38,122 | WARNING  | dashboard.app | SLOW GET /api/scheduler -> 1584 ms
2026-09-10 11:07:43,088 | WARNING  | dashboard.app | SLOW GET /api/live -> 1807 ms
2026-09-10 11:07:43,976 | WARNING  | dashboard.app | SLOW GET /api/scheduler -> 711 ms
2026-09-10 11:07:50,937 | WARNING  | dashboard.app | SLOW GET /api/live -> 668 ms
2026-09-10 11:07:52,587 | WARNING  | dashboard.app | SLOW GET /api/live -> 638 ms
2026-09-10 11:07:52,620 | WARNING  | dashboard.app | SLOW GET /api/scheduler -> 1102 ms
2026-09-10 11:07:52,643 | WARNING  | dashboard.app | SLOW GET /api/scheduler -> 1079 ms
2026-09-10 11:08:27,438 | WARNING  | dashboard.app | SLOW GET /api/live -> 8429 ms
2026-09-10 11:08:28,302 | WARNING  | dashboard.app | SLOW GET /api/scheduler -> 10047 ms
2026-09-10 11:08:34,796 | WARNING  | dashboard.app | SLOW GET /wall -> 6750 ms
2026-09-10 11:08:36,685 | WARNING  | dashboard.app | SLOW GET /api/live/refresh/status -> 4600 ms
2026-09-10 11:08:37,431 | WARNING  | dashboard.app | SLOW GET /api/scheduler -> 9386 ms
2026-09-10 11:08:37,493 | WARNING  | dashboard.app | SLOW GET /api/scheduler -> 9446 ms
2026-09-10 11:08:37,651 | WARNING  | dashboard.app | SLOW GET /api/scheduler -> 3155 ms
2026-09-10 11:08:37,765 | WARNING  | dashboard.app | SLOW GET /api/scheduler -> 5399 ms
2026-09-10 11:08:39,265 | WARNING  | dashboard.app | SLOW GET /api/live -> 1664 ms
2026-09-10 11:08:39,365 | WARNING  | dashboard.app | SLOW GET /api/scheduler -> 2506 ms
2026-09-10 11:08:39,674 | WARNING  | dashboard.app | SLOW GET /api/scheduler -> 2074 ms
2026-09-10 11:08:41,834 | WARNING  | dashboard.app | SLOW GET /api/live -> 1421 ms
2026-09-10 11:08:44,295 | WARNING  | dashboard.app | SLOW GET /api/live -> 902 ms
2026-09-10 11:08:44,464 | WARNING  | dashboard.app | SLOW GET /api/scheduler -> 2517 ms
2026-09-10 11:08:47,022 | WARNING  | dashboard.app | SLOW GET /api/live -> 650 ms
2026-09-10 11:08:47,137 | WARNING  | dashboard.app | SLOW GET /api/scheduler -> 1477 ms
2026-09-10 11:08:51,946 | WARNING  | dashboard.app | SLOW GET /api/live -> 985 ms
2026-09-10 11:08:51,983 | WARNING  | dashboard.app | SLOW GET /api/scheduler -> 1313 ms
2026-09-10 11:08:52,095 | WARNING  | dashboard.app | SLOW GET /api/scheduler -> 1432 ms
2026-09-10 11:08:55,932 | WARNING  | dashboard.app | SLOW GET /api/live -> 606 ms
2026-09-10 11:08:56,759 | WARNING  | dashboard.app | SLOW GET /api/scheduler -> 766 ms
2026-09-10 11:08:59,130 | WARNING  | dashboard.app | SLOW GET /api/live -> 787 ms
2026-09-10 11:09:01,157 | WARNING  | dashboard.app | SLOW GET /api/live -> 1286 ms
2026-09-10 11:09:02,308 | WARNING  | dashboard.app | SLOW GET /api/scheduler -> 805 ms
2026-09-10 11:09:04,945 | WARNING  | dashboard.app | SLOW GET /api/live -> 615 ms
2026-09-10 11:09:06,952 | WARNING  | dashboard.app | SLOW GET /api/live -> 1030 ms
2026-09-10 11:09:07,117 | WARNING  | dashboard.app | SLOW GET /api/scheduler -> 1461 ms
2026-09-10 11:09:07,265 | WARNING  | dashboard.app | SLOW GET /api/scheduler -> 1610 ms
2026-09-10 11:09:09,550 | WARNING  | dashboard.app | SLOW GET /api/live -> 727 ms
2026-09-10 11:09:11,391 | WARNING  | dashboard.app | SLOW GET /api/scheduler -> 639 ms
2026-09-10 11:09:14,151 | WARNING  | dashboard.app | SLOW GET /api/live -> 815 ms
2026-09-10 11:09:15,334 | WARNING  | dashboard.app | SLOW GET /api/live -> 501 ms
2026-09-10 11:09:16,848 | WARNING  | dashboard.app | SLOW GET /api/live -> 503 ms
2026-09-10 11:09:20,501 | WARNING  | dashboard.app | SLOW GET /api/live -> 1167 ms
2026-09-10 11:09:22,822 | WARNING  | dashboard.app | SLOW GET /api/scheduler -> 1961 ms
2026-09-10 11:09:24,096 | WARNING  | dashboard.app | SLOW GET /api/scheduler -> 3244 ms
2026-09-10 11:09:24,216 | WARNING  | dashboard.app | SLOW GET /api/live -> 1802 ms
2026-09-10 11:09:29,356 | WARNING  | dashboard.app | SLOW GET /api/live -> 2293 ms
2026-09-10 11:09:30,280 | WARNING  | dashboard.app | SLOW GET /api/scheduler -> 4177 ms
2026-09-10 11:09:34,158 | WARNING  | dashboard.app | SLOW GET /api/live -> 1314 ms
2026-09-10 11:09:34,268 | WARNING  | dashboard.app | SLOW GET /api/scheduler -> 3412 ms
2026-09-10 11:09:37,275 | WARNING  | dashboard.app | SLOW GET /api/live -> 1004 ms
2026-09-10 11:09:37,586 | WARNING  | dashboard.app | SLOW GET /api/scheduler -> 1919 ms
2026-09-10 11:09:37,967 | WARNING  | dashboard.app | SLOW GET /api/scheduler -> 1823 ms
2026-09-10 11:09:40,289 | WARNING  | dashboard.app | SLOW GET /api/live -> 1464 ms
2026-09-10 11:09:41,783 | WARNING  | dashboard.app | SLOW GET /api/scheduler -> 1129 ms
2026-09-10 11:09:42,708 | WARNING  | dashboard.app | SLOW GET /api/live -> 788 ms
2026-09-10 11:09:46,266 | WARNING  | dashboard.app | SLOW GET /api/live -> 1433 ms
2026-09-10 11:11:08,330 | INFO     | dashboard.app | Scheduler started -- runs only what the Profiles page schedules.
2026-09-10 11:11:08,332 | INFO     | dashboard.app | Live refresher is ON-DEMAND -- systems are read only when 'Read live' is clicked (/api/live/refresh). Set IBO_LIVE_AUTO_REFRESH=1 for the old timer-driven mode.
2026-09-10 11:11:08,428 | INFO     | dashboard.app | Scheduler: no run on startup.
2026-09-10 11:11:08,498 | INFO     | dashboard.app | Scheduler: profile-driven. prd-quick (PRD -> whatsapp); prd-full (PRD -> email)
2026-09-10 11:27:57,027 | INFO     | dashboard.app | Scheduler started -- runs only what the Profiles page schedules.
2026-09-10 11:27:57,028 | INFO     | dashboard.app | Live refresher is ON-DEMAND -- systems are read only when 'Read live' is clicked (/api/live/refresh). Set IBO_LIVE_AUTO_REFRESH=1 for the old timer-driven mode.
2026-09-10 11:27:57,084 | INFO     | dashboard.app | Scheduler: no run on startup.
2026-09-10 11:27:57,099 | INFO     | dashboard.app | Scheduler: profile-driven. prd-quick (PRD -> whatsapp); prd-full (PRD -> email)
2026-09-10 11:28:16,500 | WARNING  | dashboard.app | SLOW GET /api/scheduler -> 638 ms
2026-09-10 11:28:16,616 | WARNING  | dashboard.app | SLOW GET /api/scheduler -> 701 ms
2026-09-10 11:28:22,219 | WARNING  | dashboard.app | SLOW GET /api/scheduler -> 1353 ms
2026-09-10 11:28:26,464 | WARNING  | dashboard.app | SLOW GET /api/scheduler -> 590 ms
2026-09-10 11:28:41,625 | WARNING  | dashboard.app | SLOW GET /api/scheduler -> 752 ms
2026-09-10 11:28:51,888 | WARNING  | dashboard.app | SLOW GET /api/scheduler -> 1022 ms
2026-09-10 11:28:57,170 | WARNING  | dashboard.app | SLOW GET /api/live -> 1284 ms
2026-09-10 11:28:58,228 | WARNING  | dashboard.app | SLOW GET /api/scheduler -> 2357 ms
2026-09-10 11:29:02,735 | WARNING  | dashboard.app | SLOW GET /api/scheduler -> 1404 ms
2026-09-10 11:29:03,121 | WARNING  | dashboard.app | SLOW GET /api/scheduler -> 1217 ms
2026-09-10 11:29:04,285 | WARNING  | dashboard.app | SLOW GET /api/live -> 650 ms
2026-09-10 11:29:10,066 | WARNING  | dashboard.app | SLOW GET /api/live -> 668 ms
2026-09-10 11:29:11,720 | WARNING  | dashboard.app | SLOW GET /api/scheduler -> 532 ms
2026-09-10 11:29:14,764 | WARNING  | dashboard.app | SLOW GET /api/live -> 860 ms
2026-09-10 11:29:16,864 | WARNING  | dashboard.app | SLOW GET /api/scheduler -> 994 ms
2026-09-10 11:29:16,992 | WARNING  | dashboard.app | SLOW GET /api/scheduler -> 1128 ms
2026-09-10 11:29:24,244 | WARNING  | dashboard.app | SLOW GET /api/live/refresh/status -> 552 ms
2026-09-10 11:29:26,566 | WARNING  | dashboard.app | SLOW GET /api/live -> 572 ms
2026-09-10 11:29:28,656 | WARNING  | dashboard.app | SLOW GET /api/live -> 1050 ms
2026-09-10 11:29:28,858 | WARNING  | dashboard.app | SLOW GET /api/scheduler -> 2865 ms
2026-09-10 11:29:32,790 | WARNING  | dashboard.app | SLOW GET /api/scheduler -> 1922 ms
2026-09-10 11:29:32,933 | WARNING  | dashboard.app | SLOW GET /api/scheduler -> 1881 ms
2026-09-10 11:29:33,108 | WARNING  | dashboard.app | SLOW GET /api/live -> 1120 ms
2026-09-10 11:29:35,807 | WARNING  | dashboard.app | SLOW GET /api/live -> 869 ms
2026-09-10 11:29:37,306 | WARNING  | dashboard.app | SLOW GET /api/live/refresh/status -> 872 ms
2026-09-10 11:29:40,251 | WARNING  | dashboard.app | SLOW GET /api/scheduler -> 3820 ms
2026-09-10 11:29:40,688 | WARNING  | dashboard.app | SLOW GET /api/live -> 1051 ms
2026-09-10 11:29:42,746 | WARNING  | dashboard.app | SLOW GET /api/scheduler -> 830 ms
2026-09-10 11:29:47,513 | WARNING  | dashboard.app | SLOW GET /api/scheduler -> 1633 ms
2026-09-10 11:29:47,585 | WARNING  | dashboard.app | SLOW GET /api/scheduler -> 1710 ms
2026-09-10 11:29:53,529 | WARNING  | dashboard.app | SLOW GET /api/scheduler -> 571 ms
2026-09-10 11:29:56,308 | WARNING  | dashboard.app | SLOW GET /api/live -> 982 ms
2026-09-10 11:29:59,132 | WARNING  | dashboard.app | SLOW GET /api/scheduler -> 1966 ms
2026-09-10 11:30:11,776 | WARNING  | dashboard.app | SLOW GET /api/scheduler -> 869 ms
2026-09-10 11:30:12,259 | WARNING  | dashboard.app | SLOW GET /api/live/refresh/status -> 541 ms
2026-09-10 11:30:16,543 | WARNING  | dashboard.app | SLOW GET /api/scheduler -> 619 ms
2026-09-10 11:30:16,735 | WARNING  | dashboard.app | SLOW GET /api/scheduler -> 824 ms
2026-09-10 11:30:21,391 | WARNING  | dashboard.app | SLOW GET /api/scheduler -> 520 ms
2026-09-10 11:30:26,737 | WARNING  | dashboard.app | SLOW GET /api/scheduler -> 862 ms
2026-09-10 11:30:31,387 | WARNING  | dashboard.app | SLOW GET /api/scheduler -> 519 ms
2026-09-10 11:30:31,420 | WARNING  | dashboard.app | SLOW GET /api/scheduler -> 549 ms
2026-09-10 11:30:36,978 | WARNING  | dashboard.app | SLOW GET /api/scheduler -> 1111 ms
2026-09-10 11:30:41,368 | WARNING  | dashboard.app | SLOW GET /api/scheduler -> 502 ms
2026-09-10 11:30:44,533 | WARNING  | dashboard.app | SLOW GET /api/live -> 575 ms
2026-09-10 11:30:46,849 | WARNING  | dashboard.app | SLOW GET /api/scheduler -> 967 ms
2026-09-10 11:30:47,065 | WARNING  | dashboard.app | SLOW GET /api/scheduler -> 1166 ms
2026-09-10 11:30:56,567 | WARNING  | dashboard.app | SLOW GET /api/live -> 571 ms
2026-09-10 11:30:57,146 | WARNING  | dashboard.app | SLOW GET /api/scheduler -> 1235 ms
2026-09-10 11:30:59,725 | WARNING  | dashboard.app | SLOW GET /api/live -> 766 ms
2026-09-10 11:31:03,093 | WARNING  | dashboard.app | SLOW GET /api/live -> 1006 ms
2026-09-10 11:31:03,410 | WARNING  | dashboard.app | SLOW GET /api/scheduler -> 2273 ms
2026-09-10 11:31:03,777 | WARNING  | dashboard.app | SLOW GET /api/scheduler -> 2399 ms
2026-09-10 11:31:11,516 | WARNING  | dashboard.app | SLOW GET /api/scheduler -> 606 ms
2026-09-10 11:31:16,488 | WARNING  | dashboard.app | SLOW GET /api/scheduler -> 603 ms
2026-09-10 11:31:16,899 | WARNING  | dashboard.app | SLOW GET /api/scheduler -> 1003 ms
2026-09-10 11:31:18,988 | WARNING  | dashboard.app | SLOW GET /api/live -> 601 ms
2026-09-10 11:31:22,717 | WARNING  | dashboard.app | SLOW GET /api/live -> 1146 ms
2026-09-10 11:31:23,715 | WARNING  | dashboard.app | SLOW GET /api/scheduler -> 2609 ms
2026-09-10 11:31:24,414 | WARNING  | dashboard.app | SLOW GET /api/live/refresh/status -> 973 ms
2026-09-10 11:31:31,485 | WARNING  | dashboard.app | SLOW GET /api/live -> 1006 ms
2026-09-10 11:31:32,051 | WARNING  | dashboard.app | SLOW GET /api/scheduler -> 6186 ms
2026-09-10 11:31:33,213 | WARNING  | dashboard.app | SLOW GET /api/live/refresh/status -> 783 ms
2026-09-10 11:31:36,375 | WARNING  | dashboard.app | SLOW GET /api/scheduler -> 4622 ms
2026-09-10 11:31:36,774 | WARNING  | dashboard.app | SLOW GET /api/scheduler -> 5021 ms
2026-09-10 11:31:38,346 | WARNING  | dashboard.app | SLOW GET /api/live -> 1614 ms
2026-09-10 11:31:39,102 | WARNING  | dashboard.app | SLOW GET /api/scheduler -> 2828 ms
2026-09-10 11:31:46,174 | WARNING  | dashboard.app | SLOW GET /api/live -> 2210 ms
2026-09-10 11:31:49,169 | WARNING  | dashboard.app | SLOW GET /api/live -> 679 ms
2026-09-10 11:31:49,629 | WARNING  | dashboard.app | SLOW GET /api/scheduler -> 3118 ms
2026-09-10 11:31:50,046 | WARNING  | dashboard.app | SLOW GET /api/scheduler -> 3654 ms
2026-09-10 11:31:51,791 | WARNING  | dashboard.app | SLOW GET /api/live/refresh/status -> 1762 ms
2026-09-10 11:31:54,313 | WARNING  | dashboard.app | SLOW GET /api/scheduler -> 3005 ms
2026-09-10 11:31:57,127 | WARNING  | dashboard.app | SLOW GET /api/scheduler -> 1263 ms
2026-09-10 11:31:59,780 | WARNING  | dashboard.app | SLOW GET /api/live -> 822 ms
2026-09-10 11:32:01,641 | WARNING  | dashboard.app | SLOW GET /api/live -> 1169 ms
2026-09-10 11:32:04,440 | WARNING  | dashboard.app | SLOW GET /api/live -> 930 ms
2026-09-10 11:32:05,487 | WARNING  | dashboard.app | SLOW GET /api/scheduler -> 3598 ms
2026-09-10 11:32:05,637 | WARNING  | dashboard.app | SLOW GET /api/scheduler -> 3399 ms
2026-09-10 11:32:07,055 | WARNING  | dashboard.app | SLOW GET /api/live -> 598 ms
2026-09-10 11:32:07,283 | WARNING  | dashboard.app | SLOW GET /api/scheduler -> 1327 ms
2026-09-10 11:32:08,471 | WARNING  | dashboard.app | SLOW GET /api/live -> 509 ms
2026-09-10 11:32:11,879 | WARNING  | dashboard.app | SLOW GET /api/scheduler -> 1008 ms
2026-09-10 11:32:17,936 | WARNING  | dashboard.app | SLOW GET /api/live -> 2334 ms
2026-09-10 11:32:20,135 | WARNING  | dashboard.app | SLOW GET /api/scheduler -> 2199 ms
2026-09-10 11:32:21,852 | WARNING  | dashboard.app | SLOW GET /api/live -> 1869 ms
2026-09-10 11:32:22,001 | WARNING  | dashboard.app | SLOW GET /api/scheduler -> 3582 ms
2026-09-10 11:32:23,449 | WARNING  | dashboard.app | SLOW GET /api/live/refresh/status -> 769 ms
2026-09-10 11:32:27,327 | WARNING  | dashboard.app | SLOW GET /api/live -> 1066 ms
2026-09-10 11:32:38,065 | WARNING  | dashboard.app | SLOW GET /api/live -> 8491 ms
2026-09-10 11:32:40,461 | WARNING  | dashboard.app | SLOW GET /api/scheduler -> 17798 ms
2026-09-10 11:32:40,659 | WARNING  | dashboard.app | SLOW GET /api/scheduler -> 14729 ms
2026-09-10 11:32:41,378 | WARNING  | dashboard.app | SLOW GET /api/live/refresh/status -> 985 ms
2026-09-10 11:32:43,933 | WARNING  | dashboard.app | SLOW GET /api/live -> 700 ms
2026-09-10 11:32:46,315 | WARNING  | dashboard.app | SLOW GET /api/live/refresh/status -> 1212 ms
2026-09-10 11:32:49,176 | WARNING  | dashboard.app | SLOW GET /api/scheduler -> 8796 ms
2026-09-10 11:32:49,486 | WARNING  | dashboard.app | SLOW GET /api/scheduler -> 9093 ms
2026-09-10 11:32:49,741 | WARNING  | dashboard.app | SLOW GET /api/scheduler -> 8380 ms
2026-09-10 11:32:49,923 | WARNING  | dashboard.app | SLOW GET /api/scheduler -> 9528 ms
2026-09-10 11:32:50,474 | WARNING  | dashboard.app | SLOW GET /api/live -> 733 ms
2026-09-10 11:32:50,903 | WARNING  | dashboard.app | SLOW GET /api/scheduler -> 4592 ms
2026-09-10 11:32:51,090 | WARNING  | dashboard.app | SLOW GET /api/scheduler -> 4151 ms
2026-09-10 11:32:56,400 | WARNING  | dashboard.app | SLOW GET /api/live -> 3443 ms
2026-09-10 11:33:08,041 | WARNING  | dashboard.app | SLOW GET /api/live/refresh/status -> 8486 ms
2026-09-10 11:33:13,268 | WARNING  | dashboard.app | SLOW GET /api/scheduler -> 15813 ms
2026-09-10 11:33:19,683 | WARNING  | dashboard.app | SLOW GET /api/scheduler -> 18596 ms
2026-09-10 11:33:35,627 | WARNING  | dashboard.app | SLOW GET /api/scheduler -> 34539 ms
2026-09-10 12:20:03,505 | INFO     | dashboard.app | Scheduler started -- runs only what the Profiles page schedules.
2026-09-10 12:20:03,507 | INFO     | dashboard.app | Live refresher is ON-DEMAND -- systems are read only when 'Read live' is clicked (/api/live/refresh). Set IBO_LIVE_AUTO_REFRESH=1 for the old timer-driven mode.
2026-09-10 12:20:03,611 | INFO     | dashboard.app | Scheduler: no run on startup.
2026-09-10 12:20:03,674 | INFO     | dashboard.app | Scheduler: profile-driven. prd-quick (PRD -> whatsapp); prd-full (PRD -> email)
2026-09-10 12:21:24,444 | WARNING  | dashboard.app | SLOW GET /api/systems/PRD/overview -> 787 ms
2026-09-10 12:21:24,610 | WARNING  | dashboard.app | SLOW GET /api/systems/SARLOHA QAS/overview -> 634 ms
2026-09-10 12:21:24,681 | WARNING  | dashboard.app | SLOW GET /api/systems/CENTOR_QAS/overview -> 568 ms
2026-09-10 12:21:24,773 | WARNING  | dashboard.app | SLOW GET /api/systems/SARLOHA PRD/overview -> 797 ms
2026-09-10 12:21:34,411 | WARNING  | dashboard.app | SLOW GET /api/live/refresh/status -> 511 ms
2026-09-10 12:21:36,490 | WARNING  | dashboard.app | SLOW GET /api/scheduler -> 861 ms
2026-09-10 12:21:47,069 | WARNING  | dashboard.app | SLOW GET /api/scheduler -> 1176 ms
2026-09-10 12:21:47,281 | WARNING  | dashboard.app | SLOW GET /api/scheduler -> 1382 ms
2026-09-10 12:21:55,521 | WARNING  | dashboard.app | SLOW GET /api/scheduler -> 565 ms
2026-09-10 12:21:55,619 | WARNING  | dashboard.app | SLOW GET /api/overview -> 561 ms
2026-09-10 12:22:02,454 | WARNING  | dashboard.app | SLOW GET /api/scheduler -> 2488 ms
2026-09-10 12:22:06,130 | WARNING  | dashboard.app | SLOW GET /api/scheduler -> 1164 ms
2026-09-10 12:22:10,671 | WARNING  | dashboard.app | SLOW GET /api/scheduler -> 665 ms
2026-09-10 12:22:25,481 | WARNING  | dashboard.app | SLOW GET /api/scheduler -> 513 ms
2026-09-10 12:22:25,617 | WARNING  | dashboard.app | SLOW GET /api/scheduler -> 600 ms
2026-09-10 12:22:30,516 | WARNING  | dashboard.app | SLOW GET /api/scheduler -> 529 ms
2026-09-10 12:22:35,770 | WARNING  | dashboard.app | SLOW GET /api/scheduler -> 810 ms
2026-09-10 12:22:40,701 | WARNING  | dashboard.app | SLOW GET /api/scheduler -> 717 ms
2026-09-10 12:23:05,560 | WARNING  | dashboard.app | SLOW GET /api/scheduler -> 601 ms
2026-09-10 12:23:25,920 | WARNING  | dashboard.app | SLOW GET /api/scheduler -> 908 ms
2026-09-10 12:23:26,050 | WARNING  | dashboard.app | SLOW GET /api/scheduler -> 666 ms
2026-09-10 12:23:54,192 | INFO     | dashboard.app | Scheduler: profile 'prd-quick' is due (PRD, 4 T-code(s), -> ['whatsapp']).
2026-09-10 12:24:02,230 | WARNING  | dashboard.app | SLOW GET /api/scheduler -> 1078 ms
2026-09-10 12:24:11,787 | WARNING  | dashboard.app | SLOW GET /api/scheduler -> 1803 ms
2026-09-10 12:24:15,980 | WARNING  | dashboard.app | SLOW GET /api/scheduler -> 990 ms
2026-09-10 12:25:00,305 | WARNING  | dashboard.app | SLOW GET /api/scheduler -> 580 ms
2026-09-10 12:25:00,629 | WARNING  | dashboard.app | SLOW GET /api/scheduler -> 843 ms
2026-09-10 12:25:07,861 | WARNING  | dashboard.app | SLOW GET /api/scheduler -> 1954 ms
2026-09-10 12:25:21,022 | WARNING  | dashboard.app | SLOW GET /api/scheduler -> 1053 ms
2026-09-10 12:25:21,062 | INFO     | dashboard.app | Stop requested from the dashboard. Finishing PRD then stopping. Automatic monitoring paused.
2026-09-10 12:25:21,073 | WARNING  | dashboard.app | SLOW GET /api/scheduler -> 655 ms
2026-09-10 12:25:22,218 | WARNING  | dashboard.app | SLOW POST /api/run-stop -> 1496 ms
2026-09-10 12:25:46,034 | WARNING  | dashboard.app | SLOW GET /api/scheduler -> 9529 ms
2026-09-10 12:25:46,345 | WARNING  | dashboard.app | SLOW GET /api/scheduler -> 9808 ms
2026-09-10 12:25:46,428 | WARNING  | dashboard.app | SLOW GET /api/scheduler -> 9803 ms
2026-09-10 12:25:46,505 | WARNING  | dashboard.app | SLOW GET /api/scheduler -> 9660 ms
2026-09-10 12:25:47,068 | WARNING  | dashboard.app | SLOW GET /api/scheduler -> 10229 ms
2026-09-10 12:25:51,119 | WARNING  | dashboard.app | SLOW GET /api/scheduler -> 1164 ms
2026-09-10 12:25:57,302 | WARNING  | dashboard.app | SLOW GET /api/scheduler -> 583 ms
2026-09-10 12:26:00,548 | WARNING  | dashboard.app | SLOW GET /api/scheduler -> 574 ms
2026-09-10 12:26:10,663 | WARNING  | dashboard.app | SLOW GET /api/scheduler -> 592 ms
2026-09-10 12:26:20,723 | WARNING  | dashboard.app | SLOW GET /api/scheduler -> 766 ms
2026-09-10 12:26:25,829 | WARNING  | dashboard.app | SLOW GET /api/scheduler -> 678 ms
2026-09-10 12:27:30,601 | WARNING  | dashboard.app | SLOW GET /api/scheduler -> 624 ms
2026-09-10 12:29:16,041 | WARNING  | dashboard.app | SLOW GET /api/scheduler -> 1046 ms
2026-09-10 12:29:35,634 | WARNING  | dashboard.app | SLOW GET /api/scheduler -> 591 ms
2026-09-10 12:29:35,693 | WARNING  | dashboard.app | SLOW GET /api/overview -> 747 ms
2026-09-10 12:29:42,252 | WARNING  | dashboard.app | SLOW GET /api/live -> 1496 ms
2026-09-10 12:29:42,323 | WARNING  | dashboard.app | SLOW GET /api/scheduler -> 1632 ms
2026-09-10 12:29:42,382 | WARNING  | dashboard.app | SLOW GET /api/scheduler -> 1702 ms
2026-09-10 12:29:45,041 | WARNING  | dashboard.app | SLOW GET /api/live -> 835 ms
2026-09-10 12:29:46,911 | WARNING  | dashboard.app | SLOW GET /api/live -> 1217 ms
2026-09-10 12:29:47,075 | WARNING  | dashboard.app | SLOW GET /api/scheduler -> 1365 ms
2026-09-10 12:29:50,911 | WARNING  | dashboard.app | SLOW GET /api/live -> 722 ms
2026-09-10 12:29:59,771 | WARNING  | dashboard.app | SLOW GET /api/live -> 6526 ms
2026-09-10 12:30:01,050 | WARNING  | dashboard.app | SLOW GET /api/scheduler -> 9993 ms
2026-09-10 12:30:05,835 | WARNING  | dashboard.app | SLOW GET /systems-page -> 4804 ms
2026-09-10 12:30:06,390 | WARNING  | dashboard.app | SLOW GET /api/live/refresh/status -> 5421 ms
2026-09-10 12:30:14,606 | WARNING  | dashboard.app | SLOW GET /api/scheduler -> 10966 ms
2026-09-10 12:30:15,910 | WARNING  | dashboard.app | SLOW GET /systems-page -> 10873 ms
2026-09-10 12:30:19,293 | WARNING  | dashboard.app | SLOW GET /api/scheduler -> 18394 ms
2026-09-10 12:30:19,864 | WARNING  | dashboard.app | SLOW GET /api/scheduler -> 14781 ms
2026-09-10 12:30:20,530 | WARNING  | dashboard.app | SLOW GET /api/live -> 1307 ms
2026-09-10 12:30:27,293 | WARNING  | dashboard.app | SLOW GET /api/scheduler -> 7346 ms
2026-09-10 12:30:28,655 | WARNING  | dashboard.app | SLOW GET /api/scheduler -> 9552 ms
2026-09-10 12:30:29,142 | WARNING  | dashboard.app | SLOW GET /api/scheduler -> 8527 ms
2026-09-10 12:30:29,476 | WARNING  | dashboard.app | SLOW GET /api/scheduler -> 10912 ms
2026-09-10 12:30:30,027 | WARNING  | dashboard.app | SLOW GET /api/scheduler -> 7040 ms
2026-09-10 12:30:30,158 | WARNING  | dashboard.app | SLOW GET /api/scheduler -> 18980 ms
2026-09-10 12:30:30,369 | WARNING  | dashboard.app | SLOW GET /api/overview -> 2358 ms
2026-09-10 12:30:30,956 | WARNING  | dashboard.app | SLOW GET /api/scheduler -> 1066 ms
2026-09-10 12:30:31,270 | WARNING  | dashboard.app | SLOW GET /api/scheduler -> 776 ms
2026-09-10 12:30:35,360 | WARNING  | dashboard.app | SLOW GET /api/scheduler -> 1439 ms
2026-09-10 12:30:35,468 | WARNING  | dashboard.app | SLOW GET /api/scheduler -> 1314 ms
2026-09-10 12:30:39,502 | WARNING  | dashboard.app | SLOW GET /api/scheduler -> 639 ms
2026-09-10 12:30:45,061 | WARNING  | dashboard.app | SLOW GET /api/scheduler -> 1220 ms
2026-09-10 12:30:50,354 | WARNING  | dashboard.app | SLOW GET /api/scheduler -> 1524 ms
2026-09-10 12:30:51,032 | WARNING  | dashboard.app | SLOW GET /api/scheduler -> 2176 ms
2026-09-10 12:31:00,748 | WARNING  | dashboard.app | SLOW GET /api/scheduler -> 1873 ms
2026-09-10 12:31:05,200 | WARNING  | dashboard.app | SLOW GET /api/scheduler -> 1334 ms
2026-09-10 12:31:05,333 | WARNING  | dashboard.app | SLOW GET /api/scheduler -> 1191 ms
2026-09-10 12:31:18,697 | WARNING  | dashboard.app | SLOW GET /api/scheduler -> 2396 ms
2026-09-10 12:31:19,512 | WARNING  | dashboard.app | SLOW GET /api/scheduler -> 3210 ms
2026-09-10 12:31:21,045 | WARNING  | dashboard.app | SLOW GET /api/scheduler -> 1386 ms
2026-09-10 12:31:21,652 | WARNING  | dashboard.app | SLOW GET /api/scheduler -> 1983 ms
2026-09-10 12:31:24,496 | WARNING  | dashboard.app | SLOW GET /api/scheduler -> 620 ms
2026-09-10 12:31:36,730 | WARNING  | dashboard.app | SLOW GET /api/scheduler -> 7596 ms
2026-09-10 12:31:37,716 | WARNING  | dashboard.app | SLOW GET /systems-page -> 699 ms
2026-09-10 12:31:37,803 | WARNING  | dashboard.app | SLOW GET /api/scheduler -> 785 ms
2026-09-10 12:31:38,002 | WARNING  | dashboard.app | SLOW GET /api/scheduler -> 984 ms
2026-09-10 12:31:47,633 | WARNING  | dashboard.app | SLOW GET /systems-page -> 1171 ms
2026-09-10 12:31:48,220 | WARNING  | dashboard.app | SLOW GET /api/scheduler -> 2254 ms
2026-09-10 12:31:48,479 | WARNING  | dashboard.app | SLOW GET /api/overview -> 2028 ms
2026-09-10 12:31:48,650 | WARNING  | dashboard.app | SLOW GET /api/scheduler -> 2198 ms
2026-09-10 12:31:48,944 | WARNING  | dashboard.app | SLOW GET /api/scheduler -> 2330 ms
2026-09-10 12:31:49,923 | WARNING  | dashboard.app | SLOW GET /api/scheduler -> 841 ms
2026-09-10 12:31:50,049 | WARNING  | dashboard.app | SLOW GET /api/scheduler -> 1187 ms
2026-09-10 12:31:50,331 | WARNING  | dashboard.app | SLOW GET /api/overview -> 1247 ms
2026-09-10 12:32:03,751 | WARNING  | dashboard.app | SLOW GET /api/scheduler -> 556 ms
2026-09-10 12:32:18,886 | WARNING  | dashboard.app | SLOW GET /api/scheduler -> 761 ms
2026-09-10 12:32:18,969 | WARNING  | dashboard.app | SLOW GET /api/scheduler -> 811 ms
2026-09-10 12:32:29,050 | WARNING  | dashboard.app | SLOW GET /api/scheduler -> 508 ms
2026-09-10 12:32:33,647 | WARNING  | dashboard.app | SLOW GET /api/scheduler -> 528 ms
2026-09-10 12:32:33,885 | WARNING  | dashboard.app | SLOW GET /api/scheduler -> 731 ms
2026-09-10 12:32:39,790 | WARNING  | dashboard.app | SLOW GET /api/scheduler -> 1665 ms
2026-09-10 12:32:48,768 | WARNING  | dashboard.app | SLOW GET /api/scheduler -> 637 ms
2026-09-10 12:33:48,768 | WARNING  | dashboard.app | SLOW GET /api/scheduler -> 649 ms
2026-09-10 12:33:48,926 | WARNING  | dashboard.app | SLOW GET /api/scheduler -> 716 ms
2026-09-10 12:35:07,866 | WARNING  | dashboard.app | SLOW GET /api/scheduler -> 6033 ms
2026-09-10 12:35:09,134 | WARNING  | dashboard.app | SLOW GET /api/scheduler -> 7186 ms
2026-09-10 12:35:12,125 | WARNING  | dashboard.app | SLOW GET /api/scheduler -> 10177 ms
2026-09-10 12:35:13,362 | WARNING  | dashboard.app | SLOW GET /api/scheduler -> 11328 ms
2026-09-10 12:35:20,175 | WARNING  | dashboard.app | SLOW GET /api/scheduler -> 6893 ms
2026-09-10 12:35:20,943 | WARNING  | dashboard.app | SLOW GET /api/scheduler -> 7559 ms
2026-09-10 12:35:22,850 | WARNING  | dashboard.app | SLOW GET /api/scheduler -> 9491 ms
2026-09-10 12:35:23,268 | WARNING  | dashboard.app | SLOW GET /api/scheduler -> 9567 ms
2026-09-10 12:35:23,978 | WARNING  | dashboard.app | SLOW GET /api/scheduler -> 5698 ms
2026-09-10 12:35:24,603 | WARNING  | dashboard.app | SLOW GET /api/scheduler -> 6323 ms
2026-09-10 12:35:27,286 | WARNING  | dashboard.app | SLOW GET /api/scheduler -> 2815 ms
2026-09-10 12:35:29,350 | WARNING  | dashboard.app | SLOW GET /api/scheduler -> 1228 ms
2026-09-10 12:35:34,808 | WARNING  | dashboard.app | SLOW GET /api/scheduler -> 1664 ms
2026-09-10 12:35:35,524 | WARNING  | dashboard.app | SLOW GET /api/scheduler -> 1966 ms
2026-09-10 12:35:41,577 | WARNING  | dashboard.app | SLOW GET /api/scheduler -> 3459 ms
2026-09-10 12:35:48,028 | WARNING  | dashboard.app | SLOW GET /api/scheduler -> 4899 ms
2026-09-10 12:36:05,709 | WARNING  | dashboard.app | SLOW GET /api/scheduler -> 4664 ms
2026-09-10 12:36:06,061 | WARNING  | dashboard.app | SLOW GET /api/scheduler -> 4907 ms
2026-09-10 12:36:06,411 | WARNING  | dashboard.app | SLOW GET /api/scheduler -> 5104 ms
2026-09-10 12:36:08,460 | WARNING  | dashboard.app | SLOW GET /api/scheduler -> 7151 ms
2026-09-10 12:36:10,553 | WARNING  | dashboard.app | SLOW GET /api/scheduler -> 5334 ms
2026-09-10 12:36:10,885 | WARNING  | dashboard.app | SLOW GET /api/scheduler -> 5666 ms
2026-09-10 12:36:11,029 | WARNING  | dashboard.app | SLOW GET /overview -> 1276 ms
2026-09-10 12:36:12,791 | WARNING  | dashboard.app | SLOW GET /api/scheduler -> 2395 ms
2026-09-10 12:36:13,356 | WARNING  | dashboard.app | SLOW GET /sky -> 647 ms
2026-09-10 12:36:15,037 | WARNING  | dashboard.app | SLOW GET /api/live -> 734 ms
2026-09-10 12:36:15,341 | WARNING  | dashboard.app | SLOW GET /api/scheduler -> 2218 ms
2026-09-10 12:36:53,230 | WARNING  | dashboard.app | SLOW GET /api/scheduler -> 606 ms
2026-09-10 12:36:53,477 | WARNING  | dashboard.app | SLOW GET /api/scheduler -> 851 ms
2026-09-10 12:36:53,703 | WARNING  | dashboard.app | SLOW GET /api/overview -> 873 ms
2026-09-10 12:36:53,765 | WARNING  | dashboard.app | SLOW GET /api/overview -> 934 ms
2026-09-10 12:36:58,521 | WARNING  | dashboard.app | SLOW GET /api/live -> 549 ms
2026-09-10 12:36:58,820 | WARNING  | dashboard.app | SLOW GET /api/scheduler -> 849 ms
2026-09-10 12:36:58,950 | WARNING  | dashboard.app | SLOW GET /api/scheduler -> 968 ms
2026-09-10 12:37:08,649 | WARNING  | dashboard.app | SLOW GET /api/scheduler -> 671 ms
2026-09-10 12:37:16,226 | WARNING  | dashboard.app | SLOW GET /api/live -> 546 ms
2026-09-10 12:37:16,350 | WARNING  | dashboard.app | SLOW GET /api/scheduler -> 771 ms
2026-09-10 12:37:26,249 | WARNING  | dashboard.app | SLOW GET /api/scheduler -> 654 ms
2026-09-10 12:37:26,337 | WARNING  | dashboard.app | SLOW GET /api/scheduler -> 750 ms
2026-09-10 12:37:35,009 | WARNING  | dashboard.app | SLOW GET /api/live -> 1354 ms
2026-09-10 12:37:41,030 | WARNING  | dashboard.app | SLOW GET /api/live -> 4248 ms
2026-09-10 12:37:41,630 | WARNING  | dashboard.app | SLOW GET /api/scheduler -> 5846 ms
2026-09-10 12:37:44,101 | WARNING  | dashboard.app | SLOW GET /api/scheduler -> 2038 ms
2026-09-10 12:37:44,157 | WARNING  | dashboard.app | SLOW GET /api/scheduler -> 2092 ms
2026-09-10 12:37:44,935 | WARNING  | dashboard.app | SLOW GET /api/live -> 629 ms
2026-09-10 12:37:46,223 | WARNING  | dashboard.app | SLOW GET /api/live -> 561 ms
2026-09-10 12:37:46,317 | WARNING  | dashboard.app | SLOW GET /api/scheduler -> 737 ms
2026-09-10 12:37:47,662 | WARNING  | dashboard.app | SLOW GET /api/live -> 516 ms
2026-09-10 12:37:50,843 | WARNING  | dashboard.app | SLOW GET /api/live -> 2142 ms
2026-09-10 12:37:52,486 | WARNING  | dashboard.app | SLOW GET /api/scheduler -> 721 ms
2026-09-10 12:37:57,565 | WARNING  | dashboard.app | SLOW GET /api/scheduler -> 926 ms
2026-09-10 12:37:58,672 | WARNING  | dashboard.app | SLOW GET /api/live -> 558 ms
2026-09-10 12:38:03,267 | WARNING  | dashboard.app | SLOW GET /api/live -> 653 ms
2026-09-10 12:38:05,744 | WARNING  | dashboard.app | SLOW GET /api/live -> 1628 ms
2026-09-10 12:38:06,630 | WARNING  | dashboard.app | SLOW GET /api/scheduler -> 691 ms
2026-09-10 12:38:07,822 | WARNING  | dashboard.app | SLOW GET /api/live -> 709 ms
2026-09-10 12:38:11,376 | WARNING  | dashboard.app | SLOW GET /api/scheduler -> 662 ms
2026-09-10 12:38:11,593 | WARNING  | dashboard.app | SLOW GET /api/scheduler -> 878 ms
2026-09-10 12:38:12,425 | WARNING  | dashboard.app | SLOW GET /api/live -> 596 ms
2026-09-10 12:38:18,182 | WARNING  | dashboard.app | SLOW GET /api/live -> 576 ms
2026-09-10 12:38:20,341 | WARNING  | dashboard.app | SLOW GET /api/live -> 1039 ms
2026-09-10 12:38:20,385 | WARNING  | dashboard.app | SLOW GET /api/scheduler -> 1232 ms
2026-09-10 12:38:20,433 | WARNING  | dashboard.app | SLOW GET /api/scheduler -> 1302 ms
2026-09-10 12:38:25,945 | WARNING  | dashboard.app | SLOW GET /api/live -> 506 ms
2026-09-10 12:38:25,963 | WARNING  | dashboard.app | SLOW GET /api/scheduler -> 1818 ms
2026-09-10 12:38:35,818 | WARNING  | dashboard.app | SLOW GET /api/scheduler -> 1156 ms
2026-09-10 12:38:36,114 | WARNING  | dashboard.app | SLOW GET /api/scheduler -> 803 ms
2026-09-10 12:38:50,132 | WARNING  | dashboard.app | SLOW GET /api/scheduler -> 777 ms
2026-09-10 12:38:50,324 | WARNING  | dashboard.app | SLOW GET /api/scheduler -> 983 ms
2026-09-10 12:39:04,505 | WARNING  | dashboard.app | SLOW GET /api/live -> 548 ms
2026-09-10 12:39:05,121 | WARNING  | dashboard.app | SLOW GET /api/scheduler -> 517 ms
2026-09-10 12:39:05,209 | WARNING  | dashboard.app | SLOW GET /api/scheduler -> 594 ms
2026-09-10 12:39:12,436 | WARNING  | dashboard.app | SLOW GET /api/live -> 954 ms
2026-09-10 12:39:20,133 | WARNING  | dashboard.app | SLOW GET /api/scheduler -> 720 ms
2026-09-10 12:39:20,320 | WARNING  | dashboard.app | SLOW GET /api/scheduler -> 809 ms
2026-09-10 12:39:24,069 | WARNING  | dashboard.app | SLOW GET /api/live -> 577 ms
2026-09-10 12:39:27,066 | WARNING  | dashboard.app | SLOW GET /api/live -> 608 ms
2026-09-10 12:39:30,160 | WARNING  | dashboard.app | SLOW GET /api/live -> 692 ms
2026-09-10 12:39:55,396 | WARNING  | dashboard.app | SLOW GET /api/scheduler -> 1247 ms
2026-09-10 12:40:00,461 | WARNING  | dashboard.app | SLOW GET /api/scheduler -> 1319 ms
2026-09-10 12:40:05,533 | WARNING  | dashboard.app | SLOW GET /api/scheduler -> 1389 ms
2026-09-10 12:40:06,213 | WARNING  | dashboard.app | SLOW GET /api/scheduler -> 1920 ms
2026-09-10 12:40:10,636 | WARNING  | dashboard.app | SLOW GET /api/scheduler -> 1497 ms
2026-09-10 12:40:15,306 | WARNING  | dashboard.app | SLOW GET /api/scheduler -> 1168 ms
2026-09-10 12:40:19,757 | WARNING  | dashboard.app | SLOW GET /api/scheduler -> 563 ms
2026-09-10 12:42:54,946 | WARNING  | dashboard.app | SLOW GET /api/scheduler -> 813 ms
2026-09-10 12:43:05,478 | WARNING  | dashboard.app | SLOW GET /api/scheduler -> 1297 ms
2026-09-10 12:43:05,890 | WARNING  | dashboard.app | SLOW GET /api/scheduler -> 766 ms
2026-09-10 12:43:10,013 | WARNING  | dashboard.app | SLOW GET /api/scheduler -> 871 ms
2026-09-10 12:43:15,668 | WARNING  | dashboard.app | SLOW GET /api/scheduler -> 1228 ms
2026-09-10 12:43:20,181 | WARNING  | dashboard.app | SLOW GET /api/scheduler -> 1037 ms
2026-09-10 12:43:20,765 | WARNING  | dashboard.app | SLOW GET /api/scheduler -> 1575 ms
2026-09-10 12:43:34,842 | WARNING  | dashboard.app | SLOW GET /api/scheduler -> 705 ms
2026-09-10 12:43:35,020 | WARNING  | dashboard.app | SLOW GET /api/scheduler -> 835 ms
2026-09-10 12:43:45,252 | WARNING  | dashboard.app | SLOW GET /api/scheduler -> 1114 ms
2026-09-10 12:43:51,962 | WARNING  | dashboard.app | SLOW GET /api/scheduler -> 2788 ms
2026-09-10 12:43:52,508 | WARNING  | dashboard.app | SLOW GET /api/scheduler -> 2495 ms
2026-09-10 12:44:06,504 | WARNING  | dashboard.app | SLOW GET /api/scheduler -> 12204 ms
2026-09-10 12:44:25,812 | WARNING  | dashboard.app | SLOW GET /api/scheduler -> 12557 ms
2026-09-10 12:44:26,718 | WARNING  | dashboard.app | SLOW GET /api/scheduler -> 12731 ms
2026-09-10 12:44:26,762 | WARNING  | dashboard.app | SLOW GET /api/scheduler -> 12700 ms
2026-09-10 12:44:26,842 | WARNING  | dashboard.app | SLOW GET /api/scheduler -> 12779 ms
2026-09-10 12:44:26,886 | WARNING  | dashboard.app | SLOW GET /api/scheduler -> 1749 ms
2026-09-10 12:44:26,984 | WARNING  | dashboard.app | SLOW GET /api/scheduler -> 1800 ms
2026-09-10 12:53:10,695 | INFO     | dashboard.app | Scheduler started -- runs only what the Profiles page schedules.
2026-09-10 12:53:10,698 | INFO     | dashboard.app | Live refresher is ON-DEMAND -- systems are read only when 'Read live' is clicked (/api/live/refresh). Set IBO_LIVE_AUTO_REFRESH=1 for the old timer-driven mode.
2026-09-10 12:53:10,756 | INFO     | dashboard.app | Scheduler: no run on startup.
2026-09-10 12:53:10,801 | INFO     | dashboard.app | Scheduler: profile-driven. prd-quick (PRD -> whatsapp); prd-full (PRD -> email)
2026-09-10 12:54:06,532 | WARNING  | dashboard.app | SLOW GET /api/scheduler -> 541 ms
2026-09-10 12:54:21,247 | WARNING  | dashboard.app | SLOW GET /api/scheduler -> 578 ms
2026-09-10 12:55:12,265 | WARNING  | dashboard.app | SLOW GET /api/live -> 1429 ms
2026-09-10 12:55:12,879 | WARNING  | dashboard.app | SLOW GET /api/scheduler -> 2206 ms
2026-09-10 12:55:18,301 | WARNING  | dashboard.app | SLOW GET /api/live -> 1430 ms
2026-09-10 12:55:18,458 | WARNING  | dashboard.app | SLOW GET /api/scheduler -> 2179 ms
2026-09-10 12:55:20,320 | WARNING  | dashboard.app | SLOW GET /api/live/refresh/status -> 846 ms
2026-09-10 12:55:22,655 | WARNING  | dashboard.app | SLOW GET /api/live -> 1098 ms
2026-09-10 12:55:22,971 | WARNING  | dashboard.app | SLOW GET /api/scheduler -> 2253 ms
2026-09-10 12:55:23,059 | WARNING  | dashboard.app | SLOW GET /api/scheduler -> 2341 ms
2026-09-10 12:55:26,466 | WARNING  | dashboard.app | SLOW GET /api/live -> 603 ms
2026-09-10 12:55:26,649 | WARNING  | dashboard.app | SLOW GET /api/scheduler -> 969 ms
2026-09-10 12:55:33,134 | WARNING  | dashboard.app | SLOW GET /api/live -> 1285 ms
2026-09-10 12:55:33,617 | WARNING  | dashboard.app | SLOW GET /api/scheduler -> 2926 ms
2026-09-10 12:55:40,466 | WARNING  | dashboard.app | SLOW GET /api/live -> 4054 ms
2026-09-10 12:55:41,661 | WARNING  | dashboard.app | SLOW GET /api/scheduler -> 5350 ms
2026-09-10 12:55:42,198 | WARNING  | dashboard.app | SLOW GET /api/scheduler -> 5762 ms
2026-09-10 12:55:42,865 | WARNING  | dashboard.app | SLOW GET /api/live/refresh/status -> 1204 ms
2026-09-10 12:55:44,048 | WARNING  | dashboard.app | SLOW GET /api/scheduler -> 1618 ms
2026-09-10 12:55:45,398 | WARNING  | dashboard.app | SLOW GET /api/live -> 1350 ms
2026-09-10 12:55:47,586 | WARNING  | dashboard.app | SLOW GET /api/live/refresh/status -> 738 ms
2026-09-10 12:55:49,649 | WARNING  | dashboard.app | SLOW GET /api/scheduler -> 2900 ms
2026-09-10 12:55:51,628 | WARNING  | dashboard.app | SLOW GET /api/live -> 1032 ms
2026-09-10 12:55:53,425 | WARNING  | dashboard.app | SLOW GET /api/live/refresh/status -> 578 ms
2026-09-10 12:55:55,437 | WARNING  | dashboard.app | SLOW GET /api/scheduler -> 4725 ms
2026-09-10 12:55:56,011 | WARNING  | dashboard.app | SLOW GET /api/scheduler -> 3501 ms
2026-09-10 12:55:59,083 | WARNING  | dashboard.app | SLOW GET /api/live -> 2622 ms
2026-09-10 12:55:59,774 | WARNING  | dashboard.app | SLOW GET /api/scheduler -> 3785 ms
2026-09-10 12:56:03,351 | WARNING  | dashboard.app | SLOW GET /api/live -> 1474 ms
2026-09-10 12:56:05,304 | WARNING  | dashboard.app | SLOW GET /api/scheduler -> 4575 ms
2026-09-10 12:56:06,823 | WARNING  | dashboard.app | SLOW GET /api/live/refresh/status -> 832 ms
2026-09-10 12:56:14,864 | WARNING  | dashboard.app | SLOW GET /api/scheduler -> 8295 ms
2026-09-10 12:56:15,687 | WARNING  | dashboard.app | SLOW GET /api/scheduler -> 9119 ms
2026-09-10 12:56:26,816 | WARNING  | dashboard.app | SLOW GET /api/live -> 6972 ms
2026-09-10 12:56:27,748 | WARNING  | dashboard.app | SLOW GET /api/scheduler -> 7595 ms
2026-09-10 12:56:28,448 | WARNING  | dashboard.app | SLOW GET /api/scheduler -> 8289 ms
2026-09-10 12:56:39,195 | WARNING  | dashboard.app | SLOW GET /api/live -> 4300 ms
2026-09-10 12:56:40,561 | WARNING  | dashboard.app | SLOW GET /api/scheduler -> 11397 ms
2026-09-10 12:56:41,478 | WARNING  | dashboard.app | SLOW GET /api/scheduler -> 10680 ms
2026-09-10 12:56:42,189 | WARNING  | dashboard.app | SLOW GET /api/scheduler -> 13826 ms
2026-09-10 12:56:42,575 | WARNING  | dashboard.app | SLOW GET /api/scheduler -> 14209 ms
2026-09-10 12:56:46,227 | WARNING  | dashboard.app | SLOW GET /api/live/refresh/status -> 2882 ms
2026-09-10 12:56:48,798 | WARNING  | dashboard.app | SLOW GET /api/scheduler -> 9314 ms
2026-09-10 12:56:51,305 | WARNING  | dashboard.app | SLOW GET /api/scheduler -> 7959 ms
2026-09-10 12:56:51,803 | WARNING  | dashboard.app | SLOW GET /api/scheduler -> 8923 ms
2026-09-10 12:57:04,587 | WARNING  | dashboard.app | SLOW GET /api/live -> 10459 ms
2026-09-10 12:57:10,983 | WARNING  | dashboard.app | SLOW GET /api/scheduler -> 16855 ms
2026-09-10 12:57:13,417 | WARNING  | dashboard.app | SLOW GET /api/scheduler -> 19445 ms
2026-09-10 12:57:15,578 | WARNING  | dashboard.app | SLOW GET /api/scheduler -> 20387 ms
2026-09-10 12:57:16,045 | WARNING  | dashboard.app | SLOW GET /api/scheduler -> 11458 ms
2026-09-10 12:57:16,259 | WARNING  | dashboard.app | SLOW GET /api/scheduler -> 2077 ms
2026-09-10 12:57:17,257 | WARNING  | dashboard.app | SLOW GET /api/scheduler -> 723 ms
2026-09-10 12:57:17,284 | WARNING  | dashboard.app | SLOW GET /api/scheduler -> 748 ms
2026-09-10 12:57:17,293 | WARNING  | dashboard.app | SLOW GET /systems-page -> 2968 ms
2026-09-10 12:57:20,033 | WARNING  | dashboard.app | SLOW GET /systems-page -> 577 ms
2026-09-10 12:57:23,578 | WARNING  | dashboard.app | SLOW GET /api/scheduler -> 3109 ms
2026-09-10 12:57:24,225 | WARNING  | dashboard.app | SLOW GET /api/scheduler -> 3752 ms
2026-09-10 12:57:24,485 | WARNING  | dashboard.app | SLOW GET /api/overview -> 2402 ms
2026-09-10 12:57:26,300 | WARNING  | dashboard.app | SLOW GET /api/scheduler -> 803 ms
2026-09-10 12:57:36,134 | WARNING  | dashboard.app | SLOW GET /api/scheduler -> 657 ms
2026-09-10 12:57:56,294 | WARNING  | dashboard.app | SLOW GET /api/scheduler -> 811 ms
2026-09-10 13:07:44,186 | WARNING  | dashboard.app | SLOW GET /api/report/PRD -> 900 ms
2026-09-10 13:07:48,784 | WARNING  | dashboard.app | SLOW GET /api/report/CARFOUR QAS -> 1849 ms
2026-09-10 14:02:49,421 | INFO     | dashboard.app | Scheduler started -- runs only what the Profiles page schedules.
2026-09-10 14:02:49,422 | INFO     | dashboard.app | Live refresher is ON-DEMAND -- systems are read only when 'Read live' is clicked (/api/live/refresh). Set IBO_LIVE_AUTO_REFRESH=1 for the old timer-driven mode.
2026-09-10 14:02:49,528 | INFO     | dashboard.app | Scheduler: no run on startup.
2026-09-10 14:02:49,546 | INFO     | dashboard.app | Scheduler: profile-driven. prd-quick (PRD -> whatsapp); prd-full (PRD -> email)
2026-09-10 14:03:28,573 | INFO     | dashboard.app | Scheduler started -- runs only what the Profiles page schedules.
2026-09-10 14:03:28,574 | INFO     | dashboard.app | Live refresher is ON-DEMAND -- systems are read only when 'Read live' is clicked (/api/live/refresh). Set IBO_LIVE_AUTO_REFRESH=1 for the old timer-driven mode.
2026-09-10 14:03:28,636 | INFO     | dashboard.app | Scheduler: no run on startup.
2026-09-10 14:03:28,661 | INFO     | dashboard.app | Scheduler: profile-driven. prd-quick (PRD -> whatsapp); prd-full (PRD -> email)
2026-09-10 14:05:49,029 | INFO     | dashboard.app | Scheduler started -- runs only what the Profiles page schedules.
2026-09-10 14:05:49,030 | INFO     | dashboard.app | Live refresher is ON-DEMAND -- systems are read only when 'Read live' is clicked (/api/live/refresh). Set IBO_LIVE_AUTO_REFRESH=1 for the old timer-driven mode.
2026-09-10 14:05:49,101 | INFO     | dashboard.app | Scheduler: no run on startup.
2026-09-10 14:05:49,118 | INFO     | dashboard.app | Scheduler: profile-driven. prd-quick (PRD -> whatsapp); prd-full (PRD -> email)
2026-09-10 14:07:37,790 | WARNING  | dashboard.app | SLOW GET /api/scheduler -> 1423 ms
2026-09-10 14:07:41,200 | WARNING  | dashboard.app | SLOW GET /api/scheduler -> 4454 ms
2026-09-10 14:07:54,318 | WARNING  | dashboard.app | SLOW GET /api/scheduler -> 2536 ms
2026-09-10 14:07:54,849 | WARNING  | dashboard.app | SLOW GET /api/scheduler -> 3432 ms
2026-09-10 14:07:55,315 | WARNING  | dashboard.app | SLOW GET /api/scheduler -> 3900 ms
2026-09-10 14:07:55,564 | WARNING  | dashboard.app | SLOW GET /api/scheduler -> 3415 ms
2026-09-10 14:08:37,398 | WARNING  | dashboard.app | SLOW GET /api/scheduler -> 1005 ms
2026-09-10 14:09:08,555 | WARNING  | dashboard.app | SLOW GET /api/profiles -> 549 ms
2026-09-10 14:11:01,706 | WARNING  | dashboard.app | SLOW GET /api/scheduler -> 646 ms
2026-09-10 14:11:06,528 | WARNING  | dashboard.app | SLOW GET /api/scheduler -> 502 ms
2026-09-10 14:11:13,998 | WARNING  | dashboard.app | SLOW GET /api/live -> 531 ms
2026-09-10 14:11:17,137 | WARNING  | dashboard.app | SLOW GET /api/live -> 1848 ms
2026-09-10 14:11:18,152 | WARNING  | dashboard.app | SLOW GET /api/live/refresh/status -> 789 ms
2026-09-10 14:11:19,439 | WARNING  | dashboard.app | SLOW GET /api/scheduler -> 2015 ms
2026-09-10 14:11:20,006 | WARNING  | dashboard.app | SLOW GET /api/scheduler -> 2642 ms
2026-09-10 14:11:20,915 | WARNING  | dashboard.app | SLOW GET /api/live -> 967 ms
2026-09-10 14:11:22,165 | WARNING  | dashboard.app | SLOW GET /api/scheduler -> 1025 ms
2026-09-10 14:11:23,310 | WARNING  | dashboard.app | SLOW GET /api/live -> 850 ms
2026-09-10 14:11:26,694 | WARNING  | dashboard.app | SLOW GET /api/scheduler -> 651 ms
2026-09-10 14:11:32,048 | WARNING  | dashboard.app | SLOW GET /api/live -> 559 ms
2026-09-10 14:11:32,088 | WARNING  | dashboard.app | SLOW GET /api/scheduler -> 1055 ms
2026-09-10 14:11:32,238 | WARNING  | dashboard.app | SLOW GET /api/scheduler -> 1199 ms
2026-09-10 14:11:49,815 | WARNING  | dashboard.app | SLOW GET /api/live -> 3319 ms
2026-09-10 14:11:49,891 | WARNING  | dashboard.app | SLOW GET /api/scheduler -> 3821 ms
2026-09-10 14:11:50,073 | WARNING  | dashboard.app | SLOW GET /api/scheduler -> 4021 ms
2026-09-10 14:12:06,639 | WARNING  | dashboard.app | SLOW GET /api/scheduler -> 550 ms
2026-09-10 14:12:36,700 | WARNING  | dashboard.app | SLOW GET /api/live -> 693 ms
2026-09-10 14:12:37,367 | WARNING  | dashboard.app | SLOW GET /api/scheduler -> 604 ms
2026-09-10 14:12:44,051 | WARNING  | dashboard.app | SLOW GET /api/scheduler -> 3009 ms
2026-09-10 14:12:47,305 | WARNING  | dashboard.app | SLOW GET /api/live -> 769 ms
2026-09-10 14:12:50,108 | WARNING  | dashboard.app | SLOW GET /api/live -> 619 ms
2026-09-10 14:12:51,501 | WARNING  | dashboard.app | SLOW GET /api/live -> 500 ms
2026-09-10 14:12:52,113 | WARNING  | dashboard.app | SLOW GET /api/scheduler -> 550 ms
2026-09-10 14:13:00,533 | WARNING  | dashboard.app | SLOW GET /api/live -> 535 ms
2026-09-10 14:13:02,267 | WARNING  | dashboard.app | SLOW GET /api/scheduler -> 1147 ms
2026-09-10 14:13:02,541 | WARNING  | dashboard.app | SLOW GET /api/scheduler -> 1356 ms
2026-09-10 14:13:42,863 | WARNING  | dashboard.app | SLOW GET /api/scheduler -> 16814 ms
2026-09-10 14:13:42,978 | WARNING  | dashboard.app | SLOW GET /api/scheduler -> 11934 ms
2026-09-10 14:13:43,184 | WARNING  | dashboard.app | SLOW GET /api/scheduler -> 12132 ms
2026-09-10 14:13:43,699 | WARNING  | dashboard.app | SLOW GET /api/scheduler -> 519 ms
2026-09-10 14:13:43,830 | WARNING  | dashboard.app | SLOW GET /api/scheduler -> 663 ms
2026-09-10 14:14:25,705 | WARNING  | dashboard.app | SLOW GET /api/status/CARFOUR QAS -> 517 ms
2026-09-10 14:14:25,774 | WARNING  | dashboard.app | SLOW GET /api/report/CARFOUR QAS -> 600 ms
2026-09-10 14:14:39,235 | WARNING  | dashboard.app | SLOW GET /api/rca -> 1505 ms
2026-09-10 14:16:21,499 | WARNING  | dashboard.app | SLOW POST /api/rca/analyze/CARFOUR QAS -> 99573 ms
2026-09-10 14:17:13,106 | WARNING  | dashboard.app | SLOW GET /api/scheduler -> 538 ms
2026-09-10 14:17:23,074 | WARNING  | dashboard.app | SLOW GET /api/scheduler -> 502 ms
2026-09-10 14:17:23,162 | WARNING  | dashboard.app | SLOW GET /api/scheduler -> 589 ms
2026-09-10 14:17:48,158 | WARNING  | dashboard.app | SLOW GET /api/scheduler -> 529 ms
2026-09-10 14:18:29,749 | WARNING  | dashboard.app | SLOW GET /api/live -> 512 ms
2026-09-10 14:18:36,191 | WARNING  | dashboard.app | SLOW GET /api/run-status -> 553 ms
2026-09-10 14:18:36,656 | WARNING  | dashboard.app | SLOW GET /api/live/refresh/status -> 751 ms
2026-09-10 14:18:38,136 | WARNING  | dashboard.app | SLOW GET /api/scheduler -> 536 ms
2026-09-10 14:18:48,132 | WARNING  | dashboard.app | SLOW GET /api/live -> 895 ms
2026-09-10 14:19:23,785 | WARNING  | dashboard.app | SLOW GET /api/scheduler -> 1181 ms
2026-09-10 14:19:23,987 | WARNING  | dashboard.app | SLOW GET /api/scheduler -> 1301 ms
2026-09-10 14:19:44,927 | INFO     | dashboard.app | Stop requested from the dashboard. Finishing CARFOUR QAS then stopping. Automatic monitoring paused.
2026-09-10 14:19:48,212 | WARNING  | dashboard.app | SLOW GET /api/scheduler -> 620 ms
2026-09-10 14:19:53,476 | WARNING  | dashboard.app | SLOW GET /api/scheduler -> 906 ms
2026-09-10 14:19:53,563 | WARNING  | dashboard.app | SLOW GET /api/scheduler -> 966 ms
2026-09-10 14:20:03,798 | WARNING  | dashboard.app | SLOW GET /api/scheduler -> 956 ms
2026-09-10 14:20:10,253 | WARNING  | dashboard.app | SLOW GET /api/run-status -> 1773 ms
2026-09-10 14:20:10,631 | WARNING  | dashboard.app | SLOW GET /api/scheduler -> 2302 ms
2026-09-10 14:20:11,456 | WARNING  | dashboard.app | SLOW GET /api/scheduler -> 3117 ms
2026-09-10 14:20:11,574 | INFO     | dashboard.app | Stop requested from the dashboard. Finishing CARFOUR QAS then stopping. Automatic monitoring paused.
2026-09-10 14:20:11,728 | WARNING  | dashboard.app | SLOW POST /api/run-stop -> 591 ms
2026-09-10 14:20:13,297 | WARNING  | dashboard.app | SLOW GET /api/scheduler -> 709 ms
2026-09-10 14:20:14,485 | WARNING  | dashboard.app | SLOW GET /api/scheduler -> 578 ms
2026-09-10 14:20:18,410 | INFO     | dashboard.app | Stop requested from the dashboard. Finishing CARFOUR QAS then stopping. Automatic monitoring paused.
2026-09-10 14:20:18,742 | WARNING  | dashboard.app | SLOW GET /api/scheduler -> 1114 ms
2026-09-10 14:20:21,560 | WARNING  | dashboard.app | SLOW GET /api/scheduler -> 787 ms
2026-09-10 14:20:24,192 | WARNING  | dashboard.app | SLOW GET /api/scheduler -> 1597 ms
2026-09-10 14:20:24,614 | WARNING  | dashboard.app | SLOW GET /api/scheduler -> 1893 ms
2026-09-10 14:20:28,690 | WARNING  | dashboard.app | SLOW GET /api/scheduler -> 1120 ms
2026-09-10 14:22:41,626 | INFO     | dashboard.app | Scheduler started -- runs only what the Profiles page schedules.
2026-09-10 14:22:41,627 | INFO     | dashboard.app | Live refresher is ON-DEMAND -- systems are read only when 'Read live' is clicked (/api/live/refresh). Set IBO_LIVE_AUTO_REFRESH=1 for the old timer-driven mode.
2026-09-10 14:22:41,724 | INFO     | dashboard.app | Scheduler: no run on startup.
2026-09-10 14:22:41,769 | INFO     | dashboard.app | Scheduler: profile-driven. prd-quick (PRD -> whatsapp); prd-full (PRD -> email)
2026-09-10 14:23:16,434 | WARNING  | dashboard.app | SLOW GET /api/scheduler -> 558 ms
2026-09-10 14:23:31,419 | WARNING  | dashboard.app | SLOW GET /api/scheduler -> 563 ms
2026-09-10 14:23:32,096 | WARNING  | dashboard.app | SLOW GET /api/scheduler -> 1217 ms
2026-09-10 14:23:36,754 | WARNING  | dashboard.app | SLOW GET /api/live -> 668 ms
2026-09-10 14:23:36,880 | WARNING  | dashboard.app | SLOW GET /api/scheduler -> 1018 ms
2026-09-10 14:23:37,028 | WARNING  | dashboard.app | SLOW GET /api/run-status -> 645 ms
2026-09-10 14:23:41,494 | WARNING  | dashboard.app | SLOW GET /api/scheduler -> 640 ms
2026-09-10 14:23:46,562 | WARNING  | dashboard.app | SLOW GET /api/scheduler -> 682 ms
2026-09-10 14:23:51,656 | WARNING  | dashboard.app | SLOW GET /api/scheduler -> 793 ms
2026-09-10 14:24:00,906 | WARNING  | dashboard.app | SLOW GET /api/live -> 856 ms
2026-09-10 14:24:02,144 | WARNING  | dashboard.app | SLOW GET /api/live/refresh/status -> 701 ms
2026-09-10 14:24:02,660 | WARNING  | dashboard.app | SLOW GET /api/run-status -> 658 ms
2026-09-10 14:24:02,708 | WARNING  | dashboard.app | SLOW GET /api/scheduler -> 1429 ms
2026-09-10 14:24:02,942 | WARNING  | dashboard.app | SLOW GET /api/scheduler -> 1552 ms
2026-09-10 14:24:03,826 | WARNING  | dashboard.app | SLOW GET /api/live -> 738 ms
2026-09-10 14:28:02,318 | INFO     | dashboard.app | Scheduler: profile 'prd-quick' is due (PRD, 4 T-code(s), -> ['whatsapp']).
2026-09-10 14:28:15,214 | INFO     | dashboard.app | Stop requested from the dashboard. Finishing PRD then stopping. Automatic monitoring paused.
2026-09-10 14:28:16,440 | WARNING  | dashboard.app | SLOW GET /api/scheduler -> 575 ms
2026-09-10 14:28:19,204 | INFO     | dashboard.app | Stop requested from the dashboard. Finishing PRD then stopping. Automatic monitoring paused.
2026-09-10 14:33:26,064 | INFO     | dashboard.app | Stop requested from the dashboard. Finishing PRD then stopping. Automatic monitoring paused.
2026-09-10 14:33:26,592 | WARNING  | dashboard.app | SLOW GET /api/scheduler -> 699 ms
2026-09-10 14:33:29,005 | WARNING  | dashboard.app | SLOW GET /api/scheduler -> 593 ms
2026-09-10 14:33:31,568 | WARNING  | dashboard.app | SLOW GET /api/scheduler -> 701 ms
2026-09-10 14:33:31,698 | WARNING  | dashboard.app | SLOW GET /api/scheduler -> 782 ms
2026-09-10 14:33:55,591 | WARNING  | dashboard.app | SLOW GET /api/scheduler -> 955 ms
2026-09-10 14:33:56,186 | WARNING  | dashboard.app | SLOW GET /api/scheduler -> 1549 ms
2026-09-10 14:33:56,518 | WARNING  | dashboard.app | SLOW GET /api/scheduler -> 1881 ms
2026-09-10 14:33:57,789 | WARNING  | dashboard.app | SLOW GET /api/scheduler -> 1625 ms
2026-09-10 14:34:01,810 | WARNING  | dashboard.app | SLOW GET /api/scheduler -> 944 ms
2026-09-10 14:34:01,949 | WARNING  | dashboard.app | SLOW GET /api/scheduler -> 1030 ms
2026-09-10 14:34:06,716 | WARNING  | dashboard.app | SLOW GET /api/scheduler -> 768 ms
2026-09-10 14:44:07,642 | INFO     | dashboard.app | Scheduler started -- runs only what the Profiles page schedules.
2026-09-10 14:44:07,643 | INFO     | dashboard.app | Live refresher is ON-DEMAND -- systems are read only when 'Read live' is clicked (/api/live/refresh). Set IBO_LIVE_AUTO_REFRESH=1 for the old timer-driven mode.
2026-09-10 14:44:07,775 | INFO     | dashboard.app | Scheduler: no run on startup.
2026-09-10 14:44:07,822 | INFO     | dashboard.app | Scheduler: profile-driven. prd-quick (PRD -> whatsapp); prd-full (PRD -> email)
2026-09-10 14:44:42,457 | WARNING  | dashboard.app | SLOW GET /api/scheduler -> 1457 ms
2026-09-10 14:44:47,987 | WARNING  | dashboard.app | SLOW GET /api/live -> 527 ms
2026-09-10 14:44:51,642 | INFO     | dashboard.app | Stop requested from the dashboard. Finishing CARFOUR QAS then stopping. Automatic monitoring paused.
2026-09-10 14:44:54,412 | INFO     | dashboard.app | Stop requested from the dashboard. Finishing CARFOUR QAS then stopping. Automatic monitoring paused.
2026-09-10 14:45:08,069 | WARNING  | dashboard.app | SLOW GET /api/scheduler -> 512 ms
2026-09-10 14:45:18,048 | WARNING  | dashboard.app | SLOW GET /api/scheduler -> 546 ms
2026-09-10 14:46:20,815 | WARNING  | dashboard.app | SLOW GET /api/live -> 675 ms
2026-09-10 14:46:23,245 | WARNING  | dashboard.app | SLOW GET /api/scheduler -> 707 ms
2026-09-10 14:46:24,062 | WARNING  | dashboard.app | SLOW GET /api/live -> 883 ms
2026-09-10 14:48:51,578 | WARNING  | dashboard.app | SLOW GET /api/live -> 146937 ms
2026-09-10 14:48:53,455 | WARNING  | dashboard.app | SLOW GET /api/scheduler -> 1711 ms
2026-09-10 14:48:54,241 | WARNING  | dashboard.app | SLOW GET /api/scheduler -> 2283 ms
2026-09-10 14:48:54,362 | WARNING  | dashboard.app | SLOW GET /sky -> 2302 ms
2026-09-10 14:48:54,486 | WARNING  | dashboard.app | SLOW GET /api/scheduler -> 2425 ms
2026-09-10 14:48:54,706 | WARNING  | dashboard.app | SLOW GET /api/scheduler -> 2631 ms
2026-09-10 14:48:54,888 | WARNING  | dashboard.app | SLOW GET /api/scheduler -> 1869 ms
2026-09-10 14:48:55,294 | WARNING  | dashboard.app | SLOW GET /api/scheduler -> 693 ms
2026-09-10 14:48:55,679 | WARNING  | dashboard.app | SLOW GET /api/scheduler -> 791 ms
2026-09-10 14:48:55,805 | WARNING  | dashboard.app | SLOW GET /api/scheduler -> 916 ms
2026-09-10 14:48:55,819 | WARNING  | dashboard.app | SLOW GET /api/scheduler -> 930 ms
2026-09-10 14:48:55,892 | WARNING  | dashboard.app | SLOW GET /api/scheduler -> 743 ms
2026-09-10 14:48:55,901 | WARNING  | dashboard.app | SLOW GET /api/scheduler -> 709 ms
2026-09-10 14:48:56,471 | WARNING  | dashboard.app | SLOW GET /api/scheduler -> 570 ms
2026-09-10 14:48:56,497 | WARNING  | dashboard.app | SLOW GET /api/scheduler -> 595 ms
2026-09-10 14:48:56,580 | WARNING  | dashboard.app | SLOW GET /api/scheduler -> 679 ms
2026-09-10 14:48:56,663 | WARNING  | dashboard.app | SLOW GET /api/scheduler -> 635 ms
2026-09-10 14:48:57,225 | WARNING  | dashboard.app | SLOW GET /api/scheduler -> 508 ms
2026-09-10 14:48:57,323 | WARNING  | dashboard.app | SLOW GET /api/scheduler -> 568 ms
2026-09-10 14:48:57,853 | WARNING  | dashboard.app | SLOW GET /api/scheduler -> 535 ms
2026-09-10 14:48:57,995 | WARNING  | dashboard.app | SLOW GET /api/scheduler -> 561 ms
2026-09-10 14:50:36,595 | WARNING  | dashboard.app | SLOW GET /api/live -> 3032 ms
2026-09-10 14:50:38,538 | WARNING  | dashboard.app | SLOW GET /api/live -> 1308 ms
2026-09-10 14:50:38,738 | WARNING  | dashboard.app | SLOW GET /api/scheduler -> 1779 ms
2026-09-10 14:50:38,833 | WARNING  | dashboard.app | SLOW GET /api/scheduler -> 1872 ms
2026-09-10 14:50:39,557 | WARNING  | dashboard.app | SLOW POST /api/live/refresh -> 536 ms
2026-09-10 14:50:46,206 | WARNING  | dashboard.app | SLOW GET /api/live -> 1118 ms
2026-09-10 14:50:46,286 | WARNING  | dashboard.app | SLOW GET /api/scheduler -> 1199 ms
2026-09-10 14:50:47,054 | INFO     | dashboard.app | Stop requested from the dashboard. Finishing CARFOUR QAS then stopping. Automatic monitoring paused.
2026-09-10 14:50:47,886 | WARNING  | dashboard.app | SLOW GET /api/scheduler -> 862 ms
2026-09-10 14:50:50,209 | WARNING  | dashboard.app | SLOW GET /api/live -> 610 ms
2026-09-10 14:50:50,331 | WARNING  | dashboard.app | SLOW GET /api/scheduler -> 1170 ms
2026-09-10 14:50:52,791 | WARNING  | dashboard.app | SLOW GET /api/live -> 1700 ms
2026-09-10 14:50:54,049 | WARNING  | dashboard.app | SLOW GET /api/scheduler -> 1124 ms
2026-09-10 14:50:54,312 | WARNING  | dashboard.app | SLOW GET /api/scheduler -> 1382 ms
2026-09-10 14:50:56,002 | WARNING  | dashboard.app | SLOW GET /api/live -> 1437 ms
2026-09-10 14:51:17,532 | WARNING  | dashboard.app | SLOW GET /api/scheduler -> 558 ms
2026-09-10 14:55:14,777 | INFO     | dashboard.app | Scheduler started -- runs only what the Profiles page schedules.
2026-09-10 14:55:14,778 | INFO     | dashboard.app | Live refresher is ON-DEMAND -- systems are read only when 'Read live' is clicked (/api/live/refresh). Set IBO_LIVE_AUTO_REFRESH=1 for the old timer-driven mode.
2026-09-10 14:55:14,931 | INFO     | dashboard.app | Scheduler: no run on startup.
2026-09-10 14:55:14,974 | INFO     | dashboard.app | Scheduler: profile-driven. prd-quick (PRD -> whatsapp); prd-full (PRD -> email)
2026-09-10 14:59:57,298 | WARNING  | dashboard.app | SLOW GET /api/scheduler -> 538 ms
2026-09-10 15:00:02,758 | WARNING  | dashboard.app | SLOW GET /api/live -> 713 ms
2026-09-10 15:00:02,805 | WARNING  | dashboard.app | SLOW GET /api/scheduler -> 1064 ms
2026-09-10 15:00:04,212 | WARNING  | dashboard.app | SLOW GET /api/live -> 632 ms
2026-09-10 15:00:05,881 | WARNING  | dashboard.app | SLOW GET /api/live -> 818 ms
2026-09-10 15:00:07,181 | WARNING  | dashboard.app | SLOW GET /api/live -> 649 ms
2026-09-10 15:00:09,689 | WARNING  | dashboard.app | SLOW GET /api/live -> 1608 ms
2026-09-10 15:00:09,822 | WARNING  | dashboard.app | SLOW GET /api/scheduler -> 2092 ms
2026-09-10 15:00:12,389 | WARNING  | dashboard.app | SLOW GET /api/live -> 1359 ms
2026-09-10 15:00:13,191 | WARNING  | dashboard.app | SLOW GET /api/scheduler -> 592 ms
2026-09-10 15:00:13,251 | WARNING  | dashboard.app | SLOW GET /api/scheduler -> 597 ms
2026-09-10 15:00:17,551 | WARNING  | dashboard.app | SLOW GET /api/scheduler -> 799 ms
2026-09-10 15:00:20,770 | WARNING  | dashboard.app | SLOW GET /api/live -> 721 ms
2026-09-10 15:00:22,291 | WARNING  | dashboard.app | SLOW GET /api/live -> 734 ms
2026-09-10 15:00:30,078 | WARNING  | dashboard.app | SLOW GET /api/scheduler -> 3345 ms
2026-09-10 15:00:30,080 | WARNING  | dashboard.app | SLOW GET /api/scheduler -> 3346 ms
2026-09-10 15:00:34,822 | WARNING  | dashboard.app | SLOW GET /api/scheduler -> 3086 ms
2026-09-10 15:01:00,384 | WARNING  | dashboard.app | SLOW GET /api/live -> 1339 ms
2026-09-10 15:01:04,045 | WARNING  | dashboard.app | SLOW GET /api/live -> 507 ms
2026-09-10 15:01:07,351 | WARNING  | dashboard.app | SLOW GET /api/scheduler -> 583 ms
2026-09-10 15:01:08,952 | WARNING  | dashboard.app | SLOW GET /api/live -> 904 ms
2026-09-10 15:01:16,771 | WARNING  | dashboard.app | SLOW GET /api/live -> 2648 ms
2026-09-10 15:01:17,355 | WARNING  | dashboard.app | SLOW GET /api/scheduler -> 5621 ms
2026-09-10 15:01:17,673 | WARNING  | dashboard.app | SLOW GET /api/scheduler -> 5936 ms
2026-09-10 15:01:19,057 | WARNING  | dashboard.app | SLOW GET /api/live -> 507 ms
2026-09-10 15:01:21,903 | WARNING  | dashboard.app | SLOW GET /api/live -> 1867 ms
2026-09-10 15:01:22,542 | WARNING  | dashboard.app | SLOW GET /api/scheduler -> 515 ms
2026-09-10 15:01:26,887 | WARNING  | dashboard.app | SLOW GET /api/live -> 818 ms
2026-09-10 15:01:27,670 | WARNING  | dashboard.app | SLOW GET /api/scheduler -> 618 ms
2026-09-10 15:01:27,748 | WARNING  | dashboard.app | SLOW GET /api/scheduler -> 645 ms
2026-09-10 15:01:31,484 | WARNING  | dashboard.app | SLOW GET /api/live -> 948 ms
2026-09-10 15:01:37,073 | WARNING  | dashboard.app | SLOW GET /api/live -> 525 ms
2026-09-10 15:01:37,737 | WARNING  | dashboard.app | SLOW GET /api/scheduler -> 539 ms
2026-09-10 15:01:38,677 | WARNING  | dashboard.app | SLOW GET /api/live -> 634 ms
2026-09-10 15:01:42,647 | WARNING  | dashboard.app | SLOW GET /api/scheduler -> 907 ms
2026-09-10 15:01:43,569 | WARNING  | dashboard.app | SLOW GET /api/live -> 1006 ms
2026-09-10 15:01:43,681 | WARNING  | dashboard.app | SLOW GET /api/scheduler -> 1939 ms
2026-09-10 15:01:46,079 | WARNING  | dashboard.app | SLOW GET /api/live -> 529 ms
2026-09-10 15:01:50,062 | WARNING  | dashboard.app | SLOW GET /api/live -> 2791 ms
2026-09-10 15:01:52,376 | WARNING  | dashboard.app | SLOW GET /api/scheduler -> 5631 ms
2026-09-10 15:01:53,574 | WARNING  | dashboard.app | SLOW GET /system -> 738 ms
2026-09-10 15:01:53,812 | WARNING  | dashboard.app | SLOW GET /api/scheduler -> 801 ms
2026-09-10 15:02:02,923 | WARNING  | dashboard.app | SLOW GET /api/live -> 1448 ms
2026-09-10 15:02:03,089 | WARNING  | dashboard.app | SLOW GET /api/status/CARFOUR QAS -> 1549 ms
2026-09-10 15:02:03,265 | WARNING  | dashboard.app | SLOW GET /api/live/CARFOUR QAS -> 1712 ms
2026-09-10 15:02:03,488 | WARNING  | dashboard.app | SLOW GET /api/scheduler -> 2012 ms
2026-09-10 15:02:04,014 | WARNING  | dashboard.app | SLOW GET /api/scheduler -> 2174 ms
2026-09-10 15:02:10,897 | WARNING  | dashboard.app | SLOW GET /api/report/CARFOUR QAS -> 9055 ms
2026-09-10 15:03:34,644 | WARNING  | dashboard.app | SLOW GET /api/live -> 542 ms
2026-09-10 15:03:34,660 | WARNING  | dashboard.app | SLOW GET /api/scheduler -> 590 ms
2026-09-10 15:03:34,677 | WARNING  | dashboard.app | SLOW GET /api/scheduler -> 605 ms
2026-09-10 15:03:44,612 | WARNING  | dashboard.app | SLOW GET /api/scheduler -> 508 ms
2026-09-10 15:03:48,913 | WARNING  | dashboard.app | SLOW GET /api/live -> 558 ms
2026-09-10 15:03:50,828 | WARNING  | dashboard.app | SLOW GET /api/live -> 947 ms
2026-09-10 15:03:51,060 | WARNING  | dashboard.app | SLOW GET /api/scheduler -> 1956 ms
2026-09-10 15:03:51,212 | WARNING  | dashboard.app | SLOW GET /api/scheduler -> 2070 ms
2026-09-10 15:03:55,058 | WARNING  | dashboard.app | SLOW GET /api/scheduler -> 972 ms
2026-09-10 15:03:55,201 | WARNING  | dashboard.app | SLOW GET /api/live -> 770 ms
2026-09-10 15:03:57,259 | WARNING  | dashboard.app | SLOW GET /api/report/CARFOUR QAS -> 616 ms
2026-09-10 15:08:20,580 | WARNING  | dashboard.app | SLOW GET /api/scheduler -> 605 ms
2026-09-10 15:08:20,601 | WARNING  | dashboard.app | SLOW GET /api/systems -> 599 ms
2026-09-10 15:08:21,105 | WARNING  | dashboard.app | SLOW GET /api/rca -> 1102 ms
2026-09-10 15:10:04,436 | WARNING  | dashboard.app | SLOW POST /api/rca/analyze/CARFOUR QAS -> 135722 ms
2026-09-10 15:10:05,801 | WARNING  | dashboard.app | SLOW POST /api/rca/analyze/CARFOUR QAS -> 91244 ms
2026-09-10 15:14:48,280 | WARNING  | dashboard.app | SLOW GET /api/overview -> 534 ms
2026-09-10 15:14:48,292 | WARNING  | dashboard.app | SLOW GET /api/overview -> 547 ms
2026-09-10 15:15:24,233 | WARNING  | dashboard.app | SLOW GET /api/live -> 554 ms
2026-09-10 15:15:26,134 | WARNING  | dashboard.app | SLOW GET /api/live -> 1015 ms
2026-09-10 15:15:26,169 | WARNING  | dashboard.app | SLOW GET /api/scheduler -> 1618 ms
2026-09-10 15:15:26,325 | WARNING  | dashboard.app | SLOW GET /api/scheduler -> 1762 ms
2026-09-10 15:15:33,319 | WARNING  | dashboard.app | SLOW GET /api/live -> 740 ms
2026-09-10 15:16:08,593 | WARNING  | dashboard.app | SLOW GET /api/live -> 1440 ms
2026-09-10 15:16:12,069 | WARNING  | dashboard.app | SLOW GET /api/live -> 1734 ms
2026-09-10 15:16:12,252 | WARNING  | dashboard.app | SLOW GET /api/scheduler -> 2669 ms
2026-09-10 15:16:12,440 | WARNING  | dashboard.app | SLOW GET /api/scheduler -> 2841 ms
2026-09-10 15:16:14,284 | WARNING  | dashboard.app | SLOW GET /api/live -> 1194 ms
2026-09-10 15:21:10,298 | WARNING  | dashboard.app | SLOW GET /api/scheduler -> 740 ms
2026-09-10 15:21:25,177 | WARNING  | dashboard.app | SLOW GET /api/scheduler -> 633 ms
2026-09-10 15:21:25,310 | WARNING  | dashboard.app | SLOW GET /api/scheduler -> 720 ms
2026-09-10 15:21:40,090 | WARNING  | dashboard.app | SLOW GET /api/scheduler -> 539 ms
2026-09-10 15:21:40,271 | WARNING  | dashboard.app | SLOW GET /api/scheduler -> 669 ms
2026-09-10 15:29:36,477 | WARNING  | dashboard.app | SLOW GET /api/scheduler -> 741 ms
2026-09-10 15:29:38,733 | WARNING  | dashboard.app | SLOW GET /api/status/CARFOUR QAS -> 701 ms
2026-09-10 15:29:38,750 | WARNING  | dashboard.app | SLOW GET /api/report/CARFOUR QAS -> 712 ms
2026-09-10 15:29:38,792 | WARNING  | dashboard.app | SLOW GET /api/live/CARFOUR QAS -> 746 ms
2026-09-10 15:31:58,741 | WARNING  | dashboard.app | SLOW GET /api/live/CARFOUR QAS -> 698 ms
2026-09-10 15:32:08,575 | WARNING  | dashboard.app | SLOW GET /api/live/CARFOUR QAS -> 526 ms
2026-09-10 15:33:21,734 | WARNING  | dashboard.app | SLOW GET /api/live/CARFOUR QAS -> 3693 ms
2026-09-10 15:33:39,485 | WARNING  | dashboard.app | SLOW GET /api/scheduler -> 11871 ms
2026-09-10 15:33:41,877 | WARNING  | dashboard.app | SLOW POST /api/live/refresh -> 14263 ms
2026-09-10 15:33:42,599 | WARNING  | dashboard.app | SLOW GET /api/scheduler -> 14925 ms
2026-09-10 15:33:42,886 | WARNING  | dashboard.app | SLOW GET /api/scheduler -> 15272 ms
2026-09-10 15:33:43,184 | WARNING  | dashboard.app | SLOW GET /api/scheduler -> 14368 ms
2026-09-10 15:33:44,083 | WARNING  | dashboard.app | SLOW GET /api/scheduler -> 8165 ms
2026-09-10 15:33:53,095 | WARNING  | dashboard.app | SLOW GET /api/live -> 7122 ms
2026-09-10 15:33:56,149 | WARNING  | dashboard.app | SLOW GET /api/scheduler -> 11882 ms
2026-09-10 15:33:56,747 | WARNING  | dashboard.app | SLOW GET /api/scheduler -> 11949 ms
2026-09-10 15:33:57,265 | WARNING  | dashboard.app | SLOW GET /api/scheduler -> 11292 ms
2026-09-10 15:33:58,751 | WARNING  | dashboard.app | SLOW GET /api/scheduler -> 11178 ms
2026-09-10 15:34:03,973 | WARNING  | dashboard.app | SLOW GET /api/scheduler -> 7227 ms
2026-09-10 15:34:05,384 | WARNING  | dashboard.app | SLOW GET /api/live/refresh/status -> 4107 ms
2026-09-10 15:34:06,284 | WARNING  | dashboard.app | SLOW GET /api/scheduler -> 6822 ms
2026-09-10 15:34:06,732 | WARNING  | dashboard.app | SLOW GET /api/scheduler -> 9985 ms
2026-09-10 15:34:07,327 | WARNING  | dashboard.app | SLOW GET /api/scheduler -> 5242 ms
2026-09-10 15:34:10,110 | WARNING  | dashboard.app | SLOW GET /api/live -> 1662 ms
2026-09-10 15:34:10,229 | WARNING  | dashboard.app | SLOW GET /api/scheduler -> 4874 ms
2026-09-10 15:34:12,453 | WARNING  | dashboard.app | SLOW GET /api/live/refresh/status -> 1264 ms
2026-09-10 15:34:14,937 | WARNING  | dashboard.app | SLOW GET /api/scheduler -> 4073 ms
2026-09-10 15:34:15,344 | WARNING  | dashboard.app | SLOW GET /api/scheduler -> 4519 ms
2026-09-10 15:34:17,405 | WARNING  | dashboard.app | SLOW GET /api/live -> 1045 ms
2026-09-10 15:34:17,609 | WARNING  | dashboard.app | SLOW GET /api/scheduler -> 2765 ms
2026-09-10 15:34:19,565 | WARNING  | dashboard.app | SLOW GET /api/live -> 944 ms
2026-09-10 15:34:21,544 | WARNING  | dashboard.app | SLOW GET /api/live -> 1256 ms
2026-09-10 15:34:21,860 | WARNING  | dashboard.app | SLOW GET /api/scheduler -> 2174 ms
2026-09-10 15:34:23,860 | WARNING  | dashboard.app | SLOW GET /api/live -> 720 ms
2026-09-10 15:34:25,924 | WARNING  | dashboard.app | SLOW GET /api/scheduler -> 1146 ms
2026-09-10 15:34:27,719 | WARNING  | dashboard.app | SLOW GET /api/live -> 1144 ms
2026-09-10 15:34:28,128 | WARNING  | dashboard.app | SLOW GET /api/scheduler -> 3249 ms
2026-09-10 15:34:31,267 | WARNING  | dashboard.app | SLOW GET /api/live -> 2126 ms
2026-09-10 15:34:32,625 | WARNING  | dashboard.app | SLOW GET /api/scheduler -> 1133 ms
2026-09-10 15:34:34,531 | WARNING  | dashboard.app | SLOW GET /api/live -> 917 ms
2026-09-10 15:34:35,383 | WARNING  | dashboard.app | SLOW GET /api/scheduler -> 678 ms
2026-09-10 15:34:37,394 | WARNING  | dashboard.app | SLOW GET /api/live -> 772 ms
2026-09-10 15:34:38,734 | WARNING  | dashboard.app | SLOW GET /api/live -> 597 ms
2026-09-10 15:34:40,561 | WARNING  | dashboard.app | SLOW GET /api/live -> 912 ms
2026-09-10 15:34:40,746 | WARNING  | dashboard.app | SLOW GET /api/scheduler -> 1205 ms
2026-09-10 15:34:41,056 | WARNING  | dashboard.app | SLOW GET /api/scheduler -> 1498 ms
2026-09-10 15:34:44,650 | WARNING  | dashboard.app | SLOW GET /api/live -> 521 ms
2026-09-10 15:34:45,574 | WARNING  | dashboard.app | SLOW GET /api/scheduler -> 769 ms
2026-09-10 15:34:46,363 | WARNING  | dashboard.app | SLOW GET /api/live -> 677 ms
2026-09-10 15:34:47,796 | WARNING  | dashboard.app | SLOW GET /api/live -> 670 ms
2026-09-10 15:34:50,639 | WARNING  | dashboard.app | SLOW GET /api/live -> 505 ms
2026-09-10 15:34:52,246 | WARNING  | dashboard.app | SLOW GET /api/live -> 618 ms
2026-09-10 15:34:54,263 | WARNING  | dashboard.app | SLOW GET /api/live -> 1137 ms
2026-09-10 15:34:56,757 | WARNING  | dashboard.app | SLOW GET /api/scheduler -> 2020 ms
2026-09-10 15:35:02,631 | WARNING  | dashboard.app | SLOW GET /api/live -> 6440 ms
2026-09-10 15:35:02,996 | WARNING  | dashboard.app | SLOW GET /api/scheduler -> 8271 ms
2026-09-10 15:35:04,487 | WARNING  | dashboard.app | SLOW GET /api/live/refresh/status -> 598 ms
2026-09-10 15:35:06,881 | WARNING  | dashboard.app | SLOW GET /api/live -> 1592 ms
2026-09-10 15:35:07,024 | WARNING  | dashboard.app | SLOW GET /api/scheduler -> 3341 ms
2026-09-10 15:35:07,257 | WARNING  | dashboard.app | SLOW GET /api/scheduler -> 2075 ms
2026-09-10 15:35:10,709 | WARNING  | dashboard.app | SLOW GET /api/live -> 1043 ms
2026-09-10 15:35:10,829 | WARNING  | dashboard.app | SLOW GET /api/scheduler -> 1274 ms
2026-09-10 15:35:11,125 | WARNING  | dashboard.app | SLOW GET /api/scheduler -> 1570 ms
2026-09-10 15:35:13,253 | WARNING  | dashboard.app | SLOW GET /api/live -> 642 ms
2026-09-10 15:35:14,700 | WARNING  | dashboard.app | SLOW GET /api/live -> 580 ms
2026-09-10 15:35:16,057 | WARNING  | dashboard.app | SLOW GET /api/scheduler -> 793 ms
2026-09-10 15:35:24,041 | WARNING  | dashboard.app | SLOW GET /api/live -> 932 ms
2026-09-10 15:35:25,423 | WARNING  | dashboard.app | SLOW GET /api/live -> 728 ms
2026-09-10 15:35:25,520 | WARNING  | dashboard.app | SLOW GET /api/scheduler -> 968 ms
2026-09-10 15:35:25,618 | WARNING  | dashboard.app | SLOW GET /api/scheduler -> 1063 ms
2026-09-10 15:35:26,647 | WARNING  | dashboard.app | SLOW GET /api/live -> 539 ms
2026-09-10 15:35:28,384 | WARNING  | dashboard.app | SLOW GET /api/live -> 758 ms
2026-09-10 15:35:29,757 | WARNING  | dashboard.app | SLOW GET /api/live -> 634 ms
2026-09-10 15:35:30,529 | WARNING  | dashboard.app | SLOW GET /api/scheduler -> 648 ms
2026-09-10 15:35:31,263 | WARNING  | dashboard.app | SLOW GET /api/live -> 631 ms
2026-09-10 15:35:35,660 | WARNING  | dashboard.app | SLOW GET /api/live -> 524 ms
2026-09-10 15:35:38,736 | WARNING  | dashboard.app | SLOW GET /api/live -> 585 ms
2026-09-10 15:35:49,172 | WARNING  | dashboard.app | SLOW GET /api/live -> 556 ms
2026-09-10 15:35:55,403 | WARNING  | dashboard.app | SLOW GET /api/live -> 622 ms
2026-09-10 15:35:55,461 | WARNING  | dashboard.app | SLOW GET /api/scheduler -> 802 ms
2026-09-10 15:36:10,176 | WARNING  | dashboard.app | SLOW GET /api/scheduler -> 628 ms
2026-09-10 15:36:10,247 | WARNING  | dashboard.app | SLOW GET /api/scheduler -> 655 ms
2026-09-10 15:36:19,126 | WARNING  | dashboard.app | SLOW GET /api/live -> 506 ms
2026-09-10 15:36:28,381 | WARNING  | dashboard.app | SLOW GET /api/live -> 753 ms
2026-09-10 15:36:41,615 | WARNING  | dashboard.app | SLOW GET /api/live -> 501 ms
2026-09-10 15:36:44,570 | WARNING  | dashboard.app | SLOW GET /api/live -> 1914 ms
2026-09-10 15:36:48,530 | WARNING  | dashboard.app | SLOW GET /api/scheduler -> 3485 ms
2026-09-10 15:36:49,901 | WARNING  | dashboard.app | SLOW GET /api/live -> 1228 ms
2026-09-10 15:36:51,028 | WARNING  | dashboard.app | SLOW GET /api/live/refresh/status -> 785 ms
2026-09-10 15:36:51,808 | WARNING  | dashboard.app | SLOW GET /api/scheduler -> 1686 ms
2026-09-10 15:36:55,232 | WARNING  | dashboard.app | SLOW GET /api/scheduler -> 685 ms
2026-09-10 15:36:55,845 | WARNING  | dashboard.app | SLOW GET /api/live -> 896 ms
2026-09-10 15:36:55,876 | WARNING  | dashboard.app | SLOW GET /api/scheduler -> 1325 ms
2026-09-10 15:37:01,155 | WARNING  | dashboard.app | SLOW GET /api/live -> 546 ms
2026-09-10 15:37:02,639 | WARNING  | dashboard.app | SLOW GET /api/live -> 517 ms
2026-09-10 15:37:10,652 | WARNING  | dashboard.app | SLOW GET /api/live -> 704 ms
2026-09-10 15:37:10,714 | WARNING  | dashboard.app | SLOW GET /api/scheduler -> 1124 ms
2026-09-10 15:37:14,747 | WARNING  | dashboard.app | SLOW GET /api/live -> 627 ms
2026-09-10 15:37:25,322 | WARNING  | dashboard.app | SLOW GET /api/live -> 575 ms
2026-09-10 15:37:32,715 | WARNING  | dashboard.app | SLOW GET /api/live -> 587 ms
2026-09-10 15:37:35,746 | WARNING  | dashboard.app | SLOW GET /api/live -> 634 ms
2026-09-10 15:37:38,664 | WARNING  | dashboard.app | SLOW GET /api/live -> 537 ms
2026-09-10 15:37:40,377 | WARNING  | dashboard.app | SLOW GET /api/live -> 552 ms
2026-09-10 15:37:40,472 | WARNING  | dashboard.app | SLOW GET /api/scheduler -> 887 ms
2026-09-10 15:37:41,761 | WARNING  | dashboard.app | SLOW GET /api/live -> 650 ms
2026-09-10 15:37:43,211 | WARNING  | dashboard.app | SLOW GET /api/live -> 601 ms
2026-09-10 15:37:55,441 | WARNING  | dashboard.app | SLOW GET /api/scheduler -> 894 ms
2026-09-10 15:37:55,502 | WARNING  | dashboard.app | SLOW GET /api/live -> 667 ms
2026-09-10 15:37:55,595 | WARNING  | dashboard.app | SLOW GET /api/scheduler -> 755 ms
2026-09-10 15:38:10,234 | WARNING  | dashboard.app | SLOW GET /api/scheduler -> 681 ms
2026-09-10 15:38:10,307 | WARNING  | dashboard.app | SLOW GET /api/live -> 600 ms
2026-09-10 15:38:10,352 | WARNING  | dashboard.app | SLOW GET /api/scheduler -> 774 ms
2026-09-10 15:38:11,768 | WARNING  | dashboard.app | SLOW GET /api/live -> 650 ms
2026-09-10 15:38:13,683 | WARNING  | dashboard.app | SLOW GET /api/live -> 1042 ms
2026-09-10 15:38:14,734 | WARNING  | dashboard.app | SLOW GET /api/live -> 565 ms
2026-09-10 15:38:22,320 | WARNING  | dashboard.app | SLOW GET /api/live -> 701 ms
2026-09-10 15:38:23,778 | WARNING  | dashboard.app | SLOW GET /api/live -> 665 ms
2026-09-10 15:38:25,443 | WARNING  | dashboard.app | SLOW GET /api/scheduler -> 886 ms
2026-09-10 15:38:25,541 | WARNING  | dashboard.app | SLOW GET /api/live -> 766 ms
2026-09-10 15:38:25,625 | WARNING  | dashboard.app | SLOW GET /api/scheduler -> 1008 ms
2026-09-10 15:38:40,081 | WARNING  | dashboard.app | SLOW GET /api/scheduler -> 523 ms
2026-09-10 15:38:55,087 | WARNING  | dashboard.app | SLOW GET /api/scheduler -> 528 ms
2026-09-10 15:39:14,693 | WARNING  | dashboard.app | SLOW GET /api/live -> 565 ms
2026-09-10 15:40:35,086 | WARNING  | dashboard.app | SLOW GET /api/scheduler -> 541 ms
2026-09-10 15:41:10,461 | WARNING  | dashboard.app | SLOW GET /api/scheduler -> 915 ms
2026-09-10 15:41:10,819 | WARNING  | dashboard.app | SLOW GET /api/scheduler -> 1256 ms
2026-09-10 15:41:15,305 | WARNING  | dashboard.app | SLOW GET /api/scheduler -> 767 ms
2026-09-10 15:41:20,109 | WARNING  | dashboard.app | SLOW GET /api/scheduler -> 556 ms
2026-09-10 15:41:25,489 | WARNING  | dashboard.app | SLOW GET /api/scheduler -> 905 ms
2026-09-10 15:41:25,798 | WARNING  | dashboard.app | SLOW GET /api/scheduler -> 1096 ms
2026-09-10 15:41:30,155 | WARNING  | dashboard.app | SLOW GET /api/scheduler -> 605 ms
2026-09-10 15:42:49,278 | WARNING  | dashboard.app | SLOW GET /api/scheduler -> 828 ms
2026-09-10 15:42:49,353 | WARNING  | dashboard.app | SLOW GET /api/overview -> 881 ms
2026-09-10 15:43:34,045 | WARNING  | dashboard.app | SLOW GET /api/scheduler -> 606 ms
2026-09-10 15:43:54,451 | WARNING  | dashboard.app | SLOW GET /api/scheduler -> 987 ms
2026-09-10 15:48:13,991 | INFO     | dashboard.app | Scheduler started -- runs only what the Profiles page schedules.
2026-09-10 15:48:13,991 | INFO     | dashboard.app | Live refresher is ON-DEMAND -- systems are read only when 'Read live' is clicked (/api/live/refresh). Set IBO_LIVE_AUTO_REFRESH=1 for the old timer-driven mode.
2026-09-10 15:48:14,076 | INFO     | dashboard.app | Scheduler: no run on startup.
2026-09-10 15:48:14,105 | INFO     | dashboard.app | Scheduler: profile-driven. prd-quick (PRD -> whatsapp); prd-full (PRD -> email)
2026-09-10 15:48:35,791 | INFO     | dashboard.app | Scheduler started -- runs only what the Profiles page schedules.
2026-09-10 15:48:35,793 | INFO     | dashboard.app | Live refresher is ON-DEMAND -- systems are read only when 'Read live' is clicked (/api/live/refresh). Set IBO_LIVE_AUTO_REFRESH=1 for the old timer-driven mode.
2026-09-10 15:48:35,941 | INFO     | dashboard.app | Scheduler: no run on startup.
2026-09-10 15:48:35,994 | INFO     | dashboard.app | Scheduler: profile-driven. prd-quick (PRD -> whatsapp); prd-full (PRD -> email)
2026-09-10 15:48:37,830 | WARNING  | dashboard.app | SLOW GET /api/scheduler -> 746 ms
2026-09-10 15:49:17,661 | WARNING  | dashboard.app | SLOW GET /api/scheduler -> 565 ms
2026-09-10 15:49:37,788 | WARNING  | dashboard.app | SLOW GET /api/scheduler -> 638 ms
2026-09-10 15:49:41,847 | WARNING  | dashboard.app | SLOW GET /api/live -> 640 ms
2026-09-10 15:49:42,277 | WARNING  | dashboard.app | SLOW GET /systems-page -> 1122 ms
2026-09-10 15:49:43,557 | WARNING  | dashboard.app | SLOW GET /api/scheduler -> 1093 ms
2026-09-10 15:49:43,844 | WARNING  | dashboard.app | SLOW GET /api/scheduler -> 929 ms
2026-09-10 15:49:44,063 | WARNING  | dashboard.app | SLOW GET /api/scheduler -> 733 ms
2026-09-10 15:49:44,292 | WARNING  | dashboard.app | SLOW GET /api/overview -> 962 ms
2026-09-10 15:53:47,755 | WARNING  | dashboard.app | SLOW GET /api/scheduler -> 631 ms
2026-09-10 15:53:47,797 | WARNING  | dashboard.app | SLOW GET /api/scheduler -> 603 ms
